<?xml version='1.0' encoding='utf-8'?>
<gpx version="1.1" creator="Ultravasan route source cache" xmlns="http://www.topografix.com/GPX/1/1"><metadata><name>Trace de Trail ultravasan90-2026 · ITRA track 328148</name><desc>Coordinates transformed from the public map geometry on https://tracedetrail.fr/en/trace/328148. HTTP 200; content-type text/html; charset=UTF-8; fetched 2026-09-25T13:32:50+00:00; source-page SHA-256 bd4650153766c69bcf25091b62cdf43eebc0ca9ad88fe3fc3d51649dd248073a. Candidate geometry only; see source audit before using as an edition route.</desc><link href="https://tracedetrail.fr/en/trace/328148"><text>Trace de Trail track 328148</text></link></metadata><trk><name>ultravasan90-2026 · Trace de Trail 328148</name><trkseg><trkpt lat="61.11007382" lon="13.29594027"><ele>350.0</ele></trkpt><trkpt lat="61.11014456" lon="13.29579294"><ele>349.0</ele></trkpt><trkpt lat="61.11023570" lon="13.29564652"><ele>349.0</ele></trkpt><trkpt lat="61.11041234" lon="13.29541385"><ele>348.0</ele></trkpt><trkpt lat="61.11072872" lon="13.29499703"><ele>348.0</ele></trkpt><trkpt lat="61.11088279" lon="13.29471047"><ele>347.0</ele></trkpt><trkpt lat="61.11098955" lon="13.29446164"><ele>347.0</ele></trkpt><trkpt lat="61.11101212" lon="13.29439247"><ele>347.0</ele></trkpt><trkpt lat="61.11103685" lon="13.29434126"><ele>347.0</ele></trkpt><trkpt lat="61.11106723" lon="13.29426221"><ele>347.0</ele></trkpt><trkpt lat="61.11107461" lon="13.29418047"><ele>347.0</ele></trkpt><trkpt lat="61.11106897" lon="13.29407985"><ele>347.0</ele></trkpt><trkpt lat="61.11103599" lon="13.29392984"><ele>347.0</ele></trkpt><trkpt lat="61.11101559" lon="13.29376814"><ele>347.0</ele></trkpt><trkpt lat="61.11095266" lon="13.29350853"><ele>347.0</ele></trkpt><trkpt lat="61.11093487" lon="13.29340073"><ele>347.0</ele></trkpt><trkpt lat="61.11088843" lon="13.29317345"><ele>347.0</ele></trkpt><trkpt lat="61.11084199" lon="13.29298750"><ele>347.0</ele></trkpt><trkpt lat="61.11080597" lon="13.29280155"><ele>347.0</ele></trkpt><trkpt lat="61.11078210" lon="13.29263447"><ele>347.0</ele></trkpt><trkpt lat="61.11078427" lon="13.29258775"><ele>347.0</ele></trkpt><trkpt lat="61.11080554" lon="13.29255182"><ele>347.0</ele></trkpt><trkpt lat="61.11091317" lon="13.29242785"><ele>347.0</ele></trkpt><trkpt lat="61.11104163" lon="13.29230748"><ele>347.0</ele></trkpt><trkpt lat="61.11112842" lon="13.29221585"><ele>347.0</ele></trkpt><trkpt lat="61.11129074" lon="13.29211254"><ele>347.0</ele></trkpt><trkpt lat="61.11156892" lon="13.29193468"><ele>347.0</ele></trkpt><trkpt lat="61.11168956" lon="13.29187359"><ele>347.0</ele></trkpt><trkpt lat="61.11180761" lon="13.29175951"><ele>347.0</ele></trkpt><trkpt lat="61.11196774" lon="13.29162117"><ele>347.0</ele></trkpt><trkpt lat="61.11219775" lon="13.29159961"><ele>347.0</ele></trkpt><trkpt lat="61.11236874" lon="13.29153762"><ele>347.0</ele></trkpt><trkpt lat="61.11256489" lon="13.29146755"><ele>347.0</ele></trkpt><trkpt lat="61.11279185" lon="13.29145498"><ele>347.0</ele></trkpt><trkpt lat="61.11296500" lon="13.29142084"><ele>347.0</ele></trkpt><trkpt lat="61.11316376" lon="13.29138132"><ele>346.0</ele></trkpt><trkpt lat="61.11334081" lon="13.29132921"><ele>346.0</ele></trkpt><trkpt lat="61.11355779" lon="13.29126453"><ele>346.0</ele></trkpt><trkpt lat="61.11373528" lon="13.29126453"><ele>347.0</ele></trkpt><trkpt lat="61.11394878" lon="13.29126453"><ele>347.0</ele></trkpt><trkpt lat="61.11410934" lon="13.29134987"><ele>347.0</ele></trkpt><trkpt lat="61.11427684" lon="13.29143971"><ele>347.0</ele></trkpt><trkpt lat="61.11449165" lon="13.29128250"><ele>347.0</ele></trkpt><trkpt lat="61.11468301" lon="13.29119087"><ele>347.0</ele></trkpt><trkpt lat="61.11497375" lon="13.29105253"><ele>347.0</ele></trkpt><trkpt lat="61.11516164" lon="13.29096629"><ele>347.0</ele></trkpt><trkpt lat="61.11543372" lon="13.29084233"><ele>347.0</ele></trkpt><trkpt lat="61.11561423" lon="13.29073363"><ele>348.0</ele></trkpt><trkpt lat="61.11585983" lon="13.29058451"><ele>348.0</ele></trkpt><trkpt lat="61.11608808" lon="13.29049648"><ele>348.0</ele></trkpt><trkpt lat="61.11631675" lon="13.29040844"><ele>348.0</ele></trkpt><trkpt lat="61.11665867" lon="13.29027639"><ele>348.0</ele></trkpt><trkpt lat="61.11682096" lon="13.29023686"><ele>349.0</ele></trkpt><trkpt lat="61.11698497" lon="13.29019644"><ele>349.0</ele></trkpt><trkpt lat="61.11719585" lon="13.29005630"><ele>349.0</ele></trkpt><trkpt lat="61.11741888" lon="13.28988562"><ele>349.0</ele></trkpt><trkpt lat="61.11758332" lon="13.28969518"><ele>348.0</ele></trkpt><trkpt lat="61.11780895" lon="13.28943467"><ele>348.0</ele></trkpt><trkpt lat="61.11793565" lon="13.28912295"><ele>348.0</ele></trkpt><trkpt lat="61.11801288" lon="13.28862079"><ele>349.0</ele></trkpt><trkpt lat="61.11810790" lon="13.28829650"><ele>349.0</ele></trkpt><trkpt lat="61.11826324" lon="13.28812852"><ele>349.0</ele></trkpt><trkpt lat="61.11844460" lon="13.28793268"><ele>349.0</ele></trkpt><trkpt lat="61.11862293" lon="13.28770990"><ele>349.0</ele></trkpt><trkpt lat="61.11879865" lon="13.28762636"><ele>349.0</ele></trkpt><trkpt lat="61.11894270" lon="13.28768116"><ele>349.0</ele></trkpt><trkpt lat="61.11913100" lon="13.28783477"><ele>350.0</ele></trkpt><trkpt lat="61.11923383" lon="13.28810157"><ele>351.0</ele></trkpt><trkpt lat="61.11932972" lon="13.28843933"><ele>353.0</ele></trkpt><trkpt lat="61.11947073" lon="13.28864774"><ele>355.0</ele></trkpt><trkpt lat="61.11958267" lon="13.28893071"><ele>355.0</ele></trkpt><trkpt lat="61.11964384" lon="13.28930172"><ele>356.0</ele></trkpt><trkpt lat="61.11966163" lon="13.28965835"><ele>356.0</ele></trkpt><trkpt lat="61.11971890" lon="13.29009044"><ele>355.0</ele></trkpt><trkpt lat="61.11980568" lon="13.29040575"><ele>355.0</ele></trkpt><trkpt lat="61.11988377" lon="13.29071656"><ele>354.0</ele></trkpt><trkpt lat="61.11996881" lon="13.29105433"><ele>354.0</ele></trkpt><trkpt lat="61.12007380" lon="13.29133640"><ele>353.0</ele></trkpt><trkpt lat="61.12019182" lon="13.29165351"><ele>353.0</ele></trkpt><trkpt lat="61.12038575" lon="13.29178196"><ele>353.0</ele></trkpt><trkpt lat="61.12053890" lon="13.29190683"><ele>353.0</ele></trkpt><trkpt lat="61.12069596" lon="13.29203529"><ele>353.0</ele></trkpt><trkpt lat="61.12093762" lon="13.29225717"><ele>354.0</ele></trkpt><trkpt lat="61.12109988" lon="13.29245570"><ele>354.0</ele></trkpt><trkpt lat="61.12118187" lon="13.29263536"><ele>354.0</ele></trkpt><trkpt lat="61.12119055" lon="13.29290037"><ele>355.0</ele></trkpt><trkpt lat="61.12120183" lon="13.29323185"><ele>355.0</ele></trkpt><trkpt lat="61.12114370" lon="13.29360465"><ele>356.0</ele></trkpt><trkpt lat="61.12100486" lon="13.29384809"><ele>356.0</ele></trkpt><trkpt lat="61.12080876" lon="13.29407267"><ele>356.0</ele></trkpt><trkpt lat="61.12071679" lon="13.29426221"><ele>357.0</ele></trkpt><trkpt lat="61.12065691" lon="13.29458920"><ele>357.0</ele></trkpt><trkpt lat="61.12076060" lon="13.29482815"><ele>357.0</ele></trkpt><trkpt lat="61.12093284" lon="13.29489193"><ele>357.0</ele></trkpt><trkpt lat="61.12113372" lon="13.29502129"><ele>358.0</ele></trkpt><trkpt lat="61.12145086" lon="13.29510573"><ele>358.0</ele></trkpt><trkpt lat="61.12159793" lon="13.29528719"><ele>358.0</ele></trkpt><trkpt lat="61.12168470" lon="13.29565460"><ele>359.0</ele></trkpt><trkpt lat="61.12165563" lon="13.29605795"><ele>359.0</ele></trkpt><trkpt lat="61.12158492" lon="13.29636247"><ele>360.0</ele></trkpt><trkpt lat="61.12145173" lon="13.29665263"><ele>361.0</ele></trkpt><trkpt lat="61.12132591" lon="13.29696794"><ele>362.0</ele></trkpt><trkpt lat="61.12127689" lon="13.29731648"><ele>365.0</ele></trkpt><trkpt lat="61.12121962" lon="13.29772522"><ele>369.0</ele></trkpt><trkpt lat="61.12114717" lon="13.29804232"><ele>371.0</ele></trkpt><trkpt lat="61.12106864" lon="13.29838548"><ele>373.0</ele></trkpt><trkpt lat="61.12106300" lon="13.29880679"><ele>377.0</ele></trkpt><trkpt lat="61.12105259" lon="13.29950748"><ele>386.0</ele></trkpt><trkpt lat="61.12106821" lon="13.29997819"><ele>392.0</ele></trkpt><trkpt lat="61.12108339" lon="13.30044891"><ele>398.0</ele></trkpt><trkpt lat="61.12110378" lon="13.30107863"><ele>402.0</ele></trkpt><trkpt lat="61.12111940" lon="13.30145143"><ele>405.0</ele></trkpt><trkpt lat="61.12113892" lon="13.30191676"><ele>408.0</ele></trkpt><trkpt lat="61.12115194" lon="13.30249617"><ele>412.0</ele></trkpt><trkpt lat="61.12113285" lon="13.30307558"><ele>414.0</ele></trkpt><trkpt lat="61.12109901" lon="13.30341694"><ele>416.0</ele></trkpt><trkpt lat="61.12106257" lon="13.30378256"><ele>417.0</ele></trkpt><trkpt lat="61.12096885" lon="13.30425328"><ele>419.0</ele></trkpt><trkpt lat="61.12091202" lon="13.30467279"><ele>421.0</ele></trkpt><trkpt lat="61.12078664" lon="13.30510667"><ele>424.0</ele></trkpt><trkpt lat="61.12060485" lon="13.30552619"><ele>425.0</ele></trkpt><trkpt lat="61.12049378" lon="13.30570136"><ele>426.0</ele></trkpt><trkpt lat="61.12046992" lon="13.30604362"><ele>428.0</ele></trkpt><trkpt lat="61.12042263" lon="13.30642001"><ele>430.0</ele></trkpt><trkpt lat="61.12035755" lon="13.30693564"><ele>432.0</ele></trkpt><trkpt lat="61.12029421" lon="13.30739738"><ele>434.0</ele></trkpt><trkpt lat="61.12023086" lon="13.30786001"><ele>436.0</ele></trkpt><trkpt lat="61.12013671" lon="13.30854632"><ele>439.0</ele></trkpt><trkpt lat="61.12008595" lon="13.30887511"><ele>440.0</ele></trkpt><trkpt lat="61.12003259" lon="13.30922096"><ele>441.0</ele></trkpt><trkpt lat="61.12001176" lon="13.30979678"><ele>444.0</ele></trkpt><trkpt lat="61.11997445" lon="13.31016958"><ele>446.0</ele></trkpt><trkpt lat="61.11992586" lon="13.31065647"><ele>448.0</ele></trkpt><trkpt lat="61.11989332" lon="13.31104634"><ele>450.0</ele></trkpt><trkpt lat="61.11984689" lon="13.31159970"><ele>452.0</ele></trkpt><trkpt lat="61.11982650" lon="13.31199046"><ele>454.0</ele></trkpt><trkpt lat="61.11979787" lon="13.31253664"><ele>457.0</ele></trkpt><trkpt lat="61.11982390" lon="13.31297322"><ele>458.0</ele></trkpt><trkpt lat="61.11987379" lon="13.31379877"><ele>461.0</ele></trkpt><trkpt lat="61.11991978" lon="13.31413564"><ele>463.0</ele></trkpt><trkpt lat="61.11996968" lon="13.31450036"><ele>465.0</ele></trkpt><trkpt lat="61.12000525" lon="13.31485879"><ele>467.0</ele></trkpt><trkpt lat="61.12004777" lon="13.31528369"><ele>469.0</ele></trkpt><trkpt lat="61.12006556" lon="13.31567625"><ele>471.0</ele></trkpt><trkpt lat="61.12009073" lon="13.31623051"><ele>475.0</ele></trkpt><trkpt lat="61.12011415" lon="13.31659523"><ele>477.0</ele></trkpt><trkpt lat="61.12014279" lon="13.31703540"><ele>480.0</ele></trkpt><trkpt lat="61.12027078" lon="13.31739922"><ele>483.0</ele></trkpt><trkpt lat="61.12040180" lon="13.31763997"><ele>484.0</ele></trkpt><trkpt lat="61.12055496" lon="13.31792114"><ele>487.0</ele></trkpt><trkpt lat="61.12066776" lon="13.31817537"><ele>489.0</ele></trkpt><trkpt lat="61.12078664" lon="13.31844217"><ele>492.0</ele></trkpt><trkpt lat="61.12085779" lon="13.31877095"><ele>494.0</ele></trkpt><trkpt lat="61.12093979" lon="13.31914914"><ele>497.0</ele></trkpt><trkpt lat="61.12098144" lon="13.31950308"><ele>499.0</ele></trkpt><trkpt lat="61.12103003" lon="13.31991720"><ele>500.0</ele></trkpt><trkpt lat="61.12104651" lon="13.32025676"><ele>501.0</ele></trkpt><trkpt lat="61.12106387" lon="13.32060531"><ele>502.0</ele></trkpt><trkpt lat="61.12113155" lon="13.32112184"><ele>503.0</ele></trkpt><trkpt lat="61.12120791" lon="13.32142637"><ele>504.0</ele></trkpt><trkpt lat="61.12128687" lon="13.32174168"><ele>505.0</ele></trkpt><trkpt lat="61.12133372" lon="13.32222048"><ele>506.0</ele></trkpt><trkpt lat="61.12135151" lon="13.32262382"><ele>507.0</ele></trkpt><trkpt lat="61.12137754" lon="13.32323288"><ele>508.0</ele></trkpt><trkpt lat="61.12141572" lon="13.32364790"><ele>509.0</ele></trkpt><trkpt lat="61.12147993" lon="13.32435038"><ele>510.0</ele></trkpt><trkpt lat="61.12154153" lon="13.32469893"><ele>511.0</ele></trkpt><trkpt lat="61.12161789" lon="13.32512653"><ele>513.0</ele></trkpt><trkpt lat="61.12172462" lon="13.32539243"><ele>513.0</ele></trkpt><trkpt lat="61.12183785" lon="13.32567360"><ele>514.0</ele></trkpt><trkpt lat="61.12183611" lon="13.32579308"><ele>514.0</ele></trkpt><trkpt lat="61.12176149" lon="13.32624583"><ele>515.0</ele></trkpt><trkpt lat="61.12172722" lon="13.32650634"><ele>516.0</ele></trkpt><trkpt lat="61.12163481" lon="13.32680997"><ele>517.0</ele></trkpt><trkpt lat="61.12156279" lon="13.32698425"><ele>517.0</ele></trkpt><trkpt lat="61.12144609" lon="13.32717648"><ele>517.0</ele></trkpt><trkpt lat="61.12133719" lon="13.32724655"><ele>518.0</ele></trkpt><trkpt lat="61.12128643" lon="13.32750078"><ele>518.0</ele></trkpt><trkpt lat="61.12122136" lon="13.32782597"><ele>519.0</ele></trkpt><trkpt lat="61.12107428" lon="13.32827782"><ele>519.0</ele></trkpt><trkpt lat="61.12092720" lon="13.32872877"><ele>519.0</ele></trkpt><trkpt lat="61.12078013" lon="13.32917973"><ele>519.0</ele></trkpt><trkpt lat="61.12063305" lon="13.32963158"><ele>519.0</ele></trkpt><trkpt lat="61.12045474" lon="13.33017776"><ele>519.0</ele></trkpt><trkpt lat="61.12036493" lon="13.33046791"><ele>519.0</ele></trkpt><trkpt lat="61.12028596" lon="13.33083353"><ele>519.0</ele></trkpt><trkpt lat="61.12023347" lon="13.33122609"><ele>518.0</ele></trkpt><trkpt lat="61.12011372" lon="13.33177586"><ele>518.0</ele></trkpt><trkpt lat="61.12001306" lon="13.33204266"><ele>518.0</ele></trkpt><trkpt lat="61.11992239" lon="13.33247295"><ele>518.0</ele></trkpt><trkpt lat="61.11989505" lon="13.33294636"><ele>518.0</ele></trkpt><trkpt lat="61.11989549" lon="13.33319879"><ele>518.0</ele></trkpt><trkpt lat="61.11993150" lon="13.33353296"><ele>517.0</ele></trkpt><trkpt lat="61.11995970" lon="13.33387343"><ele>517.0</ele></trkpt><trkpt lat="61.12000525" lon="13.33434594"><ele>517.0</ele></trkpt><trkpt lat="61.11999180" lon="13.33458040"><ele>517.0</ele></trkpt><trkpt lat="61.11989939" lon="13.33480318"><ele>517.0</ele></trkpt><trkpt lat="61.11976966" lon="13.33511490"><ele>517.0</ele></trkpt><trkpt lat="61.11976012" lon="13.33549488"><ele>517.0</ele></trkpt><trkpt lat="61.11974754" lon="13.33598896"><ele>517.0</ele></trkpt><trkpt lat="61.11966293" lon="13.33658274"><ele>516.0</ele></trkpt><trkpt lat="61.11968810" lon="13.33704538"><ele>516.0</ele></trkpt><trkpt lat="61.11978485" lon="13.33743614"><ele>517.0</ele></trkpt><trkpt lat="61.11989462" lon="13.33783140"><ele>517.0</ele></trkpt><trkpt lat="61.12004647" lon="13.33805329"><ele>517.0</ele></trkpt><trkpt lat="61.12024778" lon="13.33834883"><ele>517.0</ele></trkpt><trkpt lat="61.12037707" lon="13.33857521"><ele>517.0</ele></trkpt><trkpt lat="61.12051764" lon="13.33882224"><ele>518.0</ele></trkpt><trkpt lat="61.12061526" lon="13.33896597"><ele>518.0</ele></trkpt><trkpt lat="61.12072199" lon="13.33906569"><ele>518.0</ele></trkpt><trkpt lat="61.12079618" lon="13.33926242"><ele>519.0</ele></trkpt><trkpt lat="61.12081831" lon="13.33948790"><ele>519.0</ele></trkpt><trkpt lat="61.12081614" lon="13.33968553"><ele>519.0</ele></trkpt><trkpt lat="61.12080659" lon="13.33986519"><ele>519.0</ele></trkpt><trkpt lat="61.12075106" lon="13.34003856"><ele>519.0</ele></trkpt><trkpt lat="61.12065431" lon="13.34023170"><ele>519.0</ele></trkpt><trkpt lat="61.12057795" lon="13.34040687"><ele>519.0</ele></trkpt><trkpt lat="61.12052068" lon="13.34058743"><ele>519.0</ele></trkpt><trkpt lat="61.12048684" lon="13.34067996"><ele>519.0</ele></trkpt><trkpt lat="61.12040050" lon="13.34083537"><ele>519.0</ele></trkpt><trkpt lat="61.12030983" lon="13.34112283"><ele>518.0</ele></trkpt><trkpt lat="61.12019442" lon="13.34157648"><ele>518.0</ele></trkpt><trkpt lat="61.12013064" lon="13.34184777"><ele>517.0</ele></trkpt><trkpt lat="61.12011589" lon="13.34224572"><ele>516.0</ele></trkpt><trkpt lat="61.12011415" lon="13.34272363"><ele>515.0</ele></trkpt><trkpt lat="61.12013455" lon="13.34311170"><ele>514.0</ele></trkpt><trkpt lat="61.12017229" lon="13.34359140"><ele>513.0</ele></trkpt><trkpt lat="61.12022479" lon="13.34392378"><ele>512.0</ele></trkpt><trkpt lat="61.12028119" lon="13.34428041"><ele>511.0</ele></trkpt><trkpt lat="61.12036883" lon="13.34472238"><ele>511.0</ele></trkpt><trkpt lat="61.12047296" lon="13.34513291"><ele>510.0</ele></trkpt><trkpt lat="61.12052328" lon="13.34547607"><ele>509.0</ele></trkpt><trkpt lat="61.12065084" lon="13.34579317"><ele>508.0</ele></trkpt><trkpt lat="61.12085171" lon="13.34629174"><ele>508.0</ele></trkpt><trkpt lat="61.12109814" lon="13.34671664"><ele>508.0</ele></trkpt><trkpt lat="61.12125650" lon="13.34697446"><ele>508.0</ele></trkpt><trkpt lat="61.12151420" lon="13.34739487"><ele>509.0</ele></trkpt><trkpt lat="61.12168731" lon="13.34778384"><ele>509.0</ele></trkpt><trkpt lat="61.12175412" lon="13.34814496"><ele>509.0</ele></trkpt><trkpt lat="61.12179490" lon="13.34846566"><ele>509.0</ele></trkpt><trkpt lat="61.12204349" lon="13.34825994"><ele>511.0</ele></trkpt><trkpt lat="61.12224175" lon="13.34813149"><ele>513.0</ele></trkpt><trkpt lat="61.12258968" lon="13.34790601"><ele>515.0</ele></trkpt><trkpt lat="61.12276712" lon="13.34784223"><ele>516.0</ele></trkpt><trkpt lat="61.12298577" lon="13.34776407"><ele>517.0</ele></trkpt><trkpt lat="61.12318272" lon="13.34774072"><ele>517.0</ele></trkpt><trkpt lat="61.12348640" lon="13.34770568"><ele>518.0</ele></trkpt><trkpt lat="61.12368769" lon="13.34769670"><ele>519.0</ele></trkpt><trkpt lat="61.12401565" lon="13.34768143"><ele>520.0</ele></trkpt><trkpt lat="61.12422605" lon="13.34766436"><ele>520.0</ele></trkpt><trkpt lat="61.12461344" lon="13.34763292"><ele>520.0</ele></trkpt><trkpt lat="61.12481168" lon="13.34759250"><ele>520.0</ele></trkpt><trkpt lat="61.12512488" lon="13.34752782"><ele>520.0</ele></trkpt><trkpt lat="61.12534655" lon="13.34729426"><ele>520.0</ele></trkpt><trkpt lat="61.12556171" lon="13.34696098"><ele>520.0</ele></trkpt><trkpt lat="61.12558557" lon="13.34705441"><ele>520.0</ele></trkpt><trkpt lat="61.12562374" lon="13.34709663"><ele>520.0</ele></trkpt><trkpt lat="61.12571137" lon="13.34734815"><ele>519.0</ele></trkpt><trkpt lat="61.12583370" lon="13.34769940"><ele>519.0</ele></trkpt><trkpt lat="61.12591655" lon="13.34807130"><ele>518.0</ele></trkpt><trkpt lat="61.12604495" lon="13.34864892"><ele>517.0</ele></trkpt><trkpt lat="61.12611696" lon="13.34902621"><ele>516.0</ele></trkpt><trkpt lat="61.12622670" lon="13.34960023"><ele>515.0</ele></trkpt><trkpt lat="61.12633775" lon="13.34988500"><ele>515.0</ele></trkpt><trkpt lat="61.12646962" lon="13.35022187"><ele>514.0</ele></trkpt><trkpt lat="61.12654596" lon="13.35052370"><ele>514.0</ele></trkpt><trkpt lat="61.12662361" lon="13.35083362"><ele>513.0</ele></trkpt><trkpt lat="61.12680883" lon="13.35135464"><ele>512.0</ele></trkpt><trkpt lat="61.12689732" lon="13.35165288"><ele>511.0</ele></trkpt><trkpt lat="61.12699362" lon="13.35197717"><ele>511.0</ele></trkpt><trkpt lat="61.12718101" lon="13.35250359"><ele>511.0</ele></trkpt><trkpt lat="61.12728858" lon="13.35276589"><ele>510.0</ele></trkpt><trkpt lat="61.12740092" lon="13.35303988"><ele>509.0</ele></trkpt><trkpt lat="61.12755795" lon="13.35331656"><ele>509.0</ele></trkpt><trkpt lat="61.12771584" lon="13.35369565"><ele>508.0</ele></trkpt><trkpt lat="61.12790669" lon="13.35408193"><ele>506.0</ele></trkpt><trkpt lat="61.12796958" lon="13.35461463"><ele>506.0</ele></trkpt><trkpt lat="61.12796958" lon="13.35497575"><ele>505.0</ele></trkpt><trkpt lat="61.12796958" lon="13.35539347"><ele>505.0</ele></trkpt><trkpt lat="61.12796351" lon="13.35576357"><ele>504.0</ele></trkpt><trkpt lat="61.12795570" lon="13.35621542"><ele>504.0</ele></trkpt><trkpt lat="61.12798303" lon="13.35656038"><ele>504.0</ele></trkpt><trkpt lat="61.12801296" lon="13.35693318"><ele>503.0</ele></trkpt><trkpt lat="61.12803421" lon="13.35726825"><ele>503.0</ele></trkpt><trkpt lat="61.12805590" lon="13.35760422"><ele>503.0</ele></trkpt><trkpt lat="61.12808149" lon="13.35797073"><ele>503.0</ele></trkpt><trkpt lat="61.12811272" lon="13.35841720"><ele>502.0</ele></trkpt><trkpt lat="61.12812660" lon="13.35899481"><ele>502.0</ele></trkpt><trkpt lat="61.12814092" lon="13.35938738"><ele>501.0</ele></trkpt><trkpt lat="61.12816998" lon="13.35980779"><ele>501.0</ele></trkpt><trkpt lat="61.12816998" lon="13.36035845"><ele>501.0</ele></trkpt><trkpt lat="61.12813571" lon="13.36069622"><ele>501.0</ele></trkpt><trkpt lat="61.12809971" lon="13.36105195"><ele>500.0</ele></trkpt><trkpt lat="61.12802901" lon="13.36162777"><ele>500.0</ele></trkpt><trkpt lat="61.12787502" lon="13.36219641"><ele>500.0</ele></trkpt><trkpt lat="61.12774967" lon="13.36258897"><ele>500.0</ele></trkpt><trkpt lat="61.12768070" lon="13.36299681"><ele>500.0</ele></trkpt><trkpt lat="61.12755665" lon="13.36333817"><ele>500.0</ele></trkpt><trkpt lat="61.12747597" lon="13.36378193"><ele>500.0</ele></trkpt><trkpt lat="61.12742088" lon="13.36427780"><ele>500.0</ele></trkpt><trkpt lat="61.12742175" lon="13.36477098"><ele>500.0</ele></trkpt><trkpt lat="61.12748985" lon="13.36529200"><ele>500.0</ele></trkpt><trkpt lat="61.12762691" lon="13.36588759"><ele>500.0</ele></trkpt><trkpt lat="61.12775184" lon="13.36636998"><ele>500.0</ele></trkpt><trkpt lat="61.12786288" lon="13.36693951"><ele>500.0</ele></trkpt><trkpt lat="61.12794443" lon="13.36733297"><ele>500.0</ele></trkpt><trkpt lat="61.12808800" lon="13.36802198"><ele>500.0</ele></trkpt><trkpt lat="61.12813615" lon="13.36835436"><ele>500.0</ele></trkpt><trkpt lat="61.12818776" lon="13.36871099"><ele>500.0</ele></trkpt><trkpt lat="61.12823070" lon="13.36912062"><ele>500.0</ele></trkpt><trkpt lat="61.12824589" lon="13.36955720"><ele>500.0</ele></trkpt><trkpt lat="61.12824675" lon="13.37016626"><ele>500.0</ele></trkpt><trkpt lat="61.12821509" lon="13.37060374"><ele>500.0</ele></trkpt><trkpt lat="61.12815480" lon="13.37143468"><ele>500.0</ele></trkpt><trkpt lat="61.12809841" lon="13.37176796"><ele>500.0</ele></trkpt><trkpt lat="61.12803595" lon="13.37213627"><ele>500.0</ele></trkpt><trkpt lat="61.12790886" lon="13.37267346"><ele>500.0</ele></trkpt><trkpt lat="61.12784596" lon="13.37322323"><ele>500.0</ele></trkpt><trkpt lat="61.12776572" lon="13.37384846"><ele>500.0</ele></trkpt><trkpt lat="61.12775791" lon="13.37431827"><ele>500.0</ele></trkpt><trkpt lat="61.12772191" lon="13.37486355"><ele>500.0</ele></trkpt><trkpt lat="61.12775791" lon="13.37521300"><ele>499.0</ele></trkpt><trkpt lat="61.12775878" lon="13.37557232"><ele>499.0</ele></trkpt><trkpt lat="61.12772364" lon="13.37616252"><ele>499.0</ele></trkpt><trkpt lat="61.12764383" lon="13.37666557"><ele>499.0</ele></trkpt><trkpt lat="61.12752975" lon="13.37725127"><ele>499.0</ele></trkpt><trkpt lat="61.12742478" lon="13.37767887"><ele>499.0</ele></trkpt><trkpt lat="61.12729595" lon="13.37794387"><ele>500.0</ele></trkpt><trkpt lat="61.12714197" lon="13.37824571"><ele>500.0</ele></trkpt><trkpt lat="61.12691380" lon="13.37852419"><ele>500.0</ele></trkpt><trkpt lat="61.12668998" lon="13.37884309"><ele>500.0</ele></trkpt><trkpt lat="61.12649478" lon="13.37922487"><ele>500.0</ele></trkpt><trkpt lat="61.12640022" lon="13.37950425"><ele>500.0</ele></trkpt><trkpt lat="61.12630262" lon="13.37979081"><ele>500.0</ele></trkpt><trkpt lat="61.12627095" lon="13.38014924"><ele>499.0</ele></trkpt><trkpt lat="61.12623972" lon="13.38072865"><ele>497.0</ele></trkpt><trkpt lat="61.12624666" lon="13.38115176"><ele>496.0</ele></trkpt><trkpt lat="61.12625794" lon="13.38186772"><ele>493.0</ele></trkpt><trkpt lat="61.12628179" lon="13.38246510"><ele>491.0</ele></trkpt><trkpt lat="61.12628266" lon="13.38309931"><ele>489.0</ele></trkpt><trkpt lat="61.12627399" lon="13.38365267"><ele>488.0</ele></trkpt><trkpt lat="61.12620892" lon="13.38426173"><ele>488.0</ele></trkpt><trkpt lat="61.12618289" lon="13.38479353"><ele>488.0</ele></trkpt><trkpt lat="61.12615296" lon="13.38514926"><ele>489.0</ele></trkpt><trkpt lat="61.12611869" lon="13.38555979"><ele>489.0</ele></trkpt><trkpt lat="61.12602890" lon="13.38616436"><ele>491.0</ele></trkpt><trkpt lat="61.12596513" lon="13.38647697"><ele>492.0</ele></trkpt><trkpt lat="61.12590093" lon="13.38679318"><ele>492.0</ele></trkpt><trkpt lat="61.12582415" lon="13.38714262"><ele>494.0</ele></trkpt><trkpt lat="61.12572265" lon="13.38760256"><ele>496.0</ele></trkpt><trkpt lat="61.12562721" lon="13.38791967"><ele>496.0</ele></trkpt><trkpt lat="61.12550792" lon="13.38831672"><ele>497.0</ele></trkpt><trkpt lat="61.12539904" lon="13.38860059"><ele>498.0</ele></trkpt><trkpt lat="61.12527194" lon="13.38893297"><ele>499.0</ele></trkpt><trkpt lat="61.12516956" lon="13.38924738"><ele>500.0</ele></trkpt><trkpt lat="61.12503769" lon="13.38965252"><ele>500.0</ele></trkpt><trkpt lat="61.12491970" lon="13.38995345"><ele>500.0</ele></trkpt><trkpt lat="61.12475876" lon="13.39036398"><ele>500.0</ele></trkpt><trkpt lat="61.12466115" lon="13.39067210"><ele>500.0</ele></trkpt><trkpt lat="61.12454359" lon="13.39104401"><ele>500.0</ele></trkpt><trkpt lat="61.12438959" lon="13.39156413"><ele>500.0</ele></trkpt><trkpt lat="61.12417790" lon="13.39207168"><ele>500.0</ele></trkpt><trkpt lat="61.12405903" lon="13.39230524"><ele>500.0</ele></trkpt><trkpt lat="61.12390546" lon="13.39264391"><ele>499.0</ele></trkpt><trkpt lat="61.12383996" lon="13.39287747"><ele>499.0</ele></trkpt><trkpt lat="61.12382608" lon="13.39305803"><ele>499.0</ele></trkpt><trkpt lat="61.12383735" lon="13.39319368"><ele>498.0</ele></trkpt><trkpt lat="61.12385427" lon="13.39329788"><ele>498.0</ele></trkpt><trkpt lat="61.12386859" lon="13.39350359"><ele>498.0</ele></trkpt><trkpt lat="61.12368422" lon="13.39365541"><ele>498.0</ele></trkpt><trkpt lat="61.12351807" lon="13.39369673"><ele>498.0</ele></trkpt><trkpt lat="61.12329118" lon="13.39388178"><ele>497.0</ele></trkpt><trkpt lat="61.12302525" lon="13.39398150"><ele>497.0</ele></trkpt><trkpt lat="61.12276929" lon="13.39410906"><ele>496.0</ele></trkpt><trkpt lat="61.12252591" lon="13.39433633"><ele>496.0</ele></trkpt><trkpt lat="61.12227299" lon="13.39465973"><ele>496.0</ele></trkpt><trkpt lat="61.12205867" lon="13.39498761"><ele>495.0</ele></trkpt><trkpt lat="61.12180271" lon="13.39511158"><ele>495.0</ele></trkpt><trkpt lat="61.12162049" lon="13.39517266"><ele>495.0</ele></trkpt><trkpt lat="61.12138188" lon="13.39525172"><ele>495.0</ele></trkpt><trkpt lat="61.12127342" lon="13.39538467"><ele>495.0</ele></trkpt><trkpt lat="61.12114847" lon="13.39555175"><ele>495.0</ele></trkpt><trkpt lat="61.12093111" lon="13.39571525"><ele>495.0</ele></trkpt><trkpt lat="61.12064997" lon="13.39586347"><ele>495.0</ele></trkpt><trkpt lat="61.12045430" lon="13.39609703"><ele>495.0</ele></trkpt><trkpt lat="61.12026644" lon="13.39634047"><ele>496.0</ele></trkpt><trkpt lat="61.12009984" lon="13.39659380"><ele>497.0</ele></trkpt><trkpt lat="61.12016275" lon="13.39671327"><ele>497.0</ele></trkpt><trkpt lat="61.12029204" lon="13.39691360"><ele>497.0</ele></trkpt><trkpt lat="61.12048684" lon="13.39721364"><ele>497.0</ele></trkpt><trkpt lat="61.12071895" lon="13.39762866"><ele>497.0</ele></trkpt><trkpt lat="61.12089380" lon="13.39792959"><ele>497.0</ele></trkpt><trkpt lat="61.12106864" lon="13.39822963"><ele>498.0</ele></trkpt><trkpt lat="61.12129988" lon="13.39862669"><ele>500.0</ele></trkpt><trkpt lat="61.12140834" lon="13.39888450"><ele>501.0</ele></trkpt><trkpt lat="61.12151984" lon="13.39914951"><ele>502.0</ele></trkpt><trkpt lat="61.12156973" lon="13.39949985"><ele>504.0</ele></trkpt><trkpt lat="61.12154848" lon="13.39988523"><ele>505.0</ele></trkpt><trkpt lat="61.12151984" lon="13.40040984"><ele>506.0</ele></trkpt><trkpt lat="61.12139359" lon="13.40081858"><ele>511.0</ele></trkpt><trkpt lat="61.12126778" lon="13.40122731"><ele>513.0</ele></trkpt><trkpt lat="61.12106994" lon="13.40186960"><ele>518.0</ele></trkpt><trkpt lat="61.12102829" lon="13.40225318"><ele>518.0</ele></trkpt><trkpt lat="61.12096972" lon="13.40278948"><ele>517.0</ele></trkpt><trkpt lat="61.12106517" lon="13.40333565"><ele>516.0</ele></trkpt><trkpt lat="61.12116018" lon="13.40388183"><ele>512.0</ele></trkpt><trkpt lat="61.12125520" lon="13.40442890"><ele>509.0</ele></trkpt><trkpt lat="61.12135064" lon="13.40497508"><ele>506.0</ele></trkpt><trkpt lat="61.12144565" lon="13.40552126"><ele>504.0</ele></trkpt><trkpt lat="61.12154110" lon="13.40606743"><ele>502.0</ele></trkpt><trkpt lat="61.12165997" lon="13.40674925"><ele>502.0</ele></trkpt><trkpt lat="61.12172418" lon="13.40724422"><ele>501.0</ele></trkpt><trkpt lat="61.12178882" lon="13.40773920"><ele>501.0</ele></trkpt><trkpt lat="61.12185347" lon="13.40823417"><ele>501.0</ele></trkpt><trkpt lat="61.12192982" lon="13.40881987"><ele>501.0</ele></trkpt><trkpt lat="61.12187993" lon="13.40942983"><ele>501.0</ele></trkpt><trkpt lat="61.12179013" lon="13.40991402"><ele>502.0</ele></trkpt><trkpt lat="61.12170075" lon="13.41039911"><ele>502.0</ele></trkpt><trkpt lat="61.12161095" lon="13.41088330"><ele>504.0</ele></trkpt><trkpt lat="61.12148991" lon="13.41153997"><ele>506.0</ele></trkpt><trkpt lat="61.12136886" lon="13.41212118"><ele>506.0</ele></trkpt><trkpt lat="61.12124782" lon="13.41270329"><ele>505.0</ele></trkpt><trkpt lat="61.12112678" lon="13.41328539"><ele>504.0</ele></trkpt><trkpt lat="61.12100573" lon="13.41386750"><ele>504.0</ele></trkpt><trkpt lat="61.12088469" lon="13.41444871"><ele>503.0</ele></trkpt><trkpt lat="61.12076364" lon="13.41503082"><ele>503.0</ele></trkpt><trkpt lat="61.12064260" lon="13.41561293"><ele>501.0</ele></trkpt><trkpt lat="61.12052155" lon="13.41619504"><ele>499.0</ele></trkpt><trkpt lat="61.12040050" lon="13.41677625"><ele>498.0</ele></trkpt><trkpt lat="61.12027946" lon="13.41735836"><ele>498.0</ele></trkpt><trkpt lat="61.12015841" lon="13.41794046"><ele>498.0</ele></trkpt><trkpt lat="61.12003736" lon="13.41852257"><ele>497.0</ele></trkpt><trkpt lat="61.11991631" lon="13.41910468"><ele>494.0</ele></trkpt><trkpt lat="61.11979526" lon="13.41968589"><ele>494.0</ele></trkpt><trkpt lat="61.11967421" lon="13.42026800"><ele>492.0</ele></trkpt><trkpt lat="61.11945988" lon="13.42129927"><ele>489.0</ele></trkpt><trkpt lat="61.11942474" lon="13.42167117"><ele>486.0</ele></trkpt><trkpt lat="61.11937961" lon="13.42214997"><ele>484.0</ele></trkpt><trkpt lat="61.11940001" lon="13.42281921"><ele>480.0</ele></trkpt><trkpt lat="61.11949155" lon="13.42319022"><ele>479.0</ele></trkpt><trkpt lat="61.11963994" lon="13.42378940"><ele>476.0</ele></trkpt><trkpt lat="61.11978311" lon="13.42402835"><ele>475.0</ele></trkpt><trkpt lat="61.11996968" lon="13.42433916"><ele>475.0</ele></trkpt><trkpt lat="61.12012500" lon="13.42447032"><ele>475.0</ele></trkpt><trkpt lat="61.12028987" lon="13.42460956"><ele>475.0</ele></trkpt><trkpt lat="61.12049682" lon="13.42462034"><ele>475.0</ele></trkpt><trkpt lat="61.12085996" lon="13.42463920"><ele>475.0</ele></trkpt><trkpt lat="61.12104348" lon="13.42452152"><ele>475.0</ele></trkpt><trkpt lat="61.12130986" lon="13.42434994"><ele>476.0</ele></trkpt><trkpt lat="61.12151854" lon="13.42429605"><ele>476.0</ele></trkpt><trkpt lat="61.12189989" lon="13.42419993"><ele>477.0</ele></trkpt><trkpt lat="61.12218969" lon="13.42443978"><ele>478.0</ele></trkpt><trkpt lat="61.12235281" lon="13.42470478"><ele>478.0</ele></trkpt><trkpt lat="61.12264001" lon="13.42516921"><ele>478.0</ele></trkpt><trkpt lat="61.12284000" lon="13.42527970"><ele>479.0</ele></trkpt><trkpt lat="61.12307557" lon="13.42516022"><ele>479.0</ele></trkpt><trkpt lat="61.12331157" lon="13.42504075"><ele>480.0</ele></trkpt><trkpt lat="61.12376968" lon="13.42480988"><ele>481.0</ele></trkpt><trkpt lat="61.12392976" lon="13.42519975"><ele>482.0</ele></trkpt><trkpt lat="61.12400047" lon="13.42563274"><ele>482.0</ele></trkpt><trkpt lat="61.12407118" lon="13.42606662"><ele>482.0</ele></trkpt><trkpt lat="61.12414970" lon="13.42654992"><ele>482.0</ele></trkpt><trkpt lat="61.12398962" lon="13.42681941"><ele>482.0</ele></trkpt><trkpt lat="61.12380048" lon="13.42693350"><ele>481.0</ele></trkpt><trkpt lat="61.12350982" lon="13.42710957"><ele>480.0</ele></trkpt><trkpt lat="61.12333716" lon="13.42730989"><ele>479.0</ele></trkpt><trkpt lat="61.12306993" lon="13.42761981"><ele>478.0</ele></trkpt><trkpt lat="61.12293978" lon="13.42812377"><ele>478.0</ele></trkpt><trkpt lat="61.12280920" lon="13.42862772"><ele>477.0</ele></trkpt><trkpt lat="61.12267905" lon="13.42913168"><ele>476.0</ele></trkpt><trkpt lat="61.12254890" lon="13.42963653"><ele>476.0</ele></trkpt><trkpt lat="61.12241875" lon="13.43014048"><ele>476.0</ele></trkpt><trkpt lat="61.12220965" lon="13.43094987"><ele>476.0</ele></trkpt><trkpt lat="61.12198969" lon="13.43108911"><ele>476.0</ele></trkpt><trkpt lat="61.12190987" lon="13.43160923"><ele>476.0</ele></trkpt><trkpt lat="61.12185000" lon="13.43212935"><ele>476.0</ele></trkpt><trkpt lat="61.12179013" lon="13.43264948"><ele>476.0</ele></trkpt><trkpt lat="61.12173026" lon="13.43316960"><ele>476.0</ele></trkpt><trkpt lat="61.12161963" lon="13.43412990"><ele>477.0</ele></trkpt><trkpt lat="61.12161615" lon="13.43456828"><ele>478.0</ele></trkpt><trkpt lat="61.12160965" lon="13.43538934"><ele>478.0</ele></trkpt><trkpt lat="61.12169989" lon="13.43586814"><ele>479.0</ele></trkpt><trkpt lat="61.12179013" lon="13.43634784"><ele>479.0</ele></trkpt><trkpt lat="61.12187993" lon="13.43682665"><ele>480.0</ele></trkpt><trkpt lat="61.12198969" lon="13.43740965"><ele>480.0</ele></trkpt><trkpt lat="61.12209425" lon="13.43780042"><ele>481.0</ele></trkpt><trkpt lat="61.12229988" lon="13.43856938"><ele>482.0</ele></trkpt><trkpt lat="61.12235628" lon="13.43893140"><ele>484.0</ele></trkpt><trkpt lat="61.12242960" lon="13.43939942"><ele>485.0</ele></trkpt><trkpt lat="61.12245650" lon="13.43986834"><ele>488.0</ele></trkpt><trkpt lat="61.12248340" lon="13.44033816"><ele>490.0</ele></trkpt><trkpt lat="61.12251984" lon="13.44096968"><ele>494.0</ele></trkpt><trkpt lat="61.12245390" lon="13.44147812"><ele>495.0</ele></trkpt><trkpt lat="61.12238839" lon="13.44198567"><ele>496.0</ele></trkpt><trkpt lat="61.12232244" lon="13.44249412"><ele>498.0</ele></trkpt><trkpt lat="61.12221963" lon="13.44328913"><ele>498.0</ele></trkpt><trkpt lat="61.12212982" lon="13.44364126"><ele>499.0</ele></trkpt><trkpt lat="61.12199967" lon="13.44414971"><ele>499.0</ele></trkpt><trkpt lat="61.12185867" lon="13.44452970"><ele>499.0</ele></trkpt><trkpt lat="61.12171724" lon="13.44490969"><ele>499.0</ele></trkpt><trkpt lat="61.12150986" lon="13.44546934"><ele>498.0</ele></trkpt><trkpt lat="61.12129337" lon="13.44568314"><ele>496.0</ele></trkpt><trkpt lat="61.12107732" lon="13.44589693"><ele>496.0</ele></trkpt><trkpt lat="61.12068989" lon="13.44627962"><ele>496.0</ele></trkpt><trkpt lat="61.12042133" lon="13.44647365"><ele>497.0</ele></trkpt><trkpt lat="61.12015277" lon="13.44666859"><ele>498.0</ele></trkpt><trkpt lat="61.11988377" lon="13.44686352"><ele>498.0</ele></trkpt><trkpt lat="61.11961521" lon="13.44705756"><ele>499.0</ele></trkpt><trkpt lat="61.11934664" lon="13.44725249"><ele>500.0</ele></trkpt><trkpt lat="61.11907807" lon="13.44744653"><ele>501.0</ele></trkpt><trkpt lat="61.11854960" lon="13.44782921"><ele>502.0</ele></trkpt><trkpt lat="61.11831444" lon="13.44807984"><ele>503.0</ele></trkpt><trkpt lat="61.11807883" lon="13.44833047"><ele>503.0</ele></trkpt><trkpt lat="61.11784366" lon="13.44858020"><ele>503.0</ele></trkpt><trkpt lat="61.11760806" lon="13.44883083"><ele>503.0</ele></trkpt><trkpt lat="61.11729001" lon="13.44916950"><ele>503.0</ele></trkpt><trkpt lat="61.11705960" lon="13.44952972"><ele>502.0</ele></trkpt><trkpt lat="61.11690774" lon="13.44991420"><ele>501.0</ele></trkpt><trkpt lat="61.11675587" lon="13.45029958"><ele>499.0</ele></trkpt><trkpt lat="61.11647990" lon="13.45099937"><ele>493.0</ele></trkpt><trkpt lat="61.11627206" lon="13.45119879"><ele>489.0</ele></trkpt><trkpt lat="61.11606421" lon="13.45139732"><ele>486.0</ele></trkpt><trkpt lat="61.11577999" lon="13.45166951"><ele>481.0</ele></trkpt><trkpt lat="61.11557257" lon="13.45192822"><ele>479.0</ele></trkpt><trkpt lat="61.11536516" lon="13.45218694"><ele>478.0</ele></trkpt><trkpt lat="61.11496985" lon="13.45267921"><ele>478.0</ele></trkpt><trkpt lat="61.11472597" lon="13.45260196"><ele>478.0</ele></trkpt><trkpt lat="61.11448167" lon="13.45252470"><ele>478.0</ele></trkpt><trkpt lat="61.11423779" lon="13.45244745"><ele>478.0</ele></trkpt><trkpt lat="61.11395963" lon="13.45235941"><ele>478.0</ele></trkpt><trkpt lat="61.11378431" lon="13.45253908"><ele>478.0</ele></trkpt><trkpt lat="61.11351960" lon="13.45280947"><ele>479.0</ele></trkpt><trkpt lat="61.11330176" lon="13.45295949"><ele>479.0</ele></trkpt><trkpt lat="61.11308391" lon="13.45310951"><ele>479.0</ele></trkpt><trkpt lat="61.11277970" lon="13.45331971"><ele>480.0</ele></trkpt><trkpt lat="61.11263432" lon="13.45351195"><ele>480.0</ele></trkpt><trkpt lat="61.11246985" lon="13.45372935"><ele>480.0</ele></trkpt><trkpt lat="61.11224115" lon="13.45393506"><ele>480.0</ele></trkpt><trkpt lat="61.11201201" lon="13.45414077"><ele>480.0</ele></trkpt><trkpt lat="61.11178330" lon="13.45434649"><ele>480.0</ele></trkpt><trkpt lat="61.11148993" lon="13.45460969"><ele>480.0</ele></trkpt><trkpt lat="61.11122998" lon="13.45449920"><ele>480.0</ele></trkpt><trkpt lat="61.11103685" lon="13.45462407"><ele>480.0</ele></trkpt><trkpt lat="61.11071961" lon="13.45482978"><ele>480.0</ele></trkpt><trkpt lat="61.11057856" lon="13.45501483"><ele>479.0</ele></trkpt><trkpt lat="61.11042970" lon="13.45520977"><ele>479.0</ele></trkpt><trkpt lat="61.11035331" lon="13.45552418"><ele>479.0</ele></trkpt><trkpt lat="61.11026999" lon="13.45586913"><ele>479.0</ele></trkpt><trkpt lat="61.11009682" lon="13.45619881"><ele>479.0</ele></trkpt><trkpt lat="61.10992409" lon="13.45652760"><ele>479.0</ele></trkpt><trkpt lat="61.10964980" lon="13.45704952"><ele>479.0</ele></trkpt><trkpt lat="61.10932993" lon="13.45710971"><ele>479.0</ele></trkpt><trkpt lat="61.10916501" lon="13.45693992"><ele>479.0</ele></trkpt><trkpt lat="61.10894973" lon="13.45671984"><ele>479.0</ele></trkpt><trkpt lat="61.10874531" lon="13.45673421"><ele>480.0</ele></trkpt><trkpt lat="61.10839983" lon="13.45675936"><ele>480.0</ele></trkpt><trkpt lat="61.10811988" lon="13.45699921"><ele>480.0</ele></trkpt><trkpt lat="61.10799532" lon="13.45723906"><ele>480.0</ele></trkpt><trkpt lat="61.10785990" lon="13.45749957"><ele>480.0</ele></trkpt><trkpt lat="61.10785686" lon="13.45814906"><ele>480.0</ele></trkpt><trkpt lat="61.10785382" lon="13.45879854"><ele>480.0</ele></trkpt><trkpt lat="61.10785122" lon="13.45944802"><ele>480.0</ele></trkpt><trkpt lat="61.10784818" lon="13.46009750"><ele>481.0</ele></trkpt><trkpt lat="61.10784557" lon="13.46074698"><ele>482.0</ele></trkpt><trkpt lat="61.10784254" lon="13.46139647"><ele>483.0</ele></trkpt><trkpt lat="61.10783950" lon="13.46204595"><ele>484.0</ele></trkpt><trkpt lat="61.10783689" lon="13.46269543"><ele>486.0</ele></trkpt><trkpt lat="61.10783386" lon="13.46334491"><ele>488.0</ele></trkpt><trkpt lat="61.10783082" lon="13.46399439"><ele>489.0</ele></trkpt><trkpt lat="61.10782821" lon="13.46464388"><ele>491.0</ele></trkpt><trkpt lat="61.10782518" lon="13.46529336"><ele>492.0</ele></trkpt><trkpt lat="61.10782257" lon="13.46594284"><ele>494.0</ele></trkpt><trkpt lat="61.10781953" lon="13.46659232"><ele>496.0</ele></trkpt><trkpt lat="61.10781649" lon="13.46724180"><ele>497.0</ele></trkpt><trkpt lat="61.10781389" lon="13.46789129"><ele>498.0</ele></trkpt><trkpt lat="61.10781085" lon="13.46854077"><ele>499.0</ele></trkpt><trkpt lat="61.10780825" lon="13.46919025"><ele>500.0</ele></trkpt><trkpt lat="61.10780521" lon="13.46983973"><ele>500.0</ele></trkpt><trkpt lat="61.10780217" lon="13.47049011"><ele>500.0</ele></trkpt><trkpt lat="61.10779957" lon="13.47113959"><ele>500.0</ele></trkpt><trkpt lat="61.10779653" lon="13.47178908"><ele>500.0</ele></trkpt><trkpt lat="61.10779349" lon="13.47243856"><ele>499.0</ele></trkpt><trkpt lat="61.10779089" lon="13.47308804"><ele>499.0</ele></trkpt><trkpt lat="61.10778785" lon="13.47373752"><ele>499.0</ele></trkpt><trkpt lat="61.10778524" lon="13.47438700"><ele>499.0</ele></trkpt><trkpt lat="61.10777960" lon="13.47557997"><ele>500.0</ele></trkpt><trkpt lat="61.10790200" lon="13.47586294"><ele>501.0</ele></trkpt><trkpt lat="61.10805955" lon="13.47622945"><ele>502.0</ele></trkpt><trkpt lat="61.10830000" lon="13.47652949"><ele>504.0</ele></trkpt><trkpt lat="61.10839332" lon="13.47681066"><ele>505.0</ele></trkpt><trkpt lat="61.10848967" lon="13.47709992"><ele>506.0</ele></trkpt><trkpt lat="61.10853221" lon="13.47750236"><ele>507.0</ele></trkpt><trkpt lat="61.10859991" lon="13.47813927"><ele>508.0</ele></trkpt><trkpt lat="61.10868628" lon="13.47854171"><ele>509.0</ele></trkpt><trkpt lat="61.10884991" lon="13.47929989"><ele>510.0</ele></trkpt><trkpt lat="61.10879002" lon="13.47994937"><ele>510.0</ele></trkpt><trkpt lat="61.10854957" lon="13.48027995"><ele>510.0</ele></trkpt><trkpt lat="61.10830217" lon="13.48048297"><ele>510.0</ele></trkpt><trkpt lat="61.10805478" lon="13.48068689"><ele>510.0</ele></trkpt><trkpt lat="61.10780738" lon="13.48089081"><ele>510.0</ele></trkpt><trkpt lat="61.10755998" lon="13.48109472"><ele>510.0</ele></trkpt><trkpt lat="61.10718975" lon="13.48139925"><ele>509.0</ele></trkpt><trkpt lat="61.10695580" lon="13.48150975"><ele>509.0</ele></trkpt><trkpt lat="61.10672185" lon="13.48162024"><ele>509.0</ele></trkpt><trkpt lat="61.10629995" lon="13.48181966"><ele>509.0</ele></trkpt><trkpt lat="61.10606426" lon="13.48186099"><ele>509.0</ele></trkpt><trkpt lat="61.10582856" lon="13.48190141"><ele>508.0</ele></trkpt><trkpt lat="61.10543964" lon="13.48196968"><ele>507.0</ele></trkpt><trkpt lat="61.10524214" lon="13.48221133"><ele>507.0</ele></trkpt><trkpt lat="61.10504464" lon="13.48245298"><ele>507.0</ele></trkpt><trkpt lat="61.10476987" lon="13.48278984"><ele>508.0</ele></trkpt><trkpt lat="61.10466569" lon="13.48325697"><ele>509.0</ele></trkpt><trkpt lat="61.10456195" lon="13.48372499"><ele>510.0</ele></trkpt><trkpt lat="61.10445821" lon="13.48419211"><ele>510.0</ele></trkpt><trkpt lat="61.10432972" lon="13.48476973"><ele>510.0</ele></trkpt><trkpt lat="61.10427806" lon="13.48523686"><ele>511.0</ele></trkpt><trkpt lat="61.10422597" lon="13.48570398"><ele>511.0</ele></trkpt><trkpt lat="61.10414957" lon="13.48638939"><ele>511.0</ele></trkpt><trkpt lat="61.10401978" lon="13.48680981"><ele>512.0</ele></trkpt><trkpt lat="61.10389043" lon="13.48723022"><ele>512.0</ele></trkpt><trkpt lat="61.10364994" lon="13.48800995"><ele>512.0</ele></trkpt><trkpt lat="61.10349627" lon="13.48842857"><ele>512.0</ele></trkpt><trkpt lat="61.10334260" lon="13.48884718"><ele>512.0</ele></trkpt><trkpt lat="61.10318893" lon="13.48926670"><ele>513.0</ele></trkpt><trkpt lat="61.10294975" lon="13.48991977"><ele>514.0</ele></trkpt><trkpt lat="61.10281604" lon="13.49022969"><ele>514.0</ele></trkpt><trkpt lat="61.10259986" lon="13.49072916"><ele>515.0</ele></trkpt><trkpt lat="61.10242709" lon="13.49095104"><ele>515.0</ele></trkpt><trkpt lat="61.10213971" lon="13.49131935"><ele>516.0</ele></trkpt><trkpt lat="61.10203552" lon="13.49161849"><ele>516.0</ele></trkpt><trkpt lat="61.10190963" lon="13.49197961"><ele>516.0</ele></trkpt><trkpt lat="61.10170993" lon="13.49235870"><ele>516.0</ele></trkpt><trkpt lat="61.10151067" lon="13.49273779"><ele>517.0</ele></trkpt><trkpt lat="61.10131098" lon="13.49311688"><ele>517.0</ele></trkpt><trkpt lat="61.10111128" lon="13.49349597"><ele>517.0</ele></trkpt><trkpt lat="61.10071970" lon="13.49423977"><ele>517.0</ele></trkpt><trkpt lat="61.10048961" lon="13.49459640"><ele>518.0</ele></trkpt><trkpt lat="61.10025952" lon="13.49495214"><ele>518.0</ele></trkpt><trkpt lat="61.10002899" lon="13.49530877"><ele>518.0</ele></trkpt><trkpt lat="61.09979890" lon="13.49566540"><ele>519.0</ele></trkpt><trkpt lat="61.09956880" lon="13.49602203"><ele>519.0</ele></trkpt><trkpt lat="61.09933827" lon="13.49637866"><ele>519.0</ele></trkpt><trkpt lat="61.09910817" lon="13.49673439"><ele>519.0</ele></trkpt><trkpt lat="61.09874999" lon="13.49728955"><ele>520.0</ele></trkpt><trkpt lat="61.09858457" lon="13.49772703"><ele>520.0</ele></trkpt><trkpt lat="61.09841916" lon="13.49816451"><ele>521.0</ele></trkpt><trkpt lat="61.09825418" lon="13.49860289"><ele>521.0</ele></trkpt><trkpt lat="61.09808876" lon="13.49904037"><ele>521.0</ele></trkpt><trkpt lat="61.09780959" lon="13.49977968"><ele>521.0</ele></trkpt><trkpt lat="61.09762246" lon="13.50003301"><ele>522.0</ele></trkpt><trkpt lat="61.09743490" lon="13.50028543"><ele>522.0</ele></trkpt><trkpt lat="61.09721000" lon="13.50058996"><ele>522.0</ele></trkpt><trkpt lat="61.09706368" lon="13.50087383"><ele>523.0</ele></trkpt><trkpt lat="61.09682965" lon="13.50132928"><ele>523.0</ele></trkpt><trkpt lat="61.09672502" lon="13.50165626"><ele>523.0</ele></trkpt><trkpt lat="61.09658000" lon="13.50210991"><ele>523.0</ele></trkpt><trkpt lat="61.09638982" lon="13.50231922"><ele>524.0</ele></trkpt><trkpt lat="61.09637723" lon="13.50278095"><ele>524.0</ele></trkpt><trkpt lat="61.09636464" lon="13.50324269"><ele>524.0</ele></trkpt><trkpt lat="61.09634988" lon="13.50378976"><ele>524.0</ele></trkpt><trkpt lat="61.09644149" lon="13.50429192"><ele>524.0</ele></trkpt><trkpt lat="61.09653267" lon="13.50479408"><ele>525.0</ele></trkpt><trkpt lat="61.09662428" lon="13.50529624"><ele>525.0</ele></trkpt><trkpt lat="61.09679970" lon="13.50625923"><ele>525.0</ele></trkpt><trkpt lat="61.09675932" lon="13.50671647"><ele>526.0</ele></trkpt><trkpt lat="61.09671894" lon="13.50717282"><ele>526.0</ele></trkpt><trkpt lat="61.09666987" lon="13.50772977"><ele>527.0</ele></trkpt><trkpt lat="61.09645191" lon="13.50802532"><ele>527.0</ele></trkpt><trkpt lat="61.09623395" lon="13.50832086"><ele>526.0</ele></trkpt><trkpt lat="61.09601642" lon="13.50861731"><ele>526.0</ele></trkpt><trkpt lat="61.09579845" lon="13.50891285"><ele>526.0</ele></trkpt><trkpt lat="61.09557961" lon="13.50920930"><ele>526.0</ele></trkpt><trkpt lat="61.09550580" lon="13.50953808"><ele>526.0</ele></trkpt><trkpt lat="61.09541983" lon="13.50991986"><ele>526.0</ele></trkpt><trkpt lat="61.09543155" lon="13.51032770"><ele>526.0</ele></trkpt><trkpt lat="61.09544979" lon="13.51095922"><ele>526.0</ele></trkpt><trkpt lat="61.09538987" lon="13.51131944"><ele>526.0</ele></trkpt><trkpt lat="61.09517928" lon="13.51164014"><ele>526.0</ele></trkpt><trkpt lat="61.09496869" lon="13.51196084"><ele>525.0</ele></trkpt><trkpt lat="61.09475810" lon="13.51228243"><ele>525.0</ele></trkpt><trkpt lat="61.09454750" lon="13.51260313"><ele>525.0</ele></trkpt><trkpt lat="61.09431997" lon="13.51294988"><ele>525.0</ele></trkpt><trkpt lat="61.09410764" lon="13.51317805"><ele>524.0</ele></trkpt><trkpt lat="61.09389531" lon="13.51340623"><ele>524.0</ele></trkpt><trkpt lat="61.09351970" lon="13.51380957"><ele>523.0</ele></trkpt><trkpt lat="61.09342070" lon="13.51413296"><ele>523.0</ele></trkpt><trkpt lat="61.09328956" lon="13.51455966"><ele>523.0</ele></trkpt><trkpt lat="61.09330519" lon="13.51497109"><ele>523.0</ele></trkpt><trkpt lat="61.09332994" lon="13.51561968"><ele>523.0</ele></trkpt><trkpt lat="61.09346108" lon="13.51602212"><ele>523.0</ele></trkpt><trkpt lat="61.09359265" lon="13.51642457"><ele>524.0</ele></trkpt><trkpt lat="61.09379978" lon="13.51705967"><ele>525.0</ele></trkpt><trkpt lat="61.09379109" lon="13.51758249"><ele>525.0</ele></trkpt><trkpt lat="61.09378197" lon="13.51810621"><ele>525.0</ele></trkpt><trkpt lat="61.09377329" lon="13.51862993"><ele>526.0</ele></trkpt><trkpt lat="61.09375983" lon="13.51940967"><ele>527.0</ele></trkpt><trkpt lat="61.09383973" lon="13.51993967"><ele>527.0</ele></trkpt><trkpt lat="61.09384971" lon="13.52044363"><ele>527.0</ele></trkpt><trkpt lat="61.09385970" lon="13.52094848"><ele>528.0</ele></trkpt><trkpt lat="61.09387967" lon="13.52194920"><ele>528.0</ele></trkpt><trkpt lat="61.09380976" lon="13.52259958"><ele>529.0</ele></trkpt><trkpt lat="61.09357962" lon="13.52303976"><ele>529.0</ele></trkpt><trkpt lat="61.09354054" lon="13.52341256"><ele>529.0</ele></trkpt><trkpt lat="61.09348974" lon="13.52389945"><ele>530.0</ele></trkpt><trkpt lat="61.09338509" lon="13.52433693"><ele>531.0</ele></trkpt><trkpt lat="61.09328044" lon="13.52477530"><ele>532.0</ele></trkpt><trkpt lat="61.09310979" lon="13.52548947"><ele>534.0</ele></trkpt><trkpt lat="61.09313280" lon="13.52601947"><ele>536.0</ele></trkpt><trkpt lat="61.09315581" lon="13.52655038"><ele>537.0</ele></trkpt><trkpt lat="61.09317883" lon="13.52708038"><ele>537.0</ele></trkpt><trkpt lat="61.09321965" lon="13.52801912"><ele>537.0</ele></trkpt><trkpt lat="61.09303293" lon="13.52823112"><ele>538.0</ele></trkpt><trkpt lat="61.09267989" lon="13.52862998"><ele>538.0</ele></trkpt><trkpt lat="61.09246885" lon="13.52898571"><ele>537.0</ele></trkpt><trkpt lat="61.09225824" lon="13.52934144"><ele>537.0</ele></trkpt><trkpt lat="61.09204720" lon="13.52969717"><ele>537.0</ele></trkpt><trkpt lat="61.09183658" lon="13.53005291"><ele>537.0</ele></trkpt><trkpt lat="61.09162597" lon="13.53040864"><ele>536.0</ele></trkpt><trkpt lat="61.09139972" lon="13.53078953"><ele>535.0</ele></trkpt><trkpt lat="61.09118129" lon="13.53099524"><ele>534.0</ele></trkpt><trkpt lat="61.09096286" lon="13.53120006"><ele>533.0</ele></trkpt><trkpt lat="61.09056985" lon="13.53156926"><ele>528.0</ele></trkpt><trkpt lat="61.09043044" lon="13.53181810"><ele>526.0</ele></trkpt><trkpt lat="61.09024979" lon="13.53213969"><ele>524.0</ele></trkpt><trkpt lat="61.09006305" lon="13.53228342"><ele>522.0</ele></trkpt><trkpt lat="61.08976991" lon="13.53250980"><ele>519.0</ele></trkpt><trkpt lat="61.08958534" lon="13.53255651"><ele>517.0</ele></trkpt><trkpt lat="61.08933997" lon="13.53261939"><ele>517.0</ele></trkpt><trkpt lat="61.08923965" lon="13.53286913"><ele>517.0</ele></trkpt><trkpt lat="61.08928438" lon="13.53332008"><ele>519.0</ele></trkpt><trkpt lat="61.08932868" lon="13.53377103"><ele>521.0</ele></trkpt><trkpt lat="61.08937993" lon="13.53428936"><ele>522.0</ele></trkpt><trkpt lat="61.08938991" lon="13.53473493"><ele>524.0</ele></trkpt><trkpt lat="61.08940989" lon="13.53560989"><ele>526.0</ele></trkpt><trkpt lat="61.08952237" lon="13.53604377"><ele>528.0</ele></trkpt><trkpt lat="61.08963485" lon="13.53647856"><ele>528.0</ele></trkpt><trkpt lat="61.08982984" lon="13.53722955"><ele>526.0</ele></trkpt><trkpt lat="61.08977990" lon="13.53766613"><ele>524.0</ele></trkpt><trkpt lat="61.08967958" lon="13.53853929"><ele>521.0</ele></trkpt><trkpt lat="61.08955581" lon="13.53891479"><ele>520.0</ele></trkpt><trkpt lat="61.08943204" lon="13.53928938"><ele>519.0</ele></trkpt><trkpt lat="61.08929958" lon="13.53968913"><ele>518.0</ele></trkpt><trkpt lat="61.08926267" lon="13.54007900"><ele>518.0</ele></trkpt><trkpt lat="61.08920968" lon="13.54063955"><ele>516.0</ele></trkpt><trkpt lat="61.08908418" lon="13.54102852"><ele>516.0</ele></trkpt><trkpt lat="61.08895867" lon="13.54141749"><ele>514.0</ele></trkpt><trkpt lat="61.08879971" lon="13.54190977"><ele>513.0</ele></trkpt><trkpt lat="61.08861992" lon="13.54222867"><ele>513.0</ele></trkpt><trkpt lat="61.08844012" lon="13.54254757"><ele>513.0</ele></trkpt><trkpt lat="61.08814002" lon="13.54307938"><ele>513.0</ele></trkpt><trkpt lat="61.08804273" lon="13.54346116"><ele>512.0</ele></trkpt><trkpt lat="61.08786988" lon="13.54413939"><ele>511.0</ele></trkpt><trkpt lat="61.08771005" lon="13.54431726"><ele>511.0</ele></trkpt><trkpt lat="61.08750984" lon="13.54453914"><ele>513.0</ele></trkpt><trkpt lat="61.08741993" lon="13.54480953"><ele>513.0</ele></trkpt><trkpt lat="61.08734393" lon="13.54526767"><ele>511.0</ele></trkpt><trkpt lat="61.08726792" lon="13.54572581"><ele>510.0</ele></trkpt><trkpt lat="61.08714979" lon="13.54643908"><ele>507.0</ele></trkpt><trkpt lat="61.08727965" lon="13.54671935"><ele>504.0</ele></trkpt><trkpt lat="61.08745424" lon="13.54680918"><ele>501.0</ele></trkpt><trkpt lat="61.08766966" lon="13.54691967"><ele>500.0</ele></trkpt><trkpt lat="61.08781602" lon="13.54734458"><ele>499.0</ele></trkpt><trkpt lat="61.08796238" lon="13.54777038"><ele>498.0</ele></trkpt><trkpt lat="61.08810875" lon="13.54819618"><ele>497.0</ele></trkpt><trkpt lat="61.08831982" lon="13.54880973"><ele>497.0</ele></trkpt><trkpt lat="61.08839973" lon="13.54936938"><ele>497.0</ele></trkpt><trkpt lat="61.08834197" lon="13.54986705"><ele>496.0</ele></trkpt><trkpt lat="61.08828420" lon="13.55036471"><ele>496.0</ele></trkpt><trkpt lat="61.08822688" lon="13.55086238"><ele>496.0</ele></trkpt><trkpt lat="61.08815956" lon="13.55144000"><ele>495.0</ele></trkpt><trkpt lat="61.08818345" lon="13.55184514"><ele>495.0</ele></trkpt><trkpt lat="61.08821993" lon="13.55246947"><ele>494.0</ele></trkpt><trkpt lat="61.08820169" lon="13.55296623"><ele>494.0</ele></trkpt><trkpt lat="61.08818345" lon="13.55346390"><ele>493.0</ele></trkpt><trkpt lat="61.08815000" lon="13.55437928"><ele>491.0</ele></trkpt><trkpt lat="61.08808356" lon="13.55490480"><ele>489.0</ele></trkpt><trkpt lat="61.08801754" lon="13.55542942"><ele>488.0</ele></trkpt><trkpt lat="61.08795153" lon="13.55595493"><ele>488.0</ele></trkpt><trkpt lat="61.08788508" lon="13.55648044"><ele>488.0</ele></trkpt><trkpt lat="61.08780994" lon="13.55707962"><ele>487.0</ele></trkpt><trkpt lat="61.08790853" lon="13.55751171"><ele>487.0</ele></trkpt><trkpt lat="61.08800712" lon="13.55794470"><ele>487.0</ele></trkpt><trkpt lat="61.08815000" lon="13.55856993"><ele>487.0</ele></trkpt><trkpt lat="61.08837975" lon="13.55863820"><ele>487.0</ele></trkpt><trkpt lat="61.08860949" lon="13.55870737"><ele>487.0</ele></trkpt><trkpt lat="61.08894998" lon="13.55880978"><ele>488.0</ele></trkpt><trkpt lat="61.08912760" lon="13.55904064"><ele>489.0</ele></trkpt><trkpt lat="61.08944985" lon="13.55945926"><ele>488.0</ele></trkpt><trkpt lat="61.08952802" lon="13.55990931"><ele>488.0</ele></trkpt><trkpt lat="61.08960662" lon="13.56035937"><ele>487.0</ele></trkpt><trkpt lat="61.08971997" lon="13.56100975"><ele>485.0</ele></trkpt><trkpt lat="61.08984200" lon="13.56138345"><ele>484.0</ele></trkpt><trkpt lat="61.08996447" lon="13.56175625"><ele>483.0</ele></trkpt><trkpt lat="61.09008997" lon="13.56213983"><ele>481.0</ele></trkpt><trkpt lat="61.09017509" lon="13.56258090"><ele>480.0</ele></trkpt><trkpt lat="61.09026064" lon="13.56302287"><ele>479.0</ele></trkpt><trkpt lat="61.09037964" lon="13.56363912"><ele>478.0</ele></trkpt><trkpt lat="61.09050644" lon="13.56413589"><ele>476.0</ele></trkpt><trkpt lat="61.09063325" lon="13.56463266"><ele>475.0</ele></trkpt><trkpt lat="61.09075962" lon="13.56512942"><ele>473.0</ele></trkpt><trkpt lat="61.09088643" lon="13.56562619"><ele>472.0</ele></trkpt><trkpt lat="61.09101323" lon="13.56612206"><ele>469.0</ele></trkpt><trkpt lat="61.09113960" lon="13.56661973"><ele>467.0</ele></trkpt><trkpt lat="61.09091509" lon="13.56696917"><ele>467.0</ele></trkpt><trkpt lat="61.09069057" lon="13.56731862"><ele>467.0</ele></trkpt><trkpt lat="61.09046562" lon="13.56766806"><ele>467.0</ele></trkpt><trkpt lat="61.09024110" lon="13.56801661"><ele>467.0</ele></trkpt><trkpt lat="61.09001658" lon="13.56836605"><ele>466.0</ele></trkpt><trkpt lat="61.08979163" lon="13.56871550"><ele>466.0</ele></trkpt><trkpt lat="61.08949979" lon="13.56916915"><ele>466.0</ele></trkpt><trkpt lat="61.08934562" lon="13.56961022"><ele>466.0</ele></trkpt><trkpt lat="61.08919188" lon="13.57005129"><ele>465.0</ele></trkpt><trkpt lat="61.08903771" lon="13.57049237"><ele>465.0</ele></trkpt><trkpt lat="61.08888353" lon="13.57093344"><ele>464.0</ele></trkpt><trkpt lat="61.08869983" lon="13.57145985"><ele>464.0</ele></trkpt><trkpt lat="61.08856867" lon="13.57196740"><ele>463.0</ele></trkpt><trkpt lat="61.08843795" lon="13.57247585"><ele>463.0</ele></trkpt><trkpt lat="61.08830679" lon="13.57298339"><ele>462.0</ele></trkpt><trkpt lat="61.08817606" lon="13.57349094"><ele>462.0</ele></trkpt><trkpt lat="61.08804490" lon="13.57399939"><ele>461.0</ele></trkpt><trkpt lat="61.08779995" lon="13.57494981"><ele>460.0</ele></trkpt><trkpt lat="61.08780473" lon="13.57529476"><ele>460.0</ele></trkpt><trkpt lat="61.08780994" lon="13.57565948"><ele>460.0</ele></trkpt><trkpt lat="61.08786857" lon="13.57603228"><ele>459.0</ele></trkpt><trkpt lat="61.08794979" lon="13.57654971"><ele>459.0</ele></trkpt><trkpt lat="61.08810049" lon="13.57693149"><ele>459.0</ele></trkpt><trkpt lat="61.08825076" lon="13.57731327"><ele>459.0</ele></trkpt><trkpt lat="61.08850960" lon="13.57796994"><ele>459.0</ele></trkpt><trkpt lat="61.08857605" lon="13.57838676"><ele>459.0</ele></trkpt><trkpt lat="61.08869983" lon="13.57916919"><ele>459.0</ele></trkpt><trkpt lat="61.08881752" lon="13.57955816"><ele>459.0</ele></trkpt><trkpt lat="61.08893565" lon="13.57994713"><ele>459.0</ele></trkpt><trkpt lat="61.08906984" lon="13.58039000"><ele>459.0</ele></trkpt><trkpt lat="61.08914584" lon="13.58080143"><ele>459.0</ele></trkpt><trkpt lat="61.08929003" lon="13.58157937"><ele>459.0</ele></trkpt><trkpt lat="61.08925963" lon="13.58200967"><ele>459.0</ele></trkpt><trkpt lat="61.08909851" lon="13.58234384"><ele>459.0</ele></trkpt><trkpt lat="61.08893739" lon="13.58267891"><ele>459.0</ele></trkpt><trkpt lat="61.08871980" lon="13.58312987"><ele>459.0</ele></trkpt><trkpt lat="61.08853610" lon="13.58336073"><ele>459.0</ele></trkpt><trkpt lat="61.08817997" lon="13.58380989"><ele>459.0</ele></trkpt><trkpt lat="61.08795978" lon="13.58399943"><ele>459.0</ele></trkpt><trkpt lat="61.08770962" lon="13.58399943"><ele>459.0</ele></trkpt><trkpt lat="61.08748074" lon="13.58423659"><ele>459.0</ele></trkpt><trkpt lat="61.08725185" lon="13.58447464"><ele>459.0</ele></trkpt><trkpt lat="61.08702297" lon="13.58471180"><ele>459.0</ele></trkpt><trkpt lat="61.08663990" lon="13.58510975"><ele>459.0</ele></trkpt><trkpt lat="61.08633978" lon="13.58517982"><ele>459.0</ele></trkpt><trkpt lat="61.08616909" lon="13.58538194"><ele>459.0</ele></trkpt><trkpt lat="61.08590979" lon="13.58568917"><ele>459.0</ele></trkpt><trkpt lat="61.08569957" lon="13.58611946"><ele>459.0</ele></trkpt><trkpt lat="61.08565962" lon="13.58669977"><ele>459.0</ele></trkpt><trkpt lat="61.08588851" lon="13.58686776"><ele>459.0</ele></trkpt><trkpt lat="61.08611784" lon="13.58703574"><ele>459.0</ele></trkpt><trkpt lat="61.08655955" lon="13.58735913"><ele>459.0</ele></trkpt><trkpt lat="61.08676976" lon="13.58774990"><ele>460.0</ele></trkpt><trkpt lat="61.08676976" lon="13.58806970"><ele>460.0</ele></trkpt><trkpt lat="61.08663773" lon="13.58848742"><ele>460.0</ele></trkpt><trkpt lat="61.08650526" lon="13.58890424"><ele>460.0</ele></trkpt><trkpt lat="61.08625986" lon="13.58967948"><ele>459.0</ele></trkpt><trkpt lat="61.08616170" lon="13.59014571"><ele>459.0</ele></trkpt><trkpt lat="61.08606355" lon="13.59061193"><ele>459.0</ele></trkpt><trkpt lat="61.08596539" lon="13.59107816"><ele>459.0</ele></trkpt><trkpt lat="61.08585984" lon="13.59157942"><ele>459.0</ele></trkpt><trkpt lat="61.08573953" lon="13.59182466"><ele>459.0</ele></trkpt><trkpt lat="61.08560967" lon="13.59208966"><ele>458.0</ele></trkpt><trkpt lat="61.08553757" lon="13.59242833"><ele>458.0</ele></trkpt><trkpt lat="61.08544983" lon="13.59283976"><ele>458.0</ele></trkpt><trkpt lat="61.08532387" lon="13.59316405"><ele>459.0</ele></trkpt><trkpt lat="61.08511973" lon="13.59368956"><ele>459.0</ele></trkpt><trkpt lat="61.08499594" lon="13.59411806"><ele>459.0</ele></trkpt><trkpt lat="61.08487172" lon="13.59454745"><ele>459.0</ele></trkpt><trkpt lat="61.08463978" lon="13.59534965"><ele>459.0</ele></trkpt><trkpt lat="61.08456507" lon="13.59572784"><ele>459.0</ele></trkpt><trkpt lat="61.08444996" lon="13.59630995"><ele>459.0</ele></trkpt><trkpt lat="61.08431358" lon="13.59670161"><ele>458.0</ele></trkpt><trkpt lat="61.08417719" lon="13.59709328"><ele>458.0</ele></trkpt><trkpt lat="61.08396957" lon="13.59768976"><ele>458.0</ele></trkpt><trkpt lat="61.08409596" lon="13.59797992"><ele>457.0</ele></trkpt><trkpt lat="61.08426971" lon="13.59837967"><ele>455.0</ele></trkpt><trkpt lat="61.08422975" lon="13.59900938"><ele>454.0</ele></trkpt><trkpt lat="61.08416068" lon="13.59934446"><ele>453.0</ele></trkpt><trkpt lat="61.08407989" lon="13.59973972"><ele>452.0</ele></trkpt><trkpt lat="61.08410769" lon="13.60019965"><ele>451.0</ele></trkpt><trkpt lat="61.08413593" lon="13.60066049"><ele>450.0</ele></trkpt><trkpt lat="61.08416980" lon="13.60121924"><ele>449.0</ele></trkpt><trkpt lat="61.08405774" lon="13.60159114"><ele>449.0</ele></trkpt><trkpt lat="61.08384968" lon="13.60227925"><ele>447.0</ele></trkpt><trkpt lat="61.08368462" lon="13.60247778"><ele>447.0</ele></trkpt><trkpt lat="61.08344963" lon="13.60275985"><ele>447.0</ele></trkpt><trkpt lat="61.08343095" lon="13.60311289"><ele>446.0</ele></trkpt><trkpt lat="61.08340967" lon="13.60350994"><ele>446.0</ele></trkpt><trkpt lat="61.08342965" lon="13.60383963"><ele>445.0</ele></trkpt><trkpt lat="61.08363988" lon="13.60412978"><ele>444.0</ele></trkpt><trkpt lat="61.08374630" lon="13.60443162"><ele>443.0</ele></trkpt><trkpt lat="61.08387965" lon="13.60480981"><ele>441.0</ele></trkpt><trkpt lat="61.08397999" lon="13.60523740"><ele>440.0</ele></trkpt><trkpt lat="61.08408033" lon="13.60566500"><ele>439.0</ele></trkpt><trkpt lat="61.08421976" lon="13.60625969"><ele>439.0</ele></trkpt><trkpt lat="61.08410031" lon="13.60667920"><ele>439.0</ele></trkpt><trkpt lat="61.08398086" lon="13.60709782"><ele>440.0</ele></trkpt><trkpt lat="61.08378974" lon="13.60776976"><ele>440.0</ele></trkpt><trkpt lat="61.08373979" lon="13.60841924"><ele>440.0</ele></trkpt><trkpt lat="61.08379843" lon="13.60885851"><ele>441.0</ele></trkpt><trkpt lat="61.08385663" lon="13.60929689"><ele>441.0</ele></trkpt><trkpt lat="61.08391961" lon="13.60976941"><ele>441.0</ele></trkpt><trkpt lat="61.08403559" lon="13.61016646"><ele>440.0</ele></trkpt><trkpt lat="61.08415113" lon="13.61056352"><ele>440.0</ele></trkpt><trkpt lat="61.08428969" lon="13.61103962"><ele>440.0</ele></trkpt><trkpt lat="61.08450947" lon="13.61099740"><ele>440.0</ele></trkpt><trkpt lat="61.08472882" lon="13.61095518"><ele>439.0</ele></trkpt><trkpt lat="61.08496988" lon="13.61090937"><ele>439.0</ele></trkpt><trkpt lat="61.08512147" lon="13.61122647"><ele>439.0</ele></trkpt><trkpt lat="61.08541986" lon="13.61184990"><ele>439.0</ele></trkpt><trkpt lat="61.08549413" lon="13.61226762"><ele>438.0</ele></trkpt><trkpt lat="61.08563964" lon="13.61308419"><ele>437.0</ele></trkpt><trkpt lat="61.08558969" lon="13.61320636"><ele>437.0</ele></trkpt><trkpt lat="61.08546590" lon="13.61336446"><ele>437.0</ele></trkpt><trkpt lat="61.08519487" lon="13.61366450"><ele>438.0</ele></trkpt><trkpt lat="61.08500984" lon="13.61385943"><ele>438.0</ele></trkpt><trkpt lat="61.08479875" lon="13.61405617"><ele>439.0</ele></trkpt><trkpt lat="61.08458765" lon="13.61425290"><ele>440.0</ele></trkpt><trkpt lat="61.08427970" lon="13.61453946"><ele>440.0</ele></trkpt><trkpt lat="61.08405123" lon="13.61489160"><ele>440.0</ele></trkpt><trkpt lat="61.08382275" lon="13.61524284"><ele>440.0</ele></trkpt><trkpt lat="61.08359428" lon="13.61559408"><ele>441.0</ele></trkpt><trkpt lat="61.08336537" lon="13.61594622"><ele>441.0</ele></trkpt><trkpt lat="61.08313689" lon="13.61629746"><ele>441.0</ele></trkpt><trkpt lat="61.08290841" lon="13.61664960"><ele>441.0</ele></trkpt><trkpt lat="61.08245969" lon="13.61733951"><ele>442.0</ele></trkpt><trkpt lat="61.08221036" lon="13.61754702"><ele>442.0</ele></trkpt><trkpt lat="61.08196059" lon="13.61775453"><ele>442.0</ele></trkpt><trkpt lat="61.08171125" lon="13.61796204"><ele>442.0</ele></trkpt><trkpt lat="61.08146191" lon="13.61817045"><ele>442.0</ele></trkpt><trkpt lat="61.08102968" lon="13.61852978"><ele>442.0</ele></trkpt><trkpt lat="61.08085983" lon="13.61839952"><ele>442.0</ele></trkpt><trkpt lat="61.08073038" lon="13.61808960"><ele>443.0</ele></trkpt><trkpt lat="61.08052968" lon="13.61760990"><ele>443.0</ele></trkpt><trkpt lat="61.08043976" lon="13.61762966"><ele>443.0</ele></trkpt><trkpt lat="61.08031074" lon="13.61781921"><ele>443.0</ele></trkpt><trkpt lat="61.08011960" lon="13.61809948"><ele>443.0</ele></trkpt><trkpt lat="61.07997537" lon="13.61841030"><ele>443.0</ele></trkpt><trkpt lat="61.07971994" lon="13.61895917"><ele>444.0</ele></trkpt><trkpt lat="61.07954009" lon="13.61914692"><ele>444.0</ele></trkpt><trkpt lat="61.07924989" lon="13.61944965"><ele>444.0</ele></trkpt><trkpt lat="61.07915736" lon="13.61979011"><ele>445.0</ele></trkpt><trkpt lat="61.07902964" lon="13.62025993"><ele>445.0</ele></trkpt><trkpt lat="61.07907656" lon="13.62074861"><ele>444.0</ele></trkpt><trkpt lat="61.07912347" lon="13.62123730"><ele>443.0</ele></trkpt><trkpt lat="61.07920993" lon="13.62213921"><ele>442.0</ele></trkpt><trkpt lat="61.07916996" lon="13.62259914"><ele>441.0</ele></trkpt><trkpt lat="61.07905527" lon="13.62289379"><ele>441.0</ele></trkpt><trkpt lat="61.07890974" lon="13.62326929"><ele>440.0</ele></trkpt><trkpt lat="61.07869643" lon="13.62348039"><ele>440.0</ele></trkpt><trkpt lat="61.07848269" lon="13.62369150"><ele>440.0</ele></trkpt><trkpt lat="61.07812993" lon="13.62403914"><ele>440.0</ele></trkpt><trkpt lat="61.07823984" lon="13.62445956"><ele>439.0</ele></trkpt><trkpt lat="61.07812732" lon="13.62471378"><ele>439.0</ele></trkpt><trkpt lat="61.07800959" lon="13.62497968"><ele>439.0</ele></trkpt><trkpt lat="61.07793964" lon="13.62554921"><ele>437.0</ele></trkpt><trkpt lat="61.07797570" lon="13.62594627"><ele>435.0</ele></trkpt><trkpt lat="61.07803000" lon="13.62653915"><ele>432.0</ele></trkpt><trkpt lat="61.07814209" lon="13.62694699"><ele>428.0</ele></trkpt><trkpt lat="61.07825461" lon="13.62735393"><ele>425.0</ele></trkpt><trkpt lat="61.07839971" lon="13.62787944"><ele>422.0</ele></trkpt><trkpt lat="61.07845793" lon="13.62836094"><ele>420.0</ele></trkpt><trkpt lat="61.07851571" lon="13.62884333"><ele>419.0</ele></trkpt><trkpt lat="61.07861997" lon="13.62970931"><ele>416.0</ele></trkpt><trkpt lat="61.07872988" lon="13.63012972"><ele>414.0</ele></trkpt><trkpt lat="61.07870990" lon="13.63067949"><ele>413.0</ele></trkpt><trkpt lat="61.07862996" lon="13.63088970"><ele>413.0</ele></trkpt><trkpt lat="61.07862040" lon="13.63127507"><ele>411.0</ele></trkpt><trkpt lat="61.07861128" lon="13.63166045"><ele>410.0</ele></trkpt><trkpt lat="61.07859999" lon="13.63215003"><ele>408.0</ele></trkpt><trkpt lat="61.07851658" lon="13.63263782"><ele>407.0</ele></trkpt><trkpt lat="61.07843316" lon="13.63312650"><ele>405.0</ele></trkpt><trkpt lat="61.07834975" lon="13.63361429"><ele>403.0</ele></trkpt><trkpt lat="61.07823984" lon="13.63425928"><ele>402.0</ele></trkpt><trkpt lat="61.07829849" lon="13.63458177"><ele>401.0</ele></trkpt><trkpt lat="61.07835974" lon="13.63491954"><ele>400.0</ele></trkpt><trkpt lat="61.07832716" lon="13.63527078"><ele>400.0</ele></trkpt><trkpt lat="61.07828980" lon="13.63566963"><ele>399.0</ele></trkpt><trkpt lat="61.07847965" lon="13.63575946"><ele>399.0</ele></trkpt><trkpt lat="61.07859738" lon="13.63617359"><ele>398.0</ele></trkpt><trkpt lat="61.07871555" lon="13.63658681"><ele>398.0</ele></trkpt><trkpt lat="61.07888975" lon="13.63719946"><ele>396.0</ele></trkpt><trkpt lat="61.07878028" lon="13.63752914"><ele>394.0</ele></trkpt><trkpt lat="61.07861997" lon="13.63800974"><ele>393.0</ele></trkpt><trkpt lat="61.07866993" lon="13.63854963"><ele>391.0</ele></trkpt><trkpt lat="61.07885630" lon="13.63874367"><ele>390.0</ele></trkpt><trkpt lat="61.07918994" lon="13.63908952"><ele>390.0</ele></trkpt><trkpt lat="61.07930984" lon="13.63948927"><ele>389.0</ele></trkpt><trkpt lat="61.07944495" lon="13.63973271"><ele>388.0</ele></trkpt><trkpt lat="61.07960959" lon="13.64002916"><ele>386.0</ele></trkpt><trkpt lat="61.07965608" lon="13.64040824"><ele>385.0</ele></trkpt><trkpt lat="61.07971994" lon="13.64092927"><ele>384.0</ele></trkpt><trkpt lat="61.07979900" lon="13.64126883"><ele>383.0</ele></trkpt><trkpt lat="61.07989979" lon="13.64169912"><ele>381.0</ele></trkpt><trkpt lat="61.07999970" lon="13.64176919"><ele>381.0</ele></trkpt><trkpt lat="61.08006660" lon="13.64210067"><ele>381.0</ele></trkpt><trkpt lat="61.08018954" lon="13.64270973"><ele>380.0</ele></trkpt><trkpt lat="61.08038980" lon="13.64272859"><ele>379.0</ele></trkpt><trkpt lat="61.08070996" lon="13.64275914"><ele>379.0</ele></trkpt><trkpt lat="61.08089893" lon="13.64306995"><ele>378.0</ele></trkpt><trkpt lat="61.08108789" lon="13.64338077"><ele>378.0</ele></trkpt><trkpt lat="61.08143975" lon="13.64395928"><ele>377.0</ele></trkpt><trkpt lat="61.08145626" lon="13.64441024"><ele>377.0</ele></trkpt><trkpt lat="61.08147277" lon="13.64486119"><ele>376.0</ele></trkpt><trkpt lat="61.08148971" lon="13.64532922"><ele>376.0</ele></trkpt><trkpt lat="61.08157963" lon="13.64567956"><ele>375.0</ele></trkpt><trkpt lat="61.08159483" lon="13.64601733"><ele>374.0</ele></trkpt><trkpt lat="61.08160960" lon="13.64635958"><ele>374.0</ele></trkpt><trkpt lat="61.08174991" lon="13.64693990"><ele>372.0</ele></trkpt><trkpt lat="61.08172906" lon="13.64732887"><ele>371.0</ele></trkpt><trkpt lat="61.08169995" lon="13.64786965"><ele>368.0</ele></trkpt><trkpt lat="61.08181985" lon="13.64828916"><ele>366.0</ele></trkpt><trkpt lat="61.08198231" lon="13.64861435"><ele>364.0</ele></trkpt><trkpt lat="61.08214477" lon="13.64893954"><ele>362.0</ele></trkpt><trkpt lat="61.08234980" lon="13.64934918"><ele>360.0</ele></trkpt><trkpt lat="61.08251920" lon="13.64953153"><ele>359.0</ele></trkpt><trkpt lat="61.08275985" lon="13.64978935"><ele>358.0</ele></trkpt><trkpt lat="61.08301961" lon="13.64984954"><ele>358.0</ele></trkpt><trkpt lat="61.08320899" lon="13.65021964"><ele>356.0</ele></trkpt><trkpt lat="61.08339794" lon="13.65058975"><ele>355.0</ele></trkpt><trkpt lat="61.08358689" lon="13.65095986"><ele>353.0</ele></trkpt><trkpt lat="61.08395958" lon="13.65168929"><ele>353.0</ele></trkpt><trkpt lat="61.08405600" lon="13.65199651"><ele>354.0</ele></trkpt><trkpt lat="61.08416980" lon="13.65235943"><ele>354.0</ele></trkpt><trkpt lat="61.08436961" lon="13.65259928"><ele>355.0</ele></trkpt><trkpt lat="61.08444996" lon="13.65316971"><ele>356.0</ele></trkpt><trkpt lat="61.08455986" lon="13.65338980"><ele>357.0</ele></trkpt><trkpt lat="61.08455464" lon="13.65372757"><ele>358.0</ele></trkpt><trkpt lat="61.08454987" lon="13.65406982"><ele>358.0</ele></trkpt><trkpt lat="61.08465976" lon="13.65464924"><ele>358.0</ele></trkpt><trkpt lat="61.08461980" lon="13.65519990"><ele>359.0</ele></trkpt><trkpt lat="61.08470884" lon="13.65552509"><ele>359.0</ele></trkpt><trkpt lat="61.08481960" lon="13.65592934"><ele>357.0</ele></trkpt><trkpt lat="61.08485999" lon="13.65656983"><ele>356.0</ele></trkpt><trkpt lat="61.08504893" lon="13.65672075"><ele>354.0</ele></trkpt><trkpt lat="61.08535992" lon="13.65696959"><ele>349.0</ele></trkpt><trkpt lat="61.08548979" lon="13.65730915"><ele>345.0</ele></trkpt><trkpt lat="61.08565527" lon="13.65749240"><ele>342.0</ele></trkpt><trkpt lat="61.08587982" lon="13.65773944"><ele>339.0</ele></trkpt><trkpt lat="61.08598406" lon="13.65817872"><ele>338.0</ele></trkpt><trkpt lat="61.08608830" lon="13.65861710"><ele>337.0</ele></trkpt><trkpt lat="61.08625986" lon="13.65933934"><ele>336.0</ele></trkpt><trkpt lat="61.08643750" lon="13.65944355"><ele>335.0</ele></trkpt><trkpt lat="61.08666987" lon="13.65957919"><ele>334.0</ele></trkpt><trkpt lat="61.08675239" lon="13.65988103"><ele>334.0</ele></trkpt><trkpt lat="61.08683969" lon="13.66019993"><ele>334.0</ele></trkpt><trkpt lat="61.08676455" lon="13.66067424"><ele>335.0</ele></trkpt><trkpt lat="61.08668941" lon="13.66114855"><ele>336.0</ele></trkpt><trkpt lat="61.08654956" lon="13.66202980"><ele>338.0</ele></trkpt><trkpt lat="61.08644141" lon="13.66253195"><ele>338.0</ele></trkpt><trkpt lat="61.08633283" lon="13.66303321"><ele>339.0</ele></trkpt><trkpt lat="61.08622425" lon="13.66353537"><ele>339.0</ele></trkpt><trkpt lat="61.08611567" lon="13.66403753"><ele>339.0</ele></trkpt><trkpt lat="61.08595974" lon="13.66475978"><ele>337.0</ele></trkpt><trkpt lat="61.08580990" lon="13.66524217"><ele>335.0</ele></trkpt><trkpt lat="61.08565962" lon="13.66572457"><ele>331.0</ele></trkpt><trkpt lat="61.08550977" lon="13.66620696"><ele>327.0</ele></trkpt><trkpt lat="61.08535992" lon="13.66669025"><ele>323.0</ele></trkpt><trkpt lat="61.08521007" lon="13.66717265"><ele>320.0</ele></trkpt><trkpt lat="61.08494990" lon="13.66800988"><ele>316.0</ele></trkpt><trkpt lat="61.08478051" lon="13.66843388"><ele>316.0</ele></trkpt><trkpt lat="61.08461154" lon="13.66885879"><ele>316.0</ele></trkpt><trkpt lat="61.08444258" lon="13.66928279"><ele>317.0</ele></trkpt><trkpt lat="61.08427362" lon="13.66970770"><ele>318.0</ele></trkpt><trkpt lat="61.08402994" lon="13.67031945"><ele>319.0</ele></trkpt><trkpt lat="61.08379321" lon="13.67066979"><ele>319.0</ele></trkpt><trkpt lat="61.08355649" lon="13.67102103"><ele>319.0</ele></trkpt><trkpt lat="61.08332019" lon="13.67137138"><ele>319.0</ele></trkpt><trkpt lat="61.08308346" lon="13.67172172"><ele>319.0</ele></trkpt><trkpt lat="61.08284673" lon="13.67207296"><ele>319.0</ele></trkpt><trkpt lat="61.08261042" lon="13.67242330"><ele>319.0</ele></trkpt><trkpt lat="61.08237369" lon="13.67277365"><ele>319.0</ele></trkpt><trkpt lat="61.08213695" lon="13.67312489"><ele>319.0</ele></trkpt><trkpt lat="61.08180985" lon="13.67360998"><ele>319.0</ele></trkpt><trkpt lat="61.08161785" lon="13.67399625"><ele>319.0</ele></trkpt><trkpt lat="61.08142629" lon="13.67438343"><ele>319.0</ele></trkpt><trkpt lat="61.08123472" lon="13.67477060"><ele>320.0</ele></trkpt><trkpt lat="61.08104271" lon="13.67515777"><ele>320.0</ele></trkpt><trkpt lat="61.08072994" lon="13.67578929"><ele>320.0</ele></trkpt><trkpt lat="61.08048668" lon="13.67607406"><ele>320.0</ele></trkpt><trkpt lat="61.08024384" lon="13.67635882"><ele>320.0</ele></trkpt><trkpt lat="61.08000100" lon="13.67664269"><ele>320.0</ele></trkpt><trkpt lat="61.07975773" lon="13.67692746"><ele>320.0</ele></trkpt><trkpt lat="61.07951489" lon="13.67721222"><ele>320.0</ele></trkpt><trkpt lat="61.07902964" lon="13.67777996"><ele>320.0</ele></trkpt><trkpt lat="61.07883632" lon="13.67790123"><ele>320.0</ele></trkpt><trkpt lat="61.07851962" lon="13.67809976"><ele>320.0</ele></trkpt><trkpt lat="61.07827981" lon="13.67817342"><ele>320.0</ele></trkpt><trkpt lat="61.07803956" lon="13.67824798"><ele>320.0</ele></trkpt><trkpt lat="61.07757992" lon="13.67838991"><ele>320.0</ele></trkpt><trkpt lat="61.07732968" lon="13.67880943"><ele>320.0</ele></trkpt><trkpt lat="61.07725278" lon="13.67916067"><ele>320.0</ele></trkpt><trkpt lat="61.07714981" lon="13.67962959"><ele>320.0</ele></trkpt><trkpt lat="61.07728884" lon="13.67980835"><ele>320.0</ele></trkpt><trkpt lat="61.07742960" lon="13.67998981"><ele>320.0</ele></trkpt><trkpt lat="61.07757471" lon="13.68029793"><ele>319.0</ele></trkpt><trkpt lat="61.07782973" lon="13.68083962"><ele>319.0</ele></trkpt><trkpt lat="61.07800046" lon="13.68126183"><ele>319.0</ele></trkpt><trkpt lat="61.07817120" lon="13.68168404"><ele>319.0</ele></trkpt><trkpt lat="61.07834150" lon="13.68210535"><ele>319.0</ele></trkpt><trkpt lat="61.07851223" lon="13.68252755"><ele>319.0</ele></trkpt><trkpt lat="61.07875986" lon="13.68313931"><ele>319.0</ele></trkpt><trkpt lat="61.07880982" lon="13.68317973"><ele>319.0</ele></trkpt><trkpt lat="61.07891017" lon="13.68283568"><ele>319.0</ele></trkpt><trkpt lat="61.07909958" lon="13.68218979"><ele>319.0</ele></trkpt><trkpt lat="61.07928986" lon="13.68241976"><ele>319.0</ele></trkpt><trkpt lat="61.07937153" lon="13.68277998"><ele>319.0</ele></trkpt><trkpt lat="61.07948969" lon="13.68329921"><ele>319.0</ele></trkpt><trkpt lat="61.07952705" lon="13.68368548"><ele>319.0</ele></trkpt><trkpt lat="61.07957962" lon="13.68422986"><ele>318.0</ele></trkpt><trkpt lat="61.07951098" lon="13.68465926"><ele>318.0</ele></trkpt><trkpt lat="61.07944191" lon="13.68508865"><ele>318.0</ele></trkpt><trkpt lat="61.07936979" lon="13.68553960"><ele>318.0</ele></trkpt><trkpt lat="61.07942236" lon="13.68599236"><ele>318.0</ele></trkpt><trkpt lat="61.07947449" lon="13.68644600"><ele>317.0</ele></trkpt><trkpt lat="61.07953965" lon="13.68700925"><ele>317.0</ele></trkpt><trkpt lat="61.07949056" lon="13.68743505"><ele>317.0</ele></trkpt><trkpt lat="61.07939977" lon="13.68821928"><ele>316.0</ele></trkpt><trkpt lat="61.07953270" lon="13.68870078"><ele>315.0</ele></trkpt><trkpt lat="61.07966520" lon="13.68918317"><ele>315.0</ele></trkpt><trkpt lat="61.07979813" lon="13.68966467"><ele>315.0</ele></trkpt><trkpt lat="61.07993106" lon="13.69014617"><ele>316.0</ele></trkpt><trkpt lat="61.08014957" lon="13.69093938"><ele>316.0</ele></trkpt><trkpt lat="61.08028163" lon="13.69126906"><ele>317.0</ele></trkpt><trkpt lat="61.08050970" lon="13.69183949"><ele>317.0</ele></trkpt><trkpt lat="61.08055748" lon="13.69217815"><ele>317.0</ele></trkpt><trkpt lat="61.08060961" lon="13.69254916"><ele>318.0</ele></trkpt><trkpt lat="61.08057486" lon="13.69295610"><ele>318.0</ele></trkpt><trkpt lat="61.08051969" lon="13.69359929"><ele>319.0</ele></trkpt><trkpt lat="61.08059962" lon="13.69415984"><ele>320.0</ele></trkpt><trkpt lat="61.08057790" lon="13.69461888"><ele>320.0</ele></trkpt><trkpt lat="61.08055575" lon="13.69507881"><ele>320.0</ele></trkpt><trkpt lat="61.08052968" lon="13.69561960"><ele>320.0</ele></trkpt><trkpt lat="61.08064741" lon="13.69602294"><ele>320.0</ele></trkpt><trkpt lat="61.08076470" lon="13.69642629"><ele>320.0</ele></trkpt><trkpt lat="61.08091978" lon="13.69695989"><ele>320.0</ele></trkpt><trkpt lat="61.08108963" lon="13.69726981"><ele>320.0</ele></trkpt><trkpt lat="61.08118085" lon="13.69766506"><ele>320.0</ele></trkpt><trkpt lat="61.08134983" lon="13.69839989"><ele>319.0</ele></trkpt><trkpt lat="61.08133984" lon="13.69859931"><ele>319.0</ele></trkpt><trkpt lat="61.08142151" lon="13.69884455"><ele>319.0</ele></trkpt><trkpt lat="61.08152967" lon="13.69916974"><ele>319.0</ele></trkpt><trkpt lat="61.08160091" lon="13.69969346"><ele>319.0</ele></trkpt><trkpt lat="61.08167172" lon="13.70021808"><ele>318.0</ele></trkpt><trkpt lat="61.08174296" lon="13.70074179"><ele>318.0</ele></trkpt><trkpt lat="61.08181376" lon="13.70126641"><ele>318.0</ele></trkpt><trkpt lat="61.08189977" lon="13.70189972"><ele>318.0</ele></trkpt><trkpt lat="61.08186111" lon="13.70236595"><ele>318.0</ele></trkpt><trkpt lat="61.08182245" lon="13.70283307"><ele>318.0</ele></trkpt><trkpt lat="61.08176989" lon="13.70346998"><ele>318.0</ele></trkpt><trkpt lat="61.08180638" lon="13.70388859"><ele>318.0</ele></trkpt><trkpt lat="61.08186980" lon="13.70460994"><ele>318.0</ele></trkpt><trkpt lat="61.08199968" lon="13.70517947"><ele>319.0</ele></trkpt><trkpt lat="61.08197666" lon="13.70570858"><ele>319.0</ele></trkpt><trkpt lat="61.08195320" lon="13.70623859"><ele>320.0</ele></trkpt><trkpt lat="61.08193018" lon="13.70676769"><ele>320.0</ele></trkpt><trkpt lat="61.08188978" lon="13.70768936"><ele>321.0</ele></trkpt><trkpt lat="61.08171994" lon="13.70817984"><ele>323.0</ele></trkpt><trkpt lat="61.08154401" lon="13.70848707"><ele>323.0</ele></trkpt><trkpt lat="61.08136808" lon="13.70879519"><ele>324.0</ele></trkpt><trkpt lat="61.08111960" lon="13.70922998"><ele>325.0</ele></trkpt><trkpt lat="61.08119301" lon="13.70961535"><ele>326.0</ele></trkpt><trkpt lat="61.08130987" lon="13.71022980"><ele>327.0</ele></trkpt><trkpt lat="61.08145235" lon="13.71068165"><ele>328.0</ele></trkpt><trkpt lat="61.08159526" lon="13.71113440"><ele>330.0</ele></trkpt><trkpt lat="61.08173818" lon="13.71158626"><ele>331.0</ele></trkpt><trkpt lat="61.08188109" lon="13.71203811"><ele>333.0</ele></trkpt><trkpt lat="61.08202965" lon="13.71250972"><ele>334.0</ele></trkpt><trkpt lat="61.08213478" lon="13.71295619"><ele>335.0</ele></trkpt><trkpt lat="61.08223990" lon="13.71340265"><ele>336.0</ele></trkpt><trkpt lat="61.08242972" lon="13.71420934"><ele>338.0</ele></trkpt><trkpt lat="61.08257524" lon="13.71464322"><ele>339.0</ele></trkpt><trkpt lat="61.08272032" lon="13.71507711"><ele>340.0</ele></trkpt><trkpt lat="61.08286584" lon="13.71551100"><ele>341.0</ele></trkpt><trkpt lat="61.08309997" lon="13.71620988"><ele>344.0</ele></trkpt><trkpt lat="61.08316078" lon="13.71660604"><ele>345.0</ele></trkpt><trkpt lat="61.08325981" lon="13.71724924"><ele>347.0</ele></trkpt><trkpt lat="61.08340663" lon="13.71761665"><ele>348.0</ele></trkpt><trkpt lat="61.08355301" lon="13.71798316"><ele>349.0</ele></trkpt><trkpt lat="61.08375977" lon="13.71849969"><ele>350.0</ele></trkpt><trkpt lat="61.08378062" lon="13.71889225"><ele>350.0</ele></trkpt><trkpt lat="61.08380972" lon="13.71944921"><ele>350.0</ele></trkpt><trkpt lat="61.08387444" lon="13.71980764"><ele>350.0</ele></trkpt><trkpt lat="61.08395958" lon="13.72027925"><ele>350.0</ele></trkpt><trkpt lat="61.08407164" lon="13.72061163"><ele>350.0</ele></trkpt><trkpt lat="61.08423974" lon="13.72110930"><ele>350.0</ele></trkpt><trkpt lat="61.08428057" lon="13.72154678"><ele>350.0</ele></trkpt><trkpt lat="61.08435962" lon="13.72239928"><ele>350.0</ele></trkpt><trkpt lat="61.08448992" lon="13.72290952"><ele>350.0</ele></trkpt><trkpt lat="61.08448992" lon="13.72335778"><ele>350.0</ele></trkpt><trkpt lat="61.08448992" lon="13.72424981"><ele>351.0</ele></trkpt><trkpt lat="61.08454031" lon="13.72462440"><ele>351.0</ele></trkpt><trkpt lat="61.08460981" lon="13.72513914"><ele>351.0</ele></trkpt><trkpt lat="61.08472491" lon="13.72548948"><ele>352.0</ele></trkpt><trkpt lat="61.08491993" lon="13.72607967"><ele>353.0</ele></trkpt><trkpt lat="61.08500723" lon="13.72652165"><ele>354.0</ele></trkpt><trkpt lat="61.08509454" lon="13.72696362"><ele>354.0</ele></trkpt><trkpt lat="61.08521963" lon="13.72759962"><ele>355.0</ele></trkpt><trkpt lat="61.08532344" lon="13.72786553"><ele>355.0</ele></trkpt><trkpt lat="61.08542985" lon="13.72813951"><ele>355.0</ele></trkpt><trkpt lat="61.08538989" lon="13.72848985"><ele>355.0</ele></trkpt><trkpt lat="61.08546981" lon="13.72869916"><ele>356.0</ele></trkpt><trkpt lat="61.08546981" lon="13.72890398"><ele>356.0</ele></trkpt><trkpt lat="61.08546981" lon="13.72910969"><ele>356.0</ele></trkpt><trkpt lat="61.08538468" lon="13.72943668"><ele>356.0</ele></trkpt><trkpt lat="61.08527957" lon="13.72984002"><ele>357.0</ele></trkpt><trkpt lat="61.08533082" lon="13.73025504"><ele>357.0</ele></trkpt><trkpt lat="61.08541986" lon="13.73097909"><ele>358.0</ele></trkpt><trkpt lat="61.08555537" lon="13.73141657"><ele>359.0</ele></trkpt><trkpt lat="61.08569089" lon="13.73185315"><ele>359.0</ele></trkpt><trkpt lat="61.08582640" lon="13.73228973"><ele>360.0</ele></trkpt><trkpt lat="61.08600969" lon="13.73287992"><ele>362.0</ele></trkpt><trkpt lat="61.08605703" lon="13.73334345"><ele>363.0</ele></trkpt><trkpt lat="61.08610437" lon="13.73380788"><ele>364.0</ele></trkpt><trkpt lat="61.08616996" lon="13.73444928"><ele>365.0</ele></trkpt><trkpt lat="61.08633240" lon="13.73481220"><ele>368.0</ele></trkpt><trkpt lat="61.08649483" lon="13.73517422"><ele>369.0</ele></trkpt><trkpt lat="61.08677975" lon="13.73580933"><ele>372.0</ele></trkpt><trkpt lat="61.08697997" lon="13.73628993"><ele>374.0</ele></trkpt><trkpt lat="61.08700994" lon="13.73688910"><ele>375.0</ele></trkpt><trkpt lat="61.08706032" lon="13.73732389"><ele>376.0</ele></trkpt><trkpt lat="61.08715978" lon="13.73817998"><ele>379.0</ele></trkpt><trkpt lat="61.08714414" lon="13.73858961"><ele>380.0</ele></trkpt><trkpt lat="61.08711982" lon="13.73922921"><ele>383.0</ele></trkpt><trkpt lat="61.08704034" lon="13.73965861"><ele>383.0</ele></trkpt><trkpt lat="61.08696086" lon="13.74008800"><ele>384.0</ele></trkpt><trkpt lat="61.08686965" lon="13.74057938"><ele>385.0</ele></trkpt><trkpt lat="61.08686053" lon="13.74112735"><ele>387.0</ele></trkpt><trkpt lat="61.08685098" lon="13.74167443"><ele>388.0</ele></trkpt><trkpt lat="61.08684186" lon="13.74222240"><ele>389.0</ele></trkpt><trkpt lat="61.08683230" lon="13.74276947"><ele>390.0</ele></trkpt><trkpt lat="61.08681971" lon="13.74350969"><ele>391.0</ele></trkpt><trkpt lat="61.08677324" lon="13.74405856"><ele>392.0</ele></trkpt><trkpt lat="61.08672633" lon="13.74460743"><ele>392.0</ele></trkpt><trkpt lat="61.08667986" lon="13.74515630"><ele>392.0</ele></trkpt><trkpt lat="61.08663338" lon="13.74570517"><ele>392.0</ele></trkpt><trkpt lat="61.08654956" lon="13.74668972"><ele>392.0</ele></trkpt><trkpt lat="61.08652958" lon="13.74720895"><ele>392.0</ele></trkpt><trkpt lat="61.08650917" lon="13.74772907"><ele>392.0</ele></trkpt><trkpt lat="61.08648875" lon="13.74824920"><ele>392.0</ele></trkpt><trkpt lat="61.08645965" lon="13.74898941"><ele>393.0</ele></trkpt><trkpt lat="61.08643403" lon="13.74941252"><ele>393.0</ele></trkpt><trkpt lat="61.08638973" lon="13.75013925"><ele>392.0</ele></trkpt><trkpt lat="61.08639798" lon="13.75054170"><ele>392.0</ele></trkpt><trkpt lat="61.08640971" lon="13.75113998"><ele>392.0</ele></trkpt><trkpt lat="61.08637062" lon="13.75156488"><ele>392.0</ele></trkpt><trkpt lat="61.08629982" lon="13.75232935"><ele>392.0</ele></trkpt><trkpt lat="61.08631850" lon="13.75268328"><ele>392.0</ele></trkpt><trkpt lat="61.08633978" lon="13.75307944"><ele>392.0</ele></trkpt><trkpt lat="61.08631459" lon="13.75350794"><ele>392.0</ele></trkpt><trkpt lat="61.08626985" lon="13.75426971"><ele>392.0</ele></trkpt><trkpt lat="61.08633717" lon="13.75465059"><ele>392.0</ele></trkpt><trkpt lat="61.08643967" lon="13.75522911"><ele>393.0</ele></trkpt><trkpt lat="61.08644966" lon="13.75568635"><ele>393.0</ele></trkpt><trkpt lat="61.08645922" lon="13.75614269"><ele>393.0</ele></trkpt><trkpt lat="61.08646964" lon="13.75664934"><ele>393.0</ele></trkpt><trkpt lat="61.08651308" lon="13.75714432"><ele>393.0</ele></trkpt><trkpt lat="61.08655607" lon="13.75763929"><ele>393.0</ele></trkpt><trkpt lat="61.08663990" lon="13.75859959"><ele>393.0</ele></trkpt><trkpt lat="61.08658430" lon="13.75896790"><ele>392.0</ele></trkpt><trkpt lat="61.08650960" lon="13.75945927"><ele>392.0</ele></trkpt><trkpt lat="61.08635237" lon="13.75986262"><ele>390.0</ele></trkpt><trkpt lat="61.08619515" lon="13.76026506"><ele>389.0</ele></trkpt><trkpt lat="61.08603749" lon="13.76066751"><ele>388.0</ele></trkpt><trkpt lat="61.08582987" lon="13.76119931"><ele>388.0</ele></trkpt><trkpt lat="61.08579513" lon="13.76160804"><ele>388.0</ele></trkpt><trkpt lat="61.08573953" lon="13.76225932"><ele>388.0</ele></trkpt><trkpt lat="61.08579991" lon="13.76289982"><ele>388.0</ele></trkpt><trkpt lat="61.08590284" lon="13.76323310"><ele>388.0</ele></trkpt><trkpt lat="61.08604965" lon="13.76370920"><ele>388.0</ele></trkpt><trkpt lat="61.08613391" lon="13.76415477"><ele>389.0</ele></trkpt><trkpt lat="61.08621860" lon="13.76459943"><ele>389.0</ele></trkpt><trkpt lat="61.08633978" lon="13.76523993"><ele>389.0</ele></trkpt><trkpt lat="61.08645488" lon="13.76563789"><ele>389.0</ele></trkpt><trkpt lat="61.08656997" lon="13.76603584"><ele>389.0</ele></trkpt><trkpt lat="61.08670982" lon="13.76651913"><ele>389.0</ele></trkpt><trkpt lat="61.08676151" lon="13.76688924"><ele>389.0</ele></trkpt><trkpt lat="61.08682970" lon="13.76737972"><ele>390.0</ele></trkpt><trkpt lat="61.08681927" lon="13.76781900"><ele>391.0</ele></trkpt><trkpt lat="61.08679973" lon="13.76864994"><ele>392.0</ele></trkpt><trkpt lat="61.08686357" lon="13.76901465"><ele>392.0</ele></trkpt><trkpt lat="61.08694957" lon="13.76950963"><ele>392.0</ele></trkpt><trkpt lat="61.08690527" lon="13.77003334"><ele>393.0</ele></trkpt><trkpt lat="61.08686097" lon="13.77055706"><ele>393.0</ele></trkpt><trkpt lat="61.08681667" lon="13.77107988"><ele>393.0</ele></trkpt><trkpt lat="61.08673979" lon="13.77198987"><ele>393.0</ele></trkpt><trkpt lat="61.08684794" lon="13.77242735"><ele>394.0</ele></trkpt><trkpt lat="61.08695608" lon="13.77286483"><ele>394.0</ele></trkpt><trkpt lat="61.08713980" lon="13.77360954"><ele>394.0</ele></trkpt><trkpt lat="61.08716282" lon="13.77402276"><ele>394.0</ele></trkpt><trkpt lat="61.08719974" lon="13.77468931"><ele>394.0</ele></trkpt><trkpt lat="61.08729746" lon="13.77507918"><ele>394.0</ele></trkpt><trkpt lat="61.08747987" lon="13.77580951"><ele>394.0</ele></trkpt><trkpt lat="61.08753285" lon="13.77624699"><ele>394.0</ele></trkpt><trkpt lat="61.08758584" lon="13.77668357"><ele>394.0</ele></trkpt><trkpt lat="61.08763969" lon="13.77712914"><ele>394.0</ele></trkpt><trkpt lat="61.08780299" lon="13.77755045"><ele>394.0</ele></trkpt><trkpt lat="61.08796673" lon="13.77797086"><ele>394.0</ele></trkpt><trkpt lat="61.08813003" lon="13.77839127"><ele>394.0</ele></trkpt><trkpt lat="61.08829332" lon="13.77881168"><ele>394.0</ele></trkpt><trkpt lat="61.08845966" lon="13.77923928"><ele>394.0</ele></trkpt><trkpt lat="61.08857692" lon="13.77961747"><ele>394.0</ele></trkpt><trkpt lat="61.08880970" lon="13.78036936"><ele>395.0</ele></trkpt><trkpt lat="61.08894043" lon="13.78067389"><ele>395.0</ele></trkpt><trkpt lat="61.08913976" lon="13.78113922"><ele>395.0</ele></trkpt><trkpt lat="61.08926962" lon="13.78171953"><ele>395.0</ele></trkpt><trkpt lat="61.08928438" lon="13.78214623"><ele>395.0</ele></trkpt><trkpt lat="61.08930957" lon="13.78288913"><ele>395.0</ele></trkpt><trkpt lat="61.08940989" lon="13.78336973"><ele>395.0</ele></trkpt><trkpt lat="61.08938905" lon="13.78381080"><ele>395.0</ele></trkpt><trkpt lat="61.08934996" lon="13.78465971"><ele>395.0</ele></trkpt><trkpt lat="61.08942987" lon="13.78500916"><ele>395.0</ele></trkpt><trkpt lat="61.08945245" lon="13.78549065"><ele>396.0</ele></trkpt><trkpt lat="61.08947503" lon="13.78597125"><ele>396.0</ele></trkpt><trkpt lat="61.08950978" lon="13.78670967"><ele>396.0</ele></trkpt><trkpt lat="61.08957014" lon="13.78718308"><ele>396.0</ele></trkpt><trkpt lat="61.08963007" lon="13.78765649"><ele>395.0</ele></trkpt><trkpt lat="61.08972996" lon="13.78843982"><ele>394.0</ele></trkpt><trkpt lat="61.08970955" lon="13.78908931"><ele>392.0</ele></trkpt><trkpt lat="61.08975211" lon="13.78946929"><ele>391.0</ele></trkpt><trkpt lat="61.08980987" lon="13.78998942"><ele>390.0</ele></trkpt><trkpt lat="61.08994970" lon="13.79037929"><ele>389.0</ele></trkpt><trkpt lat="61.09014990" lon="13.79059937"><ele>389.0</ele></trkpt><trkpt lat="61.09022981" lon="13.79090929"><ele>389.0</ele></trkpt><trkpt lat="61.09028627" lon="13.79132970"><ele>389.0</ele></trkpt><trkpt lat="61.09038962" lon="13.79209956"><ele>389.0</ele></trkpt><trkpt lat="61.09048820" lon="13.79248584"><ele>389.0</ele></trkpt><trkpt lat="61.09066973" lon="13.79320000"><ele>389.0</ele></trkpt><trkpt lat="61.09071837" lon="13.79367071"><ele>389.0</ele></trkpt><trkpt lat="61.09076700" lon="13.79414143"><ele>389.0</ele></trkpt><trkpt lat="61.09083996" lon="13.79484930"><ele>389.0</ele></trkpt><trkpt lat="61.09093463" lon="13.79520593"><ele>389.0</ele></trkpt><trkpt lat="61.09107967" lon="13.79574942"><ele>389.0</ele></trkpt><trkpt lat="61.09104059" lon="13.79621474"><ele>389.0</ele></trkpt><trkpt lat="61.09100194" lon="13.79667917"><ele>389.0</ele></trkpt><trkpt lat="61.09094983" lon="13.79729991"><ele>390.0</ele></trkpt><trkpt lat="61.09096807" lon="13.79766642"><ele>390.0</ele></trkpt><trkpt lat="61.09098978" lon="13.79810929"><ele>390.0</ele></trkpt><trkpt lat="61.09108054" lon="13.79853240"><ele>391.0</ele></trkpt><trkpt lat="61.09117130" lon="13.79895550"><ele>391.0</ele></trkpt><trkpt lat="61.09127987" lon="13.79945946"><ele>392.0</ele></trkpt><trkpt lat="61.09142578" lon="13.79985561"><ele>394.0</ele></trkpt><trkpt lat="61.09157169" lon="13.80025177"><ele>395.0</ele></trkpt><trkpt lat="61.09183962" lon="13.80097941"><ele>397.0</ele></trkpt><trkpt lat="61.09203894" lon="13.80133155"><ele>397.0</ele></trkpt><trkpt lat="61.09223826" lon="13.80168279"><ele>396.0</ele></trkpt><trkpt lat="61.09243802" lon="13.80203493"><ele>395.0</ele></trkpt><trkpt lat="61.09263733" lon="13.80238707"><ele>394.0</ele></trkpt><trkpt lat="61.09285967" lon="13.80277963"><ele>392.0</ele></trkpt><trkpt lat="61.09298299" lon="13.80320633"><ele>391.0</ele></trkpt><trkpt lat="61.09310588" lon="13.80363393"><ele>390.0</ele></trkpt><trkpt lat="61.09332994" lon="13.80440917"><ele>389.0</ele></trkpt><trkpt lat="61.09345630" lon="13.80467148"><ele>389.0</ele></trkpt><trkpt lat="61.09360959" lon="13.80498949"><ele>389.0</ele></trkpt><trkpt lat="61.09375983" lon="13.80554914"><ele>389.0</ele></trkpt><trkpt lat="61.09380455" lon="13.80587433"><ele>389.0</ele></trkpt><trkpt lat="61.09384971" lon="13.80619952"><ele>389.0</ele></trkpt><trkpt lat="61.09395002" lon="13.80667922"><ele>389.0</ele></trkpt><trkpt lat="61.09413500" lon="13.80704842"><ele>389.0</ele></trkpt><trkpt lat="61.09432041" lon="13.80741673"><ele>389.0</ele></trkpt><trkpt lat="61.09450582" lon="13.80778504"><ele>389.0</ele></trkpt><trkpt lat="61.09482974" lon="13.80842914"><ele>389.0</ele></trkpt><trkpt lat="61.09498997" lon="13.80863575"><ele>389.0</ele></trkpt><trkpt lat="61.09520967" lon="13.80891962"><ele>389.0</ele></trkpt><trkpt lat="61.09532300" lon="13.80921965"><ele>389.0</ele></trkpt><trkpt lat="61.09546976" lon="13.80960952"><ele>389.0</ele></trkpt><trkpt lat="61.09553316" lon="13.80993022"><ele>389.0</ele></trkpt><trkpt lat="61.09559959" lon="13.81026978"><ele>389.0</ele></trkpt><trkpt lat="61.09574939" lon="13.81056533"><ele>389.0</ele></trkpt><trkpt lat="61.09600990" lon="13.81107917"><ele>389.0</ele></trkpt><trkpt lat="61.09621441" lon="13.81143490"><ele>389.0</ele></trkpt><trkpt lat="61.09641891" lon="13.81179063"><ele>389.0</ele></trkpt><trkpt lat="61.09662385" lon="13.81214547"><ele>389.0</ele></trkpt><trkpt lat="61.09682835" lon="13.81250120"><ele>389.0</ele></trkpt><trkpt lat="61.09714965" lon="13.81305995"><ele>389.0</ele></trkpt><trkpt lat="61.09730986" lon="13.81343006"><ele>389.0</ele></trkpt><trkpt lat="61.09747007" lon="13.81380016"><ele>389.0</ele></trkpt><trkpt lat="61.09775966" lon="13.81446941"><ele>389.0</ele></trkpt><trkpt lat="61.09789556" lon="13.81474968"><ele>389.0</ele></trkpt><trkpt lat="61.09808963" lon="13.81514943"><ele>389.0</ele></trkpt><trkpt lat="61.09835968" lon="13.81542971"><ele>390.0</ele></trkpt><trkpt lat="61.09859239" lon="13.81550696"><ele>391.0</ele></trkpt><trkpt lat="61.09882466" lon="13.81558422"><ele>394.0</ele></trkpt><trkpt lat="61.09919977" lon="13.81570998"><ele>396.0</ele></trkpt><trkpt lat="61.09944159" lon="13.81568662"><ele>397.0</ele></trkpt><trkpt lat="61.09968298" lon="13.81566327"><ele>398.0</ele></trkpt><trkpt lat="61.10013970" lon="13.81561925"><ele>400.0</ele></trkpt><trkpt lat="61.10039584" lon="13.81578185"><ele>401.0</ele></trkpt><trkpt lat="61.10065241" lon="13.81594444"><ele>403.0</ele></trkpt><trkpt lat="61.10090854" lon="13.81610704"><ele>404.0</ele></trkpt><trkpt lat="61.10116468" lon="13.81626963"><ele>405.0</ele></trkpt><trkpt lat="61.10158968" lon="13.81653913"><ele>407.0</ele></trkpt><trkpt lat="61.10180674" lon="13.81674843"><ele>408.0</ele></trkpt><trkpt lat="61.10202380" lon="13.81695774"><ele>409.0</ele></trkpt><trkpt lat="61.10240972" lon="13.81732964"><ele>411.0</ele></trkpt><trkpt lat="61.10262894" lon="13.81747876"><ele>412.0</ele></trkpt><trkpt lat="61.10284773" lon="13.81762699"><ele>413.0</ele></trkpt><trkpt lat="61.10315985" lon="13.81783989"><ele>414.0</ele></trkpt><trkpt lat="61.10339990" lon="13.81812914"><ele>415.0</ele></trkpt><trkpt lat="61.10355835" lon="13.81848847"><ele>415.0</ele></trkpt><trkpt lat="61.10371679" lon="13.81884690"><ele>415.0</ele></trkpt><trkpt lat="61.10396986" lon="13.81942002"><ele>414.0</ele></trkpt><trkpt lat="61.10414567" lon="13.81973713"><ele>413.0</ele></trkpt><trkpt lat="61.10432147" lon="13.82005423"><ele>413.0</ele></trkpt><trkpt lat="61.10458973" lon="13.82053932"><ele>412.0</ele></trkpt><trkpt lat="61.10476814" lon="13.82075761"><ele>411.0</ele></trkpt><trkpt lat="61.10507980" lon="13.82113940"><ele>411.0</ele></trkpt><trkpt lat="61.10529423" lon="13.82131277"><ele>410.0</ele></trkpt><trkpt lat="61.10550822" lon="13.82148615"><ele>410.0</ele></trkpt><trkpt lat="61.10580990" lon="13.82172959"><ele>409.0</ele></trkpt><trkpt lat="61.10611982" lon="13.82183919"><ele>409.0</ele></trkpt><trkpt lat="61.10623484" lon="13.82228116"><ele>409.0</ele></trkpt><trkpt lat="61.10634943" lon="13.82272313"><ele>409.0</ele></trkpt><trkpt lat="61.10656993" lon="13.82356934"><ele>409.0</ele></trkpt><trkpt lat="61.10661073" lon="13.82392777"><ele>410.0</ele></trkpt><trkpt lat="61.10665978" lon="13.82435986"><ele>412.0</ele></trkpt><trkpt lat="61.10678869" lon="13.82470840"><ele>414.0</ele></trkpt><trkpt lat="61.10702958" lon="13.82535968"><ele>418.0</ele></trkpt><trkpt lat="61.10719278" lon="13.82558606"><ele>419.0</ele></trkpt><trkpt lat="61.10743975" lon="13.82592922"><ele>420.0</ele></trkpt><trkpt lat="61.10758298" lon="13.82635142"><ele>421.0</ele></trkpt><trkpt lat="61.10772578" lon="13.82677363"><ele>421.0</ele></trkpt><trkpt lat="61.10786901" lon="13.82719584"><ele>421.0</ele></trkpt><trkpt lat="61.10804957" lon="13.82772944"><ele>422.0</ele></trkpt><trkpt lat="61.10808125" lon="13.82809595"><ele>422.0</ele></trkpt><trkpt lat="61.10811988" lon="13.82854960"><ele>423.0</ele></trkpt><trkpt lat="61.10806997" lon="13.82900145"><ele>423.0</ele></trkpt><trkpt lat="61.10802006" lon="13.82945331"><ele>423.0</ele></trkpt><trkpt lat="61.10795973" lon="13.82999948"><ele>423.0</ele></trkpt><trkpt lat="61.10785816" lon="13.83054566"><ele>423.0</ele></trkpt><trkpt lat="61.10775660" lon="13.83109094"><ele>423.0</ele></trkpt><trkpt lat="61.10765503" lon="13.83163711"><ele>424.0</ele></trkpt><trkpt lat="61.10755347" lon="13.83218329"><ele>424.0</ele></trkpt><trkpt lat="61.10745234" lon="13.83272856"><ele>424.0</ele></trkpt><trkpt lat="61.10735077" lon="13.83327474"><ele>424.0</ele></trkpt><trkpt lat="61.10718975" lon="13.83413982"><ele>424.0</ele></trkpt><trkpt lat="61.10729088" lon="13.83453418"><ele>424.0</ele></trkpt><trkpt lat="61.10748967" lon="13.83530942"><ele>425.0</ele></trkpt><trkpt lat="61.10767109" lon="13.83573073"><ele>425.0</ele></trkpt><trkpt lat="61.10785295" lon="13.83615204"><ele>424.0</ele></trkpt><trkpt lat="61.10803438" lon="13.83657335"><ele>424.0</ele></trkpt><trkpt lat="61.10821580" lon="13.83699466"><ele>423.0</ele></trkpt><trkpt lat="61.10839723" lon="13.83741687"><ele>422.0</ele></trkpt><trkpt lat="61.10860990" lon="13.83790915"><ele>422.0</ele></trkpt><trkpt lat="61.10878350" lon="13.83815439"><ele>422.0</ele></trkpt><trkpt lat="61.10909990" lon="13.83859995"><ele>422.0</ele></trkpt><trkpt lat="61.10916804" lon="13.83900689"><ele>421.0</ele></trkpt><trkpt lat="61.10929000" lon="13.83972913"><ele>421.0</ele></trkpt><trkpt lat="61.10944017" lon="13.84016661"><ele>421.0</ele></trkpt><trkpt lat="61.10959077" lon="13.84060409"><ele>421.0</ele></trkpt><trkpt lat="61.10974137" lon="13.84104068"><ele>421.0</ele></trkpt><trkpt lat="61.11002955" lon="13.84187970"><ele>421.0</ele></trkpt><trkpt lat="61.11025002" lon="13.84214381"><ele>420.0</ele></trkpt><trkpt lat="61.11047049" lon="13.84240701"><ele>420.0</ele></trkpt><trkpt lat="61.11069053" lon="13.84267112"><ele>420.0</ele></trkpt><trkpt lat="61.11103989" lon="13.84308973"><ele>419.0</ele></trkpt><trkpt lat="61.11125992" lon="13.84355955"><ele>419.0</ele></trkpt><trkpt lat="61.11123779" lon="13.84408147"><ele>419.0</ele></trkpt><trkpt lat="61.11121522" lon="13.84460339"><ele>418.0</ele></trkpt><trkpt lat="61.11119309" lon="13.84512531"><ele>418.0</ele></trkpt><trkpt lat="61.11115967" lon="13.84590954"><ele>418.0</ele></trkpt><trkpt lat="61.11107070" lon="13.84646380"><ele>418.0</ele></trkpt><trkpt lat="61.11098217" lon="13.84701896"><ele>417.0</ele></trkpt><trkpt lat="61.11089320" lon="13.84757322"><ele>417.0</ele></trkpt><trkpt lat="61.11080423" lon="13.84812838"><ele>417.0</ele></trkpt><trkpt lat="61.11071527" lon="13.84868264"><ele>417.0</ele></trkpt><trkpt lat="61.11062630" lon="13.84923690"><ele>417.0</ele></trkpt><trkpt lat="61.11048959" lon="13.85008940"><ele>417.0</ele></trkpt><trkpt lat="61.11069921" lon="13.85049904"><ele>417.0</ele></trkpt><trkpt lat="61.11090883" lon="13.85090957"><ele>416.0</ele></trkpt><trkpt lat="61.11111801" lon="13.85131920"><ele>416.0</ele></trkpt><trkpt lat="61.11132762" lon="13.85172883"><ele>415.0</ele></trkpt><trkpt lat="61.11153724" lon="13.85213846"><ele>414.0</ele></trkpt><trkpt lat="61.11174685" lon="13.85254809"><ele>414.0</ele></trkpt><trkpt lat="61.11195603" lon="13.85295773"><ele>413.0</ele></trkpt><trkpt lat="61.11231970" lon="13.85366919"><ele>413.0</ele></trkpt><trkpt lat="61.11235962" lon="13.85403391"><ele>414.0</ele></trkpt><trkpt lat="61.11240996" lon="13.85448935"><ele>414.0</ele></trkpt><trkpt lat="61.11251542" lon="13.85489270"><ele>414.0</ele></trkpt><trkpt lat="61.11262087" lon="13.85529514"><ele>415.0</ele></trkpt><trkpt lat="61.11273978" lon="13.85574969"><ele>415.0</ele></trkpt><trkpt lat="61.11279880" lon="13.85621771"><ele>416.0</ele></trkpt><trkpt lat="61.11285825" lon="13.85668573"><ele>416.0</ele></trkpt><trkpt lat="61.11294982" lon="13.85740978"><ele>417.0</ele></trkpt><trkpt lat="61.11292985" lon="13.85794877"><ele>419.0</ele></trkpt><trkpt lat="61.11291033" lon="13.85848865"><ele>421.0</ele></trkpt><trkpt lat="61.11289080" lon="13.85902854"><ele>424.0</ele></trkpt><trkpt lat="61.11287084" lon="13.85956753"><ele>424.0</ele></trkpt><trkpt lat="61.11284957" lon="13.86014964"><ele>424.0</ele></trkpt><trkpt lat="61.11293072" lon="13.86060508"><ele>423.0</ele></trkpt><trkpt lat="61.11301187" lon="13.86106053"><ele>421.0</ele></trkpt><trkpt lat="61.11313989" lon="13.86177918"><ele>419.0</ele></trkpt><trkpt lat="61.11314423" lon="13.86216097"><ele>418.0</ele></trkpt><trkpt lat="61.11314987" lon="13.86265953"><ele>417.0</ele></trkpt><trkpt lat="61.11307957" lon="13.86326949"><ele>416.0</ele></trkpt><trkpt lat="61.11292812" lon="13.86370607"><ele>416.0</ele></trkpt><trkpt lat="61.11277666" lon="13.86414265"><ele>416.0</ele></trkpt><trkpt lat="61.11262521" lon="13.86457923"><ele>415.0</ele></trkpt><trkpt lat="61.11232968" lon="13.86542994"><ele>413.0</ele></trkpt><trkpt lat="61.11228411" lon="13.86583597"><ele>413.0</ele></trkpt><trkpt lat="61.11220990" lon="13.86649983"><ele>414.0</ele></trkpt><trkpt lat="61.11225937" lon="13.86682232"><ele>414.0</ele></trkpt><trkpt lat="61.11230972" lon="13.86714931"><ele>414.0</ele></trkpt><trkpt lat="61.11227109" lon="13.86757871"><ele>416.0</ele></trkpt><trkpt lat="61.11219992" lon="13.86836922"><ele>417.0</ele></trkpt><trkpt lat="61.11223985" lon="13.86879053"><ele>416.0</ele></trkpt><trkpt lat="61.11230972" lon="13.86952985"><ele>416.0</ele></trkpt><trkpt lat="61.11238826" lon="13.86998619"><ele>415.0</ele></trkpt><trkpt lat="61.11246681" lon="13.87044343"><ele>413.0</ele></trkpt><trkpt lat="61.11258963" lon="13.87115939"><ele>409.0</ele></trkpt><trkpt lat="61.11268640" lon="13.87153219"><ele>407.0</ele></trkpt><trkpt lat="61.11284957" lon="13.87215921"><ele>404.0</ele></trkpt><trkpt lat="61.11288429" lon="13.87253741"><ele>403.0</ele></trkpt><trkpt lat="61.11292985" lon="13.87303956"><ele>401.0</ele></trkpt><trkpt lat="61.11302402" lon="13.87351657"><ele>400.0</ele></trkpt><trkpt lat="61.11311776" lon="13.87399357"><ele>399.0</ele></trkpt><trkpt lat="61.11321193" lon="13.87447148"><ele>399.0</ele></trkpt><trkpt lat="61.11332996" lon="13.87506976"><ele>399.0</ele></trkpt><trkpt lat="61.11340070" lon="13.87557820"><ele>399.0</ele></trkpt><trkpt lat="61.11347143" lon="13.87608665"><ele>398.0</ele></trkpt><trkpt lat="61.11354217" lon="13.87659510"><ele>397.0</ele></trkpt><trkpt lat="61.11365977" lon="13.87743951"><ele>397.0</ele></trkpt><trkpt lat="61.11369362" lon="13.87796682"><ele>397.0</ele></trkpt><trkpt lat="61.11372747" lon="13.87849413"><ele>397.0</ele></trkpt><trkpt lat="61.11376088" lon="13.87902055"><ele>397.0</ele></trkpt><trkpt lat="61.11381990" lon="13.87993952"><ele>398.0</ele></trkpt><trkpt lat="61.11381686" lon="13.88041922"><ele>398.0</ele></trkpt><trkpt lat="61.11381426" lon="13.88089982"><ele>398.0</ele></trkpt><trkpt lat="61.11380992" lon="13.88160949"><ele>398.0</ele></trkpt><trkpt lat="61.11384941" lon="13.88197870"><ele>398.0</ele></trkpt><trkpt lat="61.11389975" lon="13.88244942"><ele>399.0</ele></trkpt><trkpt lat="61.11397959" lon="13.88256979"><ele>399.0</ele></trkpt><trkpt lat="61.11414970" lon="13.88234970"><ele>399.0</ele></trkpt><trkpt lat="61.11432979" lon="13.88260932"><ele>399.0</ele></trkpt><trkpt lat="61.11437926" lon="13.88293271"><ele>399.0</ele></trkpt><trkpt lat="61.11442959" lon="13.88325970"><ele>399.0</ele></trkpt><trkpt lat="61.11454242" lon="13.88360914"><ele>400.0</ele></trkpt><trkpt lat="61.11472988" lon="13.88418945"><ele>400.0</ele></trkpt><trkpt lat="61.11481927" lon="13.88461615"><ele>400.0</ele></trkpt><trkpt lat="61.11490909" lon="13.88504285"><ele>400.0</ele></trkpt><trkpt lat="61.11501975" lon="13.88556927"><ele>399.0</ele></trkpt><trkpt lat="61.11516555" lon="13.88588907"><ele>399.0</ele></trkpt><trkpt lat="61.11543979" lon="13.88648914"><ele>399.0</ele></trkpt><trkpt lat="61.11555999" lon="13.88707933"><ele>398.0</ele></trkpt><trkpt lat="61.11555999" lon="13.88749256"><ele>398.0</ele></trkpt><trkpt lat="61.11555999" lon="13.88814923"><ele>398.0</ele></trkpt><trkpt lat="61.11569190" lon="13.88857862"><ele>397.0</ele></trkpt><trkpt lat="61.11582425" lon="13.88900712"><ele>397.0</ele></trkpt><trkpt lat="61.11595660" lon="13.88943561"><ele>397.0</ele></trkpt><trkpt lat="61.11609979" lon="13.88989915"><ele>397.0</ele></trkpt><trkpt lat="61.11611975" lon="13.89032944"><ele>397.0</ele></trkpt><trkpt lat="61.11603731" lon="13.89081543"><ele>397.0</ele></trkpt><trkpt lat="61.11595486" lon="13.89130142"><ele>397.0</ele></trkpt><trkpt lat="61.11587242" lon="13.89178651"><ele>397.0</ele></trkpt><trkpt lat="61.11576958" lon="13.89238928"><ele>397.0</ele></trkpt><trkpt lat="61.11566977" lon="13.89284023"><ele>397.0</ele></trkpt><trkpt lat="61.11556954" lon="13.89329118"><ele>397.0</ele></trkpt><trkpt lat="61.11538989" lon="13.89409967"><ele>397.0</ele></trkpt><trkpt lat="61.11539857" lon="13.89447516"><ele>397.0</ele></trkpt><trkpt lat="61.11540985" lon="13.89494947"><ele>397.0</ele></trkpt><trkpt lat="61.11553656" lon="13.89533305"><ele>397.0</ele></trkpt><trkpt lat="61.11566370" lon="13.89571753"><ele>396.0</ele></trkpt><trkpt lat="61.11581991" lon="13.89618915"><ele>396.0</ele></trkpt><trkpt lat="61.11601387" lon="13.89629964"><ele>396.0</ele></trkpt><trkpt lat="61.11632977" lon="13.89647930"><ele>396.0</ele></trkpt><trkpt lat="61.11657406" lon="13.89653859"><ele>396.0</ele></trkpt><trkpt lat="61.11681835" lon="13.89659698"><ele>396.0</ele></trkpt><trkpt lat="61.11706264" lon="13.89665537"><ele>395.0</ele></trkpt><trkpt lat="61.11732993" lon="13.89671915"><ele>395.0</ele></trkpt><trkpt lat="61.11751867" lon="13.89693565"><ele>395.0</ele></trkpt><trkpt lat="61.11788966" lon="13.89735965"><ele>395.0</ele></trkpt><trkpt lat="61.11804239" lon="13.89777647"><ele>395.0</ele></trkpt><trkpt lat="61.11819468" lon="13.89819329"><ele>395.0</ele></trkpt><trkpt lat="61.11834698" lon="13.89861011"><ele>395.0</ele></trkpt><trkpt lat="61.11856999" lon="13.89921917"><ele>395.0</ele></trkpt><trkpt lat="61.11873617" lon="13.89957580"><ele>395.0</ele></trkpt><trkpt lat="61.11890278" lon="13.89993243"><ele>395.0</ele></trkpt><trkpt lat="61.11919999" lon="13.90056933"><ele>395.0</ele></trkpt><trkpt lat="61.11932885" lon="13.90101939"><ele>395.0</ele></trkpt><trkpt lat="61.11945815" lon="13.90146945"><ele>395.0</ele></trkpt><trkpt lat="61.11958744" lon="13.90191950"><ele>395.0</ele></trkpt><trkpt lat="61.11977964" lon="13.90258965"><ele>395.0</ele></trkpt><trkpt lat="61.12000959" lon="13.90293999"><ele>395.0</ele></trkpt><trkpt lat="61.12011979" lon="13.90300916"><ele>395.0</ele></trkpt><trkpt lat="61.12033542" lon="13.90292112"><ele>395.0</ele></trkpt><trkpt lat="61.12055105" lon="13.90283219"><ele>395.0</ele></trkpt><trkpt lat="61.12076668" lon="13.90274326"><ele>395.0</ele></trkpt><trkpt lat="61.12101961" lon="13.90263995"><ele>395.0</ele></trkpt><trkpt lat="61.12118231" lon="13.90269834"><ele>395.0</ele></trkpt><trkpt lat="61.12134977" lon="13.90275943"><ele>395.0</ele></trkpt><trkpt lat="61.12160140" lon="13.90271721"><ele>395.0</ele></trkpt><trkpt lat="61.12185260" lon="13.90267409"><ele>396.0</ele></trkpt><trkpt lat="61.12210422" lon="13.90263187"><ele>397.0</ele></trkpt><trkpt lat="61.12246995" lon="13.90256988"><ele>397.0</ele></trkpt><trkpt lat="61.12262960" lon="13.90261929"><ele>398.0</ele></trkpt><trkpt lat="61.12278708" lon="13.90286722"><ele>398.0</ele></trkpt><trkpt lat="61.12302958" lon="13.90324991"><ele>399.0</ele></trkpt><trkpt lat="61.12319444" lon="13.90304779"><ele>399.0</ele></trkpt><trkpt lat="61.12343000" lon="13.90275943"><ele>399.0</ele></trkpt><trkpt lat="61.12364474" lon="13.90291124"><ele>399.0</ele></trkpt><trkpt lat="61.12385948" lon="13.90306216"><ele>399.0</ele></trkpt><trkpt lat="61.12413972" lon="13.90325979"><ele>400.0</ele></trkpt><trkpt lat="61.12431585" lon="13.90320050"><ele>400.0</ele></trkpt><trkpt lat="61.12452971" lon="13.90312953"><ele>399.0</ele></trkpt><trkpt lat="61.12472319" lon="13.90294628"><ele>399.0</ele></trkpt><trkpt lat="61.12508975" lon="13.90259953"><ele>399.0</ele></trkpt><trkpt lat="61.12528973" lon="13.90305946"><ele>399.0</ele></trkpt><trkpt lat="61.12537995" lon="13.90367930"><ele>399.0</ele></trkpt><trkpt lat="61.12550619" lon="13.90411319"><ele>399.0</ele></trkpt><trkpt lat="61.12563285" lon="13.90454707"><ele>399.0</ele></trkpt><trkpt lat="61.12575909" lon="13.90498096"><ele>399.0</ele></trkpt><trkpt lat="61.12588966" lon="13.90542922"><ele>398.0</ele></trkpt><trkpt lat="61.12601415" lon="13.90575171"><ele>398.0</ele></trkpt><trkpt lat="61.12620979" lon="13.90625926"><ele>398.0</ele></trkpt><trkpt lat="61.12639978" lon="13.90652966"><ele>398.0</ele></trkpt><trkpt lat="61.12648784" lon="13.90697612"><ele>398.0</ele></trkpt><trkpt lat="61.12657590" lon="13.90742258"><ele>398.0</ele></trkpt><trkpt lat="61.12670993" lon="13.90809991"><ele>398.0</ele></trkpt><trkpt lat="61.12685438" lon="13.90843229"><ele>398.0</ele></trkpt><trkpt lat="61.12713980" lon="13.90908985"><ele>398.0</ele></trkpt><trkpt lat="61.12730376" lon="13.90910423"><ele>398.0</ele></trkpt><trkpt lat="61.12746989" lon="13.90911950"><ele>398.0</ele></trkpt><trkpt lat="61.12764123" lon="13.90926952"><ele>398.0</ele></trkpt><trkpt lat="61.12786982" lon="13.90946984"><ele>398.0</ele></trkpt><trkpt lat="61.12808757" lon="13.90949230"><ele>398.0</ele></trkpt><trkpt lat="61.12830531" lon="13.90951566"><ele>398.0</ele></trkpt><trkpt lat="61.12852999" lon="13.90953991"><ele>398.0</ele></trkpt><trkpt lat="61.12870436" lon="13.90945457"><ele>399.0</ele></trkpt><trkpt lat="61.12891993" lon="13.90934947"><ele>399.0</ele></trkpt><trkpt lat="61.12914331" lon="13.90956057"><ele>399.0</ele></trkpt><trkpt lat="61.12936625" lon="13.90977168"><ele>399.0</ele></trkpt><trkpt lat="61.12958962" lon="13.90998278"><ele>399.0</ele></trkpt><trkpt lat="61.12982991" lon="13.91020916"><ele>399.0</ele></trkpt><trkpt lat="61.13001988" lon="13.91051997"><ele>399.0</ele></trkpt><trkpt lat="61.13010489" lon="13.91092781"><ele>399.0</ele></trkpt><trkpt lat="61.13026971" lon="13.91171922"><ele>399.0</ele></trkpt><trkpt lat="61.13025409" lon="13.91212796"><ele>399.0</ele></trkpt><trkpt lat="61.13022981" lon="13.91275947"><ele>399.0</ele></trkpt><trkpt lat="61.13034561" lon="13.91312509"><ele>399.0</ele></trkpt><trkpt lat="61.13055987" lon="13.91379972"><ele>398.0</ele></trkpt><trkpt lat="61.13060367" lon="13.91423630"><ele>398.0</ele></trkpt><trkpt lat="61.13068998" lon="13.91508970"><ele>399.0</ele></trkpt><trkpt lat="61.13067697" lon="13.91547598"><ele>399.0</ele></trkpt><trkpt lat="61.13065962" lon="13.91599970"><ele>399.0</ele></trkpt><trkpt lat="61.13071687" lon="13.91635902"><ele>399.0</ele></trkpt><trkpt lat="61.13078974" lon="13.91681986"><ele>399.0</ele></trkpt><trkpt lat="61.13095976" lon="13.91731932"><ele>399.0</ele></trkpt><trkpt lat="61.13112804" lon="13.91753492"><ele>399.0</ele></trkpt><trkpt lat="61.13138956" lon="13.91786999"><ele>399.0</ele></trkpt><trkpt lat="61.13155958" lon="13.91757983"><ele>399.0</ele></trkpt><trkpt lat="61.13162290" lon="13.91725913"><ele>399.0</ele></trkpt><trkpt lat="61.13168969" lon="13.91691957"><ele>399.0</ele></trkpt><trkpt lat="61.13181980" lon="13.91694921"><ele>399.0</ele></trkpt><trkpt lat="61.13205964" lon="13.91729956"><ele>399.0</ele></trkpt><trkpt lat="61.13224006" lon="13.91735705"><ele>398.0</ele></trkpt><trkpt lat="61.13246992" lon="13.91742981"><ele>398.0</ele></trkpt><trkpt lat="61.13264339" lon="13.91762295"><ele>398.0</ele></trkpt><trkpt lat="61.13290968" lon="13.91791940"><ele>398.0</ele></trkpt><trkpt lat="61.13310614" lon="13.91804157"><ele>398.0</ele></trkpt><trkpt lat="61.13343964" lon="13.91824908"><ele>398.0</ele></trkpt><trkpt lat="61.13358536" lon="13.91850330"><ele>398.0</ele></trkpt><trkpt lat="61.13378962" lon="13.91885993"><ele>398.0</ele></trkpt><trkpt lat="61.13386465" lon="13.91926507"><ele>398.0</ele></trkpt><trkpt lat="61.13399995" lon="13.91999989"><ele>398.0</ele></trkpt><trkpt lat="61.13416995" lon="13.92016968"><ele>398.0</ele></trkpt><trkpt lat="61.13436510" lon="13.92017776"><ele>398.0</ele></trkpt><trkpt lat="61.13466000" lon="13.92018944"><ele>398.0</ele></trkpt><trkpt lat="61.13479833" lon="13.92051642"><ele>398.0</ele></trkpt><trkpt lat="61.13504986" lon="13.92110931"><ele>399.0</ele></trkpt><trkpt lat="61.13511621" lon="13.92143630"><ele>399.0</ele></trkpt><trkpt lat="61.13518993" lon="13.92179922"><ele>399.0</ele></trkpt><trkpt lat="61.13539982" lon="13.92218909"><ele>399.0</ele></trkpt><trkpt lat="61.13546964" lon="13.92255919"><ele>399.0</ele></trkpt><trkpt lat="61.13556981" lon="13.92308920"><ele>399.0</ele></trkpt><trkpt lat="61.13561317" lon="13.92357160"><ele>399.0</ele></trkpt><trkpt lat="61.13565697" lon="13.92405309"><ele>400.0</ele></trkpt><trkpt lat="61.13572983" lon="13.92485978"><ele>401.0</ele></trkpt><trkpt lat="61.13581742" lon="13.92526761"><ele>401.0</ele></trkpt><trkpt lat="61.13598958" lon="13.92606981"><ele>403.0</ele></trkpt><trkpt lat="61.13605246" lon="13.92652436"><ele>404.0</ele></trkpt><trkpt lat="61.13611490" lon="13.92697980"><ele>405.0</ele></trkpt><trkpt lat="61.13619990" lon="13.92759964"><ele>406.0</ele></trkpt><trkpt lat="61.13620337" lon="13.92802005"><ele>407.0</ele></trkpt><trkpt lat="61.13620987" lon="13.92871984"><ele>409.0</ele></trkpt><trkpt lat="61.13628012" lon="13.92906749"><ele>409.0</ele></trkpt><trkpt lat="61.13636989" lon="13.92950946"><ele>409.0</ele></trkpt><trkpt lat="61.13655332" lon="13.92991640"><ele>409.0</ele></trkpt><trkpt lat="61.13673718" lon="13.93032333"><ele>408.0</ele></trkpt><trkpt lat="61.13692061" lon="13.93073027"><ele>406.0</ele></trkpt><trkpt lat="61.13710403" lon="13.93113721"><ele>406.0</ele></trkpt><trkpt lat="61.13742969" lon="13.93185945"><ele>404.0</ele></trkpt><trkpt lat="61.13756281" lon="13.93211278"><ele>403.0</ele></trkpt><trkpt lat="61.13772975" lon="13.93242988"><ele>403.0</ele></trkpt><trkpt lat="61.13787415" lon="13.93258888"><ele>402.0</ele></trkpt><trkpt lat="61.13801985" lon="13.93274968"><ele>402.0</ele></trkpt><trkpt lat="61.13810960" lon="13.93317908"><ele>402.0</ele></trkpt><trkpt lat="61.13809486" lon="13.93359769"><ele>403.0</ele></trkpt><trkpt lat="61.13806971" lon="13.93428939"><ele>405.0</ele></trkpt><trkpt lat="61.13798906" lon="13.93462177"><ele>407.0</ele></trkpt><trkpt lat="61.13788976" lon="13.93502961"><ele>409.0</ele></trkpt><trkpt lat="61.13786071" lon="13.93553626"><ele>410.0</ele></trkpt><trkpt lat="61.13783166" lon="13.93604291"><ele>412.0</ele></trkpt><trkpt lat="61.13780260" lon="13.93654956"><ele>413.0</ele></trkpt><trkpt lat="61.13776965" lon="13.93711909"><ele>415.0</ele></trkpt><trkpt lat="61.13775274" lon="13.93764730"><ele>415.0</ele></trkpt><trkpt lat="61.13773539" lon="13.93817551"><ele>416.0</ele></trkpt><trkpt lat="61.13771848" lon="13.93870372"><ele>417.0</ele></trkpt><trkpt lat="61.13768986" lon="13.93957957"><ele>419.0</ele></trkpt><trkpt lat="61.13774233" lon="13.93996495"><ele>419.0</ele></trkpt><trkpt lat="61.13781995" lon="13.94052909"><ele>419.0</ele></trkpt><trkpt lat="61.13778656" lon="13.94099442"><ele>421.0</ele></trkpt><trkpt lat="61.13775317" lon="13.94145975"><ele>422.0</ele></trkpt><trkpt lat="61.13770981" lon="13.94206970"><ele>424.0</ele></trkpt><trkpt lat="61.13777962" lon="13.94244969"><ele>424.0</ele></trkpt><trkpt lat="61.13791491" lon="13.94270661"><ele>423.0</ele></trkpt><trkpt lat="61.13808966" lon="13.94303988"><ele>423.0</ele></trkpt><trkpt lat="61.13810960" lon="13.94350970"><ele>423.0</ele></trkpt><trkpt lat="61.13834983" lon="13.94385915"><ele>423.0</ele></trkpt><trkpt lat="61.13836717" lon="13.94433705"><ele>423.0</ele></trkpt><trkpt lat="61.13838452" lon="13.94481406"><ele>423.0</ele></trkpt><trkpt lat="61.13840967" lon="13.94550935"><ele>423.0</ele></trkpt><trkpt lat="61.13826918" lon="13.94591809"><ele>425.0</ele></trkpt><trkpt lat="61.13812868" lon="13.94632682"><ele>426.0</ele></trkpt><trkpt lat="61.13785984" lon="13.94710925"><ele>428.0</ele></trkpt><trkpt lat="61.13777962" lon="13.94760692"><ele>429.0</ele></trkpt><trkpt lat="61.13769983" lon="13.94810459"><ele>429.0</ele></trkpt><trkpt lat="61.13762005" lon="13.94860135"><ele>430.0</ele></trkpt><trkpt lat="61.13749993" lon="13.94934965"><ele>433.0</ele></trkpt><trkpt lat="61.13734556" lon="13.94954818"><ele>433.0</ele></trkpt><trkpt lat="61.13715000" lon="13.94979971"><ele>435.0</ele></trkpt><trkpt lat="61.13698999" lon="13.95026953"><ele>436.0</ele></trkpt><trkpt lat="61.13698999" lon="13.95073665"><ele>436.0</ele></trkpt><trkpt lat="61.13698999" lon="13.95120288"><ele>436.0</ele></trkpt><trkpt lat="61.13698999" lon="13.95178947"><ele>436.0</ele></trkpt><trkpt lat="61.13691193" lon="13.95213622"><ele>436.0</ele></trkpt><trkpt lat="61.13680960" lon="13.95258987"><ele>437.0</ele></trkpt><trkpt lat="61.13665088" lon="13.95278750"><ele>438.0</ele></trkpt><trkpt lat="61.13643970" lon="13.95304981"><ele>439.0</ele></trkpt><trkpt lat="61.13620814" lon="13.95323666"><ele>440.0</ele></trkpt><trkpt lat="61.13597657" lon="13.95342261"><ele>442.0</ele></trkpt><trkpt lat="61.13574457" lon="13.95360946"><ele>443.0</ele></trkpt><trkpt lat="61.13545663" lon="13.95384123"><ele>443.0</ele></trkpt><trkpt lat="61.13548958" lon="13.95404964"><ele>444.0</ele></trkpt><trkpt lat="61.13565611" lon="13.95398047"><ele>443.0</ele></trkpt><trkpt lat="61.13594969" lon="13.95385919"><ele>442.0</ele></trkpt><trkpt lat="61.13590979" lon="13.95403975"><ele>442.0</ele></trkpt><trkpt lat="61.13597961" lon="13.95433979"><ele>442.0</ele></trkpt><trkpt lat="61.13611967" lon="13.95446915"><ele>442.0</ele></trkpt><trkpt lat="61.13632219" lon="13.95442873"><ele>441.0</ele></trkpt><trkpt lat="61.13665999" lon="13.95435955"><ele>440.0</ele></trkpt><trkpt lat="61.13692841" lon="13.95438022"><ele>438.0</ele></trkpt><trkpt lat="61.13719726" lon="13.95440088"><ele>437.0</ele></trkpt><trkpt lat="61.13746568" lon="13.95442154"><ele>436.0</ele></trkpt><trkpt lat="61.13773452" lon="13.95444310"><ele>434.0</ele></trkpt><trkpt lat="61.13820977" lon="13.95447993"><ele>431.0</ele></trkpt><trkpt lat="61.13839753" lon="13.95442154"><ele>431.0</ele></trkpt><trkpt lat="61.13865986" lon="13.95433979"><ele>429.0</ele></trkpt><trkpt lat="61.13872967" lon="13.95443950"><ele>428.0</ele></trkpt><trkpt lat="61.13876349" lon="13.95503149"><ele>429.0</ele></trkpt><trkpt lat="61.13879731" lon="13.95562438"><ele>430.0</ele></trkpt><trkpt lat="61.13883114" lon="13.95621637"><ele>430.0</ele></trkpt><trkpt lat="61.13886452" lon="13.95680836"><ele>431.0</ele></trkpt><trkpt lat="61.13889834" lon="13.95740035"><ele>431.0</ele></trkpt><trkpt lat="61.13893217" lon="13.95799234"><ele>431.0</ele></trkpt><trkpt lat="61.13896555" lon="13.95858523"><ele>430.0</ele></trkpt><trkpt lat="61.13899937" lon="13.95917722"><ele>430.0</ele></trkpt><trkpt lat="61.13903320" lon="13.95976921"><ele>429.0</ele></trkpt><trkpt lat="61.13909997" lon="13.96093971"><ele>428.0</ele></trkpt><trkpt lat="61.13918366" lon="13.96137899"><ele>427.0</ele></trkpt><trkpt lat="61.13926734" lon="13.96181827"><ele>425.0</ele></trkpt><trkpt lat="61.13937964" lon="13.96240936"><ele>424.0</ele></trkpt><trkpt lat="61.13934279" lon="13.96291062"><ele>424.0</ele></trkpt><trkpt lat="61.13930550" lon="13.96341278"><ele>423.0</ele></trkpt><trkpt lat="61.13926864" lon="13.96391404"><ele>423.0</ele></trkpt><trkpt lat="61.13922962" lon="13.96443955"><ele>423.0</ele></trkpt><trkpt lat="61.13917498" lon="13.96494081"><ele>423.0</ele></trkpt><trkpt lat="61.13912035" lon="13.96544207"><ele>423.0</ele></trkpt><trkpt lat="61.13906572" lon="13.96594333"><ele>423.0</ele></trkpt><trkpt lat="61.13899981" lon="13.96654969"><ele>423.0</ele></trkpt><trkpt lat="61.13891482" lon="13.96708060"><ele>423.0</ele></trkpt><trkpt lat="61.13882983" lon="13.96761060"><ele>423.0</ele></trkpt><trkpt lat="61.13874485" lon="13.96814151"><ele>423.0</ele></trkpt><trkpt lat="61.13865943" lon="13.96867241"><ele>424.0</ele></trkpt><trkpt lat="61.13849986" lon="13.96966954"><ele>424.0</ele></trkpt><trkpt lat="61.13839883" lon="13.97021123"><ele>424.0</ele></trkpt><trkpt lat="61.13829823" lon="13.97075291"><ele>424.0</ele></trkpt><trkpt lat="61.13819720" lon="13.97129459"><ele>424.0</ele></trkpt><trkpt lat="61.13809616" lon="13.97183628"><ele>424.0</ele></trkpt><trkpt lat="61.13799556" lon="13.97237796"><ele>424.0</ele></trkpt><trkpt lat="61.13789453" lon="13.97291965"><ele>423.0</ele></trkpt><trkpt lat="61.13776965" lon="13.97358979"><ele>422.0</ele></trkpt><trkpt lat="61.13771978" lon="13.97408386"><ele>421.0</ele></trkpt><trkpt lat="61.13766948" lon="13.97457704"><ele>420.0</ele></trkpt><trkpt lat="61.13756975" lon="13.97555980"><ele>419.0</ele></trkpt><trkpt lat="61.13745570" lon="13.97593260"><ele>419.0</ele></trkpt><trkpt lat="61.13723976" lon="13.97663957"><ele>418.0</ele></trkpt><trkpt lat="61.13705286" lon="13.97697464"><ele>418.0</ele></trkpt><trkpt lat="61.13686597" lon="13.97731061"><ele>418.0</ele></trkpt><trkpt lat="61.13667907" lon="13.97764568"><ele>417.0</ele></trkpt><trkpt lat="61.13645965" lon="13.97803915"><ele>416.0</ele></trkpt><trkpt lat="61.13634994" lon="13.97839937"><ele>415.0</ele></trkpt><trkpt lat="61.13631004" lon="13.97887548"><ele>412.0</ele></trkpt><trkpt lat="61.13627058" lon="13.97935158"><ele>411.0</ele></trkpt><trkpt lat="61.13620987" lon="13.98007922"><ele>408.0</ele></trkpt><trkpt lat="61.13621291" lon="13.98055353"><ele>406.0</ele></trkpt><trkpt lat="61.13621551" lon="13.98102784"><ele>403.0</ele></trkpt><trkpt lat="61.13621985" lon="13.98167912"><ele>401.0</ele></trkpt><trkpt lat="61.13615046" lon="13.98217768"><ele>400.0</ele></trkpt><trkpt lat="61.13608151" lon="13.98267625"><ele>399.0</ele></trkpt><trkpt lat="61.13601213" lon="13.98317392"><ele>398.0</ele></trkpt><trkpt lat="61.13591976" lon="13.98383957"><ele>396.0</ele></trkpt><trkpt lat="61.13581872" lon="13.98426986"><ele>395.0</ele></trkpt><trkpt lat="61.13571725" lon="13.98470105"><ele>394.0</ele></trkpt><trkpt lat="61.13556981" lon="13.98532987"><ele>392.0</ele></trkpt><trkpt lat="61.13542193" lon="13.98569279"><ele>391.0</ele></trkpt><trkpt lat="61.13527449" lon="13.98605571"><ele>390.0</ele></trkpt><trkpt lat="61.13506981" lon="13.98655967"><ele>388.0</ele></trkpt><trkpt lat="61.13502644" lon="13.98707979"><ele>386.0</ele></trkpt><trkpt lat="61.13498307" lon="13.98759992"><ele>384.0</ele></trkpt><trkpt lat="61.13493971" lon="13.98812004"><ele>382.0</ele></trkpt><trkpt lat="61.13486989" lon="13.98895996"><ele>381.0</ele></trkpt><trkpt lat="61.13479486" lon="13.98945673"><ele>380.0</ele></trkpt><trkpt lat="61.13471984" lon="13.98995350"><ele>379.0</ele></trkpt><trkpt lat="61.13464525" lon="13.99045117"><ele>377.0</ele></trkpt><trkpt lat="61.13453987" lon="13.99114916"><ele>375.0</ele></trkpt><trkpt lat="61.13437811" lon="13.99148154"><ele>373.0</ele></trkpt><trkpt lat="61.13421635" lon="13.99181481"><ele>372.0</ele></trkpt><trkpt lat="61.13399995" lon="13.99225948"><ele>370.0</ele></trkpt><trkpt lat="61.13388850" lon="13.99270235"><ele>368.0</ele></trkpt><trkpt lat="61.13377704" lon="13.99314522"><ele>366.0</ele></trkpt><trkpt lat="61.13356974" lon="13.99396987"><ele>365.0</ele></trkpt><trkpt lat="61.13354503" lon="13.99447203"><ele>364.0</ele></trkpt><trkpt lat="61.13351987" lon="13.99497508"><ele>362.0</ele></trkpt><trkpt lat="61.13347000" lon="13.99597940"><ele>360.0</ele></trkpt><trkpt lat="61.13339974" lon="13.99640430"><ele>359.0</ele></trkpt><trkpt lat="61.13325966" lon="13.99724962"><ele>357.0</ele></trkpt><trkpt lat="61.13323668" lon="13.99766105"><ele>355.0</ele></trkpt><trkpt lat="61.13319981" lon="13.99831951"><ele>352.0</ele></trkpt><trkpt lat="61.13308402" lon="13.99871657"><ele>351.0</ele></trkpt><trkpt lat="61.13296866" lon="13.99911272"><ele>351.0</ele></trkpt><trkpt lat="61.13282988" lon="13.99958973"><ele>350.0</ele></trkpt><trkpt lat="61.13265120" lon="13.99999756"><ele>349.0</ele></trkpt><trkpt lat="61.13247252" lon="14.00040630"><ele>347.0</ele></trkpt><trkpt lat="61.13229384" lon="14.00081413"><ele>345.0</ele></trkpt><trkpt lat="61.13211515" lon="14.00122287"><ele>344.0</ele></trkpt><trkpt lat="61.13184973" lon="14.00182923"><ele>342.0</ele></trkpt><trkpt lat="61.13166931" lon="14.00203225"><ele>341.0</ele></trkpt><trkpt lat="61.13135964" lon="14.00237990"><ele>340.0</ele></trkpt><trkpt lat="61.13118052" lon="14.00273293"><ele>339.0</ele></trkpt><trkpt lat="61.13100139" lon="14.00308687"><ele>338.0</ele></trkpt><trkpt lat="61.13082227" lon="14.00344081"><ele>337.0</ele></trkpt><trkpt lat="61.13060975" lon="14.00385942"><ele>335.0</ele></trkpt><trkpt lat="61.13042064" lon="14.00407232"><ele>334.0</ele></trkpt><trkpt lat="61.13004981" lon="14.00448914"><ele>332.0</ele></trkpt><trkpt lat="61.12991926" lon="14.00489428"><ele>330.0</ele></trkpt><trkpt lat="61.12978914" lon="14.00529942"><ele>329.0</ele></trkpt><trkpt lat="61.12957965" lon="14.00594980"><ele>327.0</ele></trkpt><trkpt lat="61.12939184" lon="14.00631362"><ele>325.0</ele></trkpt><trkpt lat="61.12920360" lon="14.00667654"><ele>325.0</ele></trkpt><trkpt lat="61.12901535" lon="14.00704036"><ele>324.0</ele></trkpt><trkpt lat="61.12867963" lon="14.00768984"><ele>321.0</ele></trkpt><trkpt lat="61.12852999" lon="14.00815247"><ele>321.0</ele></trkpt><trkpt lat="61.12837991" lon="14.00861600"><ele>321.0</ele></trkpt><trkpt lat="61.12823027" lon="14.00907953"><ele>320.0</ele></trkpt><trkpt lat="61.12808019" lon="14.00954306"><ele>320.0</ele></trkpt><trkpt lat="61.12780996" lon="14.01037939"><ele>319.0</ele></trkpt><trkpt lat="61.12782471" lon="14.01090940"><ele>319.0</ele></trkpt><trkpt lat="61.12783946" lon="14.01143851"><ele>319.0</ele></trkpt><trkpt lat="61.12785464" lon="14.01196851"><ele>318.0</ele></trkpt><trkpt lat="61.12787980" lon="14.01286952"><ele>315.0</ele></trkpt><trkpt lat="61.12780129" lon="14.01330251"><ele>314.0</ele></trkpt><trkpt lat="61.12772278" lon="14.01373550"><ele>313.0</ele></trkpt><trkpt lat="61.12762995" lon="14.01424934"><ele>312.0</ele></trkpt><trkpt lat="61.12761997" lon="14.01469939"><ele>310.0</ele></trkpt><trkpt lat="61.12761000" lon="14.01515035"><ele>309.0</ele></trkpt><trkpt lat="61.12760002" lon="14.01560939"><ele>308.0</ele></trkpt><trkpt lat="61.12748985" lon="14.01607920"><ele>307.0</ele></trkpt><trkpt lat="61.12732935" lon="14.01644572"><ele>306.0</ele></trkpt><trkpt lat="61.12716929" lon="14.01681133"><ele>305.0</ele></trkpt><trkpt lat="61.12688995" lon="14.01745003"><ele>303.0</ele></trkpt><trkpt lat="61.12692248" lon="14.01793423"><ele>302.0</ele></trkpt><trkpt lat="61.12695545" lon="14.01841842"><ele>301.0</ele></trkpt><trkpt lat="61.12700967" lon="14.01921972"><ele>300.0</ele></trkpt><trkpt lat="61.12692508" lon="14.01973984"><ele>300.0</ele></trkpt><trkpt lat="61.12684006" lon="14.02026086"><ele>299.0</ele></trkpt><trkpt lat="61.12675504" lon="14.02078099"><ele>299.0</ele></trkpt><trkpt lat="61.12667002" lon="14.02130111"><ele>299.0</ele></trkpt><trkpt lat="61.12654987" lon="14.02203953"><ele>299.0</ele></trkpt><trkpt lat="61.12656895" lon="14.02238628"><ele>298.0</ele></trkpt><trkpt lat="61.12658978" lon="14.02275908"><ele>298.0</ele></trkpt><trkpt lat="61.12669822" lon="14.02315883"><ele>298.0</ele></trkpt><trkpt lat="61.12680710" lon="14.02355858"><ele>298.0</ele></trkpt><trkpt lat="61.12692985" lon="14.02400953"><ele>298.0</ele></trkpt><trkpt lat="61.12694200" lon="14.02440299"><ele>297.0</ele></trkpt><trkpt lat="61.12695978" lon="14.02495995"><ele>297.0</ele></trkpt><trkpt lat="61.12692985" lon="14.02535970"><ele>297.0</ele></trkpt><trkpt lat="61.12678194" lon="14.02566243"><ele>296.0</ele></trkpt><trkpt lat="61.12651994" lon="14.02619962"><ele>295.0</ele></trkpt><trkpt lat="61.12645964" lon="14.02665956"><ele>295.0</ele></trkpt><trkpt lat="61.12643579" lon="14.02700541"><ele>294.0</ele></trkpt><trkpt lat="61.12640976" lon="14.02737911"><ele>294.0</ele></trkpt><trkpt lat="61.12642537" lon="14.02778605"><ele>293.0</ele></trkpt><trkpt lat="61.12644967" lon="14.02840948"><ele>292.0</ele></trkpt><trkpt lat="61.12643969" lon="14.02891164"><ele>291.0</ele></trkpt><trkpt lat="61.12642928" lon="14.02941380"><ele>291.0</ele></trkpt><trkpt lat="61.12640976" lon="14.03038937"><ele>290.0</ele></trkpt><trkpt lat="61.12638286" lon="14.03089692"><ele>289.0</ele></trkpt><trkpt lat="61.12635640" lon="14.03140357"><ele>288.0</ele></trkpt><trkpt lat="61.12632951" lon="14.03191111"><ele>288.0</ele></trkpt><trkpt lat="61.12629958" lon="14.03247975"><ele>287.0</ele></trkpt><trkpt lat="61.12624536" lon="14.03293519"><ele>287.0</ele></trkpt><trkpt lat="61.12619070" lon="14.03339064"><ele>286.0</ele></trkpt><trkpt lat="61.12611999" lon="14.03397993"><ele>286.0</ele></trkpt><trkpt lat="61.12610047" lon="14.03450635"><ele>286.0</ele></trkpt><trkpt lat="61.12608095" lon="14.03503366"><ele>286.0</ele></trkpt><trkpt lat="61.12606187" lon="14.03556097"><ele>286.0</ele></trkpt><trkpt lat="61.12602977" lon="14.03642964"><ele>287.0</ele></trkpt><trkpt lat="61.12593347" lon="14.03690125"><ele>287.0</ele></trkpt><trkpt lat="61.12583760" lon="14.03737197"><ele>286.0</ele></trkpt><trkpt lat="61.12574130" lon="14.03784359"><ele>286.0</ele></trkpt><trkpt lat="61.12562982" lon="14.03838976"><ele>285.0</ele></trkpt><trkpt lat="61.12551660" lon="14.03878053"><ele>285.0</ele></trkpt><trkpt lat="61.12540338" lon="14.03917220"><ele>284.0</ele></trkpt><trkpt lat="61.12527975" lon="14.03959979"><ele>283.0</ele></trkpt><trkpt lat="61.12521685" lon="14.04018639"><ele>283.0</ele></trkpt><trkpt lat="61.12515438" lon="14.04077299"><ele>282.0</ele></trkpt><trkpt lat="61.12509148" lon="14.04135959"><ele>282.0</ele></trkpt><trkpt lat="61.12502858" lon="14.04194619"><ele>282.0</ele></trkpt><trkpt lat="61.12496611" lon="14.04253279"><ele>281.0</ele></trkpt><trkpt lat="61.12490321" lon="14.04311939"><ele>281.0</ele></trkpt><trkpt lat="61.12484031" lon="14.04370599"><ele>280.0</ele></trkpt><trkpt lat="61.12477741" lon="14.04429259"><ele>280.0</ele></trkpt><trkpt lat="61.12469976" lon="14.04501933"><ele>279.0</ele></trkpt><trkpt lat="61.12467590" lon="14.04553047"><ele>279.0</ele></trkpt><trkpt lat="61.12465204" lon="14.04604071"><ele>280.0</ele></trkpt><trkpt lat="61.12462818" lon="14.04655096"><ele>280.0</ele></trkpt><trkpt lat="61.12459955" lon="14.04716002"><ele>280.0</ele></trkpt><trkpt lat="61.12451019" lon="14.04760109"><ele>280.0</ele></trkpt><trkpt lat="61.12442083" lon="14.04804306"><ele>279.0</ele></trkpt><trkpt lat="61.12428982" lon="14.04868985"><ele>278.0</ele></trkpt><trkpt lat="61.12431671" lon="14.04917853"><ele>278.0</ele></trkpt><trkpt lat="61.12434361" lon="14.04966721"><ele>279.0</ele></trkpt><trkpt lat="61.12438959" lon="14.05049995"><ele>279.0</ele></trkpt><trkpt lat="61.12444772" lon="14.05091228"><ele>281.0</ele></trkpt><trkpt lat="61.12454967" lon="14.05163991"><ele>281.0</ele></trkpt><trkpt lat="61.12445987" lon="14.05193995"><ele>280.0</ele></trkpt><trkpt lat="61.12428852" lon="14.05219777"><ele>280.0</ele></trkpt><trkpt lat="61.12396967" lon="14.05267926"><ele>277.0</ele></trkpt><trkpt lat="61.12382998" lon="14.05326946"><ele>275.0</ele></trkpt><trkpt lat="61.12383909" lon="14.05362429"><ele>275.0</ele></trkpt><trkpt lat="61.12384993" lon="14.05401955"><ele>275.0</ele></trkpt><trkpt lat="61.12395405" lon="14.05437169"><ele>275.0</ele></trkpt><trkpt lat="61.12411976" lon="14.05492954"><ele>276.0</ele></trkpt><trkpt lat="61.12417095" lon="14.05537511"><ele>276.0</ele></trkpt><trkpt lat="61.12422214" lon="14.05582067"><ele>276.0</ele></trkpt><trkpt lat="61.12427984" lon="14.05631924"><ele>275.0</ele></trkpt><trkpt lat="61.12422301" lon="14.05675133"><ele>273.0</ele></trkpt><trkpt lat="61.12410979" lon="14.05760922"><ele>269.0</ele></trkpt><trkpt lat="61.12400611" lon="14.05801166"><ele>267.0</ele></trkpt><trkpt lat="61.12390243" lon="14.05841321"><ele>265.0</ele></trkpt><trkpt lat="61.12378963" lon="14.05884979"><ele>263.0</ele></trkpt><trkpt lat="61.12357663" lon="14.05910222"><ele>262.0</ele></trkpt><trkpt lat="61.12336363" lon="14.05935465"><ele>260.0</ele></trkpt><trkpt lat="61.12315062" lon="14.05960707"><ele>259.0</ele></trkpt><trkpt lat="61.12292200" lon="14.05987746"><ele>256.0</ele></trkpt><trkpt lat="61.12277666" lon="14.06000592"><ele>254.0</ele></trkpt><trkpt lat="61.12264868" lon="14.06010025"><ele>253.0</ele></trkpt><trkpt lat="61.12251376" lon="14.06021164"><ele>252.0</ele></trkpt><trkpt lat="61.12244175" lon="14.06030776"><ele>251.0</ele></trkpt><trkpt lat="61.12229772" lon="14.06055390"><ele>250.0</ele></trkpt><trkpt lat="61.12215455" lon="14.06078386"><ele>249.0</ele></trkpt><trkpt lat="61.12203264" lon="14.06103180"><ele>249.0</ele></trkpt><trkpt lat="61.12189685" lon="14.06130848"><ele>249.0</ele></trkpt><trkpt lat="61.12174674" lon="14.06153126"><ele>249.0</ele></trkpt><trkpt lat="61.12158058" lon="14.06167589"><ele>251.0</ele></trkpt><trkpt lat="61.12146865" lon="14.06174327"><ele>251.0</ele></trkpt><trkpt lat="61.12140661" lon="14.06176662"><ele>251.0</ele></trkpt><trkpt lat="61.12128383" lon="14.06174327"><ele>253.0</ele></trkpt><trkpt lat="61.12123003" lon="14.06170284"><ele>253.0</ele></trkpt><trkpt lat="61.12106777" lon="14.06153755"><ele>254.0</ele></trkpt><trkpt lat="61.12089770" lon="14.06137945"><ele>255.0</ele></trkpt><trkpt lat="61.12071592" lon="14.06130040"><ele>256.0</ele></trkpt><trkpt lat="61.12053760" lon="14.06123662"><ele>258.0</ele></trkpt><trkpt lat="61.12035365" lon="14.06119889"><ele>259.0</ele></trkpt><trkpt lat="61.12016882" lon="14.06117733"><ele>260.0</ele></trkpt><trkpt lat="61.11998356" lon="14.06120697"><ele>261.0</ele></trkpt><trkpt lat="61.11980090" lon="14.06127345"><ele>262.0</ele></trkpt><trkpt lat="61.11951281" lon="14.06136597"><ele>263.0</ele></trkpt><trkpt lat="61.11943775" lon="14.06140550"><ele>264.0</ele></trkpt><trkpt lat="61.11926594" lon="14.06152677"><ele>265.0</ele></trkpt><trkpt lat="61.11909195" lon="14.06165433"><ele>266.0</ele></trkpt><trkpt lat="61.11892491" lon="14.06179986"><ele>267.0</ele></trkpt><trkpt lat="61.11875396" lon="14.06191664"><ele>268.0</ele></trkpt><trkpt lat="61.11860818" lon="14.06208912"><ele>269.0</ele></trkpt><trkpt lat="61.11845285" lon="14.06227237"><ele>270.0</ele></trkpt><trkpt lat="61.11843592" lon="14.06230561"><ele>270.0</ele></trkpt><trkpt lat="61.11829578" lon="14.06249246"><ele>271.0</ele></trkpt><trkpt lat="61.11812873" lon="14.06271614"><ele>272.0</ele></trkpt><trkpt lat="61.11798772" lon="14.06296497"><ele>274.0</ele></trkpt><trkpt lat="61.11786970" lon="14.06324884"><ele>275.0</ele></trkpt><trkpt lat="61.11779767" lon="14.06359739"><ele>275.0</ele></trkpt><trkpt lat="61.11776990" lon="14.06382556"><ele>275.0</ele></trkpt><trkpt lat="61.11776079" lon="14.06397288"><ele>275.0</ele></trkpt><trkpt lat="61.11775081" lon="14.06435377"><ele>275.0</ele></trkpt><trkpt lat="61.11774690" lon="14.06472567"><ele>275.0</ele></trkpt><trkpt lat="61.11774777" lon="14.06524041"><ele>275.0</ele></trkpt><trkpt lat="61.11773692" lon="14.06572729"><ele>275.0</ele></trkpt><trkpt lat="61.11772564" lon="14.06585396"><ele>275.0</ele></trkpt><trkpt lat="61.11768356" lon="14.06621688"><ele>276.0</ele></trkpt><trkpt lat="61.11768876" lon="14.06634713"><ele>276.0</ele></trkpt><trkpt lat="61.11769093" lon="14.06660315"><ele>276.0</ele></trkpt><trkpt lat="61.11776079" lon="14.06694631"><ele>275.0</ele></trkpt><trkpt lat="61.11785191" lon="14.06727329"><ele>275.0</ele></trkpt><trkpt lat="61.11791092" lon="14.06738828"><ele>274.0</ele></trkpt><trkpt lat="61.11799292" lon="14.06750416"><ele>274.0</ele></trkpt><trkpt lat="61.11812396" lon="14.06776647"><ele>273.0</ele></trkpt><trkpt lat="61.11815173" lon="14.06784193"><ele>273.0</ele></trkpt><trkpt lat="61.11818383" lon="14.06794613"><ele>273.0</ele></trkpt><trkpt lat="61.11822072" lon="14.06809795"><ele>272.0</ele></trkpt><trkpt lat="61.11825456" lon="14.06846895"><ele>272.0</ele></trkpt><trkpt lat="61.11830663" lon="14.06883367"><ele>270.0</ele></trkpt><trkpt lat="61.11833179" lon="14.06909867"><ele>270.0</ele></trkpt><trkpt lat="61.11835696" lon="14.06943734"><ele>270.0</ele></trkpt><trkpt lat="61.11835696" lon="14.06958376"><ele>269.0</ele></trkpt><trkpt lat="61.11834394" lon="14.06970144"><ele>269.0</ele></trkpt><trkpt lat="61.11828406" lon="14.06991973"><ele>269.0</ele></trkpt><trkpt lat="61.11821074" lon="14.07018743"><ele>269.0</ele></trkpt><trkpt lat="61.11814392" lon="14.07061143"><ele>268.0</ele></trkpt><trkpt lat="61.11812092" lon="14.07072462"><ele>268.0</ele></trkpt><trkpt lat="61.11805974" lon="14.07094291"><ele>268.0</ele></trkpt><trkpt lat="61.11800290" lon="14.07107586"><ele>268.0</ele></trkpt><trkpt lat="61.11792480" lon="14.07120253"><ele>268.0</ele></trkpt><trkpt lat="61.11775471" lon="14.07133548"><ele>268.0</ele></trkpt><trkpt lat="61.11759895" lon="14.07153221"><ele>269.0</ele></trkpt><trkpt lat="61.11745489" lon="14.07175768"><ele>270.0</ele></trkpt><trkpt lat="61.11731040" lon="14.07195082"><ele>270.0</ele></trkpt><trkpt lat="61.11714769" lon="14.07216821"><ele>270.0</ele></trkpt><trkpt lat="61.11701057" lon="14.07241615"><ele>270.0</ele></trkpt><trkpt lat="61.11689863" lon="14.07271349"><ele>270.0</ele></trkpt><trkpt lat="61.11685090" lon="14.07286261"><ele>269.0</ele></trkpt><trkpt lat="61.11675977" lon="14.07319768"><ele>268.0</ele></trkpt><trkpt lat="61.11672593" lon="14.07337375"><ele>267.0</ele></trkpt><trkpt lat="61.11670380" lon="14.07355791"><ele>267.0</ele></trkpt><trkpt lat="61.11668992" lon="14.07374655"><ele>266.0</ele></trkpt><trkpt lat="61.11668297" lon="14.07392532"><ele>265.0</ele></trkpt><trkpt lat="61.11668601" lon="14.07412385"><ele>264.0</ele></trkpt><trkpt lat="61.11669469" lon="14.07437448"><ele>264.0</ele></trkpt><trkpt lat="61.11672289" lon="14.07465475"><ele>262.0</ele></trkpt><trkpt lat="61.11675066" lon="14.07486136"><ele>262.0</ele></trkpt><trkpt lat="61.11680577" lon="14.07521620"><ele>261.0</ele></trkpt><trkpt lat="61.11683875" lon="14.07559349"><ele>260.0</ele></trkpt><trkpt lat="61.11683571" lon="14.07574351"><ele>260.0</ele></trkpt><trkpt lat="61.11682182" lon="14.07597438"><ele>259.0</ele></trkpt><trkpt lat="61.11678364" lon="14.07634987"><ele>259.0</ele></trkpt><trkpt lat="61.11674719" lon="14.07676130"><ele>258.0</ele></trkpt><trkpt lat="61.11668688" lon="14.07743594"><ele>257.0</ele></trkpt><trkpt lat="61.11665911" lon="14.07786533"><ele>256.0</ele></trkpt><trkpt lat="61.11660834" lon="14.07864147"><ele>255.0</ele></trkpt><trkpt lat="61.11655453" lon="14.07899361"><ele>255.0</ele></trkpt><trkpt lat="61.11648988" lon="14.07942031"><ele>254.0</ele></trkpt><trkpt lat="61.11632890" lon="14.07992696"><ele>254.0</ele></trkpt><trkpt lat="61.11613233" lon="14.08026563"><ele>254.0</ele></trkpt><trkpt lat="61.11597222" lon="14.08044260"><ele>255.0</ele></trkpt><trkpt lat="61.11577001" lon="14.08066718"><ele>255.0</ele></trkpt><trkpt lat="61.11560686" lon="14.08079563"><ele>255.0</ele></trkpt><trkpt lat="61.11541940" lon="14.08094386"><ele>256.0</ele></trkpt><trkpt lat="61.11527750" lon="14.08118910"><ele>256.0</ele></trkpt><trkpt lat="61.11509091" lon="14.08151069"><ele>257.0</ele></trkpt><trkpt lat="61.11492862" lon="14.08177480"><ele>257.0</ele></trkpt><trkpt lat="61.11464786" lon="14.08223204"><ele>257.0</ele></trkpt><trkpt lat="61.11443827" lon="14.08252848"><ele>257.0</ele></trkpt><trkpt lat="61.11434324" lon="14.08288601"><ele>257.0</ele></trkpt><trkpt lat="61.11419743" lon="14.08343488"><ele>257.0</ele></trkpt><trkpt lat="61.11412887" lon="14.08374391"><ele>257.0</ele></trkpt><trkpt lat="61.11405900" lon="14.08405832"><ele>256.0</ele></trkpt><trkpt lat="61.11399652" lon="14.08441674"><ele>255.0</ele></trkpt><trkpt lat="61.11391537" lon="14.08488207"><ele>255.0</ele></trkpt><trkpt lat="61.11388369" lon="14.08526924"><ele>253.0</ele></trkpt><trkpt lat="61.11383986" lon="14.08581003"><ele>250.0</ele></trkpt><trkpt lat="61.11380514" lon="14.08619002"><ele>249.0</ele></trkpt><trkpt lat="61.11375828" lon="14.08670385"><ele>246.0</ele></trkpt><trkpt lat="61.11369188" lon="14.08702455"><ele>244.0</ele></trkpt><trkpt lat="61.11362028" lon="14.08736861"><ele>243.0</ele></trkpt><trkpt lat="61.11355519" lon="14.08769380"><ele>241.0</ele></trkpt><trkpt lat="61.11348445" lon="14.08804684"><ele>240.0</ele></trkpt><trkpt lat="61.11333821" lon="14.08863793"><ele>239.0</ele></trkpt><trkpt lat="61.11322842" lon="14.08890742"><ele>239.0</ele></trkpt><trkpt lat="61.11310821" lon="14.08920297"><ele>239.0</ele></trkpt><trkpt lat="61.11294721" lon="14.08957307"><ele>239.0</ele></trkpt><trkpt lat="61.11290078" lon="14.09010488"><ele>238.0</ele></trkpt><trkpt lat="61.11304399" lon="14.09064925"><ele>238.0</ele></trkpt><trkpt lat="61.11324881" lon="14.09094929"><ele>238.0</ele></trkpt><trkpt lat="61.11346579" lon="14.09142091"><ele>237.0</ele></trkpt><trkpt lat="61.11364068" lon="14.09184671"><ele>236.0</ele></trkpt><trkpt lat="61.11370056" lon="14.09240905"><ele>236.0</ele></trkpt><trkpt lat="61.11378214" lon="14.09292559"><ele>237.0</ele></trkpt><trkpt lat="61.11383335" lon="14.09339900"><ele>238.0</ele></trkpt><trkpt lat="61.11391146" lon="14.09388499"><ele>238.0</ele></trkpt><trkpt lat="61.11387067" lon="14.09421197"><ele>238.0</ele></trkpt><trkpt lat="61.11382945" lon="14.09454076"><ele>237.0</ele></trkpt><trkpt lat="61.11378735" lon="14.09504381"><ele>236.0</ele></trkpt><trkpt lat="61.11375177" lon="14.09552801"><ele>235.0</ele></trkpt><trkpt lat="61.11374830" lon="14.09598884"><ele>234.0</ele></trkpt><trkpt lat="61.11383639" lon="14.09662844"><ele>230.0</ele></trkpt><trkpt lat="61.11382945" lon="14.09721145"><ele>228.0</ele></trkpt><trkpt lat="61.11380124" lon="14.09779176"><ele>226.0</ele></trkpt><trkpt lat="61.11384246" lon="14.09839004"><ele>224.0</ele></trkpt><trkpt lat="61.11384941" lon="14.09876194"><ele>223.0</ele></trkpt><trkpt lat="61.11385765" lon="14.09922008"><ele>222.0</ele></trkpt><trkpt lat="61.11381209" lon="14.09982016"><ele>221.0</ele></trkpt><trkpt lat="61.11379647" lon="14.10021541"><ele>221.0</ele></trkpt><trkpt lat="61.11384984" lon="14.10057833"><ele>219.0</ele></trkpt><trkpt lat="61.11391884" lon="14.10104725"><ele>214.0</ele></trkpt><trkpt lat="61.11397308" lon="14.10159702"><ele>210.0</ele></trkpt><trkpt lat="61.11396614" lon="14.10206864"><ele>209.0</ele></trkpt><trkpt lat="61.11395920" lon="14.10254025"><ele>209.0</ele></trkpt><trkpt lat="61.11394965" lon="14.10316997"><ele>209.0</ele></trkpt><trkpt lat="61.11388976" lon="14.10364967"><ele>213.0</ele></trkpt><trkpt lat="61.11381860" lon="14.10374220"><ele>213.0</ele></trkpt><trkpt lat="61.11375567" lon="14.10407727"><ele>215.0</ele></trkpt><trkpt lat="61.11367669" lon="14.10438629"><ele>218.0</ele></trkpt><trkpt lat="61.11356994" lon="14.10474652"><ele>220.0</ele></trkpt><trkpt lat="61.11347968" lon="14.10507620"><ele>222.0</ele></trkpt><trkpt lat="61.11339766" lon="14.10541935"><ele>222.0</ele></trkpt><trkpt lat="61.11334168" lon="14.10577868"><ele>222.0</ele></trkpt><trkpt lat="61.11329785" lon="14.10614160"><ele>222.0</ele></trkpt><trkpt lat="61.11321800" lon="14.10648566"><ele>222.0</ele></trkpt><trkpt lat="61.11315334" lon="14.10681534"><ele>223.0</ele></trkpt><trkpt lat="61.11308087" lon="14.10718544"><ele>224.0</ele></trkpt><trkpt lat="61.11299495" lon="14.10752411"><ele>224.0</ele></trkpt><trkpt lat="61.11291597" lon="14.10792116"><ele>224.0</ele></trkpt><trkpt lat="61.11287474" lon="14.10819425"><ele>224.0</ele></trkpt><trkpt lat="61.11280661" lon="14.10869371"><ele>224.0</ele></trkpt><trkpt lat="61.11274976" lon="14.10891829"><ele>224.0</ele></trkpt><trkpt lat="61.11264604" lon="14.10926864"><ele>225.0</ele></trkpt><trkpt lat="61.11260481" lon="14.10946267"><ele>224.0</ele></trkpt><trkpt lat="61.11257270" lon="14.10969354"><ele>225.0</ele></trkpt><trkpt lat="61.11255664" lon="14.10990195"><ele>224.0</ele></trkpt><trkpt lat="61.11254883" lon="14.11011215"><ele>224.0</ele></trkpt><trkpt lat="61.11254059" lon="14.11071941"><ele>223.0</ele></trkpt><trkpt lat="61.11251759" lon="14.11111467"><ele>223.0</ele></trkpt><trkpt lat="61.11250196" lon="14.11131500"><ele>223.0</ele></trkpt><trkpt lat="61.11247679" lon="14.11151263"><ele>223.0</ele></trkpt><trkpt lat="61.11244468" lon="14.11169319"><ele>223.0</ele></trkpt><trkpt lat="61.11242081" lon="14.11188183"><ele>223.0</ele></trkpt><trkpt lat="61.11241474" lon="14.11208126"><ele>223.0</ele></trkpt><trkpt lat="61.11243383" lon="14.11249538"><ele>224.0</ele></trkpt><trkpt lat="61.11245076" lon="14.11270828"><ele>224.0</ele></trkpt><trkpt lat="61.11246985" lon="14.11289064"><ele>224.0</ele></trkpt><trkpt lat="61.11251542" lon="14.11325266"><ele>224.0</ele></trkpt><trkpt lat="61.11257183" lon="14.11370362"><ele>225.0</ele></trkpt><trkpt lat="61.11259961" lon="14.11389586"><ele>225.0</ele></trkpt><trkpt lat="61.11263563" lon="14.11408540"><ele>225.0</ele></trkpt><trkpt lat="61.11266687" lon="14.11420937"><ele>226.0</ele></trkpt><trkpt lat="61.11271287" lon="14.11435041"><ele>225.0</ele></trkpt><trkpt lat="61.11273891" lon="14.11441419"><ele>226.0</ele></trkpt><trkpt lat="61.11280661" lon="14.11455522"><ele>225.0</ele></trkpt><trkpt lat="61.11288082" lon="14.11466661"><ele>225.0</ele></trkpt><trkpt lat="61.11295980" lon="14.11476363"><ele>225.0</ele></trkpt><trkpt lat="61.11304182" lon="14.11484628"><ele>225.0</ele></trkpt><trkpt lat="61.11307783" lon="14.11490197"><ele>225.0</ele></trkpt><trkpt lat="61.11314466" lon="14.11501516"><ele>224.0</ele></trkpt><trkpt lat="61.11322365" lon="14.11517147"><ele>224.0</ele></trkpt><trkpt lat="61.11338074" lon="14.11544276"><ele>224.0</ele></trkpt><trkpt lat="61.11364675" lon="14.11590090"><ele>223.0</ele></trkpt><trkpt lat="61.11377650" lon="14.11613176"><ele>223.0</ele></trkpt><trkpt lat="61.11392101" lon="14.11638958"><ele>222.0</ele></trkpt><trkpt lat="61.11406898" lon="14.11661596"><ele>222.0</ele></trkpt><trkpt lat="61.11424387" lon="14.11672825"><ele>220.0</ele></trkpt><trkpt lat="61.11442395" lon="14.11680820"><ele>218.0</ele></trkpt><trkpt lat="61.11454459" lon="14.11694923"><ele>217.0</ele></trkpt><trkpt lat="61.11457974" lon="14.11701122"><ele>217.0</ele></trkpt><trkpt lat="61.11461662" lon="14.11710015"><ele>216.0</ele></trkpt><trkpt lat="61.11468692" lon="14.11731844"><ele>217.0</ele></trkpt><trkpt lat="61.11474290" lon="14.11755290"><ele>216.0</ele></trkpt><trkpt lat="61.11476286" lon="14.11765890"><ele>217.0</ele></trkpt><trkpt lat="61.11477674" lon="14.11803170"><ele>219.0</ele></trkpt><trkpt lat="61.11475678" lon="14.11840271"><ele>221.0</ele></trkpt><trkpt lat="61.11475592" lon="14.11852847"><ele>221.0</ele></trkpt><trkpt lat="61.11478889" lon="14.11877730"><ele>222.0</ele></trkpt><trkpt lat="61.11482665" lon="14.11892463"><ele>221.0</ele></trkpt><trkpt lat="61.11488870" lon="14.11909620"><ele>222.0</ele></trkpt><trkpt lat="61.11501281" lon="14.11936570"><ele>219.0</ele></trkpt><trkpt lat="61.11506184" lon="14.11945912"><ele>220.0</ele></trkpt><trkpt lat="61.11512867" lon="14.11962531"><ele>218.0</ele></trkpt><trkpt lat="61.11516381" lon="14.11974479"><ele>218.0</ele></trkpt><trkpt lat="61.11518985" lon="14.12000171"><ele>218.0</ele></trkpt><trkpt lat="61.11519072" lon="14.12012118"><ele>218.0</ele></trkpt><trkpt lat="61.11520287" lon="14.12037720"><ele>218.0</ele></trkpt><trkpt lat="61.11518464" lon="14.12051195"><ele>218.0</ele></trkpt><trkpt lat="61.11512910" lon="14.12077785"><ele>218.0</ele></trkpt><trkpt lat="61.11506661" lon="14.12107430"><ele>218.0</ele></trkpt><trkpt lat="61.11503797" lon="14.12144530"><ele>218.0</ele></trkpt><trkpt lat="61.11505490" lon="14.12181720"><ele>218.0</ele></trkpt><trkpt lat="61.11508788" lon="14.12218192"><ele>217.0</ele></trkpt><trkpt lat="61.11515991" lon="14.12255292"><ele>215.0</ele></trkpt><trkpt lat="61.11521675" lon="14.12279637"><ele>213.0</ele></trkpt><trkpt lat="61.11521675" lon="14.12326978"><ele>213.0</ele></trkpt><trkpt lat="61.11517596" lon="14.12363360"><ele>213.0</ele></trkpt><trkpt lat="61.11517596" lon="14.12403155"><ele>213.0</ele></trkpt><trkpt lat="61.11516859" lon="14.12438638"><ele>213.0</ele></trkpt><trkpt lat="61.11520591" lon="14.12473762"><ele>213.0</ele></trkpt><trkpt lat="61.11524886" lon="14.12514097"><ele>213.0</ele></trkpt><trkpt lat="61.11532697" lon="14.12548233"><ele>212.0</ele></trkpt><trkpt lat="61.11537861" lon="14.12566379"><ele>213.0</ele></trkpt><trkpt lat="61.11542981" lon="14.12579494"><ele>212.0</ele></trkpt><trkpt lat="61.11546973" lon="14.12587579"><ele>213.0</ele></trkpt><trkpt lat="61.11555392" lon="14.12607252"><ele>212.0</ele></trkpt><trkpt lat="61.11565893" lon="14.12625668"><ele>212.0</ele></trkpt><trkpt lat="61.11575960" lon="14.12645071"><ele>212.0</ele></trkpt><trkpt lat="61.11582382" lon="14.12659265"><ele>211.0</ele></trkpt><trkpt lat="61.11586287" lon="14.12671392"><ele>212.0</ele></trkpt><trkpt lat="61.11589585" lon="14.12694029"><ele>213.0</ele></trkpt><trkpt lat="61.11587068" lon="14.12731130"><ele>215.0</ele></trkpt><trkpt lat="61.11582295" lon="14.12767422"><ele>216.0</ele></trkpt><trkpt lat="61.11576394" lon="14.12802995"><ele>219.0</ele></trkpt><trkpt lat="61.11569885" lon="14.12838389"><ele>221.0</ele></trkpt><trkpt lat="61.11562378" lon="14.12872884"><ele>222.0</ele></trkpt><trkpt lat="61.11559080" lon="14.12886089"><ele>223.0</ele></trkpt><trkpt lat="61.11552658" lon="14.12904684"><ele>223.0</ele></trkpt><trkpt lat="61.11540465" lon="14.12933161"><ele>225.0</ele></trkpt><trkpt lat="61.11528792" lon="14.12962536"><ele>227.0</ele></trkpt><trkpt lat="61.11514082" lon="14.13006374"><ele>229.0</ele></trkpt><trkpt lat="61.11506271" lon="14.13020747"><ele>230.0</ele></trkpt><trkpt lat="61.11497288" lon="14.13027754"><ele>231.0</ele></trkpt><trkpt lat="61.11488479" lon="14.13029640"><ele>232.0</ele></trkpt><trkpt lat="61.11473335" lon="14.13030359"><ele>233.0</ele></trkpt><trkpt lat="61.11452376" lon="14.13031347"><ele>236.0</ele></trkpt><trkpt lat="61.11434454" lon="14.13030628"><ele>238.0</ele></trkpt><trkpt lat="61.11416749" lon="14.13028742"><ele>240.0</ele></trkpt><trkpt lat="61.11395486" lon="14.13026496"><ele>241.0</ele></trkpt><trkpt lat="61.11388976" lon="14.13028652"><ele>241.0</ele></trkpt><trkpt lat="61.11380471" lon="14.13036557"><ele>241.0</ele></trkpt><trkpt lat="61.11376696" lon="14.13044372"><ele>242.0</ele></trkpt><trkpt lat="61.11373788" lon="14.13059195"><ele>242.0</ele></trkpt><trkpt lat="61.11373267" lon="14.13070962"><ele>242.0</ele></trkpt><trkpt lat="61.11370360" lon="14.13108512"><ele>242.0</ele></trkpt><trkpt lat="61.11368971" lon="14.13120370"><ele>242.0</ele></trkpt><trkpt lat="61.11364285" lon="14.13143816"><ele>242.0</ele></trkpt><trkpt lat="61.11355172" lon="14.13176964"><ele>242.0</ele></trkpt><trkpt lat="61.11344670" lon="14.13207866"><ele>242.0</ele></trkpt><trkpt lat="61.11332866" lon="14.13236432"><ele>242.0</ele></trkpt><trkpt lat="61.11320672" lon="14.13264190"><ele>242.0</ele></trkpt><trkpt lat="61.11315899" lon="14.13278563"><ele>242.0</ele></trkpt><trkpt lat="61.11311863" lon="14.13297158"><ele>241.0</ele></trkpt><trkpt lat="61.11308087" lon="14.13331654"><ele>241.0</ele></trkpt><trkpt lat="61.11305570" lon="14.13367317"><ele>241.0</ele></trkpt><trkpt lat="61.11302663" lon="14.13408190"><ele>241.0</ele></trkpt><trkpt lat="61.11301491" lon="14.13445380"><ele>241.0</ele></trkpt><trkpt lat="61.11301100" lon="14.13480774"><ele>241.0</ele></trkpt><trkpt lat="61.11300667" lon="14.13520030"><ele>241.0</ele></trkpt><trkpt lat="61.11299495" lon="14.13557041"><ele>242.0</ele></trkpt><trkpt lat="61.11298800" lon="14.13565844"><ele>242.0</ele></trkpt><trkpt lat="61.11292378" lon="14.13618575"><ele>242.0</ele></trkpt><trkpt lat="61.11291467" lon="14.13630882"><ele>243.0</ele></trkpt><trkpt lat="61.11290468" lon="14.13668252"><ele>243.0</ele></trkpt><trkpt lat="61.11290382" lon="14.13683883"><ele>243.0</ele></trkpt><trkpt lat="61.11289384" lon="14.13705802"><ele>244.0</ele></trkpt><trkpt lat="61.11286172" lon="14.13742274"><ele>245.0</ele></trkpt><trkpt lat="61.11285782" lon="14.13767965"><ele>245.0</ele></trkpt><trkpt lat="61.11286780" lon="14.13779464"><ele>245.0</ele></trkpt><trkpt lat="61.11292291" lon="14.13815127"><ele>244.0</ele></trkpt><trkpt lat="61.11296587" lon="14.13849622"><ele>244.0</ele></trkpt><trkpt lat="61.11301361" lon="14.13888340"><ele>244.0</ele></trkpt><trkpt lat="61.11307393" lon="14.13923554"><ele>244.0</ele></trkpt><trkpt lat="61.11314466" lon="14.13958947"><ele>243.0</ele></trkpt><trkpt lat="61.11323189" lon="14.13997754"><ele>242.0</ele></trkpt><trkpt lat="61.11338291" lon="14.14065128"><ele>241.0</ele></trkpt><trkpt lat="61.11344410" lon="14.14096659"><ele>240.0</ele></trkpt><trkpt lat="61.11350702" lon="14.14128819"><ele>239.0</ele></trkpt><trkpt lat="61.11357385" lon="14.14154960"><ele>239.0</ele></trkpt><trkpt lat="61.11367669" lon="14.14191072"><ele>238.0</ele></trkpt><trkpt lat="61.11369883" lon="14.14200594"><ele>238.0</ele></trkpt><trkpt lat="61.11377260" lon="14.14235359"><ele>238.0</ele></trkpt><trkpt lat="61.11385201" lon="14.14280634"><ele>239.0</ele></trkpt><trkpt lat="61.11396484" lon="14.14341629"><ele>239.0</ele></trkpt><trkpt lat="61.11401084" lon="14.14359686"><ele>239.0</ele></trkpt><trkpt lat="61.11405380" lon="14.14372442"><ele>239.0</ele></trkpt><trkpt lat="61.11411672" lon="14.14389061"><ele>239.0</ele></trkpt><trkpt lat="61.11420698" lon="14.14408644"><ele>239.0</ele></trkpt><trkpt lat="61.11430288" lon="14.14425981"><ele>239.0</ele></trkpt><trkpt lat="61.11438490" lon="14.14460297"><ele>239.0</ele></trkpt><trkpt lat="61.11445086" lon="14.14495241"><ele>239.0</ele></trkpt><trkpt lat="61.11454285" lon="14.14528030"><ele>239.0</ele></trkpt><trkpt lat="61.11464656" lon="14.14559291"><ele>238.0</ele></trkpt><trkpt lat="61.11473465" lon="14.14587768"><ele>238.0</ele></trkpt><trkpt lat="61.11479584" lon="14.14612741"><ele>238.0</ele></trkpt><trkpt lat="61.11482882" lon="14.14623970"><ele>238.0</ele></trkpt><trkpt lat="61.11495379" lon="14.14650919"><ele>237.0</ele></trkpt><trkpt lat="61.11510176" lon="14.14673557"><ele>236.0</ele></trkpt><trkpt lat="61.11523368" lon="14.14699339"><ele>235.0</ele></trkpt><trkpt lat="61.11534259" lon="14.14730330"><ele>234.0</ele></trkpt><trkpt lat="61.11542591" lon="14.14763658"><ele>233.0</ele></trkpt><trkpt lat="61.11549794" lon="14.14798692"><ele>233.0</ele></trkpt><trkpt lat="61.11555565" lon="14.14833727"><ele>232.0</ele></trkpt><trkpt lat="61.11560599" lon="14.14867952"><ele>231.0</ele></trkpt><trkpt lat="61.11566283" lon="14.14906490"><ele>231.0</ele></trkpt><trkpt lat="61.11570839" lon="14.14940626"><ele>230.0</ele></trkpt><trkpt lat="61.11575873" lon="14.14978445"><ele>230.0</ele></trkpt><trkpt lat="61.11582469" lon="14.15013390"><ele>228.0</ele></trkpt><trkpt lat="61.11591234" lon="14.15044022"><ele>227.0</ele></trkpt><trkpt lat="61.11601084" lon="14.15078338"><ele>226.0</ele></trkpt><trkpt lat="61.11609502" lon="14.15111665"><ele>225.0</ele></trkpt><trkpt lat="61.11617182" lon="14.15146161"><ele>224.0</ele></trkpt><trkpt lat="61.11626902" lon="14.15177781"><ele>222.0</ele></trkpt><trkpt lat="61.11639182" lon="14.15205090"><ele>221.0</ele></trkpt><trkpt lat="61.11647556" lon="14.15220541"><ele>220.0</ele></trkpt><trkpt lat="61.11652199" lon="14.15231590"><ele>219.0</ele></trkpt><trkpt lat="61.11656061" lon="14.15242280"><ele>219.0</ele></trkpt><trkpt lat="61.11661789" lon="14.15263930"><ele>218.0</ele></trkpt><trkpt lat="61.11664088" lon="14.15280638"><ele>218.0</ele></trkpt><trkpt lat="61.11664696" lon="14.15301569"><ele>218.0</ele></trkpt><trkpt lat="61.11661962" lon="14.15338670"><ele>218.0</ele></trkpt><trkpt lat="61.11659185" lon="14.15356636"><ele>218.0</ele></trkpt><trkpt lat="61.11655584" lon="14.15373973"><ele>218.0</ele></trkpt><trkpt lat="61.11646298" lon="14.15405864"><ele>218.0</ele></trkpt><trkpt lat="61.11644389" lon="14.15417093"><ele>217.0</ele></trkpt><trkpt lat="61.11643174" lon="14.15432993"><ele>217.0</ele></trkpt><trkpt lat="61.11643260" lon="14.15442695"><ele>217.0</ele></trkpt><trkpt lat="61.11645560" lon="14.15466769"><ele>217.0</ele></trkpt><trkpt lat="61.11653674" lon="14.15517524"><ele>216.0</ele></trkpt><trkpt lat="61.11657970" lon="14.15551840"><ele>215.0</ele></trkpt><trkpt lat="61.11659706" lon="14.15587323"><ele>215.0</ele></trkpt><trkpt lat="61.11661658" lon="14.15627208"><ele>214.0</ele></trkpt><trkpt lat="61.11662960" lon="14.15665028"><ele>214.0</ele></trkpt><trkpt lat="61.11663177" lon="14.15702218"><ele>213.0</ele></trkpt><trkpt lat="61.11664175" lon="14.15739588"><ele>213.0</ele></trkpt><trkpt lat="61.11664262" lon="14.15777317"><ele>212.0</ele></trkpt><trkpt lat="61.11666258" lon="14.15815316"><ele>212.0</ele></trkpt><trkpt lat="61.11667777" lon="14.15859333"><ele>212.0</ele></trkpt><trkpt lat="61.11666779" lon="14.15899937"><ele>212.0</ele></trkpt><trkpt lat="61.11659576" lon="14.15926617"><ele>212.0</ele></trkpt><trkpt lat="61.11655063" lon="14.15937487"><ele>212.0</ele></trkpt><trkpt lat="61.11645777" lon="14.15951051"><ele>212.0</ele></trkpt><trkpt lat="61.11628073" lon="14.15961741"><ele>212.0</ele></trkpt><trkpt lat="61.11610370" lon="14.15973779"><ele>213.0</ele></trkpt><trkpt lat="61.11595139" lon="14.15990577"><ele>213.0</ele></trkpt><trkpt lat="61.11577956" lon="14.16009531"><ele>214.0</ele></trkpt><trkpt lat="61.11560946" lon="14.16044566"><ele>214.0</ele></trkpt><trkpt lat="61.11547407" lon="14.16076636"><ele>215.0</ele></trkpt><trkpt lat="61.11538772" lon="14.16102417"><ele>215.0</ele></trkpt><trkpt lat="61.11531743" lon="14.16119395"><ele>215.0</ele></trkpt><trkpt lat="61.11520634" lon="14.16154250"><ele>215.0</ele></trkpt><trkpt lat="61.11507573" lon="14.16176079"><ele>216.0</ele></trkpt><trkpt lat="61.11493687" lon="14.16199256"><ele>216.0</ele></trkpt><trkpt lat="61.11485485" lon="14.16214168"><ele>217.0</ele></trkpt><trkpt lat="61.11482882" lon="14.16219827"><ele>217.0</ele></trkpt><trkpt lat="61.11478369" lon="14.16232314"><ele>217.0</ele></trkpt><trkpt lat="61.11475071" lon="14.16248663"><ele>217.0</ele></trkpt><trkpt lat="61.11473595" lon="14.16266090"><ele>216.0</ele></trkpt><trkpt lat="61.11472380" lon="14.16286123"><ele>216.0</ele></trkpt><trkpt lat="61.11472077" lon="14.16306964"><ele>216.0</ele></trkpt><trkpt lat="61.11470862" lon="14.16318642"><ele>216.0</ele></trkpt><trkpt lat="61.11469169" lon="14.16330320"><ele>217.0</ele></trkpt><trkpt lat="61.11459970" lon="14.16366791"><ele>217.0</ele></trkpt><trkpt lat="61.11455500" lon="14.16382332"><ele>218.0</ele></trkpt><trkpt lat="61.11452897" lon="14.16389878"><ele>218.0</ele></trkpt><trkpt lat="61.11447472" lon="14.16403173"><ele>218.0</ele></trkpt><trkpt lat="61.11442482" lon="14.16413414"><ele>219.0</ele></trkpt><trkpt lat="61.11438663" lon="14.16423385"><ele>219.0</ele></trkpt><trkpt lat="61.11432588" lon="14.16435423"><ele>219.0</ele></trkpt><trkpt lat="61.11428162" lon="14.16443058"><ele>219.0</ele></trkpt><trkpt lat="61.11421175" lon="14.16458060"><ele>219.0</ele></trkpt><trkpt lat="61.11405380" lon="14.16488334"><ele>222.0</ele></trkpt><trkpt lat="61.11399174" lon="14.16499473"><ele>223.0</ele></trkpt><trkpt lat="61.11389671" lon="14.16514564"><ele>224.0</ele></trkpt><trkpt lat="61.11371792" lon="14.16555617"><ele>225.0</ele></trkpt><trkpt lat="61.11366758" lon="14.16566038"><ele>227.0</ele></trkpt><trkpt lat="61.11355172" lon="14.16589214"><ele>228.0</ele></trkpt><trkpt lat="61.11348576" lon="14.16599635"><ele>229.0</ele></trkpt><trkpt lat="61.11340461" lon="14.16617781"><ele>230.0</ele></trkpt><trkpt lat="61.11325793" lon="14.16646617"><ele>232.0</ele></trkpt><trkpt lat="61.11318372" lon="14.16658924"><ele>233.0</ele></trkpt><trkpt lat="61.11308261" lon="14.16674285"><ele>234.0</ele></trkpt><trkpt lat="61.11300667" lon="14.16683897"><ele>234.0</ele></trkpt><trkpt lat="61.11297065" lon="14.16690095"><ele>235.0</ele></trkpt><trkpt lat="61.11290165" lon="14.16703929"><ele>235.0</ele></trkpt><trkpt lat="61.11286259" lon="14.16709319"><ele>236.0</ele></trkpt><trkpt lat="61.11279272" lon="14.16715967"><ele>237.0</ele></trkpt><trkpt lat="61.11261176" lon="14.16730340"><ele>239.0</ele></trkpt><trkpt lat="61.11257183" lon="14.16732765"><ele>241.0</ele></trkpt><trkpt lat="61.11250066" lon="14.16739143"><ele>241.0</ele></trkpt><trkpt lat="61.11243774" lon="14.16747677"><ele>243.0</ele></trkpt><trkpt lat="61.11240692" lon="14.16753786"><ele>243.0</ele></trkpt><trkpt lat="61.11240736" lon="14.16785317"><ele>243.0</ele></trkpt><trkpt lat="61.11240779" lon="14.16820890"><ele>243.0</ele></trkpt><trkpt lat="61.11253712" lon="14.16855475"><ele>241.0</ele></trkpt><trkpt lat="61.11277580" lon="14.16919345"><ele>238.0</ele></trkpt><trkpt lat="61.11283655" lon="14.16941893"><ele>237.0</ele></trkpt><trkpt lat="61.11288689" lon="14.16965249"><ele>237.0</ele></trkpt><trkpt lat="61.11292161" lon="14.16988336"><ele>235.0</ele></trkpt><trkpt lat="61.11296804" lon="14.17026065"><ele>235.0</ele></trkpt><trkpt lat="61.11301448" lon="14.17063704"><ele>234.0</ele></trkpt><trkpt lat="61.11307089" lon="14.17109429"><ele>234.0</ele></trkpt><trkpt lat="61.11313555" lon="14.17159645"><ele>232.0</ele></trkpt><trkpt lat="61.11319023" lon="14.17192792"><ele>231.0</ele></trkpt><trkpt lat="61.11324881" lon="14.17228455"><ele>230.0</ele></trkpt><trkpt lat="61.11330176" lon="14.17252351"><ele>229.0</ele></trkpt><trkpt lat="61.11336772" lon="14.17279120"><ele>229.0</ele></trkpt><trkpt lat="61.11346666" lon="14.17319455"><ele>227.0</ele></trkpt><trkpt lat="61.11352091" lon="14.17343350"><ele>226.0</ele></trkpt><trkpt lat="61.11356777" lon="14.17369581"><ele>226.0</ele></trkpt><trkpt lat="61.11359772" lon="14.17395093"><ele>226.0</ele></trkpt><trkpt lat="61.11362549" lon="14.17424019"><ele>225.0</ele></trkpt><trkpt lat="61.11366671" lon="14.17466599"><ele>225.0</ele></trkpt><trkpt lat="61.11371184" lon="14.17493189"><ele>224.0</ele></trkpt><trkpt lat="61.11382988" lon="14.17538015"><ele>223.0</ele></trkpt><trkpt lat="61.11390278" lon="14.17559125"><ele>222.0</ele></trkpt><trkpt lat="61.11399521" lon="14.17582841"><ele>222.0</ele></trkpt><trkpt lat="61.11413581" lon="14.17618863"><ele>220.0</ele></trkpt><trkpt lat="61.11433065" lon="14.17666743"><ele>219.0</ele></trkpt><trkpt lat="61.11438793" lon="14.17678152"><ele>219.0</ele></trkpt><trkpt lat="61.11444391" lon="14.17684800"><ele>218.0</ele></trkpt><trkpt lat="61.11451291" lon="14.17687225"><ele>218.0</ele></trkpt><trkpt lat="61.11456976" lon="14.17682823"><ele>218.0</ele></trkpt><trkpt lat="61.11473682" lon="14.17653538"><ele>217.0</ele></trkpt><trkpt lat="61.11495162" lon="14.17611228"><ele>216.0</ele></trkpt><trkpt lat="61.11505576" lon="14.17592363"><ele>216.0</ele></trkpt><trkpt lat="61.11516468" lon="14.17575744"><ele>215.0</ele></trkpt><trkpt lat="61.11522890" lon="14.17568647"><ele>215.0</ele></trkpt><trkpt lat="61.11534867" lon="14.17568198"><ele>214.0</ele></trkpt><trkpt lat="61.11539076" lon="14.17574666"><ele>214.0</ele></trkpt><trkpt lat="61.11540985" lon="14.17582841"><ele>213.0</ele></trkpt><trkpt lat="61.11541159" lon="14.17593351"><ele>214.0</ele></trkpt><trkpt lat="61.11525060" lon="14.17614192"><ele>214.0</ele></trkpt><trkpt lat="61.11502365" lon="14.17643387"><ele>215.0</ele></trkpt><trkpt lat="61.11487264" lon="14.17660545"><ele>216.0</ele></trkpt><trkpt lat="61.11470167" lon="14.17679949"><ele>216.0</ele></trkpt><trkpt lat="61.11454372" lon="14.17699532"><ele>217.0</ele></trkpt><trkpt lat="61.11437882" lon="14.17724685"><ele>219.0</ele></trkpt><trkpt lat="61.11409893" lon="14.17767265"><ele>220.0</ele></trkpt><trkpt lat="61.11396571" lon="14.17794035"><ele>221.0</ele></trkpt><trkpt lat="61.11392578" lon="14.17831764"><ele>221.0</ele></trkpt><trkpt lat="61.11392969" lon="14.17869942"><ele>220.0</ele></trkpt><trkpt lat="61.11392795" lon="14.17907492"><ele>220.0</ele></trkpt><trkpt lat="61.11391363" lon="14.17945401"><ele>220.0</ele></trkpt><trkpt lat="61.11389497" lon="14.17983759"><ele>220.0</ele></trkpt><trkpt lat="61.11386763" lon="14.18018973"><ele>219.0</ele></trkpt><trkpt lat="61.11383682" lon="14.18058768"><ele>218.0</ele></trkpt><trkpt lat="61.11379863" lon="14.18095869"><ele>218.0</ele></trkpt><trkpt lat="61.11377477" lon="14.18133328"><ele>217.0</ele></trkpt><trkpt lat="61.11374569" lon="14.18171417"><ele>217.0</ele></trkpt><trkpt lat="61.11370967" lon="14.18207978"><ele>217.0</ele></trkpt><trkpt lat="61.11366671" lon="14.18244989"><ele>218.0</ele></trkpt><trkpt lat="61.11361073" lon="14.18280652"><ele>218.0</ele></trkpt><trkpt lat="61.11354477" lon="14.18316225"><ele>219.0</ele></trkpt><trkpt lat="61.11348489" lon="14.18352248"><ele>220.0</ele></trkpt><trkpt lat="61.11343064" lon="14.18388360"><ele>220.0</ele></trkpt><trkpt lat="61.11338378" lon="14.18425640"><ele>220.0</ele></trkpt><trkpt lat="61.11334168" lon="14.18463729"><ele>220.0</ele></trkpt><trkpt lat="61.11331174" lon="14.18501458"><ele>220.0</ele></trkpt><trkpt lat="61.11330263" lon="14.18540445"><ele>219.0</ele></trkpt><trkpt lat="61.11331434" lon="14.18576288"><ele>218.0</ele></trkpt><trkpt lat="61.11332780" lon="14.18617071"><ele>218.0</ele></trkpt><trkpt lat="61.11333387" lon="14.18654980"><ele>218.0</ele></trkpt><trkpt lat="61.11331391" lon="14.18693248"><ele>218.0</ele></trkpt><trkpt lat="61.11326270" lon="14.18729271"><ele>219.0</ele></trkpt><trkpt lat="61.11318459" lon="14.18763766"><ele>220.0</ele></trkpt><trkpt lat="61.11309476" lon="14.18797543"><ele>221.0</ele></trkpt><trkpt lat="61.11300276" lon="14.18829702"><ele>221.0</ele></trkpt><trkpt lat="61.11290382" lon="14.18861593"><ele>221.0</ele></trkpt><trkpt lat="61.11282787" lon="14.18897076"><ele>222.0</ele></trkpt><trkpt lat="61.11278187" lon="14.18933099"><ele>222.0</ele></trkpt><trkpt lat="61.11274368" lon="14.18970199"><ele>221.0</ele></trkpt><trkpt lat="61.11270072" lon="14.19006850"><ele>221.0</ele></trkpt><trkpt lat="61.11262564" lon="14.19041974"><ele>221.0</ele></trkpt><trkpt lat="61.11252366" lon="14.19074404"><ele>221.0</ele></trkpt><trkpt lat="61.11243470" lon="14.19106743"><ele>221.0</ele></trkpt><trkpt lat="61.11232490" lon="14.19137555"><ele>221.0</ele></trkpt><trkpt lat="61.11222075" lon="14.19169086"><ele>221.0</ele></trkpt><trkpt lat="61.11211269" lon="14.19200168"><ele>221.0</ele></trkpt><trkpt lat="61.11199552" lon="14.19237448"><ele>221.0</ele></trkpt><trkpt lat="61.11176681" lon="14.19310121"><ele>220.0</ele></trkpt><trkpt lat="61.11165658" lon="14.19341652"><ele>220.0</ele></trkpt><trkpt lat="61.11153941" lon="14.19376417"><ele>219.0</ele></trkpt><trkpt lat="61.11133978" lon="14.19435616"><ele>218.0</ele></trkpt><trkpt lat="61.11123996" lon="14.19468315"><ele>218.0</ele></trkpt><trkpt lat="61.11113493" lon="14.19500744"><ele>219.0</ele></trkpt><trkpt lat="61.11103382" lon="14.19529490"><ele>219.0</ele></trkpt><trkpt lat="61.11092185" lon="14.19561470"><ele>220.0</ele></trkpt><trkpt lat="61.11079859" lon="14.19590486"><ele>222.0</ele></trkpt><trkpt lat="61.11062760" lon="14.19606296"><ele>223.0</ele></trkpt><trkpt lat="61.11045183" lon="14.19614022"><ele>226.0</ele></trkpt><trkpt lat="61.11029993" lon="14.19636749"><ele>229.0</ele></trkpt><trkpt lat="61.11021660" lon="14.19669807"><ele>232.0</ele></trkpt><trkpt lat="61.11018492" lon="14.19693253"><ele>235.0</ele></trkpt><trkpt lat="61.11017798" lon="14.19706638"><ele>236.0</ele></trkpt><trkpt lat="61.11019490" lon="14.19745086"><ele>237.0</ele></trkpt><trkpt lat="61.11019056" lon="14.19782545"><ele>239.0</ele></trkpt><trkpt lat="61.11018362" lon="14.19787935"><ele>239.0</ele></trkpt><trkpt lat="61.11010593" lon="14.19815963"><ele>241.0</ele></trkpt><trkpt lat="61.11000351" lon="14.19844978"><ele>243.0</ele></trkpt><trkpt lat="61.10988676" lon="14.19878036"><ele>247.0</ele></trkpt><trkpt lat="61.10978694" lon="14.19907232"><ele>250.0</ele></trkpt><trkpt lat="61.10967497" lon="14.19940020"><ele>253.0</ele></trkpt><trkpt lat="61.10957081" lon="14.19971731"><ele>256.0</ele></trkpt><trkpt lat="61.10947359" lon="14.20003711"><ele>259.0</ele></trkpt><trkpt lat="61.10935988" lon="14.20034882"><ele>262.0</ele></trkpt><trkpt lat="61.10926483" lon="14.20067491"><ele>265.0</ele></trkpt><trkpt lat="61.10916067" lon="14.20096686"><ele>267.0</ele></trkpt><trkpt lat="61.10903958" lon="14.20130643"><ele>270.0</ele></trkpt><trkpt lat="61.10891892" lon="14.20168372"><ele>272.0</ele></trkpt><trkpt lat="61.10879826" lon="14.20206011"><ele>276.0</ele></trkpt><trkpt lat="61.10867283" lon="14.20245268"><ele>277.0</ele></trkpt><trkpt lat="61.10851875" lon="14.20289914"><ele>279.0</ele></trkpt><trkpt lat="61.10842196" lon="14.20322074"><ele>279.0</ele></trkpt><trkpt lat="61.10830782" lon="14.20357288"><ele>279.0</ele></trkpt><trkpt lat="61.10811467" lon="14.20416846"><ele>279.0</ele></trkpt><trkpt lat="61.10801354" lon="14.20446131"><ele>279.0</ele></trkpt><trkpt lat="61.10789679" lon="14.20479818"><ele>279.0</ele></trkpt><trkpt lat="61.10779696" lon="14.20509462"><ele>279.0</ele></trkpt><trkpt lat="61.10768064" lon="14.20543868"><ele>278.0</ele></trkpt><trkpt lat="61.10754870" lon="14.20583843"><ele>277.0</ele></trkpt><trkpt lat="61.10741631" lon="14.20623728"><ele>275.0</ele></trkpt><trkpt lat="61.10721058" lon="14.20685891"><ele>273.0</ele></trkpt><trkpt lat="61.10716197" lon="14.20703768"><ele>273.0</ele></trkpt><trkpt lat="61.10705606" lon="14.20734670"><ele>273.0</ele></trkpt><trkpt lat="61.10684685" lon="14.20796025"><ele>269.0</ele></trkpt><trkpt lat="61.10674962" lon="14.20825669"><ele>267.0</ele></trkpt><trkpt lat="61.10663894" lon="14.20859446"><ele>266.0</ele></trkpt><trkpt lat="61.10654389" lon="14.20889270"><ele>264.0</ele></trkpt><trkpt lat="61.10643667" lon="14.20922777"><ele>262.0</ele></trkpt><trkpt lat="61.10633814" lon="14.20952152"><ele>260.0</ele></trkpt><trkpt lat="61.10622659" lon="14.20985479"><ele>259.0</ele></trkpt><trkpt lat="61.10610593" lon="14.21012968"><ele>258.0</ele></trkpt><trkpt lat="61.10601260" lon="14.21045667"><ele>256.0</ele></trkpt><trkpt lat="61.10591364" lon="14.21075401"><ele>255.0</ele></trkpt><trkpt lat="61.10579861" lon="14.21109716"><ele>255.0</ele></trkpt><trkpt lat="61.10570008" lon="14.21141607"><ele>252.0</ele></trkpt><trkpt lat="61.10557377" lon="14.21182300"><ele>252.0</ele></trkpt><trkpt lat="61.10550692" lon="14.21206016"><ele>251.0</ele></trkpt><trkpt lat="61.10540188" lon="14.21238355"><ele>251.0</ele></trkpt><trkpt lat="61.10529293" lon="14.21266383"><ele>251.0</ele></trkpt><trkpt lat="61.10516878" lon="14.21298453"><ele>250.0</ele></trkpt><trkpt lat="61.10506678" lon="14.21327468"><ele>250.0</ele></trkpt><trkpt lat="61.10495088" lon="14.21360346"><ele>249.0</ele></trkpt><trkpt lat="61.10484627" lon="14.21389093"><ele>249.0</ele></trkpt><trkpt lat="61.10472690" lon="14.21421881"><ele>248.0</ele></trkpt><trkpt lat="61.10457801" lon="14.21465898"><ele>247.0</ele></trkpt><trkpt lat="61.10442956" lon="14.21510006"><ele>245.0</ele></trkpt><trkpt lat="61.10428110" lon="14.21554113"><ele>245.0</ele></trkpt><trkpt lat="61.10399287" lon="14.21639633"><ele>244.0</ele></trkpt><trkpt lat="61.10388869" lon="14.21671882"><ele>243.0</ele></trkpt><trkpt lat="61.10380231" lon="14.21702874"><ele>242.0</ele></trkpt><trkpt lat="61.10370377" lon="14.21738268"><ele>241.0</ele></trkpt><trkpt lat="61.10360176" lon="14.21770966"><ele>239.0</ele></trkpt><trkpt lat="61.10348412" lon="14.21805641"><ele>238.0</ele></trkpt><trkpt lat="61.10328357" lon="14.21864661"><ele>235.0</ele></trkpt><trkpt lat="61.10318720" lon="14.21894305"><ele>233.0</ele></trkpt><trkpt lat="61.10307867" lon="14.21927633"><ele>231.0</ele></trkpt><trkpt lat="61.10297883" lon="14.21956738"><ele>229.0</ele></trkpt><trkpt lat="61.10286683" lon="14.21989437"><ele>227.0</ele></trkpt><trkpt lat="61.10276482" lon="14.22020339"><ele>225.0</ele></trkpt><trkpt lat="61.10265760" lon="14.22051420"><ele>223.0</ele></trkpt><trkpt lat="61.10254560" lon="14.22081244"><ele>222.0</ele></trkpt><trkpt lat="61.10245661" lon="14.22110709"><ele>221.0</ele></trkpt><trkpt lat="61.10233983" lon="14.22144127"><ele>220.0</ele></trkpt><trkpt lat="61.10224693" lon="14.22173861"><ele>219.0</ele></trkpt><trkpt lat="61.10214361" lon="14.22206739"><ele>218.0</ele></trkpt><trkpt lat="61.10203682" lon="14.22238719"><ele>218.0</ele></trkpt><trkpt lat="61.10197865" lon="14.22257853"><ele>218.0</ele></trkpt><trkpt lat="61.10188271" lon="14.22285521"><ele>219.0</ele></trkpt><trkpt lat="61.10171992" lon="14.22332593"><ele>219.0</ele></trkpt><trkpt lat="61.10162181" lon="14.22362237"><ele>219.0</ele></trkpt><trkpt lat="61.10150981" lon="14.22396284"><ele>219.0</ele></trkpt><trkpt lat="61.10141386" lon="14.22429521"><ele>220.0</ele></trkpt><trkpt lat="61.10137870" lon="14.22456111"><ele>220.0</ele></trkpt><trkpt lat="61.10137783" lon="14.22467790"><ele>220.0</ele></trkpt><trkpt lat="61.10139390" lon="14.22505339"><ele>220.0</ele></trkpt><trkpt lat="61.10143297" lon="14.22542260"><ele>220.0</ele></trkpt><trkpt lat="61.10145467" lon="14.22580348"><ele>221.0</ele></trkpt><trkpt lat="61.10144556" lon="14.22591577"><ele>221.0</ele></trkpt><trkpt lat="61.10140475" lon="14.22616461"><ele>221.0</ele></trkpt><trkpt lat="61.10131098" lon="14.22648171"><ele>222.0</ele></trkpt><trkpt lat="61.10119680" lon="14.22677187"><ele>223.0</ele></trkpt><trkpt lat="61.10105485" lon="14.22700992"><ele>223.0</ele></trkpt><trkpt lat="61.10100796" lon="14.22705484"><ele>223.0</ele></trkpt><trkpt lat="61.10088380" lon="14.22713389"><ele>224.0</ele></trkpt><trkpt lat="61.10070494" lon="14.22720396"><ele>224.0</ele></trkpt><trkpt lat="61.10051870" lon="14.22720036"><ele>225.0</ele></trkpt><trkpt lat="61.10036675" lon="14.22718150"><ele>226.0</ele></trkpt><trkpt lat="61.10026690" lon="14.22736745"><ele>227.0</ele></trkpt><trkpt lat="61.10024085" lon="14.22745728"><ele>227.0</ele></trkpt><trkpt lat="61.10015185" lon="14.22780224"><ele>227.0</ele></trkpt><trkpt lat="61.10011061" lon="14.22797920"><ele>227.0</ele></trkpt><trkpt lat="61.10004853" lon="14.22820109"><ele>228.0</ele></trkpt><trkpt lat="61.09998080" lon="14.22844273"><ele>228.0</ele></trkpt><trkpt lat="61.09987661" lon="14.22884877"><ele>228.0</ele></trkpt><trkpt lat="61.09978978" lon="14.22927996"><ele>229.0</ele></trkpt><trkpt lat="61.09975765" lon="14.22940573"><ele>229.0</ele></trkpt><trkpt lat="61.09970078" lon="14.22958629"><ele>229.0</ele></trkpt><trkpt lat="61.09953363" lon="14.23002736"><ele>229.0</ele></trkpt><trkpt lat="61.09946764" lon="14.23023038"><ele>230.0</ele></trkpt><trkpt lat="61.09937777" lon="14.23048281"><ele>230.0</ele></trkpt><trkpt lat="61.09923885" lon="14.23101820"><ele>230.0</ele></trkpt><trkpt lat="61.09918762" lon="14.23117092"><ele>230.0</ele></trkpt><trkpt lat="61.09912466" lon="14.23131914"><ele>230.0</ele></trkpt><trkpt lat="61.09908863" lon="14.23139011"><ele>231.0</ele></trkpt><trkpt lat="61.09892886" lon="14.23163086"><ele>231.0</ele></trkpt><trkpt lat="61.09879471" lon="14.23178716"><ele>231.0</ele></trkpt><trkpt lat="61.09858588" lon="14.23200635"><ele>231.0</ele></trkpt><trkpt lat="61.09849384" lon="14.23214290"><ele>232.0</ele></trkpt><trkpt lat="61.09838964" lon="14.23225788"><ele>232.0</ele></trkpt><trkpt lat="61.09829673" lon="14.23234322"><ele>232.0</ele></trkpt><trkpt lat="61.09824159" lon="14.23240790"><ele>232.0</ele></trkpt><trkpt lat="61.09818384" lon="14.23248875"><ele>232.0</ele></trkpt><trkpt lat="61.09802060" lon="14.23273938"><ele>232.0</ele></trkpt><trkpt lat="61.09783304" lon="14.23294150"><ele>232.0</ele></trkpt><trkpt lat="61.09771364" lon="14.23305019"><ele>232.0</ele></trkpt><trkpt lat="61.09761074" lon="14.23317775"><ele>232.0</ele></trkpt><trkpt lat="61.09749265" lon="14.23334215"><ele>233.0</ele></trkpt><trkpt lat="61.09736977" lon="14.23348767"><ele>233.0</ele></trkpt><trkpt lat="61.09731376" lon="14.23354157"><ele>233.0</ele></trkpt><trkpt lat="61.09715095" lon="14.23365835"><ele>234.0</ele></trkpt><trkpt lat="61.09705760" lon="14.23375986"><ele>234.0</ele></trkpt><trkpt lat="61.09700897" lon="14.23383352"><ele>234.0</ele></trkpt><trkpt lat="61.09696165" lon="14.23394492"><ele>234.0</ele></trkpt><trkpt lat="61.09693994" lon="14.23401858"><ele>234.0</ele></trkpt><trkpt lat="61.09692387" lon="14.23409943"><ele>234.0</ele></trkpt><trkpt lat="61.09690390" lon="14.23417668"><ele>234.0</ele></trkpt><trkpt lat="61.09682965" lon="14.23439138"><ele>234.0</ele></trkpt><trkpt lat="61.09672675" lon="14.23466267"><ele>235.0</ele></trkpt><trkpt lat="61.09665772" lon="14.23481089"><ele>235.0</ele></trkpt><trkpt lat="61.09659172" lon="14.23497618"><ele>235.0</ele></trkpt><trkpt lat="61.09647709" lon="14.23529239"><ele>236.0</ele></trkpt><trkpt lat="61.09631384" lon="14.23574065"><ele>237.0</ele></trkpt><trkpt lat="61.09628171" lon="14.23591672"><ele>237.0</ele></trkpt><trkpt lat="61.09625392" lon="14.23603619"><ele>237.0</ele></trkpt><trkpt lat="61.09624480" lon="14.23610447"><ele>237.0</ele></trkpt><trkpt lat="61.09623786" lon="14.23624550"><ele>237.0</ele></trkpt><trkpt lat="61.09623872" lon="14.23642067"><ele>237.0</ele></trkpt><trkpt lat="61.09624480" lon="14.23650062"><ele>237.0</ele></trkpt><trkpt lat="61.09628258" lon="14.23664974"><ele>237.0</ele></trkpt><trkpt lat="61.09631167" lon="14.23672161"><ele>237.0</ele></trkpt><trkpt lat="61.09634771" lon="14.23679437"><ele>237.0</ele></trkpt><trkpt lat="61.09646407" lon="14.23694888"><ele>236.0</ele></trkpt><trkpt lat="61.09658087" lon="14.23710339"><ele>236.0</ele></trkpt><trkpt lat="61.09663861" lon="14.23719502"><ele>236.0</ele></trkpt><trkpt lat="61.09669593" lon="14.23730641"><ele>236.0</ele></trkpt><trkpt lat="61.09673674" lon="14.23744026"><ele>236.0</ele></trkpt><trkpt lat="61.09675063" lon="14.23758938"><ele>236.0</ele></trkpt><trkpt lat="61.09674369" lon="14.23772592"><ele>236.0</ele></trkpt><trkpt lat="61.09669289" lon="14.23818676"><ele>239.0</ele></trkpt><trkpt lat="61.09663167" lon="14.23863682"><ele>242.0</ele></trkpt><trkpt lat="61.09662776" lon="14.23878684"><ele>243.0</ele></trkpt><trkpt lat="61.09663080" lon="14.23891889"><ele>245.0</ele></trkpt><trkpt lat="61.09663992" lon="14.23898716"><ele>245.0</ele></trkpt><trkpt lat="61.09667595" lon="14.23914526"><ele>246.0</ele></trkpt><trkpt lat="61.09675324" lon="14.23940667"><ele>247.0</ele></trkpt><trkpt lat="61.09686960" lon="14.23979924"><ele>248.0</ele></trkpt><trkpt lat="61.09693994" lon="14.24007682"><ele>249.0</ele></trkpt><trkpt lat="61.09697467" lon="14.24027265"><ele>250.0</ele></trkpt><trkpt lat="61.09701071" lon="14.24051340"><ele>251.0</ele></trkpt><trkpt lat="61.09703980" lon="14.24076672"><ele>252.0</ele></trkpt><trkpt lat="61.09708278" lon="14.24101915"><ele>254.0</ele></trkpt><trkpt lat="61.09709581" lon="14.24113773"><ele>254.0</ele></trkpt><trkpt lat="61.09714096" lon="14.24145753"><ele>254.0</ele></trkpt><trkpt lat="61.09716267" lon="14.24158688"><ele>254.0</ele></trkpt><trkpt lat="61.09719697" lon="14.24184740"><ele>256.0</ele></trkpt><trkpt lat="61.09719567" lon="14.24199292"><ele>256.0</ele></trkpt><trkpt lat="61.09718091" lon="14.24214743"><ele>257.0</ele></trkpt><trkpt lat="61.09715876" lon="14.24228937"><ele>258.0</ele></trkpt><trkpt lat="61.09709494" lon="14.24254089"><ele>261.0</ele></trkpt><trkpt lat="61.09705369" lon="14.24272954"><ele>262.0</ele></trkpt><trkpt lat="61.09703763" lon="14.24283015"><ele>263.0</ele></trkpt><trkpt lat="61.09702764" lon="14.24294244"><ele>263.0</ele></trkpt><trkpt lat="61.09702590" lon="14.24313378"><ele>264.0</ele></trkpt><trkpt lat="61.09702069" lon="14.24322541"><ele>264.0</ele></trkpt><trkpt lat="61.09698075" lon="14.24362965"><ele>267.0</ele></trkpt><trkpt lat="61.09698075" lon="14.24373835"><ele>268.0</ele></trkpt><trkpt lat="61.09692865" lon="14.24403210"><ele>268.0</ele></trkpt><trkpt lat="61.09690086" lon="14.24422883"><ele>268.0</ele></trkpt><trkpt lat="61.09687568" lon="14.24443993"><ele>270.0</ele></trkpt><trkpt lat="61.09686395" lon="14.24477411"><ele>270.0</ele></trkpt><trkpt lat="61.09683660" lon="14.24509840"><ele>270.0</ele></trkpt><trkpt lat="61.09681272" lon="14.24554396"><ele>269.0</ele></trkpt><trkpt lat="61.09680013" lon="14.24589071"><ele>269.0</ele></trkpt><trkpt lat="61.09678667" lon="14.24626261"><ele>269.0</ele></trkpt><trkpt lat="61.09671156" lon="14.24678543"><ele>270.0</ele></trkpt><trkpt lat="61.09666466" lon="14.24684113"><ele>270.0</ele></trkpt><trkpt lat="61.09658173" lon="14.24696150"><ele>271.0</ele></trkpt><trkpt lat="61.09642282" lon="14.24717081"><ele>273.0</ele></trkpt><trkpt lat="61.09638288" lon="14.24723190"><ele>275.0</ele></trkpt><trkpt lat="61.09630385" lon="14.24737563"><ele>275.0</ele></trkpt><trkpt lat="61.09626087" lon="14.24748971"><ele>277.0</ele></trkpt><trkpt lat="61.09624176" lon="14.24755888"><ele>277.0</ele></trkpt><trkpt lat="61.09622787" lon="14.24764872"><ele>277.0</ele></trkpt><trkpt lat="61.09621962" lon="14.24775292"><ele>277.0</ele></trkpt><trkpt lat="61.09618575" lon="14.24796133"><ele>278.0</ele></trkpt><trkpt lat="61.09614060" lon="14.24832874"><ele>279.0</ele></trkpt><trkpt lat="61.09607286" lon="14.24880844"><ele>279.0</ele></trkpt><trkpt lat="61.09600990" lon="14.24912914"><ele>280.0</ele></trkpt><trkpt lat="61.09592784" lon="14.24941390"><ele>281.0</ele></trkpt><trkpt lat="61.09583492" lon="14.24968250"><ele>283.0</ele></trkpt><trkpt lat="61.09576979" lon="14.24996637"><ele>282.0</ele></trkpt><trkpt lat="61.09570684" lon="14.25022149"><ele>283.0</ele></trkpt><trkpt lat="61.09564692" lon="14.25044248"><ele>283.0</ele></trkpt><trkpt lat="61.09557137" lon="14.25060238"><ele>285.0</ele></trkpt><trkpt lat="61.09549191" lon="14.25077216"><ele>290.0</ele></trkpt><trkpt lat="61.09536990" lon="14.25101470"><ele>293.0</ele></trkpt><trkpt lat="61.09530390" lon="14.25120335"><ele>293.0</ele></trkpt><trkpt lat="61.09527394" lon="14.25130845"><ele>297.0</ele></trkpt><trkpt lat="61.09519578" lon="14.25180342"><ele>295.0</ele></trkpt><trkpt lat="61.09510460" lon="14.25232175"><ele>296.0</ele></trkpt><trkpt lat="61.09505162" lon="14.25256879"><ele>297.0</ele></trkpt><trkpt lat="61.09498779" lon="14.25280235"><ele>298.0</ele></trkpt><trkpt lat="61.09487881" lon="14.25312125"><ele>296.0</ele></trkpt><trkpt lat="61.09482974" lon="14.25338626"><ele>296.0</ele></trkpt><trkpt lat="61.09473074" lon="14.25400070"><ele>289.0</ele></trkpt><trkpt lat="61.09464998" lon="14.25431960"><ele>289.0</ele></trkpt><trkpt lat="61.09461394" lon="14.25449388"><ele>288.0</ele></trkpt><trkpt lat="61.09455445" lon="14.25473642"><ele>288.0</ele></trkpt><trkpt lat="61.09448671" lon="14.25501580"><ele>287.0</ele></trkpt><trkpt lat="61.09441073" lon="14.25535626"><ele>283.0</ele></trkpt><trkpt lat="61.09436296" lon="14.25551347"><ele>284.0</ele></trkpt><trkpt lat="61.09430564" lon="14.25567337"><ele>283.0</ele></trkpt><trkpt lat="61.09424659" lon="14.25585752"><ele>283.0</ele></trkpt><trkpt lat="61.09418580" lon="14.25606773"><ele>283.0</ele></trkpt><trkpt lat="61.09412892" lon="14.25629051"><ele>280.0</ele></trkpt><trkpt lat="61.09405857" lon="14.25649532"><ele>279.0</ele></trkpt><trkpt lat="61.09399691" lon="14.25672529"><ele>277.0</ele></trkpt><trkpt lat="61.09393960" lon="14.25699658"><ele>272.0</ele></trkpt><trkpt lat="61.09383669" lon="14.25757240"><ele>262.0</ele></trkpt><trkpt lat="61.09378284" lon="14.25784819"><ele>261.0</ele></trkpt><trkpt lat="61.09365561" lon="14.25836202"><ele>257.0</ele></trkpt><trkpt lat="61.09358701" lon="14.25860547"><ele>255.0</ele></trkpt><trkpt lat="61.09344067" lon="14.25908517"><ele>251.0</ele></trkpt><trkpt lat="61.09334167" lon="14.25938251"><ele>248.0</ele></trkpt><trkpt lat="61.09322790" lon="14.25972477"><ele>243.0</ele></trkpt><trkpt lat="61.09311586" lon="14.26007421"><ele>240.0</ele></trkpt><trkpt lat="61.09301078" lon="14.26036527"><ele>237.0</ele></trkpt><trkpt lat="61.09295476" lon="14.26053235"><ele>235.0</ele></trkpt><trkpt lat="61.09283361" lon="14.26091324"><ele>229.0</ele></trkpt><trkpt lat="61.09278194" lon="14.26113333"><ele>228.0</ele></trkpt><trkpt lat="61.09274286" lon="14.26138755"><ele>225.0</ele></trkpt><trkpt lat="61.09269465" lon="14.26173699"><ele>222.0</ele></trkpt><trkpt lat="61.09263864" lon="14.26214663"><ele>218.0</ele></trkpt><trkpt lat="61.09260086" lon="14.26239456"><ele>217.0</ele></trkpt><trkpt lat="61.09255526" lon="14.26261734"><ele>216.0</ele></trkpt><trkpt lat="61.09250272" lon="14.26287696"><ele>215.0</ele></trkpt><trkpt lat="61.09244974" lon="14.26308896"><ele>215.0</ele></trkpt><trkpt lat="61.09233988" lon="14.26333869"><ele>214.0</ele></trkpt><trkpt lat="61.09226562" lon="14.26353273"><ele>214.0</ele></trkpt><trkpt lat="61.09221786" lon="14.26370790"><ele>214.0</ele></trkpt><trkpt lat="61.09216097" lon="14.26387858"><ele>213.0</ele></trkpt><trkpt lat="61.09205328" lon="14.26414717"><ele>212.0</ele></trkpt><trkpt lat="61.09186959" lon="14.26460621"><ele>211.0</ele></trkpt><trkpt lat="61.09170066" lon="14.26505717"><ele>210.0</ele></trkpt><trkpt lat="61.09162380" lon="14.26527725"><ele>210.0</ele></trkpt><trkpt lat="61.09154086" lon="14.26547129"><ele>209.0</ele></trkpt><trkpt lat="61.09149483" lon="14.26558987"><ele>210.0</ele></trkpt><trkpt lat="61.09145487" lon="14.26570934"><ele>209.0</ele></trkpt><trkpt lat="61.09134588" lon="14.26613874"><ele>209.0</ele></trkpt><trkpt lat="61.09129463" lon="14.26630493"><ele>209.0</ele></trkpt><trkpt lat="61.09124165" lon="14.26644327"><ele>209.0</ele></trkpt><trkpt lat="61.09115871" lon="14.26673971"><ele>209.0</ele></trkpt><trkpt lat="61.09107273" lon="14.26704694"><ele>209.0</ele></trkpt><trkpt lat="61.09099543" lon="14.26734697"><ele>209.0</ele></trkpt><trkpt lat="61.09091683" lon="14.26765240"><ele>209.0</ele></trkpt><trkpt lat="61.09087166" lon="14.26804137"><ele>209.0</ele></trkpt><trkpt lat="61.09079870" lon="14.26831536"><ele>209.0</ele></trkpt><trkpt lat="61.09075094" lon="14.26839800"><ele>209.0</ele></trkpt><trkpt lat="61.09069492" lon="14.26845549"><ele>209.0</ele></trkpt><trkpt lat="61.09063585" lon="14.26849412"><ele>209.0</ele></trkpt><trkpt lat="61.09051860" lon="14.26859024"><ele>209.0</ele></trkpt><trkpt lat="61.09043262" lon="14.26860551"><ele>209.0</ele></trkpt><trkpt lat="61.09035662" lon="14.26862977"><ele>210.0</ele></trkpt><trkpt lat="61.09020679" lon="14.26882290"><ele>209.0</ele></trkpt><trkpt lat="61.09007173" lon="14.26901694"><ele>209.0</ele></trkpt><trkpt lat="61.08981377" lon="14.26934483"><ele>209.0</ele></trkpt><trkpt lat="61.08964701" lon="14.26952269"><ele>210.0</ele></trkpt><trkpt lat="61.08949067" lon="14.26974278"><ele>210.0</ele></trkpt><trkpt lat="61.08935561" lon="14.27000149"><ele>210.0</ele></trkpt><trkpt lat="61.08921576" lon="14.27023955"><ele>209.0</ele></trkpt><trkpt lat="61.08906463" lon="14.27045335"><ele>209.0</ele></trkpt><trkpt lat="61.08890481" lon="14.27066086"><ele>209.0</ele></trkpt><trkpt lat="61.08874282" lon="14.27084232"><ele>209.0</ele></trkpt><trkpt lat="61.08858561" lon="14.27104893"><ele>208.0</ele></trkpt><trkpt lat="61.08844359" lon="14.27129866"><ele>208.0</ele></trkpt><trkpt lat="61.08831504" lon="14.27153941"><ele>207.0</ele></trkpt><trkpt lat="61.08816868" lon="14.27181250"><ele>207.0</ele></trkpt><trkpt lat="61.08804360" lon="14.27208289"><ele>207.0</ele></trkpt><trkpt lat="61.08794284" lon="14.27240179"><ele>206.0</ele></trkpt><trkpt lat="61.08790766" lon="14.27276741"><ele>206.0</ele></trkpt><trkpt lat="61.08782167" lon="14.27338814"><ele>206.0</ele></trkpt><trkpt lat="61.08772569" lon="14.27370884"><ele>206.0</ele></trkpt><trkpt lat="61.08764273" lon="14.27404751"><ele>205.0</ele></trkpt><trkpt lat="61.08753850" lon="14.27441222"><ele>205.0</ele></trkpt><trkpt lat="61.08736087" lon="14.27503296"><ele>206.0</ele></trkpt><trkpt lat="61.08728747" lon="14.27535456"><ele>206.0</ele></trkpt><trkpt lat="61.08720582" lon="14.27571568"><ele>206.0</ele></trkpt><trkpt lat="61.08711461" lon="14.27600853"><ele>206.0</ele></trkpt><trkpt lat="61.08710375" lon="14.27604177"><ele>206.0</ele></trkpt><trkpt lat="61.08697867" lon="14.27632563"><ele>206.0</ele></trkpt><trkpt lat="61.08684664" lon="14.27660232"><ele>206.0</ele></trkpt><trkpt lat="61.08672285" lon="14.27687540"><ele>206.0</ele></trkpt><trkpt lat="61.08661992" lon="14.27718622"><ele>206.0</ele></trkpt><trkpt lat="61.08650482" lon="14.27748536"><ele>206.0</ele></trkpt><trkpt lat="61.08637062" lon="14.27771263"><ele>206.0</ele></trkpt><trkpt lat="61.08621773" lon="14.27797045"><ele>207.0</ele></trkpt><trkpt lat="61.08605964" lon="14.27815999"><ele>207.0</ele></trkpt><trkpt lat="61.08591370" lon="14.27837469"><ele>207.0</ele></trkpt><trkpt lat="61.08576299" lon="14.27861095"><ele>207.0</ele></trkpt><trkpt lat="61.08559968" lon="14.27877983"><ele>207.0</ele></trkpt><trkpt lat="61.08543072" lon="14.27892895"><ele>207.0</ele></trkpt><trkpt lat="61.08527870" lon="14.27913916"><ele>208.0</ele></trkpt><trkpt lat="61.08513276" lon="14.27938440"><ele>208.0</ele></trkpt><trkpt lat="61.08498595" lon="14.27960179"><ele>208.0</ele></trkpt><trkpt lat="61.08481873" lon="14.27973833"><ele>208.0</ele></trkpt><trkpt lat="61.08462153" lon="14.27984434"><ele>209.0</ele></trkpt><trkpt lat="61.08429273" lon="14.28002040"><ele>210.0</ele></trkpt><trkpt lat="61.08423279" lon="14.28004286"><ele>210.0</ele></trkpt><trkpt lat="61.08421454" lon="14.28005634"><ele>210.0</ele></trkpt><trkpt lat="61.08409075" lon="14.28027283"><ele>210.0</ele></trkpt><trkpt lat="61.08395653" lon="14.28054233"><ele>210.0</ele></trkpt><trkpt lat="61.08379886" lon="14.28072558"><ele>211.0</ele></trkpt><trkpt lat="61.08364293" lon="14.28092231"><ele>211.0</ele></trkpt><trkpt lat="61.08350958" lon="14.28117833"><ele>211.0</ele></trkpt><trkpt lat="61.08340359" lon="14.28147837"><ele>211.0</ele></trkpt><trkpt lat="61.08326980" lon="14.28172720"><ele>210.0</ele></trkpt><trkpt lat="61.08310691" lon="14.28192483"><ele>210.0</ele></trkpt><trkpt lat="61.08292882" lon="14.28209282"><ele>210.0</ele></trkpt><trkpt lat="61.08277288" lon="14.28231291"><ele>210.0</ele></trkpt><trkpt lat="61.08259479" lon="14.28243867"><ele>210.0</ele></trkpt><trkpt lat="61.08241365" lon="14.28252491"><ele>210.0</ele></trkpt><trkpt lat="61.08223164" lon="14.28259228"><ele>210.0</ele></trkpt><trkpt lat="61.08215563" lon="14.28260845"><ele>210.0</ele></trkpt><trkpt lat="61.08204790" lon="14.28261743"><ele>210.0</ele></trkpt><trkpt lat="61.08186893" lon="14.28259677"><ele>210.0</ele></trkpt><trkpt lat="61.08169083" lon="14.28253569"><ele>210.0</ele></trkpt><trkpt lat="61.08151360" lon="14.28243957"><ele>210.0</ele></trkpt><trkpt lat="61.08136156" lon="14.28230482"><ele>210.0</ele></trkpt><trkpt lat="61.08120387" lon="14.28216558"><ele>210.0</ele></trkpt><trkpt lat="61.08116869" lon="14.28215750"><ele>211.0</ele></trkpt><trkpt lat="61.08110266" lon="14.28217995"><ele>211.0</ele></trkpt><trkpt lat="61.08099971" lon="14.28231111"><ele>210.0</ele></trkpt><trkpt lat="61.08098494" lon="14.28233716"><ele>210.0</ele></trkpt><trkpt lat="61.08088459" lon="14.28261294"><ele>210.0</ele></trkpt><trkpt lat="61.08079771" lon="14.28294712"><ele>210.0</ele></trkpt><trkpt lat="61.08073689" lon="14.28330734"><ele>209.0</ele></trkpt><trkpt lat="61.08069563" lon="14.28367295"><ele>208.0</ele></trkpt><trkpt lat="61.08067955" lon="14.28405833"><ele>208.0</ele></trkpt><trkpt lat="61.08067781" lon="14.28444640"><ele>208.0</ele></trkpt><trkpt lat="61.08066174" lon="14.28481741"><ele>208.0</ele></trkpt><trkpt lat="61.08061700" lon="14.28517673"><ele>209.0</ele></trkpt><trkpt lat="61.08050275" lon="14.28546869"><ele>209.0</ele></trkpt><trkpt lat="61.08034853" lon="14.28575076"><ele>210.0</ele></trkpt><trkpt lat="61.08008398" lon="14.28623585"><ele>211.0</ele></trkpt><trkpt lat="61.07993497" lon="14.28646133"><ele>211.0</ele></trkpt><trkpt lat="61.07977989" lon="14.28665985"><ele>212.0</ele></trkpt><trkpt lat="61.07961568" lon="14.28683413"><ele>212.0</ele></trkpt><trkpt lat="61.07944278" lon="14.28699043"><ele>213.0</ele></trkpt><trkpt lat="61.07928030" lon="14.28711350"><ele>213.0</ele></trkpt><trkpt lat="61.07909654" lon="14.28725274"><ele>214.0</ele></trkpt><trkpt lat="61.07892581" lon="14.28736323"><ele>214.0</ele></trkpt><trkpt lat="61.07880374" lon="14.28756446"><ele>215.0</ele></trkpt><trkpt lat="61.07872293" lon="14.28781868"><ele>215.0</ele></trkpt><trkpt lat="61.07870164" lon="14.28795253"><ele>215.0</ele></trkpt><trkpt lat="61.07862258" lon="14.28829838"><ele>215.0</ele></trkpt><trkpt lat="61.07852570" lon="14.28861638"><ele>215.0</ele></trkpt><trkpt lat="61.07836669" lon="14.28881042"><ele>216.0</ele></trkpt><trkpt lat="61.07829197" lon="14.28892001"><ele>216.0</ele></trkpt><trkpt lat="61.07823289" lon="14.28906285"><ele>216.0</ele></trkpt><trkpt lat="61.07812862" lon="14.28937816"><ele>217.0</ele></trkpt><trkpt lat="61.07795876" lon="14.28956950"><ele>217.0</ele></trkpt><trkpt lat="61.07778672" lon="14.28972850"><ele>218.0</ele></trkpt><trkpt lat="61.07764639" lon="14.28993691"><ele>218.0</ele></trkpt><trkpt lat="61.07748869" lon="14.29017047"><ele>219.0</ele></trkpt><trkpt lat="61.07733663" lon="14.29037079"><ele>219.0</ele></trkpt><trkpt lat="61.07717892" lon="14.29051542"><ele>220.0</ele></trkpt><trkpt lat="61.07700166" lon="14.29067802"><ele>220.0</ele></trkpt><trkpt lat="61.07685091" lon="14.29089271"><ele>220.0</ele></trkpt><trkpt lat="61.07673578" lon="14.29117748"><ele>220.0</ele></trkpt><trkpt lat="61.07664584" lon="14.29150447"><ele>220.0</ele></trkpt><trkpt lat="61.07653984" lon="14.29181618"><ele>220.0</ele></trkpt><trkpt lat="61.07638995" lon="14.29202549"><ele>220.0</ele></trkpt><trkpt lat="61.07621572" lon="14.29214227"><ele>220.0</ele></trkpt><trkpt lat="61.07604368" lon="14.29228151"><ele>220.0</ele></trkpt><trkpt lat="61.07588987" lon="14.29249980"><ele>220.0</ele></trkpt><trkpt lat="61.07575866" lon="14.29277828"><ele>220.0</ele></trkpt><trkpt lat="61.07563788" lon="14.29306215"><ele>220.0</ele></trkpt><trkpt lat="61.07551275" lon="14.29345112"><ele>220.0</ele></trkpt><trkpt lat="61.07538762" lon="14.29384009"><ele>220.0</ele></trkpt><trkpt lat="61.07522991" lon="14.29432967"><ele>220.0</ele></trkpt><trkpt lat="61.07513780" lon="14.29467013"><ele>220.0</ele></trkpt><trkpt lat="61.07507697" lon="14.29502047"><ele>221.0</ele></trkpt><trkpt lat="61.07499094" lon="14.29534926"><ele>221.0</ele></trkpt><trkpt lat="61.07488102" lon="14.29565828"><ele>221.0</ele></trkpt><trkpt lat="61.07480281" lon="14.29599515"><ele>221.0</ele></trkpt><trkpt lat="61.07472764" lon="14.29634190"><ele>222.0</ele></trkpt><trkpt lat="61.07467681" lon="14.29670571"><ele>223.0</ele></trkpt><trkpt lat="61.07467681" lon="14.29675961"><ele>223.0</ele></trkpt><trkpt lat="61.07472590" lon="14.29708390"><ele>223.0</ele></trkpt><trkpt lat="61.07480151" lon="14.29740370"><ele>223.0</ele></trkpt><trkpt lat="61.07488666" lon="14.29776393"><ele>223.0</ele></trkpt><trkpt lat="61.07496400" lon="14.29812056"><ele>223.0</ele></trkpt><trkpt lat="61.07503091" lon="14.29847270"><ele>222.0</ele></trkpt><trkpt lat="61.07510564" lon="14.29881496"><ele>222.0</ele></trkpt><trkpt lat="61.07516473" lon="14.29917069"><ele>223.0</ele></trkpt><trkpt lat="61.07519167" lon="14.29955697"><ele>224.0</ele></trkpt><trkpt lat="61.07518559" lon="14.29993785"><ele>225.0</ele></trkpt><trkpt lat="61.07516777" lon="14.30031155"><ele>227.0</ele></trkpt><trkpt lat="61.07514388" lon="14.30069693"><ele>229.0</ele></trkpt><trkpt lat="61.07514388" lon="14.30107063"><ele>231.0</ele></trkpt><trkpt lat="61.07516473" lon="14.30144612"><ele>233.0</ele></trkpt><trkpt lat="61.07522295" lon="14.30180814"><ele>235.0</ele></trkpt><trkpt lat="61.07530768" lon="14.30215220"><ele>237.0</ele></trkpt><trkpt lat="61.07541630" lon="14.30251512"><ele>239.0</ele></trkpt><trkpt lat="61.07560356" lon="14.30314214"><ele>240.0</ele></trkpt><trkpt lat="61.07569393" lon="14.30348171"><ele>240.0</ele></trkpt><trkpt lat="61.07572173" lon="14.30374761"><ele>240.0</ele></trkpt><trkpt lat="61.07571869" lon="14.30385091"><ele>240.0</ele></trkpt><trkpt lat="61.07568263" lon="14.30422461"><ele>239.0</ele></trkpt><trkpt lat="61.07563788" lon="14.30459382"><ele>239.0</ele></trkpt><trkpt lat="61.07559878" lon="14.30497291"><ele>239.0</ele></trkpt><trkpt lat="61.07555359" lon="14.30520288"><ele>239.0</ele></trkpt><trkpt lat="61.07551579" lon="14.30531068"><ele>239.0</ele></trkpt><trkpt lat="61.07538284" lon="14.30554424"><ele>239.0</ele></trkpt><trkpt lat="61.07522991" lon="14.30581283"><ele>239.0</ele></trkpt><trkpt lat="61.07510086" lon="14.30604909"><ele>239.0</ele></trkpt><trkpt lat="61.07495575" lon="14.30631409"><ele>240.0</ele></trkpt><trkpt lat="61.07480455" lon="14.30659976"><ele>240.0</ele></trkpt><trkpt lat="61.07454994" lon="14.30707946"><ele>241.0</ele></trkpt><trkpt lat="61.07443567" lon="14.30737051"><ele>242.0</ele></trkpt><trkpt lat="61.07442176" lon="14.30752053"><ele>243.0</ele></trkpt><trkpt lat="61.07446260" lon="14.30776038"><ele>244.0</ele></trkpt><trkpt lat="61.07457340" lon="14.30803167"><ele>244.0</ele></trkpt><trkpt lat="61.07469679" lon="14.30833440"><ele>244.0</ele></trkpt><trkpt lat="61.07478282" lon="14.30867756"><ele>245.0</ele></trkpt><trkpt lat="61.07485582" lon="14.30902970"><ele>245.0</ele></trkpt><trkpt lat="61.07497182" lon="14.30955252"><ele>246.0</ele></trkpt><trkpt lat="61.07499963" lon="14.30971691"><ele>246.0</ele></trkpt><trkpt lat="61.07498964" lon="14.30985256"><ele>246.0</ele></trkpt><trkpt lat="61.07495097" lon="14.30995227"><ele>246.0</ele></trkpt><trkpt lat="61.07475762" lon="14.31015978"><ele>249.0</ele></trkpt><trkpt lat="61.07456688" lon="14.31037628"><ele>252.0</ele></trkpt><trkpt lat="61.07448259" lon="14.31048048"><ele>254.0</ele></trkpt><trkpt lat="61.07442567" lon="14.31056043"><ele>254.0</ele></trkpt><trkpt lat="61.07441177" lon="14.31063319"><ele>254.0</ele></trkpt><trkpt lat="61.07441872" lon="14.31073380"><ele>254.0</ele></trkpt><trkpt lat="61.07449867" lon="14.31109672"><ele>254.0</ele></trkpt><trkpt lat="61.07457905" lon="14.31146054"><ele>253.0</ele></trkpt><trkpt lat="61.07466768" lon="14.31186478"><ele>251.0</ele></trkpt><trkpt lat="61.07472286" lon="14.31222411"><ele>249.0</ele></trkpt><trkpt lat="61.07479282" lon="14.31268045"><ele>249.0</ele></trkpt><trkpt lat="61.07484669" lon="14.31301822"><ele>248.0</ele></trkpt><trkpt lat="61.07490665" lon="14.31339641"><ele>246.0</ele></trkpt><trkpt lat="61.07496791" lon="14.31375214"><ele>246.0</ele></trkpt><trkpt lat="61.07501875" lon="14.31412135"><ele>246.0</ele></trkpt><trkpt lat="61.07499181" lon="14.31449415"><ele>246.0</ele></trkpt><trkpt lat="61.07495792" lon="14.31487234"><ele>246.0</ele></trkpt><trkpt lat="61.07494489" lon="14.31524694"><ele>246.0</ele></trkpt><trkpt lat="61.07494271" lon="14.31561974"><ele>245.0</ele></trkpt><trkpt lat="61.07494880" lon="14.31600063"><ele>244.0</ele></trkpt><trkpt lat="61.07496270" lon="14.31638241"><ele>243.0</ele></trkpt><trkpt lat="61.07495271" lon="14.31676779"><ele>242.0</ele></trkpt><trkpt lat="61.07491577" lon="14.31714778"><ele>241.0</ele></trkpt><trkpt lat="61.07486842" lon="14.31749363"><ele>241.0</ele></trkpt><trkpt lat="61.07481367" lon="14.31789158"><ele>240.0</ele></trkpt><trkpt lat="61.07479455" lon="14.31824642"><ele>240.0</ele></trkpt><trkpt lat="61.07477283" lon="14.31864796"><ele>238.0</ele></trkpt><trkpt lat="61.07476023" lon="14.31900280"><ele>236.0</ele></trkpt><trkpt lat="61.07474589" lon="14.31940165"><ele>234.0</ele></trkpt><trkpt lat="61.07477674" lon="14.31978253"><ele>234.0</ele></trkpt><trkpt lat="61.07478195" lon="14.32017779"><ele>233.0</ele></trkpt><trkpt lat="61.07478065" lon="14.32057036"><ele>231.0</ele></trkpt><trkpt lat="61.07474893" lon="14.32094765"><ele>230.0</ele></trkpt><trkpt lat="61.07474328" lon="14.32129979"><ele>229.0</ele></trkpt><trkpt lat="61.07473677" lon="14.32168786"><ele>229.0</ele></trkpt><trkpt lat="61.07471461" lon="14.32193130"><ele>228.0</ele></trkpt><trkpt lat="61.07470157" lon="14.32203192"><ele>229.0</ele></trkpt><trkpt lat="61.07468072" lon="14.32218553"><ele>230.0</ele></trkpt><trkpt lat="61.07463857" lon="14.32241639"><ele>229.0</ele></trkpt><trkpt lat="61.07458991" lon="14.32279369"><ele>229.0</ele></trkpt><trkpt lat="61.07451257" lon="14.32311259"><ele>230.0</ele></trkpt><trkpt lat="61.07442567" lon="14.32347012"><ele>232.0</ele></trkpt><trkpt lat="61.07433877" lon="14.32379890"><ele>233.0</ele></trkpt><trkpt lat="61.07428881" lon="14.32417080"><ele>232.0</ele></trkpt><trkpt lat="61.07423276" lon="14.32450767"><ele>232.0</ele></trkpt><trkpt lat="61.07416976" lon="14.32488676"><ele>232.0</ele></trkpt><trkpt lat="61.07410458" lon="14.32523261"><ele>229.0</ele></trkpt><trkpt lat="61.07402898" lon="14.32557577"><ele>229.0</ele></trkpt><trkpt lat="61.07394643" lon="14.32589018"><ele>229.0</ele></trkpt><trkpt lat="61.07385257" lon="14.32624681"><ele>229.0</ele></trkpt><trkpt lat="61.07374656" lon="14.32656571"><ele>230.0</ele></trkpt><trkpt lat="61.07362663" lon="14.32685677"><ele>231.0</ele></trkpt><trkpt lat="61.07357797" lon="14.32699421"><ele>233.0</ele></trkpt><trkpt lat="61.07352887" lon="14.32717747"><ele>231.0</ele></trkpt><trkpt lat="61.07344979" lon="14.32751074"><ele>231.0</ele></trkpt><trkpt lat="61.07336506" lon="14.32789522"><ele>230.0</ele></trkpt><trkpt lat="61.07322298" lon="14.32854291"><ele>226.0</ele></trkpt><trkpt lat="61.07313564" lon="14.32887169"><ele>224.0</ele></trkpt><trkpt lat="61.07306091" lon="14.32922113"><ele>222.0</ele></trkpt><trkpt lat="61.07298226" lon="14.32954093"><ele>221.0</ele></trkpt><trkpt lat="61.07289275" lon="14.32990385"><ele>220.0</ele></trkpt><trkpt lat="61.07282193" lon="14.33026318"><ele>218.0</ele></trkpt><trkpt lat="61.07276674" lon="14.33061712"><ele>217.0</ele></trkpt><trkpt lat="61.07269896" lon="14.33096656"><ele>217.0</ele></trkpt><trkpt lat="61.07267289" lon="14.33107076"><ele>216.0</ele></trkpt><trkpt lat="61.07259728" lon="14.33132768"><ele>216.0</ele></trkpt><trkpt lat="61.07251299" lon="14.33161514"><ele>215.0</ele></trkpt><trkpt lat="61.07243434" lon="14.33193494"><ele>215.0</ele></trkpt><trkpt lat="61.07234483" lon="14.33229966"><ele>215.0</ele></trkpt><trkpt lat="61.07225488" lon="14.33263473"><ele>215.0</ele></trkpt><trkpt lat="61.07215190" lon="14.33293926"><ele>215.0</ele></trkpt><trkpt lat="61.07204240" lon="14.33321953"><ele>214.0</ele></trkpt><trkpt lat="61.07191682" lon="14.33354113"><ele>214.0</ele></trkpt><trkpt lat="61.07179472" lon="14.33381691"><ele>214.0</ele></trkpt><trkpt lat="61.07165698" lon="14.33405587"><ele>214.0</ele></trkpt><trkpt lat="61.07153661" lon="14.33434153"><ele>214.0</ele></trkpt><trkpt lat="61.07142407" lon="14.33469906"><ele>215.0</ele></trkpt><trkpt lat="61.07122896" lon="14.33531890"><ele>215.0</ele></trkpt><trkpt lat="61.07108165" lon="14.33579950"><ele>216.0</ele></trkpt><trkpt lat="61.07100691" lon="14.33614175"><ele>216.0</ele></trkpt><trkpt lat="61.07092087" lon="14.33647233"><ele>217.0</ele></trkpt><trkpt lat="61.07081572" lon="14.33679034"><ele>217.0</ele></trkpt><trkpt lat="61.07072490" lon="14.33709576"><ele>217.0</ele></trkpt><trkpt lat="61.07062191" lon="14.33744251"><ele>217.0</ele></trkpt><trkpt lat="61.07053761" lon="14.33778747"><ele>217.0</ele></trkpt><trkpt lat="61.07046069" lon="14.33818003"><ele>217.0</ele></trkpt><trkpt lat="61.07033077" lon="14.33884119"><ele>216.0</ele></trkpt><trkpt lat="61.07026863" lon="14.33912775"><ele>216.0</ele></trkpt><trkpt lat="61.07017563" lon="14.33951493"><ele>216.0</ele></trkpt><trkpt lat="61.07005092" lon="14.33980419"><ele>216.0</ele></trkpt><trkpt lat="61.06992794" lon="14.34005482"><ele>216.0</ele></trkpt><trkpt lat="61.06978975" lon="14.34033689"><ele>216.0</ele></trkpt><trkpt lat="61.06971196" lon="14.34047343"><ele>216.0</ele></trkpt><trkpt lat="61.06965069" lon="14.34059650"><ele>216.0</ele></trkpt><trkpt lat="61.06952163" lon="14.34087228"><ele>217.0</ele></trkpt><trkpt lat="61.06940517" lon="14.34113908"><ele>218.0</ele></trkpt><trkpt lat="61.06927176" lon="14.34144451"><ele>218.0</ele></trkpt><trkpt lat="61.06915573" lon="14.34174095"><ele>218.0</ele></trkpt><trkpt lat="61.06905100" lon="14.34205536"><ele>218.0</ele></trkpt><trkpt lat="61.06891368" lon="14.34230330"><ele>217.0</ele></trkpt><trkpt lat="61.06879591" lon="14.34260873"><ele>217.0</ele></trkpt><trkpt lat="61.06869813" lon="14.34290517"><ele>217.0</ele></trkpt><trkpt lat="61.06858688" lon="14.34324383"><ele>217.0</ele></trkpt><trkpt lat="61.06845564" lon="14.34349716"><ele>217.0</ele></trkpt><trkpt lat="61.06831093" lon="14.34374689"><ele>217.0</ele></trkpt><trkpt lat="61.06817490" lon="14.34400740"><ele>218.0</ele></trkpt><trkpt lat="61.06804801" lon="14.34426971"><ele>218.0</ele></trkpt><trkpt lat="61.06792893" lon="14.34455717"><ele>218.0</ele></trkpt><trkpt lat="61.06778813" lon="14.34492189"><ele>219.0</ele></trkpt><trkpt lat="61.06764732" lon="14.34528571"><ele>219.0</ele></trkpt><trkpt lat="61.06747175" lon="14.34573935"><ele>221.0</ele></trkpt><trkpt lat="61.06737093" lon="14.34605017"><ele>222.0</ele></trkpt><trkpt lat="61.06726532" lon="14.34633314"><ele>223.0</ele></trkpt><trkpt lat="61.06714581" lon="14.34665384"><ele>224.0</ele></trkpt><trkpt lat="61.06704281" lon="14.34696017"><ele>224.0</ele></trkpt><trkpt lat="61.06692895" lon="14.34726020"><ele>224.0</ele></trkpt><trkpt lat="61.06681465" lon="14.34755395"><ele>223.0</ele></trkpt><trkpt lat="61.06670035" lon="14.34781895"><ele>223.0</ele></trkpt><trkpt lat="61.06657258" lon="14.34811540"><ele>223.0</ele></trkpt><trkpt lat="61.06645002" lon="14.34836693"><ele>223.0</ele></trkpt><trkpt lat="61.06631182" lon="14.34865169"><ele>223.0</ele></trkpt><trkpt lat="61.06617492" lon="14.34889873"><ele>222.0</ele></trkpt><trkpt lat="61.06603193" lon="14.34912870"><ele>222.0</ele></trkpt><trkpt lat="61.06587895" lon="14.34933801"><ele>221.0</ele></trkpt><trkpt lat="61.06572858" lon="14.34955450"><ele>221.0</ele></trkpt><trkpt lat="61.06558863" lon="14.34979076"><ele>220.0</ele></trkpt><trkpt lat="61.06543826" lon="14.35007732"><ele>219.0</ele></trkpt><trkpt lat="61.06518487" lon="14.35055971"><ele>217.0</ele></trkpt><trkpt lat="61.06505232" lon="14.35078968"><ele>217.0</ele></trkpt><trkpt lat="61.06490194" lon="14.35105019"><ele>216.0</ele></trkpt><trkpt lat="61.06474721" lon="14.35132867"><ele>216.0</ele></trkpt><trkpt lat="61.06448557" lon="14.35179849"><ele>216.0</ele></trkpt><trkpt lat="61.06433171" lon="14.35202936"><ele>216.0</ele></trkpt><trkpt lat="61.06419523" lon="14.35224495"><ele>216.0</ele></trkpt><trkpt lat="61.06404398" lon="14.35248391"><ele>217.0</ele></trkpt><trkpt lat="61.06388708" lon="14.35275340"><ele>217.0</ele></trkpt><trkpt lat="61.06362586" lon="14.35320346"><ele>217.0</ele></trkpt><trkpt lat="61.06345983" lon="14.35335527"><ele>217.0</ele></trkpt><trkpt lat="61.06327989" lon="14.35335258"><ele>218.0</ele></trkpt><trkpt lat="61.06309473" lon="14.35324747"><ele>219.0</ele></trkpt><trkpt lat="61.06295955" lon="14.35299954"><ele>219.0</ele></trkpt><trkpt lat="61.06285263" lon="14.35269052"><ele>221.0</ele></trkpt><trkpt lat="61.06273571" lon="14.35239587"><ele>221.0</ele></trkpt><trkpt lat="61.06259488" lon="14.35216411"><ele>223.0</ele></trkpt><trkpt lat="61.06246579" lon="14.35188293"><ele>225.0</ele></trkpt><trkpt lat="61.06236365" lon="14.35156493"><ele>227.0</ele></trkpt><trkpt lat="61.06226976" lon="14.35124154"><ele>229.0</ele></trkpt><trkpt lat="61.06220891" lon="14.35087951"><ele>231.0</ele></trkpt><trkpt lat="61.06210068" lon="14.35057499"><ele>233.0</ele></trkpt><trkpt lat="61.06194290" lon="14.35038724"><ele>235.0</ele></trkpt><trkpt lat="61.06177685" lon="14.35022554"><ele>237.0</ele></trkpt><trkpt lat="61.06160473" lon="14.35009798"><ele>237.0</ele></trkpt><trkpt lat="61.06151692" lon="14.34998839"><ele>238.0</ele></trkpt><trkpt lat="61.06145564" lon="14.34986442"><ele>238.0</ele></trkpt><trkpt lat="61.06132784" lon="14.34953114"><ele>239.0</ele></trkpt><trkpt lat="61.06119657" lon="14.34931555"><ele>239.0</ele></trkpt><trkpt lat="61.06102488" lon="14.34918080"><ele>238.0</ele></trkpt><trkpt lat="61.06087969" lon="14.34895083"><ele>238.0</ele></trkpt><trkpt lat="61.06074494" lon="14.34868763"><ele>238.0</ele></trkpt><trkpt lat="61.06063671" lon="14.34854569"><ele>238.0</ele></trkpt><trkpt lat="61.06058368" lon="14.34849628"><ele>238.0</ele></trkpt><trkpt lat="61.06040676" lon="14.34841454"><ele>238.0</ele></trkpt><trkpt lat="61.06020159" lon="14.34839028"><ele>239.0</ele></trkpt><trkpt lat="61.06003511" lon="14.34834447"><ele>239.0</ele></trkpt><trkpt lat="61.05985688" lon="14.34829596"><ele>240.0</ele></trkpt><trkpt lat="61.05967388" lon="14.34821601"><ele>240.0</ele></trkpt><trkpt lat="61.05948870" lon="14.34808396"><ele>241.0</ele></trkpt><trkpt lat="61.05930873" lon="14.34797975"><ele>241.0</ele></trkpt><trkpt lat="61.05928091" lon="14.34797796"><ele>242.0</ele></trkpt><trkpt lat="61.05916963" lon="14.34807587"><ele>241.0</ele></trkpt><trkpt lat="61.05914485" lon="14.34813336"><ele>241.0</ele></trkpt><trkpt lat="61.05905356" lon="14.34846215"><ele>241.0</ele></trkpt><trkpt lat="61.05899792" lon="14.34881519"><ele>240.0</ele></trkpt><trkpt lat="61.05891185" lon="14.34905234"><ele>240.0</ele></trkpt><trkpt lat="61.05886664" lon="14.34941436"><ele>240.0</ele></trkpt><trkpt lat="61.05875883" lon="14.34972698"><ele>239.0</ele></trkpt><trkpt lat="61.05862494" lon="14.34998120"><ele>238.0</ele></trkpt><trkpt lat="61.05846454" lon="14.35010786"><ele>238.0</ele></trkpt><trkpt lat="61.05828674" lon="14.35024890"><ele>238.0</ele></trkpt><trkpt lat="61.05810677" lon="14.35017074"><ele>239.0</ele></trkpt><trkpt lat="61.05792593" lon="14.35011774"><ele>239.0</ele></trkpt><trkpt lat="61.05773682" lon="14.35013032"><ele>240.0</ele></trkpt><trkpt lat="61.05756815" lon="14.35021476"><ele>241.0</ele></trkpt><trkpt lat="61.05737687" lon="14.35031088"><ele>241.0</ele></trkpt><trkpt lat="61.05719994" lon="14.35044383"><ele>240.0</ele></trkpt><trkpt lat="61.05704170" lon="14.35058487"><ele>239.0</ele></trkpt><trkpt lat="61.05686476" lon="14.35074387"><ele>237.0</ele></trkpt><trkpt lat="61.05669478" lon="14.35088221"><ele>236.0</ele></trkpt><trkpt lat="61.05653306" lon="14.35100708"><ele>232.0</ele></trkpt><trkpt lat="61.05635091" lon="14.35114631"><ele>230.0</ele></trkpt><trkpt lat="61.05618397" lon="14.35128286"><ele>228.0</ele></trkpt><trkpt lat="61.05601268" lon="14.35144815"><ele>224.0</ele></trkpt><trkpt lat="61.05586139" lon="14.35162601"><ele>220.0</ele></trkpt><trkpt lat="61.05568879" lon="14.35182993"><ele>219.0</ele></trkpt><trkpt lat="61.05554359" lon="14.35202038"><ele>217.0</ele></trkpt><trkpt lat="61.05538186" lon="14.35223417"><ele>216.0</ele></trkpt><trkpt lat="61.05522970" lon="14.35246324"><ele>215.0</ele></trkpt><trkpt lat="61.05508883" lon="14.35270579"><ele>215.0</ele></trkpt><trkpt lat="61.05495058" lon="14.35295552"><ele>214.0</ele></trkpt><trkpt lat="61.05480711" lon="14.35325556"><ele>214.0</ele></trkpt><trkpt lat="61.05456582" lon="14.35375951"><ele>213.0</ele></trkpt><trkpt lat="61.05441887" lon="14.35400116"><ele>212.0</ele></trkpt><trkpt lat="61.05432278" lon="14.35411884"><ele>212.0</ele></trkpt><trkpt lat="61.05425670" lon="14.35417454"><ele>212.0</ele></trkpt><trkpt lat="61.05409018" lon="14.35426437"><ele>212.0</ele></trkpt><trkpt lat="61.05390280" lon="14.35436588"><ele>212.0</ele></trkpt><trkpt lat="61.05372671" lon="14.35443864"><ele>212.0</ele></trkpt><trkpt lat="61.05353976" lon="14.35447098"><ele>212.0</ele></trkpt><trkpt lat="61.05335454" lon="14.35448984"><ele>212.0</ele></trkpt><trkpt lat="61.05317063" lon="14.35445661"><ele>212.0</ele></trkpt><trkpt lat="61.05298585" lon="14.35440630"><ele>213.0</ele></trkpt><trkpt lat="61.05280498" lon="14.35428503"><ele>213.0</ele></trkpt><trkpt lat="61.05264889" lon="14.35408381"><ele>214.0</ele></trkpt><trkpt lat="61.05250193" lon="14.35386012"><ele>214.0</ele></trkpt><trkpt lat="61.05238497" lon="14.35371100"><ele>214.0</ele></trkpt><trkpt lat="61.05233888" lon="14.35367777"><ele>214.0</ele></trkpt><trkpt lat="61.05220757" lon="14.35367956"><ele>214.0</ele></trkpt><trkpt lat="61.05215670" lon="14.35371280"><ele>214.0</ele></trkpt><trkpt lat="61.05199583" lon="14.35390414"><ele>213.0</ele></trkpt><trkpt lat="61.05185756" lon="14.35412513"><ele>213.0</ele></trkpt><trkpt lat="61.05169799" lon="14.35437845"><ele>213.0</ele></trkpt><trkpt lat="61.05156972" lon="14.35465244"><ele>212.0</ele></trkpt><trkpt lat="61.05142493" lon="14.35489139"><ele>212.0</ele></trkpt><trkpt lat="61.05127188" lon="14.35508633"><ele>212.0</ele></trkpt><trkpt lat="61.05110187" lon="14.35524892"><ele>211.0</ele></trkpt><trkpt lat="61.05092099" lon="14.35535582"><ele>211.0</ele></trkpt><trkpt lat="61.05074576" lon="14.35543757"><ele>211.0</ele></trkpt><trkpt lat="61.05056661" lon="14.35548428"><ele>212.0</ele></trkpt><trkpt lat="61.05038181" lon="14.35554626"><ele>212.0</ele></trkpt><trkpt lat="61.05019397" lon="14.35558938"><ele>212.0</ele></trkpt><trkpt lat="61.05000960" lon="14.35562262"><ele>212.0</ele></trkpt><trkpt lat="61.04984176" lon="14.35547889"><ele>213.0</ele></trkpt><trkpt lat="61.04970088" lon="14.35531270"><ele>213.0</ele></trkpt><trkpt lat="61.04968261" lon="14.35529923"><ele>213.0</ele></trkpt><trkpt lat="61.04951694" lon="14.35531719"><ele>214.0</ele></trkpt><trkpt lat="61.04949868" lon="14.35533785"><ele>214.0</ele></trkpt><trkpt lat="61.04936084" lon="14.35559118"><ele>214.0</ele></trkpt><trkpt lat="61.04925169" lon="14.35590020"><ele>214.0</ele></trkpt><trkpt lat="61.04914690" lon="14.35621641"><ele>213.0</ele></trkpt><trkpt lat="61.04903732" lon="14.35649129"><ele>213.0</ele></trkpt><trkpt lat="61.04891469" lon="14.35679941"><ele>214.0</ele></trkpt><trkpt lat="61.04878468" lon="14.35707969"><ele>214.0</ele></trkpt><trkpt lat="61.04863596" lon="14.35731954"><ele>214.0</ele></trkpt><trkpt lat="61.04848072" lon="14.35750728"><ele>214.0</ele></trkpt><trkpt lat="61.04845767" lon="14.35755040"><ele>215.0</ele></trkpt><trkpt lat="61.04841984" lon="14.35777858"><ele>214.0</ele></trkpt><trkpt lat="61.04841680" lon="14.35786392"><ele>214.0</ele></trkpt><trkpt lat="61.04838549" lon="14.35819629"><ele>214.0</ele></trkpt><trkpt lat="61.04834592" lon="14.35861940"><ele>214.0</ele></trkpt><trkpt lat="61.04829547" lon="14.35903173"><ele>214.0</ele></trkpt><trkpt lat="61.04820981" lon="14.35973600"><ele>213.0</ele></trkpt><trkpt lat="61.04815589" lon="14.36010342"><ele>212.0</ele></trkpt><trkpt lat="61.04809196" lon="14.36045735"><ele>212.0</ele></trkpt><trkpt lat="61.04803456" lon="14.36081758"><ele>212.0</ele></trkpt><trkpt lat="61.04797281" lon="14.36117061"><ele>212.0</ele></trkpt><trkpt lat="61.04787454" lon="14.36148772"><ele>211.0</ele></trkpt><trkpt lat="61.04775974" lon="14.36177249"><ele>211.0</ele></trkpt><trkpt lat="61.04762493" lon="14.36202581"><ele>210.0</ele></trkpt><trkpt lat="61.04749665" lon="14.36228812"><ele>210.0</ele></trkpt><trkpt lat="61.04737662" lon="14.36256480"><ele>209.0</ele></trkpt><trkpt lat="61.04726660" lon="14.36287472"><ele>209.0</ele></trkpt><trkpt lat="61.04717702" lon="14.36317655"><ele>208.0</ele></trkpt><trkpt lat="61.04707700" lon="14.36351252"><ele>208.0</ele></trkpt><trkpt lat="61.04697481" lon="14.36379998"><ele>207.0</ele></trkpt><trkpt lat="61.04686000" lon="14.36412428"><ele>207.0</ele></trkpt><trkpt lat="61.04675694" lon="14.36442880"><ele>207.0</ele></trkpt><trkpt lat="61.04666301" lon="14.36474411"><ele>206.0</ele></trkpt><trkpt lat="61.04657473" lon="14.36506930"><ele>206.0</ele></trkpt><trkpt lat="61.04648645" lon="14.36538012"><ele>206.0</ele></trkpt><trkpt lat="61.04638469" lon="14.36573765"><ele>205.0</ele></trkpt><trkpt lat="61.04627553" lon="14.36609518"><ele>205.0</ele></trkpt><trkpt lat="61.04609158" lon="14.36669795"><ele>205.0</ele></trkpt><trkpt lat="61.04596460" lon="14.36697463"><ele>204.0</ele></trkpt><trkpt lat="61.04580804" lon="14.36724951"><ele>204.0</ele></trkpt><trkpt lat="61.04553971" lon="14.36771933"><ele>204.0</ele></trkpt><trkpt lat="61.04540403" lon="14.36794840"><ele>204.0</ele></trkpt><trkpt lat="61.04524573" lon="14.36821520"><ele>204.0</ele></trkpt><trkpt lat="61.04511874" lon="14.36845595"><ele>204.0</ele></trkpt><trkpt lat="61.04497566" lon="14.36872634"><ele>204.0</ele></trkpt><trkpt lat="61.04485911" lon="14.36899404"><ele>205.0</ele></trkpt><trkpt lat="61.04472559" lon="14.36929947"><ele>205.0</ele></trkpt><trkpt lat="61.04460295" lon="14.36956986"><ele>205.0</ele></trkpt><trkpt lat="61.04438594" lon="14.36996243"><ele>205.0</ele></trkpt><trkpt lat="61.04425286" lon="14.37024001"><ele>205.0</ele></trkpt><trkpt lat="61.04406889" lon="14.37062359"><ele>206.0</ele></trkpt><trkpt lat="61.04388058" lon="14.37103591"><ele>206.0</ele></trkpt><trkpt lat="61.04382665" lon="14.37118324"><ele>206.0</ele></trkpt><trkpt lat="61.04374271" lon="14.37151112"><ele>206.0</ele></trkpt><trkpt lat="61.04366573" lon="14.37186955"><ele>206.0</ele></trkpt><trkpt lat="61.04358570" lon="14.37220821"><ele>205.0</ele></trkpt><trkpt lat="61.04350351" lon="14.37252532"><ele>205.0</ele></trkpt><trkpt lat="61.04341000" lon="14.37288734"><ele>205.0</ele></trkpt><trkpt lat="61.04330475" lon="14.37320984"><ele>205.0</ele></trkpt><trkpt lat="61.04312991" lon="14.37348831"><ele>206.0</ele></trkpt><trkpt lat="61.04297986" lon="14.37371649"><ele>206.0</ele></trkpt><trkpt lat="61.04283373" lon="14.37395454"><ele>206.0</ele></trkpt><trkpt lat="61.04267672" lon="14.37416924"><ele>206.0</ele></trkpt><trkpt lat="61.04251884" lon="14.37436327"><ele>206.0</ele></trkpt><trkpt lat="61.04235661" lon="14.37454833"><ele>207.0</ele></trkpt><trkpt lat="61.04220395" lon="14.37474236"><ele>207.0</ele></trkpt><trkpt lat="61.04203737" lon="14.37498760"><ele>208.0</ele></trkpt><trkpt lat="61.04175771" lon="14.37539813"><ele>208.0</ele></trkpt><trkpt lat="61.04160200" lon="14.37559666"><ele>208.0</ele></trkpt><trkpt lat="61.04143194" lon="14.37574758"><ele>208.0</ele></trkpt><trkpt lat="61.04125970" lon="14.37585987"><ele>208.0</ele></trkpt><trkpt lat="61.04107963" lon="14.37583651"><ele>208.0</ele></trkpt><trkpt lat="61.04090087" lon="14.37572961"><ele>208.0</ele></trkpt><trkpt lat="61.04072167" lon="14.37563978"><ele>209.0</ele></trkpt><trkpt lat="61.04054725" lon="14.37561642"><ele>209.0</ele></trkpt><trkpt lat="61.04034586" lon="14.37558947"><ele>210.0</ele></trkpt><trkpt lat="61.04016101" lon="14.37553288"><ele>210.0</ele></trkpt><trkpt lat="61.03998180" lon="14.37544395"><ele>211.0</ele></trkpt><trkpt lat="61.03980260" lon="14.37532986"><ele>211.0</ele></trkpt><trkpt lat="61.03962382" lon="14.37522566"><ele>211.0</ele></trkpt><trkpt lat="61.03945680" lon="14.37514481"><ele>211.0</ele></trkpt><trkpt lat="61.03927193" lon="14.37505408"><ele>212.0</ele></trkpt><trkpt lat="61.03909185" lon="14.37494358"><ele>212.0</ele></trkpt><trkpt lat="61.03892743" lon="14.37482231"><ele>212.0</ele></trkpt><trkpt lat="61.03873865" lon="14.37468397"><ele>213.0</ele></trkpt><trkpt lat="61.03855770" lon="14.37459683"><ele>213.0</ele></trkpt><trkpt lat="61.03838066" lon="14.37473158"><ele>213.0</ele></trkpt><trkpt lat="61.03822537" lon="14.37501006"><ele>213.0</ele></trkpt><trkpt lat="61.03796090" lon="14.37548437"><ele>214.0</ele></trkpt><trkpt lat="61.03781865" lon="14.37572063"><ele>214.0</ele></trkpt><trkpt lat="61.03766075" lon="14.37591826"><ele>214.0</ele></trkpt><trkpt lat="61.03749763" lon="14.37609253"><ele>214.0</ele></trkpt><trkpt lat="61.03734277" lon="14.37628836"><ele>214.0</ele></trkpt><trkpt lat="61.03719182" lon="14.37652192"><ele>215.0</ele></trkpt><trkpt lat="61.03706741" lon="14.37676537"><ele>215.0</ele></trkpt><trkpt lat="61.03692865" lon="14.37703666"><ele>215.0</ele></trkpt><trkpt lat="61.03678988" lon="14.37728370"><ele>215.0</ele></trkpt><trkpt lat="61.03664285" lon="14.37751456"><ele>216.0</ele></trkpt><trkpt lat="61.03642665" lon="14.37788377"><ele>216.0</ele></trkpt><trkpt lat="61.03630571" lon="14.37802570"><ele>216.0</ele></trkpt><trkpt lat="61.03624786" lon="14.37803020"><ele>216.0</ele></trkpt><trkpt lat="61.03619174" lon="14.37799157"><ele>216.0</ele></trkpt><trkpt lat="61.03608255" lon="14.37789365"><ele>216.0</ele></trkpt><trkpt lat="61.03602774" lon="14.37785682"><ele>216.0</ele></trkpt><trkpt lat="61.03585373" lon="14.37776070"><ele>217.0</ele></trkpt><trkpt lat="61.03573671" lon="14.37768794"><ele>217.0</ele></trkpt><trkpt lat="61.03556879" lon="14.37756487"><ele>217.0</ele></trkpt><trkpt lat="61.03546177" lon="14.37746875"><ele>217.0</ele></trkpt><trkpt lat="61.03535389" lon="14.37736095"><ele>217.0</ele></trkpt><trkpt lat="61.03529864" lon="14.37731514"><ele>218.0</ele></trkpt><trkpt lat="61.03524687" lon="14.37729627"><ele>218.0</ele></trkpt><trkpt lat="61.03519075" lon="14.37730436"><ele>218.0</ele></trkpt><trkpt lat="61.03513376" lon="14.37732861"><ele>218.0</ele></trkpt><trkpt lat="61.03507982" lon="14.37736634"><ele>218.0</ele></trkpt><trkpt lat="61.03502588" lon="14.37741485"><ele>218.0</ele></trkpt><trkpt lat="61.03486883" lon="14.37758643"><ele>218.0</ele></trkpt><trkpt lat="61.03463478" lon="14.37787389"><ele>218.0</ele></trkpt><trkpt lat="61.03444467" lon="14.37812362"><ele>219.0</ele></trkpt><trkpt lat="61.03440682" lon="14.37818920"><ele>219.0</ele></trkpt><trkpt lat="61.03434765" lon="14.37827633"><ele>219.0</ele></trkpt><trkpt lat="61.03426152" lon="14.37842635"><ele>219.0</ele></trkpt><trkpt lat="61.03416668" lon="14.37859164"><ele>219.0</ele></trkpt><trkpt lat="61.03407880" lon="14.37876142"><ele>219.0</ele></trkpt><trkpt lat="61.03399570" lon="14.37893660"><ele>219.0</ele></trkpt><trkpt lat="61.03383561" lon="14.37944145"><ele>219.0</ele></trkpt><trkpt lat="61.03370988" lon="14.37995079"><ele>219.0</ele></trkpt><trkpt lat="61.03361939" lon="14.38024275"><ele>219.0</ele></trkpt><trkpt lat="61.03352368" lon="14.38055267"><ele>220.0</ele></trkpt><trkpt lat="61.03349583" lon="14.38065867"><ele>220.0</ele></trkpt><trkpt lat="61.03336793" lon="14.38108357"><ele>220.0</ele></trkpt><trkpt lat="61.03332660" lon="14.38118238"><ele>220.0</ele></trkpt><trkpt lat="61.03324785" lon="14.38133150"><ele>220.0</ele></trkpt><trkpt lat="61.03300987" lon="14.38165130"><ele>220.0</ele></trkpt><trkpt lat="61.03294288" lon="14.38171778"><ele>220.0</ele></trkpt><trkpt lat="61.03279234" lon="14.38171958"><ele>220.0</ele></trkpt><trkpt lat="61.03260092" lon="14.38172227"><ele>220.0</ele></trkpt><trkpt lat="61.03242863" lon="14.38158842"><ele>219.0</ele></trkpt><trkpt lat="61.03225982" lon="14.38143571"><ele>219.0</ele></trkpt><trkpt lat="61.03211364" lon="14.38122281"><ele>219.0</ele></trkpt><trkpt lat="61.03195571" lon="14.38101081"><ele>219.0</ele></trkpt><trkpt lat="61.03177776" lon="14.38091469"><ele>219.0</ele></trkpt><trkpt lat="61.03160547" lon="14.38088684"><ele>219.0</ele></trkpt><trkpt lat="61.03141056" lon="14.38085540"><ele>219.0</ele></trkpt><trkpt lat="61.03122173" lon="14.38085360"><ele>219.0</ele></trkpt><trkpt lat="61.03103856" lon="14.38087965"><ele>219.0</ele></trkpt><trkpt lat="61.03085191" lon="14.38091918"><ele>219.0</ele></trkpt><trkpt lat="61.03066787" lon="14.38096859"><ele>219.0</ele></trkpt><trkpt lat="61.03046555" lon="14.38104315"><ele>219.0</ele></trkpt><trkpt lat="61.03012095" lon="14.38117071"><ele>219.0</ele></trkpt><trkpt lat="61.02993473" lon="14.38116891"><ele>219.0</ele></trkpt><trkpt lat="61.02975198" lon="14.38112759"><ele>219.0</ele></trkpt><trkpt lat="61.02957272" lon="14.38105752"><ele>219.0</ele></trkpt><trkpt lat="61.02939085" lon="14.38097218"><ele>219.0</ele></trkpt><trkpt lat="61.02922289" lon="14.38090391"><ele>220.0</ele></trkpt><trkpt lat="61.02903797" lon="14.38082755"><ele>220.0</ele></trkpt><trkpt lat="61.02885783" lon="14.38082216"><ele>220.0</ele></trkpt><trkpt lat="61.02870772" lon="14.38105662"><ele>220.0</ele></trkpt><trkpt lat="61.02859589" lon="14.38135217"><ele>219.0</ele></trkpt><trkpt lat="61.02846492" lon="14.38162166"><ele>219.0</ele></trkpt><trkpt lat="61.02831872" lon="14.38185792"><ele>219.0</ele></trkpt><trkpt lat="61.02817165" lon="14.38207621"><ele>219.0</ele></trkpt><trkpt lat="61.02801457" lon="14.38228462"><ele>219.0</ele></trkpt><trkpt lat="61.02787533" lon="14.38249033"><ele>219.0</ele></trkpt><trkpt lat="61.02772085" lon="14.38271850"><ele>219.0</ele></trkpt><trkpt lat="61.02758422" lon="14.38293949"><ele>220.0</ele></trkpt><trkpt lat="61.02742888" lon="14.38318922"><ele>220.0</ele></trkpt><trkpt lat="61.02728659" lon="14.38339314"><ele>220.0</ele></trkpt><trkpt lat="61.02712689" lon="14.38362221"><ele>220.0</ele></trkpt><trkpt lat="61.02701680" lon="14.38377492"><ele>220.0</ele></trkpt><trkpt lat="61.02697372" lon="14.38382613"><ele>220.0</ele></trkpt><trkpt lat="61.02683143" lon="14.38398962"><ele>220.0</ele></trkpt><trkpt lat="61.02664693" lon="14.38420072"><ele>220.0</ele></trkpt><trkpt lat="61.02649681" lon="14.38440913"><ele>220.0</ele></trkpt><trkpt lat="61.02636887" lon="14.38469210"><ele>219.0</ele></trkpt><trkpt lat="61.02622788" lon="14.38518168"><ele>219.0</ele></trkpt><trkpt lat="61.02619481" lon="14.38536763"><ele>219.0</ele></trkpt><trkpt lat="61.02609690" lon="14.38570091"><ele>219.0</ele></trkpt><trkpt lat="61.02600987" lon="14.38603059"><ele>219.0</ele></trkpt><trkpt lat="61.02593459" lon="14.38634860"><ele>219.0</ele></trkpt><trkpt lat="61.02585191" lon="14.38670073"><ele>219.0</ele></trkpt><trkpt lat="61.02574268" lon="14.38701245"><ele>219.0</ele></trkpt><trkpt lat="61.02559081" lon="14.38725769"><ele>219.0</ele></trkpt><trkpt lat="61.02542763" lon="14.38742927"><ele>219.0</ele></trkpt><trkpt lat="61.02533059" lon="14.38754066"><ele>219.0</ele></trkpt><trkpt lat="61.02527793" lon="14.38762780"><ele>219.0</ele></trkpt><trkpt lat="61.02514477" lon="14.38789909"><ele>219.0</ele></trkpt><trkpt lat="61.02500987" lon="14.38815870"><ele>220.0</ele></trkpt><trkpt lat="61.02485669" lon="14.38837070"><ele>220.0</ele></trkpt><trkpt lat="61.02467957" lon="14.38852521"><ele>220.0</ele></trkpt><trkpt lat="61.02449985" lon="14.38861954"><ele>220.0</ele></trkpt><trkpt lat="61.02433013" lon="14.38869140"><ele>220.0</ele></trkpt><trkpt lat="61.02413865" lon="14.38877135"><ele>220.0</ele></trkpt><trkpt lat="61.02397241" lon="14.38887825"><ele>220.0</ele></trkpt><trkpt lat="61.02378267" lon="14.38899952"><ele>220.0</ele></trkpt><trkpt lat="61.02358553" lon="14.38911990"><ele>220.0</ele></trkpt><trkpt lat="61.02325000" lon="14.38932561"><ele>220.0</ele></trkpt><trkpt lat="61.02305068" lon="14.38942712"><ele>219.0</ele></trkpt><trkpt lat="61.02271383" lon="14.38959870"><ele>219.0</ele></trkpt><trkpt lat="61.02254498" lon="14.38972896"><ele>219.0</ele></trkpt><trkpt lat="61.02237873" lon="14.38988886"><ele>219.0</ele></trkpt><trkpt lat="61.02221379" lon="14.39003798"><ele>219.0</ele></trkpt><trkpt lat="61.02204667" lon="14.39020147"><ele>219.0</ele></trkpt><trkpt lat="61.02187998" lon="14.39038652"><ele>219.0</ele></trkpt><trkpt lat="61.02172591" lon="14.39058685"><ele>219.0</ele></trkpt><trkpt lat="61.02156271" lon="14.39076561"><ele>219.0</ele></trkpt><trkpt lat="61.02141822" lon="14.39096144"><ele>219.0</ele></trkpt><trkpt lat="61.02125588" lon="14.39118153"><ele>219.0</ele></trkpt><trkpt lat="61.02111966" lon="14.39141150"><ele>219.0</ele></trkpt><trkpt lat="61.02101694" lon="14.39171872"><ele>219.0</ele></trkpt><trkpt lat="61.02092990" lon="14.39202774"><ele>219.0</ele></trkpt><trkpt lat="61.02083197" lon="14.39237539"><ele>219.0</ele></trkpt><trkpt lat="61.02074580" lon="14.39270328"><ele>219.0</ele></trkpt><trkpt lat="61.02067355" lon="14.39302937"><ele>219.0</ele></trkpt><trkpt lat="61.02059086" lon="14.39340127"><ele>219.0</ele></trkpt><trkpt lat="61.02051382" lon="14.39372287"><ele>218.0</ele></trkpt><trkpt lat="61.02042677" lon="14.39408758"><ele>218.0</ele></trkpt><trkpt lat="61.02039370" lon="14.39424748"><ele>218.0</ele></trkpt><trkpt lat="61.02036671" lon="14.39443074"><ele>218.0</ele></trkpt><trkpt lat="61.02034582" lon="14.39481252"><ele>218.0</ele></trkpt><trkpt lat="61.02034582" lon="14.39520059"><ele>218.0</ele></trkpt><trkpt lat="61.02035365" lon="14.39557250"><ele>218.0</ele></trkpt><trkpt lat="61.02036715" lon="14.39592643"><ele>218.0</ele></trkpt><trkpt lat="61.02038194" lon="14.39632169"><ele>218.0</ele></trkpt><trkpt lat="61.02040371" lon="14.39674390"><ele>218.0</ele></trkpt><trkpt lat="61.02044157" lon="14.39746615"><ele>218.0</ele></trkpt><trkpt lat="61.02045680" lon="14.39783715"><ele>218.0</ele></trkpt><trkpt lat="61.02046769" lon="14.39822522"><ele>218.0</ele></trkpt><trkpt lat="61.02046290" lon="14.39860970"><ele>218.0</ele></trkpt><trkpt lat="61.02044157" lon="14.39899957"><ele>218.0</ele></trkpt><trkpt lat="61.02038673" lon="14.39938225"><ele>218.0</ele></trkpt><trkpt lat="61.02028968" lon="14.39972361"><ele>218.0</ele></trkpt><trkpt lat="61.02017956" lon="14.40002814"><ele>218.0</ele></trkpt><trkpt lat="61.02003767" lon="14.40027428"><ele>218.0</ele></trkpt><trkpt lat="61.01990580" lon="14.40053569"><ele>218.0</ele></trkpt><trkpt lat="61.01979089" lon="14.40081686"><ele>218.0</ele></trkpt><trkpt lat="61.01968078" lon="14.40111151"><ele>218.0</ele></trkpt><trkpt lat="61.01956674" lon="14.40140166"><ele>218.0</ele></trkpt><trkpt lat="61.01941963" lon="14.40179602"><ele>218.0</ele></trkpt><trkpt lat="61.01927295" lon="14.40219039"><ele>218.0</ele></trkpt><trkpt lat="61.01900397" lon="14.40291263"><ele>218.0</ele></trkpt><trkpt lat="61.01889820" lon="14.40321896"><ele>218.0</ele></trkpt><trkpt lat="61.01876502" lon="14.40360793"><ele>218.0</ele></trkpt><trkpt lat="61.01857263" lon="14.40413344"><ele>218.0</ele></trkpt><trkpt lat="61.01847775" lon="14.40446133"><ele>218.0</ele></trkpt><trkpt lat="61.01838068" lon="14.40477933"><ele>218.0</ele></trkpt><trkpt lat="61.01828971" lon="14.40511799"><ele>218.0</ele></trkpt><trkpt lat="61.01820266" lon="14.40545935"><ele>218.0</ele></trkpt><trkpt lat="61.01811300" lon="14.40576748"><ele>218.0</ele></trkpt><trkpt lat="61.01800984" lon="14.40612051"><ele>217.0</ele></trkpt><trkpt lat="61.01791278" lon="14.40643852"><ele>217.0</ele></trkpt><trkpt lat="61.01783791" lon="14.40671071"><ele>218.0</ele></trkpt><trkpt lat="61.01781484" lon="14.40681940"><ele>218.0</ele></trkpt><trkpt lat="61.01781484" lon="14.40687420"><ele>218.0</ele></trkpt><trkpt lat="61.01786664" lon="14.40713741"><ele>218.0</ele></trkpt><trkpt lat="61.01796588" lon="14.40730180"><ele>218.0</ele></trkpt><trkpt lat="61.01801376" lon="14.40736917"><ele>218.0</ele></trkpt><trkpt lat="61.01816088" lon="14.40760184"><ele>218.0</ele></trkpt><trkpt lat="61.01829276" lon="14.40785875"><ele>218.0</ele></trkpt><trkpt lat="61.01836458" lon="14.40811927"><ele>218.0</ele></trkpt><trkpt lat="61.01837067" lon="14.40821089"><ele>218.0</ele></trkpt><trkpt lat="61.01835761" lon="14.40849836"><ele>218.0</ele></trkpt><trkpt lat="61.01834586" lon="14.40859358"><ele>218.0</ele></trkpt><trkpt lat="61.01827492" lon="14.40893494"><ele>219.0</ele></trkpt><trkpt lat="61.01822660" lon="14.40910651"><ele>219.0</ele></trkpt><trkpt lat="61.01816871" lon="14.40923587"><ele>219.0</ele></trkpt><trkpt lat="61.01807774" lon="14.40947572"><ele>218.0</ele></trkpt><trkpt lat="61.01794063" lon="14.40987008"><ele>218.0</ele></trkpt><trkpt lat="61.01779047" lon="14.41015665"><ele>218.0</ele></trkpt><trkpt lat="61.01753888" lon="14.41063724"><ele>218.0</ele></trkpt><trkpt lat="61.01739959" lon="14.41089057"><ele>218.0</ele></trkpt><trkpt lat="61.01726683" lon="14.41114479"><ele>218.0</ele></trkpt><trkpt lat="61.01713059" lon="14.41138554"><ele>218.0</ele></trkpt><trkpt lat="61.01703875" lon="14.41153556"><ele>218.0</ele></trkpt><trkpt lat="61.01698086" lon="14.41160922"><ele>218.0</ele></trkpt><trkpt lat="61.01681066" lon="14.41175385"><ele>218.0</ele></trkpt><trkpt lat="61.01670097" lon="14.41180236"><ele>218.0</ele></trkpt><trkpt lat="61.01662784" lon="14.41182122"><ele>217.0</ele></trkpt><trkpt lat="61.01644198" lon="14.41178080"><ele>217.0</ele></trkpt><trkpt lat="61.01627874" lon="14.41162359"><ele>216.0</ele></trkpt><trkpt lat="61.01622259" lon="14.41153286"><ele>216.0</ele></trkpt><trkpt lat="61.01620083" lon="14.41150771"><ele>216.0</ele></trkpt><trkpt lat="61.01613379" lon="14.41138554"><ele>216.0</ele></trkpt><trkpt lat="61.01601278" lon="14.41110527"><ele>215.0</ele></trkpt><trkpt lat="61.01592093" lon="14.41078457"><ele>214.0</ele></trkpt><trkpt lat="61.01590570" lon="14.41065880"><ele>214.0</ele></trkpt><trkpt lat="61.01569284" lon="14.41057436"><ele>214.0</ele></trkpt><trkpt lat="61.01552482" lon="14.41048453"><ele>214.0</ele></trkpt><trkpt lat="61.01553178" lon="14.41019168"><ele>214.0</ele></trkpt><trkpt lat="61.01537290" lon="14.41007939"><ele>213.0</ele></trkpt><trkpt lat="61.01521183" lon="14.41010634"><ele>213.0</ele></trkpt><trkpt lat="61.01501595" lon="14.41019887"><ele>213.0</ele></trkpt><trkpt lat="61.01482485" lon="14.41029768"><ele>212.0</ele></trkpt><trkpt lat="61.01493280" lon="14.41089776"><ele>212.0</ele></trkpt><trkpt lat="61.01495979" lon="14.41117444"><ele>212.0</ele></trkpt><trkpt lat="61.01498765" lon="14.41137835"><ele>212.0</ele></trkpt><trkpt lat="61.01498286" lon="14.41146549"><ele>212.0</ele></trkpt><trkpt lat="61.01498373" lon="14.41165414"><ele>212.0</ele></trkpt><trkpt lat="61.01484879" lon="14.41168737"><ele>212.0</ele></trkpt><trkpt lat="61.01468772" lon="14.41172690"><ele>211.0</ele></trkpt><trkpt lat="61.01468816" lon="14.41223984"><ele>211.0</ele></trkpt><trkpt lat="61.01472777" lon="14.41258479"><ele>211.0</ele></trkpt><trkpt lat="61.01477174" lon="14.41296927"><ele>210.0</ele></trkpt><trkpt lat="61.01477392" lon="14.41325224"><ele>210.0</ele></trkpt><trkpt lat="61.01486402" lon="14.41328997"><ele>210.0</ele></trkpt><trkpt lat="61.01496110" lon="14.41343370"><ele>210.0</ele></trkpt><trkpt lat="61.01507994" lon="14.41371397"><ele>210.0</ele></trkpt><trkpt lat="61.01509691" lon="14.41409576"><ele>210.0</ele></trkpt><trkpt lat="61.01509822" lon="14.41446317"><ele>210.0</ele></trkpt><trkpt lat="61.01508821" lon="14.41493209"><ele>209.0</ele></trkpt><trkpt lat="61.01506296" lon="14.41559954"><ele>208.0</ele></trkpt><trkpt lat="61.01508342" lon="14.41599749"><ele>208.0</ele></trkpt><trkpt lat="61.01515481" lon="14.41631010"><ele>208.0</ele></trkpt><trkpt lat="61.01523055" lon="14.41664158"><ele>208.0</ele></trkpt><trkpt lat="61.01528366" lon="14.41684460"><ele>208.0</ele></trkpt><trkpt lat="61.01531195" lon="14.41697755"><ele>208.0</ele></trkpt><trkpt lat="61.01532762" lon="14.41736473"><ele>208.0</ele></trkpt><trkpt lat="61.01532197" lon="14.41771866"><ele>207.0</ele></trkpt><trkpt lat="61.01531587" lon="14.41811033"><ele>207.0</ele></trkpt><trkpt lat="61.01535374" lon="14.41846965"><ele>207.0</ele></trkpt><trkpt lat="61.01543993" lon="14.41880922"><ele>207.0</ele></trkpt><trkpt lat="61.01544777" lon="14.41919729"><ele>207.0</ele></trkpt><trkpt lat="61.01542948" lon="14.41961860"><ele>207.0</ele></trkpt><trkpt lat="61.01539901" lon="14.42032468"><ele>206.0</ele></trkpt><trkpt lat="61.01537290" lon="14.42069568"><ele>206.0</ele></trkpt><trkpt lat="61.01535461" lon="14.42106758"><ele>206.0</ele></trkpt><trkpt lat="61.01532371" lon="14.42144128"><ele>206.0</ele></trkpt><trkpt lat="61.01529976" lon="14.42181588"><ele>206.0</ele></trkpt><trkpt lat="61.01525580" lon="14.42219317"><ele>205.0</ele></trkpt><trkpt lat="61.01519312" lon="14.42263963"><ele>204.0</ele></trkpt><trkpt lat="61.01513043" lon="14.42308610"><ele>204.0</ele></trkpt><trkpt lat="61.01505382" lon="14.42363048"><ele>205.0</ele></trkpt><trkpt lat="61.01500768" lon="14.42400418"><ele>205.0</ele></trkpt><trkpt lat="61.01497155" lon="14.42436979"><ele>205.0</ele></trkpt><trkpt lat="61.01494760" lon="14.42475157"><ele>205.0</ele></trkpt><trkpt lat="61.01493716" lon="14.42510551"><ele>205.0</ele></trkpt><trkpt lat="61.01492584" lon="14.42549897"><ele>205.0</ele></trkpt><trkpt lat="61.01491887" lon="14.42591938"><ele>206.0</ele></trkpt><trkpt lat="61.01490799" lon="14.42662366"><ele>206.0</ele></trkpt><trkpt lat="61.01490320" lon="14.42706204"><ele>207.0</ele></trkpt><trkpt lat="61.01489493" lon="14.42787951"><ele>208.0</ele></trkpt><trkpt lat="61.01488797" lon="14.42813373"><ele>208.0</ele></trkpt><trkpt lat="61.01486098" lon="14.42850384"><ele>209.0</ele></trkpt><trkpt lat="61.01480308" lon="14.42883891"><ele>209.0</ele></trkpt><trkpt lat="61.01473866" lon="14.42921530"><ele>210.0</ele></trkpt><trkpt lat="61.01468859" lon="14.42957643"><ele>211.0</ele></trkpt><trkpt lat="61.01464289" lon="14.42994384"><ele>213.0</ele></trkpt><trkpt lat="61.01456758" lon="14.43045857"><ele>215.0</ele></trkpt><trkpt lat="61.01452971" lon="14.43080173"><ele>217.0</ele></trkpt><trkpt lat="61.01449401" lon="14.43118621"><ele>217.0</ele></trkpt><trkpt lat="61.01445396" lon="14.43155991"><ele>217.0</ele></trkpt><trkpt lat="61.01445962" lon="14.43222376"><ele>214.0</ele></trkpt><trkpt lat="61.01441348" lon="14.43256602"><ele>211.0</ele></trkpt><trkpt lat="61.01436168" lon="14.43294870"><ele>207.0</ele></trkpt><trkpt lat="61.01428158" lon="14.43329096"><ele>204.0</ele></trkpt><trkpt lat="61.01419277" lon="14.43362334"><ele>202.0</ele></trkpt><trkpt lat="61.01410658" lon="14.43393325"><ele>200.0</ele></trkpt><trkpt lat="61.01400863" lon="14.43428360"><ele>200.0</ele></trkpt><trkpt lat="61.01390067" lon="14.43459352"><ele>200.0</ele></trkpt><trkpt lat="61.01380273" lon="14.43491062"><ele>200.0</ele></trkpt><trkpt lat="61.01370783" lon="14.43523851"><ele>200.0</ele></trkpt><trkpt lat="61.01357070" lon="14.43550890"><ele>200.0</ele></trkpt><trkpt lat="61.01340397" lon="14.43566521"><ele>200.0</ele></trkpt><trkpt lat="61.01323680" lon="14.43581253"><ele>200.0</ele></trkpt><trkpt lat="61.01307965" lon="14.43599668"><ele>200.0</ele></trkpt><trkpt lat="61.01293860" lon="14.43625091"><ele>200.0</ele></trkpt><trkpt lat="61.01282149" lon="14.43651591"><ele>200.0</ele></trkpt><trkpt lat="61.01268784" lon="14.43681954"><ele>200.0</ele></trkpt><trkpt lat="61.01255289" lon="14.43708185"><ele>200.0</ele></trkpt><trkpt lat="61.01240879" lon="14.43726690"><ele>200.0</ele></trkpt><trkpt lat="61.01222595" lon="14.43746094"><ele>200.0</ele></trkpt><trkpt lat="61.01213757" lon="14.43756514"><ele>199.0</ele></trkpt><trkpt lat="61.01203004" lon="14.43769809"><ele>199.0</ele></trkpt><trkpt lat="61.01190858" lon="14.43784721"><ele>199.0</ele></trkpt><trkpt lat="61.01175490" lon="14.43804664"><ele>199.0</ele></trkpt><trkpt lat="61.01162386" lon="14.43830625"><ele>199.0</ele></trkpt><trkpt lat="61.01147758" lon="14.43853173"><ele>199.0</ele></trkpt><trkpt lat="61.01131955" lon="14.43867277"><ele>199.0</ele></trkpt><trkpt lat="61.01114279" lon="14.43883177"><ele>199.0</ele></trkpt><trkpt lat="61.01100957" lon="14.43906713"><ele>199.0</ele></trkpt><trkpt lat="61.01085502" lon="14.43934111"><ele>199.0</ele></trkpt><trkpt lat="61.01070961" lon="14.43957467"><ele>198.0</ele></trkpt><trkpt lat="61.01057682" lon="14.43980464"><ele>198.0</ele></trkpt><trkpt lat="61.01042575" lon="14.44006695"><ele>198.0</ele></trkpt><trkpt lat="61.01028469" lon="14.44029872"><ele>198.0</ele></trkpt><trkpt lat="61.01013361" lon="14.44052240"><ele>198.0</ele></trkpt><trkpt lat="61.00997470" lon="14.44072362"><ele>198.0</ele></trkpt><trkpt lat="61.00981057" lon="14.44090238"><ele>198.0</ele></trkpt><trkpt lat="61.00964599" lon="14.44106139"><ele>198.0</ele></trkpt><trkpt lat="61.00946966" lon="14.44117457"><ele>198.0</ele></trkpt><trkpt lat="61.00928767" lon="14.44126980"><ele>198.0</ele></trkpt><trkpt lat="61.00920582" lon="14.44133088"><ele>198.0</ele></trkpt><trkpt lat="61.00912266" lon="14.44143239"><ele>198.0</ele></trkpt><trkpt lat="61.00898377" lon="14.44167134"><ele>197.0</ele></trkpt><trkpt lat="61.00886056" lon="14.44196150"><ele>197.0</ele></trkpt><trkpt lat="61.00875781" lon="14.44228399"><ele>197.0</ele></trkpt><trkpt lat="61.00868989" lon="14.44260918"><ele>197.0</ele></trkpt><trkpt lat="61.00861456" lon="14.44297120"><ele>197.0</ele></trkpt><trkpt lat="61.00862588" lon="14.44333592"><ele>197.0</ele></trkpt><trkpt lat="61.00868989" lon="14.44368986"><ele>197.0</ele></trkpt><trkpt lat="61.00878393" lon="14.44402672"><ele>197.0</ele></trkpt><trkpt lat="61.00886186" lon="14.44438246"><ele>197.0</ele></trkpt><trkpt lat="61.00892500" lon="14.44475077"><ele>197.0</ele></trkpt><trkpt lat="61.00894459" lon="14.44494929"><ele>197.0</ele></trkpt><trkpt lat="61.00894198" lon="14.44513884"><ele>196.0</ele></trkpt><trkpt lat="61.00890584" lon="14.44551523"><ele>196.0</ele></trkpt><trkpt lat="61.00885054" lon="14.44585480"><ele>196.0</ele></trkpt><trkpt lat="61.00878785" lon="14.44623928"><ele>196.0</ele></trkpt><trkpt lat="61.00873778" lon="14.44659501"><ele>196.0</ele></trkpt><trkpt lat="61.00873299" lon="14.44696871"><ele>196.0</ele></trkpt><trkpt lat="61.00876477" lon="14.44734959"><ele>196.0</ele></trkpt><trkpt lat="61.00877783" lon="14.44773317"><ele>196.0</ele></trkpt><trkpt lat="61.00877392" lon="14.44809160"><ele>196.0</ele></trkpt><trkpt lat="61.00877000" lon="14.44849944"><ele>195.0</ele></trkpt><trkpt lat="61.00875781" lon="14.44888302"><ele>195.0</ele></trkpt><trkpt lat="61.00873778" lon="14.44926660"><ele>195.0</ele></trkpt><trkpt lat="61.00870382" lon="14.44964030"><ele>195.0</ele></trkpt><trkpt lat="61.00866463" lon="14.45000322"><ele>195.0</ele></trkpt><trkpt lat="61.00869598" lon="14.45053951"><ele>195.0</ele></trkpt><trkpt lat="61.00881484" lon="14.45104975"><ele>195.0</ele></trkpt><trkpt lat="61.00893458" lon="14.45136416"><ele>195.0</ele></trkpt><trkpt lat="61.00905561" lon="14.45165522"><ele>195.0</ele></trkpt><trkpt lat="61.00916881" lon="14.45196783"><ele>195.0</ele></trkpt><trkpt lat="61.00921584" lon="14.45236758"><ele>195.0</ele></trkpt><trkpt lat="61.00922846" lon="14.45272421"><ele>195.0</ele></trkpt><trkpt lat="61.00924283" lon="14.45312846"><ele>195.0</ele></trkpt><trkpt lat="61.00921061" lon="14.45349497"><ele>195.0</ele></trkpt><trkpt lat="61.00920582" lon="14.45388214"><ele>195.0</ele></trkpt><trkpt lat="61.00916490" lon="14.45417679"><ele>196.0</ele></trkpt><trkpt lat="61.00914487" lon="14.45425045"><ele>196.0</ele></trkpt><trkpt lat="61.00903689" lon="14.45456127"><ele>196.0</ele></trkpt><trkpt lat="61.00892369" lon="14.45487029"><ele>196.0</ele></trkpt><trkpt lat="61.00880047" lon="14.45511822"><ele>196.0</ele></trkpt><trkpt lat="61.00866376" lon="14.45539221"><ele>196.0</ele></trkpt><trkpt lat="61.00854969" lon="14.45566081"><ele>196.0</ele></trkpt><trkpt lat="61.00842081" lon="14.45596354"><ele>197.0</ele></trkpt><trkpt lat="61.00831588" lon="14.45626268"><ele>197.0</ele></trkpt><trkpt lat="61.00823882" lon="14.45661033"><ele>197.0</ele></trkpt><trkpt lat="61.00815565" lon="14.45694360"><ele>197.0</ele></trkpt><trkpt lat="61.00806074" lon="14.45726071"><ele>197.0</ele></trkpt><trkpt lat="61.00795885" lon="14.45754906"><ele>198.0</ele></trkpt><trkpt lat="61.00784391" lon="14.45787336"><ele>198.0</ele></trkpt><trkpt lat="61.00775900" lon="14.45819944"><ele>198.0</ele></trkpt><trkpt lat="61.00772591" lon="14.45857494"><ele>198.0</ele></trkpt><trkpt lat="61.00772765" lon="14.45899266"><ele>199.0</ele></trkpt><trkpt lat="61.00768977" lon="14.45932953"><ele>199.0</ele></trkpt><trkpt lat="61.00761575" lon="14.45967178"><ele>199.0</ele></trkpt><trkpt lat="61.00755088" lon="14.46000057"><ele>199.0</ele></trkpt><trkpt lat="61.00747860" lon="14.46036618"><ele>200.0</ele></trkpt><trkpt lat="61.00741590" lon="14.46069856"><ele>200.0</ele></trkpt><trkpt lat="61.00734493" lon="14.46107226"><ele>200.0</ele></trkpt><trkpt lat="61.00727265" lon="14.46142260"><ele>200.0</ele></trkpt><trkpt lat="61.00716597" lon="14.46172443"><ele>200.0</ele></trkpt><trkpt lat="61.00704754" lon="14.46200471"><ele>200.0</ele></trkpt><trkpt lat="61.00693477" lon="14.46231642"><ele>200.0</ele></trkpt><trkpt lat="61.00682766" lon="14.46259939"><ele>200.0</ele></trkpt><trkpt lat="61.00670574" lon="14.46292279"><ele>200.0</ele></trkpt><trkpt lat="61.00662344" lon="14.46323630"><ele>200.0</ele></trkpt><trkpt lat="61.00653070" lon="14.46358844"><ele>200.0</ele></trkpt><trkpt lat="61.00643795" lon="14.46391812"><ele>200.0</ele></trkpt><trkpt lat="61.00637090" lon="14.46417594"><ele>200.0</ele></trkpt><trkpt lat="61.00635566" lon="14.46425229"><ele>200.0</ele></trkpt><trkpt lat="61.00630167" lon="14.46461521"><ele>200.0</ele></trkpt><trkpt lat="61.00626204" lon="14.46496017"><ele>200.0</ele></trkpt><trkpt lat="61.00621763" lon="14.46534375"><ele>200.0</ele></trkpt><trkpt lat="61.00617191" lon="14.46553688"><ele>200.0</ele></trkpt><trkpt lat="61.00611182" lon="14.46566983"><ele>200.0</ele></trkpt><trkpt lat="61.00597989" lon="14.46593484"><ele>200.0</ele></trkpt><trkpt lat="61.00584969" lon="14.46621511"><ele>200.0</ele></trkpt><trkpt lat="61.00572734" lon="14.46646844"><ele>200.0</ele></trkpt><trkpt lat="61.00558887" lon="14.46675320"><ele>200.0</ele></trkpt><trkpt lat="61.00546999" lon="14.46704695"><ele>200.0</ele></trkpt><trkpt lat="61.00536375" lon="14.46734429"><ele>200.0</ele></trkpt><trkpt lat="61.00525184" lon="14.46764254"><ele>200.0</ele></trkpt><trkpt lat="61.00515822" lon="14.46794437"><ele>200.0</ele></trkpt><trkpt lat="61.00505197" lon="14.46828842"><ele>200.0</ele></trkpt><trkpt lat="61.00497272" lon="14.46862529"><ele>199.0</ele></trkpt><trkpt lat="61.00489390" lon="14.46901606"><ele>199.0</ele></trkpt><trkpt lat="61.00476066" lon="14.46967363"><ele>199.0</ele></trkpt><trkpt lat="61.00474455" lon="14.46990988"><ele>199.0</ele></trkpt><trkpt lat="61.00475195" lon="14.47003924"><ele>199.0</ele></trkpt><trkpt lat="61.00478287" lon="14.47041563"><ele>199.0</ele></trkpt><trkpt lat="61.00482902" lon="14.47078394"><ele>199.0</ele></trkpt><trkpt lat="61.00485297" lon="14.47113429"><ele>199.0</ele></trkpt><trkpt lat="61.00487997" lon="14.47152146"><ele>199.0</ele></trkpt><trkpt lat="61.00493876" lon="14.47187450"><ele>199.0</ele></trkpt><trkpt lat="61.00496575" lon="14.47225089"><ele>199.0</ele></trkpt><trkpt lat="61.00490871" lon="14.47261830"><ele>199.0</ele></trkpt><trkpt lat="61.00486168" lon="14.47287612"><ele>199.0</ele></trkpt><trkpt lat="61.00484862" lon="14.47298032"><ele>199.0</ele></trkpt><trkpt lat="61.00484905" lon="14.47338187"><ele>199.0</ele></trkpt><trkpt lat="61.00484992" lon="14.47412837"><ele>198.0</ele></trkpt><trkpt lat="61.00491219" lon="14.47445805"><ele>198.0</ele></trkpt><trkpt lat="61.00498099" lon="14.47482187"><ele>198.0</ele></trkpt><trkpt lat="61.00503194" lon="14.47518659"><ele>198.0</ele></trkpt><trkpt lat="61.00503978" lon="14.47557286"><ele>198.0</ele></trkpt><trkpt lat="61.00505371" lon="14.47578486"><ele>198.0</ele></trkpt><trkpt lat="61.00505894" lon="14.47595015"><ele>198.0</ele></trkpt><trkpt lat="61.00506373" lon="14.47633643"><ele>198.0</ele></trkpt><trkpt lat="61.00505066" lon="14.47670743"><ele>198.0</ele></trkpt><trkpt lat="61.00502280" lon="14.47708563"><ele>198.0</ele></trkpt><trkpt lat="61.00497403" lon="14.47746112"><ele>198.0</ele></trkpt><trkpt lat="61.00491394" lon="14.47779350"><ele>198.0</ele></trkpt><trkpt lat="61.00484775" lon="14.47816271"><ele>198.0</ele></trkpt><trkpt lat="61.00477459" lon="14.47850227"><ele>198.0</ele></trkpt><trkpt lat="61.00470971" lon="14.47885980"><ele>198.0</ele></trkpt><trkpt lat="61.00464483" lon="14.47919307"><ele>198.0</ele></trkpt><trkpt lat="61.00457080" lon="14.47957486"><ele>198.0</ele></trkpt><trkpt lat="61.00449895" lon="14.47997012"><ele>198.0</ele></trkpt><trkpt lat="61.00437790" lon="14.48063397"><ele>197.0</ele></trkpt><trkpt lat="61.00434872" lon="14.48101665"><ele>197.0</ele></trkpt><trkpt lat="61.00435482" lon="14.48139125"><ele>197.0</ele></trkpt><trkpt lat="61.00438182" lon="14.48176046"><ele>197.0</ele></trkpt><trkpt lat="61.00443364" lon="14.48211978"><ele>198.0</ele></trkpt><trkpt lat="61.00449765" lon="14.48246564"><ele>198.0</ele></trkpt><trkpt lat="61.00457211" lon="14.48278723"><ele>198.0</ele></trkpt><trkpt lat="61.00465572" lon="14.48314925"><ele>198.0</ele></trkpt><trkpt lat="61.00472190" lon="14.48350049"><ele>198.0</ele></trkpt><trkpt lat="61.00472190" lon="14.48354092"><ele>198.0</ele></trkpt><trkpt lat="61.00469273" lon="14.48369633"><ele>198.0</ele></trkpt><trkpt lat="61.00461783" lon="14.48382928"><ele>198.0</ele></trkpt><trkpt lat="61.00444888" lon="14.48404398"><ele>198.0</ele></trkpt><trkpt lat="61.00429473" lon="14.48425149"><ele>197.0</ele></trkpt><trkpt lat="61.00416583" lon="14.48451379"><ele>197.0</ele></trkpt><trkpt lat="61.00403128" lon="14.48474197"><ele>197.0</ele></trkpt><trkpt lat="61.00387800" lon="14.48500338"><ele>196.0</ele></trkpt><trkpt lat="61.00374866" lon="14.48524233"><ele>196.0</ele></trkpt><trkpt lat="61.00360278" lon="14.48551362"><ele>195.0</ele></trkpt><trkpt lat="61.00345778" lon="14.48574449"><ele>195.0</ele></trkpt><trkpt lat="61.00332888" lon="14.48600230"><ele>195.0</ele></trkpt><trkpt lat="61.00327967" lon="14.48634636"><ele>194.0</ele></trkpt><trkpt lat="61.00322393" lon="14.48673533"><ele>194.0</ele></trkpt><trkpt lat="61.00320695" lon="14.48694643"><ele>194.0</ele></trkpt><trkpt lat="61.00318300" lon="14.48711352"><ele>194.0</ele></trkpt><trkpt lat="61.00314685" lon="14.48747464"><ele>194.0</ele></trkpt><trkpt lat="61.00312334" lon="14.48782768"><ele>193.0</ele></trkpt><trkpt lat="61.00309677" lon="14.48822474"><ele>193.0</ele></trkpt><trkpt lat="61.00307979" lon="14.48864515"><ele>192.0</ele></trkpt><trkpt lat="61.00305061" lon="14.48935392"><ele>191.0</ele></trkpt><trkpt lat="61.00302797" lon="14.48972582"><ele>190.0</ele></trkpt><trkpt lat="61.00296178" lon="14.49008784"><ele>190.0</ele></trkpt><trkpt lat="61.00294175" lon="14.49045974"><ele>189.0</ele></trkpt><trkpt lat="61.00300881" lon="14.49081458"><ele>189.0</ele></trkpt><trkpt lat="61.00310897" lon="14.49113797"><ele>188.0</ele></trkpt><trkpt lat="61.00323656" lon="14.49140567"><ele>187.0</ele></trkpt><trkpt lat="61.00339071" lon="14.49162845"><ele>187.0</ele></trkpt><trkpt lat="61.00353485" lon="14.49186291"><ele>186.0</ele></trkpt><trkpt lat="61.00369467" lon="14.49205515"><ele>186.0</ele></trkpt><trkpt lat="61.00383489" lon="14.49230578"><ele>186.0</ele></trkpt><trkpt lat="61.00389977" lon="14.49267229"><ele>185.0</ele></trkpt><trkpt lat="61.00389977" lon="14.49280524"><ele>184.0</ele></trkpt><trkpt lat="61.00391457" lon="14.49305228"><ele>184.0</ele></trkpt><trkpt lat="61.00400471" lon="14.49338106"><ele>183.0</ele></trkpt><trkpt lat="61.00411358" lon="14.49369637"><ele>182.0</ele></trkpt><trkpt lat="61.00421373" lon="14.49402067"><ele>181.0</ele></trkpt><trkpt lat="61.00430387" lon="14.49434675"><ele>181.0</ele></trkpt><trkpt lat="61.00436571" lon="14.49469440"><ele>180.0</ele></trkpt><trkpt lat="61.00447892" lon="14.49498725"><ele>180.0</ele></trkpt><trkpt lat="61.00459083" lon="14.49529627"><ele>180.0</ele></trkpt><trkpt lat="61.00471755" lon="14.49555948"><ele>180.0</ele></trkpt><trkpt lat="61.00483468" lon="14.49584874"><ele>180.0</ele></trkpt><trkpt lat="61.00495966" lon="14.49612721"><ele>180.0</ele></trkpt><trkpt lat="61.00510074" lon="14.49638144"><ele>180.0</ele></trkpt><trkpt lat="61.00523355" lon="14.49664554"><ele>179.0</ele></trkpt><trkpt lat="61.00532891" lon="14.49696894"><ele>179.0</ele></trkpt><trkpt lat="61.00535068" lon="14.49733814"><ele>179.0</ele></trkpt><trkpt lat="61.00532891" lon="14.49770915"><ele>179.0</ele></trkpt><trkpt lat="61.00521700" lon="14.49800559"><ele>179.0</ele></trkpt><trkpt lat="61.00508289" lon="14.49826341"><ele>179.0</ele></trkpt><trkpt lat="61.00495791" lon="14.49853021"><ele>179.0</ele></trkpt><trkpt lat="61.00488171" lon="14.49885360"><ele>179.0</ele></trkpt><trkpt lat="61.00479462" lon="14.49922371"><ele>179.0</ele></trkpt><trkpt lat="61.00472365" lon="14.49956507"><ele>179.0</ele></trkpt><trkpt lat="61.00465963" lon="14.49991541"><ele>179.0</ele></trkpt><trkpt lat="61.00460085" lon="14.50026845"><ele>179.0</ele></trkpt><trkpt lat="61.00455295" lon="14.50061610"><ele>180.0</ele></trkpt><trkpt lat="61.00449765" lon="14.50101674"><ele>180.0</ele></trkpt><trkpt lat="61.00446891" lon="14.50140033"><ele>180.0</ele></trkpt><trkpt lat="61.00441099" lon="14.50176324"><ele>180.0</ele></trkpt><trkpt lat="61.00437398" lon="14.50212886"><ele>180.0</ele></trkpt><trkpt lat="61.00436962" lon="14.50220072"><ele>180.0</ele></trkpt><trkpt lat="61.00433566" lon="14.50249447"><ele>180.0</ele></trkpt><trkpt lat="61.00430779" lon="14.50264180"><ele>180.0</ele></trkpt><trkpt lat="61.00425075" lon="14.50289961"><ele>180.0</ele></trkpt><trkpt lat="61.00418673" lon="14.50319067"><ele>180.0</ele></trkpt><trkpt lat="61.00411576" lon="14.50354550"><ele>180.0</ele></trkpt><trkpt lat="61.00405174" lon="14.50392369"><ele>180.0</ele></trkpt><trkpt lat="61.00402474" lon="14.50429380"><ele>180.0</ele></trkpt><trkpt lat="61.00400689" lon="14.50466480"><ele>180.0</ele></trkpt><trkpt lat="61.00397641" lon="14.50507623"><ele>180.0</ele></trkpt><trkpt lat="61.00392677" lon="14.50574548"><ele>180.0</ele></trkpt><trkpt lat="61.00387800" lon="14.50597994"><ele>180.0</ele></trkpt><trkpt lat="61.00386972" lon="14.50610750"><ele>180.0</ele></trkpt><trkpt lat="61.00394157" lon="14.50646952"><ele>180.0</ele></trkpt><trkpt lat="61.00405131" lon="14.50674710"><ele>180.0</ele></trkpt><trkpt lat="61.00417585" lon="14.50706151"><ele>180.0</ele></trkpt><trkpt lat="61.00420285" lon="14.50743431"><ele>180.0</ele></trkpt><trkpt lat="61.00418891" lon="14.50780891"><ele>180.0</ele></trkpt><trkpt lat="61.00418064" lon="14.50818530"><ele>180.0</ele></trkpt><trkpt lat="61.00416017" lon="14.50852576"><ele>180.0</ele></trkpt><trkpt lat="61.00413883" lon="14.50887611"><ele>180.0</ele></trkpt><trkpt lat="61.00409660" lon="14.50925070"><ele>180.0</ele></trkpt><trkpt lat="61.00406394" lon="14.50959835"><ele>180.0</ele></trkpt><trkpt lat="61.00402779" lon="14.50998283"><ele>180.0</ele></trkpt><trkpt lat="61.00401255" lon="14.51035473"><ele>180.0</ele></trkpt><trkpt lat="61.00405479" lon="14.51071765"><ele>180.0</ele></trkpt><trkpt lat="61.00413274" lon="14.51105093"><ele>180.0</ele></trkpt><trkpt lat="61.00425554" lon="14.51133659"><ele>180.0</ele></trkpt><trkpt lat="61.00440925" lon="14.51154590"><ele>179.0</ele></trkpt><trkpt lat="61.00460782" lon="14.51181629"><ele>179.0</ele></trkpt><trkpt lat="61.00464570" lon="14.51186121"><ele>179.0</ele></trkpt><trkpt lat="61.00484688" lon="14.51202021"><ele>179.0</ele></trkpt><trkpt lat="61.00489565" lon="14.51207590"><ele>179.0</ele></trkpt><trkpt lat="61.00494093" lon="14.51214328"><ele>179.0</ele></trkpt><trkpt lat="61.00498361" lon="14.51222323"><ele>179.0</ele></trkpt><trkpt lat="61.00506373" lon="14.51240199"><ele>179.0</ele></trkpt><trkpt lat="61.00513166" lon="14.51258615"><ele>178.0</ele></trkpt><trkpt lat="61.00523355" lon="14.51293649"><ele>178.0</ele></trkpt><trkpt lat="61.00532281" lon="14.51330660"><ele>178.0</ele></trkpt><trkpt lat="61.00537986" lon="14.51356262"><ele>178.0</ele></trkpt><trkpt lat="61.00543385" lon="14.51383211"><ele>178.0</ele></trkpt><trkpt lat="61.00550657" lon="14.51423456"><ele>177.0</ele></trkpt><trkpt lat="61.00555055" lon="14.51454897"><ele>177.0</ele></trkpt><trkpt lat="61.00561761" lon="14.51495141"><ele>176.0</ele></trkpt><trkpt lat="61.00569468" lon="14.51527570"><ele>176.0</ele></trkpt><trkpt lat="61.00579091" lon="14.51572396"><ele>176.0</ele></trkpt><trkpt lat="61.00584055" lon="14.51604286"><ele>175.0</ele></trkpt><trkpt lat="61.00588278" lon="14.51623510"><ele>175.0</ele></trkpt><trkpt lat="61.00590978" lon="14.51633931"><ele>175.0</ele></trkpt><trkpt lat="61.00594679" lon="14.51652616"><ele>175.0</ele></trkpt><trkpt lat="61.00595594" lon="14.51661689"><ele>174.0</ele></trkpt><trkpt lat="61.00596465" lon="14.51687830"><ele>174.0</ele></trkpt><trkpt lat="61.00597161" lon="14.51696993"><ele>174.0</ele></trkpt><trkpt lat="61.00602082" lon="14.51744783"><ele>173.0</ele></trkpt><trkpt lat="61.00602865" lon="14.51790328"><ele>173.0</ele></trkpt><trkpt lat="61.00603301" lon="14.51797784"><ele>173.0</ele></trkpt><trkpt lat="61.00612096" lon="14.51851952"><ele>172.0</ele></trkpt><trkpt lat="61.00617060" lon="14.51872254"><ele>172.0</ele></trkpt><trkpt lat="61.00619063" lon="14.51877015"><ele>172.0</ele></trkpt><trkpt lat="61.00621371" lon="14.51881147"><ele>172.0</ele></trkpt><trkpt lat="61.00626291" lon="14.51884381"><ele>172.0</ele></trkpt><trkpt lat="61.00631865" lon="14.51885818"><ele>172.0</ele></trkpt><trkpt lat="61.00660298" lon="14.51871086"><ele>171.0</ele></trkpt><trkpt lat="61.00682983" lon="14.51895880"><ele>170.0</ele></trkpt><trkpt lat="61.00695393" lon="14.51915643"><ele>170.0</ele></trkpt><trkpt lat="61.00701663" lon="14.51924536"><ele>170.0</ele></trkpt><trkpt lat="61.00712766" lon="14.51926782"><ele>169.0</ele></trkpt><trkpt lat="61.00732185" lon="14.51919236"><ele>169.0</ele></trkpt><trkpt lat="61.00746989" lon="14.51922649"><ele>168.0</ele></trkpt><trkpt lat="61.00748382" lon="14.51923727"><ele>168.0</ele></trkpt><trkpt lat="61.00757091" lon="14.51936933"><ele>168.0</ele></trkpt><trkpt lat="61.00760966" lon="14.51951755"><ele>167.0</ele></trkpt><trkpt lat="61.00763665" lon="14.51980231"><ele>167.0</ele></trkpt><trkpt lat="61.00763970" lon="14.51988226"><ele>167.0</ele></trkpt><trkpt lat="61.00764144" lon="14.52022273"><ele>167.0</ele></trkpt><trkpt lat="61.00764362" lon="14.52065032"><ele>167.0</ele></trkpt><trkpt lat="61.00763273" lon="14.52103121"><ele>167.0</ele></trkpt><trkpt lat="61.00761575" lon="14.52140581"><ele>167.0</ele></trkpt><trkpt lat="61.00762185" lon="14.52177681"><ele>167.0</ele></trkpt><trkpt lat="61.00767976" lon="14.52214063"><ele>167.0</ele></trkpt><trkpt lat="61.00779253" lon="14.52241192"><ele>167.0</ele></trkpt><trkpt lat="61.00791967" lon="14.52271735"><ele>166.0</ele></trkpt><trkpt lat="61.00802982" lon="14.52301289"><ele>166.0</ele></trkpt><trkpt lat="61.00813388" lon="14.52329766"><ele>165.0</ele></trkpt><trkpt lat="61.00825101" lon="14.52361926"><ele>165.0</ele></trkpt><trkpt lat="61.00835768" lon="14.52392648"><ele>165.0</ele></trkpt><trkpt lat="61.00845477" lon="14.52424538"><ele>165.0</ele></trkpt><trkpt lat="61.00849396" lon="14.52444391"><ele>165.0</ele></trkpt><trkpt lat="61.00850876" lon="14.52459842"><ele>165.0</ele></trkpt><trkpt lat="61.00848960" lon="14.52523173"><ele>165.0</ele></trkpt><trkpt lat="61.00849091" lon="14.52537097"><ele>165.0</ele></trkpt><trkpt lat="61.00850963" lon="14.52574916"><ele>165.0</ele></trkpt><trkpt lat="61.00852574" lon="14.52589199"><ele>165.0</ele></trkpt><trkpt lat="61.00855970" lon="14.52612286"><ele>165.0</ele></trkpt><trkpt lat="61.00863459" lon="14.52643727"><ele>165.0</ele></trkpt><trkpt lat="61.00864286" lon="14.52645254"><ele>165.0</ele></trkpt><trkpt lat="61.00880788" lon="14.52663490"><ele>165.0</ele></trkpt><trkpt lat="61.00896679" lon="14.52677144"><ele>165.0</ele></trkpt><trkpt lat="61.00914487" lon="14.52692326"><ele>165.0</ele></trkpt><trkpt lat="61.00932294" lon="14.52712089"><ele>164.0</ele></trkpt><trkpt lat="61.00961378" lon="14.52744249"><ele>164.0</ele></trkpt><trkpt lat="61.00969998" lon="14.52751615"><ele>164.0</ele></trkpt><trkpt lat="61.00976572" lon="14.52764820"><ele>164.0</ele></trkpt><trkpt lat="61.00987283" lon="14.52795183"><ele>164.0</ele></trkpt><trkpt lat="61.00992899" lon="14.52831924"><ele>163.0</ele></trkpt><trkpt lat="61.00994597" lon="14.52869923"><ele>163.0</ele></trkpt><trkpt lat="61.00990983" lon="14.52906484"><ele>163.0</ele></trkpt><trkpt lat="61.00982885" lon="14.52941069"><ele>163.0</ele></trkpt><trkpt lat="61.00977095" lon="14.52978350"><ele>163.0</ele></trkpt><trkpt lat="61.00973089" lon="14.53020121"><ele>163.0</ele></trkpt><trkpt lat="61.00966167" lon="14.53091986"><ele>162.0</ele></trkpt><trkpt lat="61.00962074" lon="14.53129446"><ele>162.0</ele></trkpt><trkpt lat="61.00959288" lon="14.53166726"><ele>162.0</ele></trkpt><trkpt lat="61.00958112" lon="14.53202210"><ele>162.0</ele></trkpt><trkpt lat="61.00956762" lon="14.53241646"><ele>162.0</ele></trkpt><trkpt lat="61.00954411" lon="14.53283777"><ele>162.0</ele></trkpt><trkpt lat="61.00950362" lon="14.53355552"><ele>162.0</ele></trkpt><trkpt lat="61.00948708" lon="14.53391305"><ele>162.0</ele></trkpt><trkpt lat="61.00946792" lon="14.53432178"><ele>162.0</ele></trkpt><trkpt lat="61.00942569" lon="14.53469369"><ele>162.0</ele></trkpt><trkpt lat="61.00930770" lon="14.53497486"><ele>162.0</ele></trkpt><trkpt lat="61.00911091" lon="14.53526412"><ele>162.0</ele></trkpt><trkpt lat="61.00891411" lon="14.53555337"><ele>162.0</ele></trkpt><trkpt lat="61.00855099" lon="14.53608877"><ele>162.0</ele></trkpt><trkpt lat="61.00833896" lon="14.53633042"><ele>162.0</ele></trkpt><trkpt lat="61.00822967" lon="14.53647145"><ele>162.0</ele></trkpt><trkpt lat="61.00808077" lon="14.53664662"><ele>162.0</ele></trkpt><trkpt lat="61.00789180" lon="14.53676161"><ele>162.0</ele></trkpt><trkpt lat="61.00772156" lon="14.53692330"><ele>163.0</ele></trkpt><trkpt lat="61.00756176" lon="14.53708770"><ele>163.0</ele></trkpt><trkpt lat="61.00745291" lon="14.53721526"><ele>163.0</ele></trkpt><trkpt lat="61.00739282" lon="14.53730060"><ele>163.0</ele></trkpt><trkpt lat="61.00733796" lon="14.53736797"><ele>163.0</ele></trkpt><trkpt lat="61.00728397" lon="14.53741558"><ele>163.0</ele></trkpt><trkpt lat="61.00716597" lon="14.53749912"><ele>163.0</ele></trkpt><trkpt lat="61.00702098" lon="14.53762489"><ele>164.0</ele></trkpt><trkpt lat="61.00694174" lon="14.53768238"><ele>164.0</ele></trkpt><trkpt lat="61.00681198" lon="14.53776592"><ele>164.0</ele></trkpt><trkpt lat="61.00666263" lon="14.53786115"><ele>164.0</ele></trkpt><trkpt lat="61.00663564" lon="14.53789169"><ele>164.0</ele></trkpt><trkpt lat="61.00662475" lon="14.53794199"><ele>164.0</ele></trkpt><trkpt lat="61.00664173" lon="14.53842169"><ele>165.0</ele></trkpt><trkpt lat="61.00666089" lon="14.53879450"><ele>165.0</ele></trkpt><trkpt lat="61.00668876" lon="14.53921131"><ele>165.0</ele></trkpt><trkpt lat="61.00673491" lon="14.53990302"><ele>164.0</ele></trkpt><trkpt lat="61.00674362" lon="14.54027222"><ele>164.0</ele></trkpt><trkpt lat="61.00677323" lon="14.54068904"><ele>164.0</ele></trkpt><trkpt lat="61.00682200" lon="14.54138254"><ele>164.0</ele></trkpt><trkpt lat="61.00684986" lon="14.54174187"><ele>164.0</ele></trkpt><trkpt lat="61.00689689" lon="14.54210928"><ele>164.0</ele></trkpt><trkpt lat="61.00693172" lon="14.54247759"><ele>164.0</ele></trkpt><trkpt lat="61.00699660" lon="14.54282524"><ele>164.0</ele></trkpt></trkseg></trk></gpx>