<?xml version='1.0' encoding='utf-8'?>
<gpx version="1.1" creator="Ultravasan route source cache" xmlns="http://www.topografix.com/GPX/1/1"><metadata><name>Trace de Trail ultravasan45-2018 · ITRA track 51603</name><desc>Coordinates transformed from the public map geometry on https://tracedetrail.fr/en/trace/51603. HTTP 200; content-type text/html; charset=UTF-8; fetched 2026-09-25T11:34:55+00:00; source-page SHA-256 0fa263936a73dd68742aa80ba9de12a576683ee98d0dcd10d4e5d2829ab4ea03. Candidate geometry only; see source audit before using as an edition route.</desc><link href="https://tracedetrail.fr/en/trace/51603"><text>Trace de Trail track 51603</text></link></metadata><trk><name>ultravasan45-2018 · Trace de Trail 51603</name><trkseg><trkpt lat="61.12529406" lon="14.17944862"><ele>199.0</ele></trkpt><trkpt lat="61.12523116" lon="14.17944233" /><trkpt lat="61.12512792" lon="14.17941987"><ele>199.0</ele></trkpt><trkpt lat="61.12503292" lon="14.17938753" /><trkpt lat="61.12493835" lon="14.17933723"><ele>199.0</ele></trkpt><trkpt lat="61.12482947" lon="14.17924919" /><trkpt lat="61.12478392" lon="14.17920518"><ele>199.0</ele></trkpt><trkpt lat="61.12469759" lon="14.17911714" /><trkpt lat="61.12457049" lon="14.17897521"><ele>199.0</ele></trkpt><trkpt lat="61.12452494" lon="14.17893119" /><trkpt lat="61.12444338" lon="14.17886112"><ele>199.0</ele></trkpt><trkpt lat="61.12430283" lon="14.17876590"><ele>199.0</ele></trkpt><trkpt lat="61.12416748" lon="14.17868954"><ele>199.0</ele></trkpt><trkpt lat="61.12410371" lon="14.17862846" /><trkpt lat="61.12404038" lon="14.17855749"><ele>199.0</ele></trkpt><trkpt lat="61.12397184" lon="14.17846766" /><trkpt lat="61.12389852" lon="14.17835088"><ele>199.0</ele></trkpt><trkpt lat="61.12378400" lon="14.17816223"><ele>199.0</ele></trkpt><trkpt lat="61.12368292" lon="14.17796281"><ele>199.0</ele></trkpt><trkpt lat="61.12364127" lon="14.17785411" /><trkpt lat="61.12359485" lon="14.17773553"><ele>200.0</ele></trkpt><trkpt lat="61.12355277" lon="14.17759899" /><trkpt lat="61.12350592" lon="14.17743370"><ele>200.0</ele></trkpt><trkpt lat="61.12348163" lon="14.17726841" /><trkpt lat="61.12346210" lon="14.17712108"><ele>200.0</ele></trkpt><trkpt lat="61.12345126" lon="14.17696388" /><trkpt lat="61.12343564" lon="14.17681566"><ele>200.0</ele></trkpt><trkpt lat="61.12342046" lon="14.17666833" /><trkpt lat="61.12338749" lon="14.17653089"><ele>201.0</ele></trkpt><trkpt lat="61.12329465" lon="14.17628475"><ele>201.0</ele></trkpt><trkpt lat="61.12325300" lon="14.17618504" /><trkpt lat="61.12317925" lon="14.17602155"><ele>201.0</ele></trkpt><trkpt lat="61.12310117" lon="14.17586793" /><trkpt lat="61.12302785" lon="14.17573319"><ele>201.0</ele></trkpt><trkpt lat="61.12294542" lon="14.17560742" /><trkpt lat="61.12281311" lon="14.17543764"><ele>201.0</ele></trkpt><trkpt lat="61.12271289" lon="14.17531278" /><trkpt lat="61.12260834" lon="14.17519779"><ele>201.0</ele></trkpt><trkpt lat="61.12255845" lon="14.17514479" /><trkpt lat="61.12246734" lon="14.17504687"><ele>201.0</ele></trkpt><trkpt lat="61.12238535" lon="14.17494986" /><trkpt lat="61.12230379" lon="14.17486092"><ele>200.0</ele></trkpt><trkpt lat="61.12222223" lon="14.17479085" /><trkpt lat="61.12209078" lon="14.17469563"><ele>200.0</ele></trkpt><trkpt lat="61.12199143" lon="14.17465431" /><trkpt lat="61.12193763" lon="14.17463814"><ele>200.0</ele></trkpt><trkpt lat="61.12178926" lon="14.17462736"><ele>200.0</ele></trkpt><trkpt lat="61.12165520" lon="14.17468126"><ele>200.0</ele></trkpt><trkpt lat="61.12152592" lon="14.17476211"><ele>200.0</ele></trkpt><trkpt lat="61.12140574" lon="14.17484206" /><trkpt lat="61.12128556" lon="14.17491303"><ele>200.0</ele></trkpt><trkpt lat="61.12117363" lon="14.17492830" /><trkpt lat="61.12105649" lon="14.17488787"><ele>200.0</ele></trkpt><trkpt lat="61.12094716" lon="14.17475492" /><trkpt lat="61.12082829" lon="14.17457526"><ele>200.0</ele></trkpt><trkpt lat="61.12072329" lon="14.17442255" /><trkpt lat="61.12060745" lon="14.17413149"><ele>200.0</ele></trkpt><trkpt lat="61.12058793" lon="14.17400303" /><trkpt lat="61.12056320" lon="14.17381888"><ele>200.0</ele></trkpt><trkpt lat="61.12054324" lon="14.17364371" /><trkpt lat="61.12052328" lon="14.17347752"><ele>200.0</ele></trkpt><trkpt lat="61.12050767" lon="14.17332031" /><trkpt lat="61.12049725" lon="14.17317299"><ele>200.0</ele></trkpt><trkpt lat="61.12048641" lon="14.17301578" /><trkpt lat="61.12047383" lon="14.17271934"><ele>200.0</ele></trkpt><trkpt lat="61.12046732" lon="14.17257112" /><trkpt lat="61.12046992" lon="14.17242290"><ele>200.0</ele></trkpt><trkpt lat="61.12046818" lon="14.17226479" /><trkpt lat="61.12047513" lon="14.17210669"><ele>200.0</ele></trkpt><trkpt lat="61.12047773" lon="14.17194858" /><trkpt lat="61.12048944" lon="14.17178150"><ele>200.0</ele></trkpt><trkpt lat="61.12050376" lon="14.17151111"><ele>200.0</ele></trkpt><trkpt lat="61.12051200" lon="14.17141858" /><trkpt lat="61.12052676" lon="14.17116705"><ele>200.0</ele></trkpt><trkpt lat="61.12062784" lon="14.17100446" /><trkpt lat="61.12068945" lon="14.17089845"><ele>200.0</ele></trkpt><trkpt lat="61.12075106" lon="14.17078437" /><trkpt lat="61.12081657" lon="14.17064154"><ele>200.0</ele></trkpt><trkpt lat="61.12088642" lon="14.17048972" /><trkpt lat="61.12095627" lon="14.17032802"><ele>200.0</ele></trkpt><trkpt lat="61.12103480" lon="14.17014836" /><trkpt lat="61.12110942" lon="14.16997678"><ele>201.0</ele></trkpt><trkpt lat="61.12118361" lon="14.16981598" /><trkpt lat="61.12125346" lon="14.16967315"><ele>201.0</ele></trkpt><trkpt lat="61.12132374" lon="14.16953032" /><trkpt lat="61.12139403" lon="14.16939647"><ele>201.0</ele></trkpt><trkpt lat="61.12146431" lon="14.16926262" /><trkpt lat="61.12152982" lon="14.16912967"><ele>201.0</ele></trkpt><trkpt lat="61.12160010" lon="14.16900570" /><trkpt lat="61.12167472" lon="14.16888084"><ele>201.0</ele></trkpt><trkpt lat="61.12174978" lon="14.16875687" /><trkpt lat="61.12182440" lon="14.16863200"><ele>202.0</ele></trkpt><trkpt lat="61.12190813" lon="14.16849816" /><trkpt lat="61.12203568" lon="14.16828705"><ele>203.0</ele></trkpt><trkpt lat="61.12212809" lon="14.16814332" /><trkpt lat="61.12217668" lon="14.16807595"><ele>203.0</ele></trkpt><trkpt lat="61.12228687" lon="14.16789359"><ele>204.0</ele></trkpt><trkpt lat="61.12239272" lon="14.16773010"><ele>204.0</ele></trkpt><trkpt lat="61.12248947" lon="14.16756750" /><trkpt lat="61.12258188" lon="14.16741479"><ele>205.0</ele></trkpt><trkpt lat="61.12266517" lon="14.16727106" /><trkpt lat="61.12274413" lon="14.16712733"><ele>205.0</ele></trkpt><trkpt lat="61.12281441" lon="14.16699438" /><trkpt lat="61.12287558" lon="14.16686053"><ele>206.0</ele></trkpt><trkpt lat="61.12293718" lon="14.16673746" /><trkpt lat="61.12298490" lon="14.16661439"><ele>206.0</ele></trkpt><trkpt lat="61.12303306" lon="14.16650030" /><trkpt lat="61.12311071" lon="14.16626405"><ele>206.0</ele></trkpt><trkpt lat="61.12316667" lon="14.16604755" /><trkpt lat="61.12320442" lon="14.16584184"><ele>207.0</ele></trkpt><trkpt lat="61.12322437" lon="14.16562714" /><trkpt lat="61.12323044" lon="14.16541334"><ele>208.0</ele></trkpt><trkpt lat="61.12322350" lon="14.16520044" /><trkpt lat="61.12320311" lon="14.16497856"><ele>208.0</ele></trkpt><trkpt lat="61.12317318" lon="14.16474859" /><trkpt lat="61.12313891" lon="14.16449975"><ele>208.0</ele></trkpt><trkpt lat="61.12309075" lon="14.16423295"><ele>207.0</ele></trkpt><trkpt lat="61.12307080" lon="14.16409461" /><trkpt lat="61.12302742" lon="14.16382781"><ele>207.0</ele></trkpt><trkpt lat="61.12298837" lon="14.16357988" /><trkpt lat="61.12295410" lon="14.16334003"><ele>207.0</ele></trkpt><trkpt lat="61.12292460" lon="14.16311904" /><trkpt lat="61.12289510" lon="14.16289806"><ele>206.0</ele></trkpt><trkpt lat="61.12287428" lon="14.16268606" /><trkpt lat="61.12285389" lon="14.16248214"><ele>205.0</ele></trkpt><trkpt lat="61.12283827" lon="14.16229798" /><trkpt lat="61.12282222" lon="14.16210395"><ele>205.0</ele></trkpt><trkpt lat="61.12281137" lon="14.16192788" /><trkpt lat="61.12280486" lon="14.16175181"><ele>205.0</ele></trkpt><trkpt lat="61.12280269" lon="14.16158562" /><trkpt lat="61.12279619" lon="14.16142752"><ele>204.0</ele></trkpt><trkpt lat="61.12279879" lon="14.16127031" /><trkpt lat="61.12280139" lon="14.16111221"><ele>204.0</ele></trkpt><trkpt lat="61.12280400" lon="14.16096309" /><trkpt lat="61.12281137" lon="14.16081487"><ele>205.0</ele></trkpt><trkpt lat="61.12282569" lon="14.16052651"><ele>205.0</ele></trkpt><trkpt lat="61.12284478" lon="14.16023725"><ele>206.0</ele></trkpt><trkpt lat="61.12286083" lon="14.16008813" /><trkpt lat="61.12287254" lon="14.15993901"><ele>206.0</ele></trkpt><trkpt lat="61.12288382" lon="14.15978989" /><trkpt lat="61.12290030" lon="14.15964077"><ele>206.0</ele></trkpt><trkpt lat="61.12291636" lon="14.15949165" /><trkpt lat="61.12292764" lon="14.15933354"><ele>206.0</ele></trkpt><trkpt lat="61.12294369" lon="14.15917454" /><trkpt lat="61.12295974" lon="14.15900656"><ele>206.0</ele></trkpt><trkpt lat="61.12297102" lon="14.15883947" /><trkpt lat="61.12298707" lon="14.15866250"><ele>207.0</ele></trkpt><trkpt lat="61.12300269" lon="14.15848464" /><trkpt lat="61.12301397" lon="14.15829868"><ele>207.0</ele></trkpt><trkpt lat="61.12302525" lon="14.15813160" /><trkpt lat="61.12303262" lon="14.15797349"><ele>207.0</ele></trkpt><trkpt lat="61.12305128" lon="14.15769412"><ele>207.0</ele></trkpt><trkpt lat="61.12307123" lon="14.15746056" /><trkpt lat="61.12307427" lon="14.15735815"><ele>207.0</ele></trkpt><trkpt lat="61.12308989" lon="14.15717220" /><trkpt lat="61.12310897" lon="14.15687396"><ele>207.0</ele></trkpt><trkpt lat="61.12311895" lon="14.15660446"><ele>207.0</ele></trkpt><trkpt lat="61.12311982" lon="14.15631700"><ele>207.0</ele></trkpt><trkpt lat="61.12312112" lon="14.15604751" /><trkpt lat="61.12311852" lon="14.15583461"><ele>207.0</ele></trkpt><trkpt lat="61.12311548" lon="14.15557499" /><trkpt lat="61.12311375" lon="14.15543575"><ele>207.0</ele></trkpt><trkpt lat="61.12311158" lon="14.15527855" /><trkpt lat="61.12311288" lon="14.15500007"><ele>207.0</ele></trkpt><trkpt lat="61.12311158" lon="14.15489766" /><trkpt lat="61.12310941" lon="14.15473058" /><trkpt lat="61.12310160" lon="14.15445300"><ele>207.0</ele></trkpt><trkpt lat="61.12308121" lon="14.15423111" /><trkpt lat="61.12304737" lon="14.15403797"><ele>207.0</ele></trkpt><trkpt lat="61.12299965" lon="14.15381789" /><trkpt lat="61.12296668" lon="14.15368943"><ele>207.0</ele></trkpt><trkpt lat="61.12292894" lon="14.15353402" /><trkpt lat="61.12288642" lon="14.15335975"><ele>207.0</ele></trkpt><trkpt lat="61.12283914" lon="14.15315852" /><trkpt lat="61.12278230" lon="14.15291059"><ele>206.0</ele></trkpt><trkpt lat="61.12275367" lon="14.15277315" /><trkpt lat="61.12270638" lon="14.15257103"><ele>206.0</ele></trkpt><trkpt lat="61.12270118" lon="14.15251623" /><trkpt lat="61.12268556" lon="14.15234016" /><trkpt lat="61.12267471" lon="14.15218295"><ele>206.0</ele></trkpt><trkpt lat="61.12266344" lon="14.15202575" /><trkpt lat="61.12267341" lon="14.15172841"><ele>206.0</ele></trkpt><trkpt lat="61.12269294" lon="14.15149574" /><trkpt lat="61.12269510" lon="14.15128194"><ele>206.0</ele></trkpt><trkpt lat="61.12269207" lon="14.15105018" /><trkpt lat="61.12270248" lon="14.15079955"><ele>206.0</ele></trkpt><trkpt lat="61.12270855" lon="14.15056688" /><trkpt lat="61.12271940" lon="14.15036207"><ele>206.0</ele></trkpt><trkpt lat="61.12273068" lon="14.15016713" /><trkpt lat="61.12273719" lon="14.14998118"><ele>205.0</ele></trkpt><trkpt lat="61.12274847" lon="14.14978535" /><trkpt lat="61.12275931" lon="14.14958053"><ele>205.0</ele></trkpt><trkpt lat="61.12276538" lon="14.14935775" /><trkpt lat="61.12277319" lon="14.14923648"><ele>205.0</ele></trkpt><trkpt lat="61.12277406" lon="14.14894902"><ele>205.0</ele></trkpt><trkpt lat="61.12277536" lon="14.14869839" /><trkpt lat="61.12278144" lon="14.14845674"><ele>206.0</ele></trkpt><trkpt lat="61.12280052" lon="14.14817737"><ele>206.0</ele></trkpt><trkpt lat="61.12280703" lon="14.14798243" /><trkpt lat="61.12281397" lon="14.14781534"><ele>206.0</ele></trkpt><trkpt lat="61.12282091" lon="14.14764736" /><trkpt lat="61.12282786" lon="14.14748926"><ele>206.0</ele></trkpt><trkpt lat="61.12283957" lon="14.14733115" /><trkpt lat="61.12285389" lon="14.14704279"><ele>206.0</ele></trkpt><trkpt lat="61.12286820" lon="14.14675443"><ele>207.0</ele></trkpt><trkpt lat="61.12288729" lon="14.14646608"><ele>207.0</ele></trkpt><trkpt lat="61.12289423" lon="14.14630797" /><trkpt lat="61.12290117" lon="14.14614987"><ele>207.0</ele></trkpt><trkpt lat="61.12291289" lon="14.14599087" /><trkpt lat="61.12291939" lon="14.14581480"><ele>208.0</ele></trkpt><trkpt lat="61.12293414" lon="14.14553542"><ele>208.0</ele></trkpt><trkpt lat="61.12293761" lon="14.14544200" /><trkpt lat="61.12294412" lon="14.14526593"><ele>208.0</ele></trkpt><trkpt lat="61.12295540" lon="14.14508896" /><trkpt lat="61.12296278" lon="14.14493085"><ele>208.0</ele></trkpt><trkpt lat="61.12296972" lon="14.14477275" /><trkpt lat="61.12298143" lon="14.14462363"><ele>209.0</ele></trkpt><trkpt lat="61.12298837" lon="14.14447451" /><trkpt lat="61.12300269" lon="14.14418615"><ele>210.0</ele></trkpt><trkpt lat="61.12300529" lon="14.14403793" /><trkpt lat="61.12300833" lon="14.14388881"><ele>210.0</ele></trkpt><trkpt lat="61.12301050" lon="14.14373160" /><trkpt lat="61.12301310" lon="14.14357350"><ele>211.0</ele></trkpt><trkpt lat="61.12301136" lon="14.14341540" /><trkpt lat="61.12300486" lon="14.14324022"><ele>212.0</ele></trkpt><trkpt lat="61.12299184" lon="14.14294378"><ele>212.0</ele></trkpt><trkpt lat="61.12298490" lon="14.14273088" /><trkpt lat="61.12297796" lon="14.14253595"><ele>212.0</ele></trkpt><trkpt lat="61.12297709" lon="14.14245240" /><trkpt lat="61.12297492" lon="14.14226735" /><trkpt lat="61.12296364" lon="14.14209128"><ele>212.0</ele></trkpt><trkpt lat="61.12294239" lon="14.14181460"><ele>212.0</ele></trkpt><trkpt lat="61.12291289" lon="14.14161158" /><trkpt lat="61.12289814" lon="14.14151007"><ele>212.0</ele></trkpt><trkpt lat="61.12286473" lon="14.14133580" /><trkpt lat="61.12283133" lon="14.14117949"><ele>212.0</ele></trkpt><trkpt lat="61.12279792" lon="14.14103306" /><trkpt lat="61.12273198" lon="14.14076716"><ele>212.0</ele></trkpt><trkpt lat="61.12266127" lon="14.14051114"><ele>211.0</ele></trkpt><trkpt lat="61.12259099" lon="14.14027399"><ele>211.0</ele></trkpt><trkpt lat="61.12252071" lon="14.14002695"><ele>210.0</ele></trkpt><trkpt lat="61.12248340" lon="14.13989939" /><trkpt lat="61.12244565" lon="14.13977093"><ele>210.0</ele></trkpt><trkpt lat="61.12240791" lon="14.13962451" /><trkpt lat="61.12237060" lon="14.13947808"><ele>210.0</ele></trkpt><trkpt lat="61.12230422" lon="14.13920320"><ele>210.0</ele></trkpt><trkpt lat="61.12226127" lon="14.13900108" /><trkpt lat="61.12222743" lon="14.13880884"><ele>210.0</ele></trkpt><trkpt lat="61.12219359" lon="14.13859683" /><trkpt lat="61.12217407" lon="14.13848634"><ele>210.0</ele></trkpt><trkpt lat="61.12208991" lon="14.13822224"><ele>210.0</ele></trkpt><trkpt lat="61.12205260" lon="14.13809378" /><trkpt lat="61.12204609" lon="14.13793657"><ele>210.0</ele></trkpt><trkpt lat="61.12204436" lon="14.13777847" /><trkpt lat="61.12205390" lon="14.13748113"><ele>212.0</ele></trkpt><trkpt lat="61.12207733" lon="14.13720175"><ele>213.0</ele></trkpt><trkpt lat="61.12211030" lon="14.13694034"><ele>213.0</ele></trkpt><trkpt lat="61.12215195" lon="14.13668791" /><trkpt lat="61.12219837" lon="14.13644357"><ele>215.0</ele></trkpt><trkpt lat="61.12224913" lon="14.13620911" /><trkpt lat="61.12230032" lon="14.13598363"><ele>217.0</ele></trkpt><trkpt lat="61.12235585" lon="14.13575816" /><trkpt lat="61.12240704" lon="14.13553268"><ele>219.0</ele></trkpt><trkpt lat="61.12245346" lon="14.13529822" /><trkpt lat="61.12249554" lon="14.13505478"><ele>220.0</ele></trkpt><trkpt lat="61.12253285" lon="14.13481133" /><trkpt lat="61.12255628" lon="14.13455082"><ele>222.0</ele></trkpt><trkpt lat="61.12257103" lon="14.13428043"><ele>222.0</ele></trkpt><trkpt lat="61.12256756" lon="14.13398398"><ele>222.0</ele></trkpt><trkpt lat="61.12255541" lon="14.13373425" /><trkpt lat="61.12254500" lon="14.13364173"><ele>222.0</ele></trkpt><trkpt lat="61.12252071" lon="14.13348542" /><trkpt lat="61.12248296" lon="14.13333899"><ele>221.0</ele></trkpt><trkpt lat="61.12244565" lon="14.13321143" /><trkpt lat="61.12239923" lon="14.13308387"><ele>220.0</ele></trkpt><trkpt lat="61.12235238" lon="14.13294733" /><trkpt lat="61.12231030" lon="14.13279192"><ele>219.0</ele></trkpt><trkpt lat="61.12224826" lon="14.13250715"><ele>218.0</ele></trkpt><trkpt lat="61.12221008" lon="14.13229605" /><trkpt lat="61.12219533" lon="14.13220352"><ele>217.0</ele></trkpt><trkpt lat="61.12216626" lon="14.13201937" /><trkpt lat="61.12214153" lon="14.13183521"><ele>215.0</ele></trkpt><trkpt lat="61.12210206" lon="14.13156841"><ele>214.0</ele></trkpt><trkpt lat="61.12207733" lon="14.13137528" /><trkpt lat="61.12205216" lon="14.13116327"><ele>212.0</ele></trkpt><trkpt lat="61.12201789" lon="14.13091444" /><trkpt lat="61.12199663" lon="14.13065573"><ele>211.0</ele></trkpt><trkpt lat="61.12198015" lon="14.13042396" /><trkpt lat="61.12197277" lon="14.13019309"><ele>211.0</ele></trkpt><trkpt lat="61.12197017" lon="14.12997031" /><trkpt lat="61.12197190" lon="14.12973855"><ele>211.0</ele></trkpt><trkpt lat="61.12196410" lon="14.12948792" /><trkpt lat="61.12196236" lon="14.12935856"><ele>212.0</ele></trkpt><trkpt lat="61.12195021" lon="14.12908098"><ele>212.0</ele></trkpt><trkpt lat="61.12191160" lon="14.12887886" /><trkpt lat="61.12186908" lon="14.12870459"><ele>210.0</ele></trkpt><trkpt lat="61.12181225" lon="14.12844767"><ele>210.0</ele></trkpt><trkpt lat="61.12178232" lon="14.12821770" /><trkpt lat="61.12178405" lon="14.12798503"><ele>210.0</ele></trkpt><trkpt lat="61.12179013" lon="14.12777124" /><trkpt lat="61.12178318" lon="14.12754935"><ele>212.0</ele></trkpt><trkpt lat="61.12177234" lon="14.12741999" /><trkpt lat="61.12175238" lon="14.12724482"><ele>212.0</ele></trkpt><trkpt lat="61.12173242" lon="14.12708762" /><trkpt lat="61.12168861" lon="14.12680285"><ele>212.0</ele></trkpt><trkpt lat="61.12164045" lon="14.12654504"><ele>212.0</ele></trkpt><trkpt lat="61.12159229" lon="14.12629710" /><trkpt lat="61.12154457" lon="14.12604917"><ele>211.0</ele></trkpt><trkpt lat="61.12150075" lon="14.12579225"><ele>211.0</ele></trkpt><trkpt lat="61.12146171" lon="14.12551557"><ele>210.0</ele></trkpt><trkpt lat="61.12144609" lon="14.12535926" /><trkpt lat="61.12143524" lon="14.12520205"><ele>210.0</ele></trkpt><trkpt lat="61.12142700" lon="14.12488675"><ele>210.0</ele></trkpt><trkpt lat="61.12144565" lon="14.12460737"><ele>210.0</ele></trkpt><trkpt lat="61.12148730" lon="14.12434506"><ele>211.0</ele></trkpt><trkpt lat="61.12151680" lon="14.12419504" /><trkpt lat="61.12155108" lon="14.12404502"><ele>212.0</ele></trkpt><trkpt lat="61.12157798" lon="14.12405311" /><trkpt lat="61.12167603" lon="14.12401089" /><trkpt lat="61.12174978" lon="14.12379350"><ele>216.0</ele></trkpt><trkpt lat="61.12176540" lon="14.12358868" /><trkpt lat="61.12177104" lon="14.12332817"><ele>218.0</ele></trkpt><trkpt lat="61.12176366" lon="14.12310628" /><trkpt lat="61.12174327" lon="14.12290327"><ele>218.0</ele></trkpt><trkpt lat="61.12171854" lon="14.12270923" /><trkpt lat="61.12168904" lon="14.12252507"><ele>218.0</ele></trkpt><trkpt lat="61.12165997" lon="14.12233194" /><trkpt lat="61.12162570" lon="14.12212982"><ele>218.0</ele></trkpt><trkpt lat="61.12160054" lon="14.12189895" /><trkpt lat="61.12159012" lon="14.12177857"><ele>218.0</ele></trkpt><trkpt lat="61.12157754" lon="14.12149201"><ele>218.0</ele></trkpt><trkpt lat="61.12158362" lon="14.12125037" /><trkpt lat="61.12158926" lon="14.12100872"><ele>219.0</ele></trkpt><trkpt lat="61.12157711" lon="14.12073114"><ele>219.0</ele></trkpt><trkpt lat="61.12153763" lon="14.12046434"><ele>218.0</ele></trkpt><trkpt lat="61.12149468" lon="14.12024425" /><trkpt lat="61.12145607" lon="14.12001428"><ele>216.0</ele></trkpt><trkpt lat="61.12144088" lon="14.11988493" /><trkpt lat="61.12143437" lon="14.11973670"><ele>215.0</ele></trkpt><trkpt lat="61.12144565" lon="14.11956872" /><trkpt lat="61.12152808" lon="14.11932348"><ele>215.0</ele></trkpt><trkpt lat="61.12153546" lon="14.11918424" /><trkpt lat="61.12151073" lon="14.11900907"><ele>214.0</ele></trkpt><trkpt lat="61.12147732" lon="14.11886264" /><trkpt lat="61.12143524" lon="14.11873508"><ele>212.0</ele></trkpt><trkpt lat="61.12134283" lon="14.11850781"><ele>210.0</ele></trkpt><trkpt lat="61.12129641" lon="14.11838025" /><trkpt lat="61.12125433" lon="14.11824370"><ele>208.0</ele></trkpt><trkpt lat="61.12121615" lon="14.11807841" /><trkpt lat="61.12117233" lon="14.11778377"><ele>207.0</ele></trkpt><trkpt lat="61.12115975" lon="14.11751517"><ele>206.0</ele></trkpt><trkpt lat="61.12115237" lon="14.11725556" /><trkpt lat="61.12114587" lon="14.11710823"><ele>206.0</ele></trkpt><trkpt lat="61.12112027" lon="14.11685850" /><trkpt lat="61.12111029" lon="14.11676687"><ele>206.0</ele></trkpt><trkpt lat="61.12109467" lon="14.11659080" /><trkpt lat="61.12107428" lon="14.11642462"><ele>207.0</ele></trkpt><trkpt lat="61.12105476" lon="14.11627729" /><trkpt lat="61.12103046" lon="14.11612098"><ele>208.0</ele></trkpt><trkpt lat="61.12100573" lon="14.11596468" /><trkpt lat="61.12096235" lon="14.11569788"><ele>208.0</ele></trkpt><trkpt lat="61.12094760" lon="14.11560625" /><trkpt lat="61.12091896" lon="14.11545893" /><trkpt lat="61.12086169" lon="14.11520201"><ele>208.0</ele></trkpt><trkpt lat="61.12079618" lon="14.11497384" /><trkpt lat="61.12073067" lon="14.11476363"><ele>209.0</ele></trkpt><trkpt lat="61.12066516" lon="14.11456331" /><trkpt lat="61.12060398" lon="14.11434412"><ele>209.0</ele></trkpt><trkpt lat="61.12054758" lon="14.11411505" /><trkpt lat="61.12049942" lon="14.11385813"><ele>209.0</ele></trkpt><trkpt lat="61.12048380" lon="14.11370991" /><trkpt lat="61.12044432" lon="14.11342514"><ele>208.0</ele></trkpt><trkpt lat="61.12043217" lon="14.11313768"><ele>208.0</ele></trkpt><trkpt lat="61.12043868" lon="14.11297059" /><trkpt lat="61.12046645" lon="14.11268134"><ele>208.0</ele></trkpt><trkpt lat="61.12049465" lon="14.11241993" /><trkpt lat="61.12052285" lon="14.11214953"><ele>209.0</ele></trkpt><trkpt lat="61.12053283" lon="14.11188004"><ele>211.0</ele></trkpt><trkpt lat="61.12053630" lon="14.11178661" /><trkpt lat="61.12053847" lon="14.11161054"><ele>211.0</ele></trkpt><trkpt lat="61.12054411" lon="14.11135003" /><trkpt lat="61.12054758" lon="14.11125751"><ele>212.0</ele></trkpt><trkpt lat="61.12055409" lon="14.11107155" /><trkpt lat="61.12058619" lon="14.11077331"><ele>213.0</ele></trkpt><trkpt lat="61.12061440" lon="14.11049304"><ele>214.0</ele></trkpt><trkpt lat="61.12062134" lon="14.11035380" /><trkpt lat="61.12062394" lon="14.11019570"><ele>215.0</ele></trkpt><trkpt lat="61.12061743" lon="14.11002861" /><trkpt lat="61.12059704" lon="14.10984446"><ele>216.0</ele></trkpt><trkpt lat="61.12055322" lon="14.10954981"><ele>216.0</ele></trkpt><trkpt lat="61.12050940" lon="14.10928301"><ele>216.0</ele></trkpt><trkpt lat="61.12048511" lon="14.10914557" /><trkpt lat="61.12046081" lon="14.10898926"><ele>215.0</ele></trkpt><trkpt lat="61.12044085" lon="14.10882307" /><trkpt lat="61.12042046" lon="14.10865688"><ele>215.0</ele></trkpt><trkpt lat="61.12039443" lon="14.10837122"><ele>214.0</ele></trkpt><trkpt lat="61.12037751" lon="14.10808376"><ele>214.0</ele></trkpt><trkpt lat="61.12036666" lon="14.10794542" /><trkpt lat="61.12035148" lon="14.10778821"><ele>213.0</ele></trkpt><trkpt lat="61.12033152" lon="14.10763191" /><trkpt lat="61.12029811" lon="14.10747650"><ele>213.0</ele></trkpt><trkpt lat="61.12023216" lon="14.10721060"><ele>212.0</ele></trkpt><trkpt lat="61.12016145" lon="14.10697344"><ele>211.0</ele></trkpt><trkpt lat="61.12009593" lon="14.10675425" /><trkpt lat="61.12003042" lon="14.10654405"><ele>210.0</ele></trkpt><trkpt lat="61.11997402" lon="14.10632486" /><trkpt lat="61.11993063" lon="14.10608590"><ele>209.0</ele></trkpt><trkpt lat="61.11991111" lon="14.10595655" /><trkpt lat="61.11989809" lon="14.10566010"><ele>208.0</ele></trkpt><trkpt lat="61.11992152" lon="14.10537174"><ele>208.5</ele></trkpt><trkpt lat="61.11999961" lon="14.10515435"><ele>209.0</ele></trkpt><trkpt lat="61.12004777" lon="14.10505823" /><trkpt lat="61.12010027" lon="14.10495403"><ele>210.0</ele></trkpt><trkpt lat="61.12015277" lon="14.10483994" /><trkpt lat="61.12020483" lon="14.10470699"><ele>212.0</ele></trkpt><trkpt lat="61.12028683" lon="14.10443390"><ele>213.0</ele></trkpt><trkpt lat="61.12031243" lon="14.10432970" /><trkpt lat="61.12031026" lon="14.10414465"><ele>214.0</ele></trkpt><trkpt lat="61.12026340" lon="14.10398924" /><trkpt lat="61.12016578" lon="14.10374400"><ele>214.0</ele></trkpt><trkpt lat="61.12013194" lon="14.10353289" /><trkpt lat="61.12011719" lon="14.10344037"><ele>212.0</ele></trkpt><trkpt lat="61.12010157" lon="14.10326519" /><trkpt lat="61.12010721" lon="14.10298672"><ele>211.0</ele></trkpt><trkpt lat="61.12013585" lon="14.10277112" /><trkpt lat="61.12015711" lon="14.10267770"><ele>211.0</ele></trkpt><trkpt lat="61.12020006" lon="14.10252678" /><trkpt lat="61.12025212" lon="14.10239383"><ele>212.0</ele></trkpt><trkpt lat="61.12030462" lon="14.10227076" /><trkpt lat="61.12036102" lon="14.10214679"><ele>213.0</ele></trkpt><trkpt lat="61.12041352" lon="14.10201474" /><trkpt lat="61.12046515" lon="14.10185394"><ele>214.0</ele></trkpt><trkpt lat="61.12050767" lon="14.10167518" /><trkpt lat="61.12053283" lon="14.10150719"><ele>215.0</ele></trkpt><trkpt lat="61.12055756" lon="14.10134819" /><trkpt lat="61.12058272" lon="14.10118919"><ele>215.0</ele></trkpt><trkpt lat="61.12060745" lon="14.10103917" /><trkpt lat="61.12064867" lon="14.10074901"><ele>215.0</ele></trkpt><trkpt lat="61.12069032" lon="14.10046874"><ele>216.0</ele></trkpt><trkpt lat="61.12072243" lon="14.10019745"><ele>216.0</ele></trkpt><trkpt lat="61.12074325" lon="14.10006629" /><trkpt lat="61.12077622" lon="14.09980488"><ele>216.0</ele></trkpt><trkpt lat="61.12080399" lon="14.09954347" /><trkpt lat="61.12083696" lon="14.09929195"><ele>216.0</ele></trkpt><trkpt lat="61.12086950" lon="14.09902964"><ele>216.0</ele></trkpt><trkpt lat="61.12090204" lon="14.09876823"><ele>216.0</ele></trkpt><trkpt lat="61.12093458" lon="14.09850682"><ele>216.0</ele></trkpt><trkpt lat="61.12097146" lon="14.09823553"><ele>216.0</ele></trkpt><trkpt lat="61.12099228" lon="14.09809539" /><trkpt lat="61.12101267" lon="14.09794627"><ele>216.0</ele></trkpt><trkpt lat="61.12103784" lon="14.09780523" /><trkpt lat="61.12106300" lon="14.09765522"><ele>216.0</ele></trkpt><trkpt lat="61.12108816" lon="14.09749621" /><trkpt lat="61.12111289" lon="14.09734709"><ele>216.0</ele></trkpt><trkpt lat="61.12115888" lon="14.09705694"><ele>217.0</ele></trkpt><trkpt lat="61.12120487" lon="14.09680361"><ele>218.0</ele></trkpt><trkpt lat="61.12124695" lon="14.09656915" /><trkpt lat="61.12128904" lon="14.09635356"><ele>218.0</ele></trkpt><trkpt lat="61.12133589" lon="14.09614694" /><trkpt lat="61.12137797" lon="14.09594033"><ele>219.0</ele></trkpt><trkpt lat="61.12142483" lon="14.09575258" /><trkpt lat="61.12146735" lon="14.09556484"><ele>219.0</ele></trkpt><trkpt lat="61.12151420" lon="14.09536721" /><trkpt lat="61.12155672" lon="14.09517946"><ele>220.0</ele></trkpt><trkpt lat="61.12160401" lon="14.09499171" /><trkpt lat="61.12164609" lon="14.09478510"><ele>220.0</ele></trkpt><trkpt lat="61.12169295" lon="14.09457849" /><trkpt lat="61.12173503" lon="14.09436289"><ele>221.0</ele></trkpt><trkpt lat="61.12177711" lon="14.09412843" /><trkpt lat="61.12182310" lon="14.09387511"><ele>221.0</ele></trkpt><trkpt lat="61.12184392" lon="14.09375383" /><trkpt lat="61.12187646" lon="14.09347356"><ele>223.0</ele></trkpt><trkpt lat="61.12189121" lon="14.09322203" /><trkpt lat="61.12189685" lon="14.09298038"><ele>224.0</ele></trkpt><trkpt lat="61.12189815" lon="14.09270191"><ele>224.0</ele></trkpt><trkpt lat="61.12188687" lon="14.09252673" /><trkpt lat="61.12187993" lon="14.09235066"><ele>224.0</ele></trkpt><trkpt lat="61.12187342" lon="14.09217459" /><trkpt lat="61.12186692" lon="14.09201739"><ele>223.0</ele></trkpt><trkpt lat="61.12181876" lon="14.09176047"><ele>222.0</ele></trkpt><trkpt lat="61.12170900" lon="14.09161764" /><trkpt lat="61.12163915" lon="14.09141731"><ele>220.0</ele></trkpt><trkpt lat="61.12167169" lon="14.09113704"><ele>219.0</ele></trkpt><trkpt lat="61.12172722" lon="14.09090168" /><trkpt lat="61.12176583" lon="14.09077053"><ele>219.0</ele></trkpt><trkpt lat="61.12180444" lon="14.09062859" /><trkpt lat="61.12184739" lon="14.09048756"><ele>219.0</ele></trkpt><trkpt lat="61.12189468" lon="14.09032676" /><trkpt lat="61.12194674" lon="14.09017584"><ele>221.0</ele></trkpt><trkpt lat="61.12199837" lon="14.09001504" /><trkpt lat="61.12205477" lon="14.08984526"><ele>225.0</ele></trkpt><trkpt lat="61.12211117" lon="14.08968446" /><trkpt lat="61.12216713" lon="14.08951468"><ele>228.0</ele></trkpt><trkpt lat="61.12221876" lon="14.08934490" /><trkpt lat="61.12227516" lon="14.08917422"><ele>231.0</ele></trkpt><trkpt lat="61.12232678" lon="14.08900444" /><trkpt lat="61.12237841" lon="14.08883466"><ele>233.0</ele></trkpt><trkpt lat="61.12243047" lon="14.08867386" /><trkpt lat="61.12247298" lon="14.08851396"><ele>235.0</ele></trkpt><trkpt lat="61.12251593" lon="14.08835406" /><trkpt lat="61.12255454" lon="14.08820314"><ele>236.0</ele></trkpt><trkpt lat="61.12258838" lon="14.08805312" /><trkpt lat="61.12263871" lon="14.08778183"><ele>237.0</ele></trkpt><trkpt lat="61.12265823" lon="14.08754827" /><trkpt lat="61.12266170" lon="14.08744586"><ele>237.0</ele></trkpt><trkpt lat="61.12255975" lon="14.08721949"><ele>236.5</ele></trkpt><trkpt lat="61.12249164" lon="14.08713954" /><trkpt lat="61.12241442" lon="14.08705150"><ele>236.0</ele></trkpt><trkpt lat="61.12228253" lon="14.08691945"><ele>234.0</ele></trkpt><trkpt lat="61.12218232" lon="14.08682243" /><trkpt lat="61.12208253" lon="14.08673530"><ele>232.0</ele></trkpt><trkpt lat="61.12198275" lon="14.08664816" /><trkpt lat="61.12188731" lon="14.08656012"><ele>230.0</ele></trkpt><trkpt lat="61.12184175" lon="14.08651611" /><trkpt lat="61.12175585" lon="14.08644694"><ele>229.0</ele></trkpt><trkpt lat="61.12161485" lon="14.08631488"><ele>228.0</ele></trkpt><trkpt lat="61.12153763" lon="14.08622685" /><trkpt lat="61.12145520" lon="14.08611097"><ele>227.0</ele></trkpt><trkpt lat="61.12137320" lon="14.08601305" /><trkpt lat="61.12129120" lon="14.08592501"><ele>227.0</ele></trkpt><trkpt lat="61.12120487" lon="14.08584596" /><trkpt lat="61.12112331" lon="14.08578578"><ele>226.0</ele></trkpt><trkpt lat="61.12104174" lon="14.08572469" /><trkpt lat="61.12096495" lon="14.08566450"><ele>226.0</ele></trkpt><trkpt lat="61.12089250" lon="14.08561240" /><trkpt lat="61.12076538" lon="14.08549832"><ele>226.0</ele></trkpt><trkpt lat="61.12067383" lon="14.08537345" /><trkpt lat="61.12062611" lon="14.08513540"><ele>226.0</ele></trkpt><trkpt lat="61.12064260" lon="14.08504107" /><trkpt lat="61.12067644" lon="14.08487219"><ele>227.0</ele></trkpt><trkpt lat="61.12071505" lon="14.08471229" /><trkpt lat="61.12074889" lon="14.08457125"><ele>227.0</ele></trkpt><trkpt lat="61.12078316" lon="14.08443022" /><trkpt lat="61.12085171" lon="14.08416701"><ele>228.0</ele></trkpt><trkpt lat="61.12091549" lon="14.08391279"><ele>229.0</ele></trkpt><trkpt lat="61.12097059" lon="14.08365946"><ele>229.0</ele></trkpt><trkpt lat="61.12099575" lon="14.08351933" /><trkpt lat="61.12103740" lon="14.08323815"><ele>230.0</ele></trkpt><trkpt lat="61.12105302" lon="14.08308005" /><trkpt lat="61.12106907" lon="14.08291207"><ele>230.0</ele></trkpt><trkpt lat="61.12107818" lon="14.08259586"><ele>231.0</ele></trkpt><trkpt lat="61.12107081" lon="14.08236409" /><trkpt lat="61.12105910" lon="14.08214221"><ele>231.0</ele></trkpt><trkpt lat="61.12104738" lon="14.08193919" /><trkpt lat="61.12103610" lon="14.08173527"><ele>232.0</ele></trkpt><trkpt lat="61.12102916" lon="14.08154124" /><trkpt lat="61.12103523" lon="14.08133642"><ele>233.0</ele></trkpt><trkpt lat="61.12105476" lon="14.08111274" /><trkpt lat="61.12108773" lon="14.08086031"><ele>234.0</ele></trkpt><trkpt lat="61.12112027" lon="14.08060789" /><trkpt lat="61.12114890" lon="14.08038421"><ele>235.0</ele></trkpt><trkpt lat="61.12119055" lon="14.08014076" /><trkpt lat="61.12122049" lon="14.08000871"><ele>235.0</ele></trkpt><trkpt lat="61.12127212" lon="14.07982995" /><trkpt lat="61.12133763" lon="14.07970598"><ele>236.0</ele></trkpt><trkpt lat="61.12139880" lon="14.07957213" /><trkpt lat="61.12146214" lon="14.07926311"><ele>236.0</ele></trkpt><trkpt lat="61.12147255" lon="14.07903044" /><trkpt lat="61.12146995" lon="14.07880766"><ele>236.0</ele></trkpt><trkpt lat="61.12148991" lon="14.07860285" /><trkpt lat="61.12154067" lon="14.07837737"><ele>236.0</ele></trkpt><trkpt lat="61.12156626" lon="14.07828305" /><trkpt lat="61.12162700" lon="14.07811237"><ele>236.0</ele></trkpt><trkpt lat="61.12168774" lon="14.07796055" /><trkpt lat="61.12174891" lon="14.07782760"><ele>236.0</ele></trkpt><trkpt lat="61.12181008" lon="14.07768477" /><trkpt lat="61.12187125" lon="14.07754283"><ele>236.0</ele></trkpt><trkpt lat="61.12194370" lon="14.07726975"><ele>236.0</ele></trkpt><trkpt lat="61.12197668" lon="14.07702630" /><trkpt lat="61.12194674" lon="14.07679633"><ele>236.0</ele></trkpt><trkpt lat="61.12188557" lon="14.07656726" /><trkpt lat="61.12184652" lon="14.07632831"><ele>236.0</ele></trkpt><trkpt lat="61.12185390" lon="14.07618907" /><trkpt lat="61.12188731" lon="14.07601031"><ele>236.0</ele></trkpt><trkpt lat="61.12193937" lon="14.07586838" /><trkpt lat="61.12200054" lon="14.07572554"><ele>236.0</ele></trkpt><trkpt lat="61.12208644" lon="14.07541473"><ele>236.0</ele></trkpt><trkpt lat="61.12212375" lon="14.07519015" /><trkpt lat="61.12216149" lon="14.07498443"><ele>236.0</ele></trkpt><trkpt lat="61.12220357" lon="14.07476884" /><trkpt lat="61.12224566" lon="14.07454336"><ele>236.0</ele></trkpt><trkpt lat="61.12225780" lon="14.07444994" /><trkpt lat="61.12227819" lon="14.07428195"><ele>237.0</ele></trkpt><trkpt lat="61.12228513" lon="14.07411486" /><trkpt lat="61.12229164" lon="14.07394688"><ele>237.0</ele></trkpt><trkpt lat="61.12230336" lon="14.07378878" /><trkpt lat="61.12231463" lon="14.07362079"><ele>237.0</ele></trkpt><trkpt lat="61.12234717" lon="14.07335040"><ele>237.0</ele></trkpt><trkpt lat="61.12236843" lon="14.07325607" /><trkpt lat="61.12241138" lon="14.07310516"><ele>237.0</ele></trkpt><trkpt lat="61.12247298" lon="14.07300904" /><trkpt lat="61.12254370" lon="14.07293088"><ele>237.0</ele></trkpt><trkpt lat="61.12261918" lon="14.07287160" /><trkpt lat="61.12268990" lon="14.07280243"><ele>237.0</ele></trkpt><trkpt lat="61.12275627" lon="14.07271529" /><trkpt lat="61.12280877" lon="14.07260120"><ele>237.0</ele></trkpt><trkpt lat="61.12286777" lon="14.07230117"><ele>237.0</ele></trkpt><trkpt lat="61.12283350" lon="14.07207120" /><trkpt lat="61.12279619" lon="14.07197059"><ele>237.0</ele></trkpt><trkpt lat="61.12271810" lon="14.07182685" /><trkpt lat="61.12263393" lon="14.07158072"><ele>238.0</ele></trkpt><trkpt lat="61.12263090" lon="14.07133997" /><trkpt lat="61.12263697" lon="14.07111629"><ele>238.0</ele></trkpt><trkpt lat="61.12264782" lon="14.07091237" /><trkpt lat="61.12266300" lon="14.07069767"><ele>239.0</ele></trkpt><trkpt lat="61.12270031" lon="14.07045423" /><trkpt lat="61.12276061" lon="14.07025660"><ele>239.0</ele></trkpt><trkpt lat="61.12278187" lon="14.07014341" /><trkpt lat="61.12278230" lon="14.06984697"><ele>239.0</ele></trkpt><trkpt lat="61.12277450" lon="14.06957837" /><trkpt lat="61.12277102" lon="14.06930888"><ele>239.0</ele></trkpt><trkpt lat="61.12277797" lon="14.06916065" /><trkpt lat="61.12279836" lon="14.06900165"><ele>240.0</ele></trkpt><trkpt lat="61.12283697" lon="14.06885074" /><trkpt lat="61.12289380" lon="14.06875462"><ele>240.0</ele></trkpt><trkpt lat="61.12295540" lon="14.06864951" /><trkpt lat="61.12299705" lon="14.06838721"><ele>240.0</ele></trkpt><trkpt lat="61.12300789" lon="14.06819227" /><trkpt lat="61.12301136" lon="14.06809885"><ele>239.0</ele></trkpt><trkpt lat="61.12301353" lon="14.06792278" /><trkpt lat="61.12301136" lon="14.06775569"><ele>239.0</ele></trkpt><trkpt lat="61.12300919" lon="14.06758860" /><trkpt lat="61.12300139" lon="14.06732001"><ele>240.0</ele></trkpt><trkpt lat="61.12299401" lon="14.06712597" /><trkpt lat="61.12298230" lon="14.06688522"><ele>240.0</ele></trkpt><trkpt lat="61.12293458" lon="14.06666514" /><trkpt lat="61.12286473" lon="14.06647379"><ele>240.0</ele></trkpt><trkpt lat="61.12279922" lon="14.06626449" /><trkpt lat="61.12276495" lon="14.06604350"><ele>241.0</ele></trkpt><trkpt lat="61.12275020" lon="14.06595097" /><trkpt lat="61.12272547" lon="14.06577670"><ele>241.0</ele></trkpt><trkpt lat="61.12270552" lon="14.06561051" /><trkpt lat="61.12268556" lon="14.06546319"><ele>241.0</ele></trkpt><trkpt lat="61.12267905" lon="14.06530598" /><trkpt lat="61.12267255" lon="14.06513890"><ele>241.0</ele></trkpt><trkpt lat="61.12268252" lon="14.06486940"><ele>241.0</ele></trkpt><trkpt lat="61.12269033" lon="14.06477598" /><trkpt lat="61.12270595" lon="14.06459901"><ele>241.0</ele></trkpt><trkpt lat="61.12274413" lon="14.06444809" /><trkpt lat="61.12278751" lon="14.06431604"><ele>241.0</ele></trkpt><trkpt lat="61.12283914" lon="14.06415524" /><trkpt lat="61.12290334" lon="14.06391090"><ele>241.0</ele></trkpt><trkpt lat="61.12295497" lon="14.06371327" /><trkpt lat="61.12300182" lon="14.06351564"><ele>240.0</ele></trkpt><trkpt lat="61.12305258" lon="14.06328118" /><trkpt lat="61.12308078" lon="14.06302875"><ele>240.0</ele></trkpt><trkpt lat="61.12308685" lon="14.06280597" /><trkpt lat="61.12308815" lon="14.06258319"><ele>240.0</ele></trkpt><trkpt lat="61.12310767" lon="14.06233166" /><trkpt lat="61.12314542" lon="14.06212505"><ele>242.0</ele></trkpt><trkpt lat="61.12318750" lon="14.06190945" /><trkpt lat="61.12319878" lon="14.06174147"><ele>246.0</ele></trkpt><trkpt lat="61.12321743" lon="14.06146209"><ele>251.0</ele></trkpt><trkpt lat="61.12323218" lon="14.06120158" /><trkpt lat="61.12322828" lon="14.06092400"><ele>252.0</ele></trkpt><trkpt lat="61.12321136" lon="14.06064642"><ele>255.0</ele></trkpt><trkpt lat="61.12321309" lon="14.06041376" /><trkpt lat="61.12321613" lon="14.06030237"><ele>256.0</ele></trkpt><trkpt lat="61.12323131" lon="14.06009755" /><trkpt lat="61.12325127" lon="14.05991070"><ele>258.0</ele></trkpt><trkpt lat="61.12328771" lon="14.05960258"><ele>259.0</ele></trkpt><trkpt lat="61.12329075" lon="14.05948221" /><trkpt lat="61.12327600" lon="14.05938968" /><trkpt lat="61.12318706" lon="14.05945077"><ele>259.0</ele></trkpt><trkpt lat="61.12305952" lon="14.05964300"><ele>259.0</ele></trkpt><trkpt lat="61.12295367" lon="14.05978853" /><trkpt lat="61.12282048" lon="14.05991609"><ele>258.0</ele></trkpt><trkpt lat="61.12270899" lon="14.05997808" /><trkpt lat="61.12260227" lon="14.06003018"><ele>255.0</ele></trkpt><trkpt lat="61.12249554" lon="14.06011013" /><trkpt lat="61.12244262" lon="14.06017840"><ele>253.0</ele></trkpt><trkpt lat="61.12237190" lon="14.06026554" /><trkpt lat="61.12231463" lon="14.06037064"><ele>251.0</ele></trkpt><trkpt lat="61.12225780" lon="14.06046676" /><trkpt lat="61.12216149" lon="14.06067607"><ele>251.0</ele></trkpt><trkpt lat="61.12207472" lon="14.06088537"><ele>249.0</ele></trkpt><trkpt lat="61.12198752" lon="14.06109378"><ele>249.0</ele></trkpt><trkpt lat="61.12189598" lon="14.06129411"><ele>249.0</ele></trkpt><trkpt lat="61.12179490" lon="14.06147557"><ele>249.0</ele></trkpt><trkpt lat="61.12173329" lon="14.06156270" /><trkpt lat="61.12167125" lon="14.06164086"><ele>249.0</ele></trkpt><trkpt lat="61.12155151" lon="14.06174955"><ele>249.0</ele></trkpt><trkpt lat="61.12150726" lon="14.06177920" /><trkpt lat="61.12142656" lon="14.06181154" /><trkpt lat="61.12134587" lon="14.06181603"><ele>250.0</ele></trkpt><trkpt lat="61.12126951" lon="14.06180166" /><trkpt lat="61.12119272" lon="14.06176932"><ele>251.0</ele></trkpt><trkpt lat="61.12112027" lon="14.06172620" /><trkpt lat="61.12104782" lon="14.06166601"><ele>253.0</ele></trkpt><trkpt lat="61.12097970" lon="14.06159504" /><trkpt lat="61.12090681" lon="14.06151599"><ele>254.0</ele></trkpt><trkpt lat="61.12083393" lon="14.06143604" /><trkpt lat="61.12076104" lon="14.06135699"><ele>255.0</ele></trkpt><trkpt lat="61.12068381" lon="14.06128692" /><trkpt lat="61.12060225" lon="14.06121685"><ele>256.0</ele></trkpt><trkpt lat="61.12052068" lon="14.06116565" /><trkpt lat="61.12038532" lon="14.06110816"><ele>257.0</ele></trkpt><trkpt lat="61.12034020" lon="14.06110187" /><trkpt lat="61.12020093" lon="14.06108121"><ele>258.0</ele></trkpt><trkpt lat="61.12007511" lon="14.06107941" /><trkpt lat="61.11995883" lon="14.06108570"><ele>259.0</ele></trkpt><trkpt lat="61.11984689" lon="14.06110995" /><trkpt lat="61.11973539" lon="14.06115307"><ele>261.0</ele></trkpt><trkpt lat="61.11961911" lon="14.06119709" /><trkpt lat="61.11949416" lon="14.06125997"><ele>262.0</ele></trkpt><trkpt lat="61.11936052" lon="14.06133184"><ele>263.0</ele></trkpt><trkpt lat="61.11927592" lon="14.06137406" /><trkpt lat="61.11919999" lon="14.06141538"><ele>264.0</ele></trkpt><trkpt lat="61.11905768" lon="14.06150611"><ele>265.0</ele></trkpt><trkpt lat="61.11892404" lon="14.06160672"><ele>266.0</ele></trkpt><trkpt lat="61.11879995" lon="14.06171542"><ele>266.0</ele></trkpt><trkpt lat="61.11868020" lon="14.06184298"><ele>268.0</ele></trkpt><trkpt lat="61.11862293" lon="14.06191035" /><trkpt lat="61.11856088" lon="14.06198851"><ele>268.0</ele></trkpt><trkpt lat="61.11849927" lon="14.06207474" /><trkpt lat="61.11843332" lon="14.06216278"><ele>269.0</ele></trkpt><trkpt lat="61.11836694" lon="14.06225890" /><trkpt lat="61.11830099" lon="14.06236400"><ele>270.0</ele></trkpt><trkpt lat="61.11821724" lon="14.06247090" /><trkpt lat="61.11814695" lon="14.06257690"><ele>271.0</ele></trkpt><trkpt lat="61.11808534" lon="14.06270087" /><trkpt lat="61.11803327" lon="14.06282484"><ele>272.0</ele></trkpt><trkpt lat="61.11798555" lon="14.06295689" /><trkpt lat="61.11794259" lon="14.06309882"><ele>273.0</ele></trkpt><trkpt lat="61.11790441" lon="14.06325872" /><trkpt lat="61.11784540" lon="14.06355876"><ele>274.0</ele></trkpt><trkpt lat="61.11781199" lon="14.06377346" /><trkpt lat="61.11779246" lon="14.06397917"><ele>274.0</ele></trkpt><trkpt lat="61.11777684" lon="14.06417501" /><trkpt lat="61.11776600" lon="14.06436994"><ele>275.0</ele></trkpt><trkpt lat="61.11775949" lon="14.06456487" /><trkpt lat="61.11774864" lon="14.06477957"><ele>275.0</ele></trkpt><trkpt lat="61.11773823" lon="14.06500235" /><trkpt lat="61.11772781" lon="14.06524400"><ele>275.0</ele></trkpt><trkpt lat="61.11773953" lon="14.06544792" /><trkpt lat="61.11775992" lon="14.06563207"><ele>275.0</ele></trkpt><trkpt lat="61.11778031" lon="14.06583509" /><trkpt lat="61.11776556" lon="14.06609560"><ele>275.0</ele></trkpt><trkpt lat="61.11771480" lon="14.06633006" /><trkpt lat="61.11771870" lon="14.06661752"><ele>275.0</ele></trkpt><trkpt lat="61.11776209" lon="14.06686546" /><trkpt lat="61.11782761" lon="14.06706668"><ele>275.0</ele></trkpt><trkpt lat="61.11786926" lon="14.06715651" /><trkpt lat="61.11795214" lon="14.06733797"><ele>274.0</ele></trkpt><trkpt lat="61.11807710" lon="14.06760926"><ele>274.0</ele></trkpt><trkpt lat="61.11815129" lon="14.06780959" /><trkpt lat="61.11820857" lon="14.06805663"><ele>273.0</ele></trkpt><trkpt lat="61.11824718" lon="14.06829558" /><trkpt lat="61.11825022" lon="14.06850938"><ele>272.0</ele></trkpt><trkpt lat="61.11824415" lon="14.06875012" /><trkpt lat="61.11824241" lon="14.06897291"><ele>271.0</ele></trkpt><trkpt lat="61.11824067" lon="14.06917772" /><trkpt lat="61.11823894" lon="14.06938164"><ele>271.0</ele></trkpt><trkpt lat="61.11823243" lon="14.06959544" /><trkpt lat="61.11821724" lon="14.06980924"><ele>270.0</ele></trkpt><trkpt lat="61.11819815" lon="14.07004280" /><trkpt lat="61.11816995" lon="14.07030421"><ele>270.0</ele></trkpt><trkpt lat="61.11812352" lon="14.07053867" /><trkpt lat="61.11806321" lon="14.07074618"><ele>269.0</ele></trkpt><trkpt lat="61.11802850" lon="14.07084050" /><trkpt lat="61.11795431" lon="14.07100220"><ele>268.0</ele></trkpt><trkpt lat="61.11781806" lon="14.07121420"><ele>268.0</ele></trkpt><trkpt lat="61.11776947" lon="14.07128158" /><trkpt lat="61.11767227" lon="14.07139836"><ele>268.0</ele></trkpt><trkpt lat="61.11756597" lon="14.07150616" /><trkpt lat="61.11745966" lon="14.07162294"><ele>268.0</ele></trkpt><trkpt lat="61.11735336" lon="14.07173073" /><trkpt lat="61.11725182" lon="14.07185740"><ele>269.0</ele></trkpt><trkpt lat="61.11715029" lon="14.07199304" /><trkpt lat="61.11705830" lon="14.07215564"><ele>270.0</ele></trkpt><trkpt lat="61.11693594" lon="14.07243142"><ele>270.0</ele></trkpt><trkpt lat="61.11686695" lon="14.07265780" /><trkpt lat="61.11684178" lon="14.07278895"><ele>270.0</ele></trkpt><trkpt lat="61.11680794" lon="14.07293897" /><trkpt lat="61.11675283" lon="14.07320218"><ele>269.0</ele></trkpt><trkpt lat="61.11672029" lon="14.07345460" /><trkpt lat="61.11670120" lon="14.07373398"><ele>268.0</ele></trkpt><trkpt lat="61.11670076" lon="14.07403941"><ele>265.0</ele></trkpt><trkpt lat="61.11671291" lon="14.07429902" /><trkpt lat="61.11673851" lon="14.07453887"><ele>264.0</ele></trkpt><trkpt lat="61.11677279" lon="14.07476884" /><trkpt lat="61.11680273" lon="14.07499881"><ele>262.0</ele></trkpt><trkpt lat="61.11682833" lon="14.07522069" /><trkpt lat="61.11684482" lon="14.07546054"><ele>261.0</ele></trkpt><trkpt lat="61.11684786" lon="14.07572015" /><trkpt lat="61.11683788" lon="14.07597078"><ele>260.0</ele></trkpt><trkpt lat="61.11682660" lon="14.07616662" /><trkpt lat="61.11682356" lon="14.07625914"><ele>259.0</ele></trkpt><trkpt lat="61.11681228" lon="14.07643611" /><trkpt lat="61.11679666" lon="14.07661398"><ele>259.0</ele></trkpt><trkpt lat="61.11678538" lon="14.07677208" /><trkpt lat="61.11676932" lon="14.07693018"><ele>258.0</ele></trkpt><trkpt lat="61.11675327" lon="14.07708020" /><trkpt lat="61.11673721" lon="14.07723831"><ele>257.0</ele></trkpt><trkpt lat="61.11671682" lon="14.07738832" /><trkpt lat="61.11670076" lon="14.07753744"><ele>257.0</ele></trkpt><trkpt lat="61.11668037" lon="14.07769645" /><trkpt lat="61.11666431" lon="14.07785455"><ele>256.0</ele></trkpt><trkpt lat="61.11664392" lon="14.07802254" /><trkpt lat="61.11662396" lon="14.07819052"><ele>256.0</ele></trkpt><trkpt lat="61.11659142" lon="14.07847978"><ele>256.0</ele></trkpt><trkpt lat="61.11656755" lon="14.07870436" /><trkpt lat="61.11654629" lon="14.07880766"><ele>255.0</ele></trkpt><trkpt lat="61.11650854" lon="14.07899541" /><trkpt lat="61.11643130" lon="14.07927748"><ele>255.0</ele></trkpt><trkpt lat="61.11635797" lon="14.07950386"><ele>254.0</ele></trkpt><trkpt lat="61.11627943" lon="14.07970328" /><trkpt lat="61.11620133" lon="14.07989283"><ele>254.0</ele></trkpt><trkpt lat="61.11611845" lon="14.08010124"><ele>254.0</ele></trkpt><trkpt lat="61.11605380" lon="14.08029976" /><trkpt lat="61.11605640" lon="14.08051356"><ele>254.0</ele></trkpt><trkpt lat="61.11611758" lon="14.08073275" /><trkpt lat="61.11617052" lon="14.08100764"><ele>254.0</ele></trkpt><trkpt lat="61.11620089" lon="14.08127533"><ele>254.0</ele></trkpt><trkpt lat="61.11626251" lon="14.08153135"><ele>253.0</ele></trkpt><trkpt lat="61.11630590" lon="14.08176132" /><trkpt lat="61.11633931" lon="14.08190775"><ele>253.0</ele></trkpt><trkpt lat="61.11638140" lon="14.08204519" /><trkpt lat="61.11642306" lon="14.08217275"><ele>252.0</ele></trkpt><trkpt lat="61.11651592" lon="14.08239913"><ele>251.0</ele></trkpt><trkpt lat="61.11660834" lon="14.08259855"><ele>251.0</ele></trkpt><trkpt lat="61.11670033" lon="14.08278810" /><trkpt lat="61.11678364" lon="14.08297854"><ele>250.0</ele></trkpt><trkpt lat="61.11686261" lon="14.08318785" /><trkpt lat="61.11693290" lon="14.08342500"><ele>249.0</ele></trkpt><trkpt lat="61.11696154" lon="14.08357143" /><trkpt lat="61.11701014" lon="14.08386608"><ele>248.0</ele></trkpt><trkpt lat="61.11702706" lon="14.08412479" /><trkpt lat="61.11702576" lon="14.08436644"><ele>247.0</ele></trkpt><trkpt lat="61.11700623" lon="14.08459910" /><trkpt lat="61.11697760" lon="14.08483266"><ele>246.0</ele></trkpt><trkpt lat="61.11694939" lon="14.08507521" /><trkpt lat="61.11692553" lon="14.08532674"><ele>246.0</ele></trkpt><trkpt lat="61.11690687" lon="14.08559713"><ele>245.0</ele></trkpt><trkpt lat="61.11690991" lon="14.08585674" /><trkpt lat="61.11693073" lon="14.08605976"><ele>245.0</ele></trkpt><trkpt lat="61.11696415" lon="14.08623404" /><trkpt lat="61.11700710" lon="14.08643616"><ele>243.0</ele></trkpt><trkpt lat="61.11705440" lon="14.08663738" /><trkpt lat="61.11711992" lon="14.08682872"><ele>241.0</ele></trkpt><trkpt lat="61.11719412" lon="14.08701916" /><trkpt lat="61.11726354" lon="14.08720152"><ele>239.0</ele></trkpt><trkpt lat="61.11729174" lon="14.08730213" /><trkpt lat="61.11733427" lon="14.08743868"><ele>237.0</ele></trkpt><trkpt lat="61.11737635" lon="14.08758510" /><trkpt lat="61.11742755" lon="14.08773063"><ele>236.0</ele></trkpt><trkpt lat="61.11747442" lon="14.08788514" /><trkpt lat="61.11752562" lon="14.08803156"><ele>235.0</ele></trkpt><trkpt lat="61.11757682" lon="14.08817709" /><trkpt lat="61.11762368" lon="14.08832262"><ele>233.0</ele></trkpt><trkpt lat="61.11767054" lon="14.08847803" /><trkpt lat="61.11773649" lon="14.08872506"><ele>232.0</ele></trkpt><trkpt lat="61.11777467" lon="14.08892718" /><trkpt lat="61.11778769" lon="14.08921375"><ele>229.0</ele></trkpt><trkpt lat="61.11775862" lon="14.08941048" /><trkpt lat="61.11775168" lon="14.08955870"><ele>228.0</ele></trkpt><trkpt lat="61.11761977" lon="14.08979765"><ele>227.0</ele></trkpt><trkpt lat="61.11750479" lon="14.08993420"><ele>227.0</ele></trkpt><trkpt lat="61.11738113" lon="14.09007074"><ele>227.0</ele></trkpt><trkpt lat="61.11725703" lon="14.09020728"><ele>228.0</ele></trkpt><trkpt lat="61.11714639" lon="14.09032496" /><trkpt lat="61.11705396" lon="14.09045971"><ele>228.0</ele></trkpt><trkpt lat="61.11697022" lon="14.09060344" /><trkpt lat="61.11689125" lon="14.09074717"><ele>228.0</ele></trkpt><trkpt lat="61.11682573" lon="14.09088012" /><trkpt lat="61.11676021" lon="14.09102295"><ele>228.0</ele></trkpt><trkpt lat="61.11670380" lon="14.09116489" /><trkpt lat="61.11664739" lon="14.09132569"><ele>228.0</ele></trkpt><trkpt lat="61.11659576" lon="14.09149547" /><trkpt lat="61.11654412" lon="14.09168411"><ele>228.0</ele></trkpt><trkpt lat="61.11648771" lon="14.09184491" /><trkpt lat="61.11643608" lon="14.09200571"><ele>227.0</ele></trkpt><trkpt lat="61.11641091" lon="14.09215483" /><trkpt lat="61.11644866" lon="14.09228329"><ele>227.0</ele></trkpt><trkpt lat="61.11653067" lon="14.09237133" /><trkpt lat="61.11660791" lon="14.09245038"><ele>226.0</ele></trkpt><trkpt lat="61.11668514" lon="14.09252045" /><trkpt lat="61.11676194" lon="14.09257165"><ele>225.0</ele></trkpt><trkpt lat="61.11683918" lon="14.09263274" /><trkpt lat="61.11691598" lon="14.09269382"><ele>224.0</ele></trkpt><trkpt lat="61.11699322" lon="14.09276389" /><trkpt lat="61.11712079" lon="14.09290492"><ele>223.0</ele></trkpt><trkpt lat="61.11722102" lon="14.09302081" /><trkpt lat="61.11732125" lon="14.09315376"><ele>221.0</ele></trkpt><trkpt lat="61.11739979" lon="14.09333522" /><trkpt lat="61.11740282" lon="14.09357686"><ele>220.0</ele></trkpt><trkpt lat="61.11734772" lon="14.09382031"><ele>219.0</ele></trkpt><trkpt lat="61.11729218" lon="14.09403680" /><trkpt lat="61.11722753" lon="14.09426318"><ele>219.0</ele></trkpt><trkpt lat="61.11718891" lon="14.09439523" /><trkpt lat="61.11710994" lon="14.09453896"><ele>219.0</ele></trkpt><trkpt lat="61.11697673" lon="14.09464766"><ele>219.0</ele></trkpt><trkpt lat="61.11687867" lon="14.09471772" /><trkpt lat="61.11683050" lon="14.09478600"><ele>220.0</ele></trkpt><trkpt lat="61.11674242" lon="14.09493871" /><trkpt lat="61.11666345" lon="14.09507256"><ele>220.0</ele></trkpt><trkpt lat="61.11659315" lon="14.09519743" /><trkpt lat="61.11652763" lon="14.09532139"><ele>220.0</ele></trkpt><trkpt lat="61.11646602" lon="14.09544536" /><trkpt lat="61.11640527" lon="14.09558819"><ele>220.0</ele></trkpt><trkpt lat="61.11633975" lon="14.09573013" /><trkpt lat="61.11627032" lon="14.09591069"><ele>220.0</ele></trkpt><trkpt lat="61.11621825" lon="14.09608047" /><trkpt lat="61.11620740" lon="14.09626642"><ele>219.0</ele></trkpt><trkpt lat="61.11620176" lon="14.09654490"><ele>218.0</ele></trkpt><trkpt lat="61.11616835" lon="14.09675061" /><trkpt lat="61.11615620" lon="14.09685392"><ele>217.0</ele></trkpt><trkpt lat="61.11613147" lon="14.09703089" /><trkpt lat="61.11607679" lon="14.09729409"><ele>216.0</ele></trkpt><trkpt lat="61.11604642" lon="14.09739740" /><trkpt lat="61.11599435" lon="14.09753035"><ele>215.0</ele></trkpt><trkpt lat="61.11594228" lon="14.09765342" /><trkpt lat="61.11589889" lon="14.09777649"><ele>215.0</ele></trkpt><trkpt lat="61.11581167" lon="14.09799478"><ele>215.0</ele></trkpt><trkpt lat="61.11572922" lon="14.09820319"><ele>215.0</ele></trkpt><trkpt lat="61.11565112" lon="14.09841160" /><trkpt lat="61.11556824" lon="14.09862001"><ele>215.0</ele></trkpt><trkpt lat="61.11552484" lon="14.09872421" /><trkpt lat="61.11547668" lon="14.09883830"><ele>214.0</ele></trkpt><trkpt lat="61.11542895" lon="14.09895238" /><trkpt lat="61.11538121" lon="14.09907545"><ele>213.0</ele></trkpt><trkpt lat="61.11532871" lon="14.09920840" /><trkpt lat="61.11526318" lon="14.09933237"><ele>213.0</ele></trkpt><trkpt lat="61.11520157" lon="14.09943747" /><trkpt lat="61.11508267" lon="14.09962073"><ele>213.0</ele></trkpt><trkpt lat="61.11502539" lon="14.09970697" /><trkpt lat="61.11496854" lon="14.09980309"><ele>213.0</ele></trkpt><trkpt lat="61.11490693" lon="14.09990819" /><trkpt lat="61.11485008" lon="14.10004114"><ele>213.0</ele></trkpt><trkpt lat="61.11478889" lon="14.10015613" /><trkpt lat="61.11473639" lon="14.10027021"><ele>212.0</ele></trkpt><trkpt lat="61.11464483" lon="14.10048850"><ele>212.0</ele></trkpt><trkpt lat="61.11456238" lon="14.10071488"><ele>211.0</ele></trkpt><trkpt lat="61.11451465" lon="14.10083885" /><trkpt lat="61.11446691" lon="14.10097090"><ele>210.0</ele></trkpt><trkpt lat="61.11439661" lon="14.10109487" /><trkpt lat="61.11433543" lon="14.10120087"><ele>208.0</ele></trkpt><trkpt lat="61.11427381" lon="14.10129699" /><trkpt lat="61.11421653" lon="14.10139221"><ele>207.0</ele></trkpt><trkpt lat="61.11416402" lon="14.10149731" /><trkpt lat="61.11411151" lon="14.10160241"><ele>205.0</ele></trkpt><trkpt lat="61.11406378" lon="14.10173447" /><trkpt lat="61.11398176" lon="14.10200845"><ele>206.0</ele></trkpt><trkpt lat="61.11394010" lon="14.10224201" /><trkpt lat="61.11392014" lon="14.10245671"><ele>207.0</ele></trkpt><trkpt lat="61.11391407" lon="14.10267051" /><trkpt lat="61.11391233" lon="14.10288431"><ele>208.0</ele></trkpt><trkpt lat="61.11391016" lon="14.10309721" /><trkpt lat="61.11389975" lon="14.10332089"><ele>209.0</ele></trkpt><trkpt lat="61.11387110" lon="14.10355355" /><trkpt lat="61.11382380" lon="14.10370537"><ele>210.0</ele></trkpt><trkpt lat="61.11375350" lon="14.10382934" /><trkpt lat="61.11372790" lon="14.10392366"><ele>212.0</ele></trkpt><trkpt lat="61.11367626" lon="14.10411141" /><trkpt lat="61.11362896" lon="14.10429017"><ele>215.0</ele></trkpt><trkpt lat="61.11358643" lon="14.10445995" /><trkpt lat="61.11354824" lon="14.10462884"><ele>217.0</ele></trkpt><trkpt lat="61.11348879" lon="14.10489204"><ele>219.0</ele></trkpt><trkpt lat="61.11344193" lon="14.10509866" /><trkpt lat="61.11339983" lon="14.10533222"><ele>221.0</ele></trkpt><trkpt lat="61.11338030" lon="14.10554692" /><trkpt lat="61.11335991" lon="14.10573377"><ele>222.0</ele></trkpt><trkpt lat="61.11332693" lon="14.10593948" /><trkpt lat="61.11328006" lon="14.10616406"><ele>222.0</ele></trkpt><trkpt lat="61.11326357" lon="14.10625838" /><trkpt lat="61.11322061" lon="14.10643715"><ele>222.0</ele></trkpt><trkpt lat="61.11317808" lon="14.10660603" /><trkpt lat="61.11313946" lon="14.10676593"><ele>222.0</ele></trkpt><trkpt lat="61.11309693" lon="14.10692583" /><trkpt lat="61.11305831" lon="14.10709471"><ele>223.0</ele></trkpt><trkpt lat="61.11299451" lon="14.10737678"><ele>223.0</ele></trkpt><trkpt lat="61.11297802" lon="14.10748907" /><trkpt lat="61.11292812" lon="14.10778821"><ele>223.0</ele></trkpt><trkpt lat="61.11289557" lon="14.10804962"><ele>223.0</ele></trkpt><trkpt lat="61.11286259" lon="14.10830205" /><trkpt lat="61.11284219" lon="14.10844219"><ele>223.0</ele></trkpt><trkpt lat="61.11281702" lon="14.10859220" /><trkpt lat="61.11278317" lon="14.10874222"><ele>223.0</ele></trkpt><trkpt lat="61.11271938" lon="14.10902340"><ele>224.0</ele></trkpt><trkpt lat="61.11265949" lon="14.10927762"><ele>224.0</ele></trkpt><trkpt lat="61.11263432" lon="14.10941776" /><trkpt lat="61.11260915" lon="14.10956777"><ele>224.0</ele></trkpt><trkpt lat="61.11259353" lon="14.10973576" /><trkpt lat="61.11257747" lon="14.10990285"><ele>224.0</ele></trkpt><trkpt lat="61.11257227" lon="14.11019121"><ele>224.0</ele></trkpt><trkpt lat="61.11257574" lon="14.11046878"><ele>224.0</ele></trkpt><trkpt lat="61.11257747" lon="14.11061791" /><trkpt lat="61.11257530" lon="14.11077511"><ele>223.0</ele></trkpt><trkpt lat="61.11255664" lon="14.11109132"><ele>223.0</ele></trkpt><trkpt lat="61.11251932" lon="14.11134374" /><trkpt lat="61.11248200" lon="14.11157820"><ele>223.0</ele></trkpt><trkpt lat="61.11246291" lon="14.11184770"><ele>223.0</ele></trkpt><trkpt lat="61.11246247" lon="14.11216391"><ele>223.0</ele></trkpt><trkpt lat="61.11246551" lon="14.11243250" /><trkpt lat="61.11247332" lon="14.11267325"><ele>223.0</ele></trkpt><trkpt lat="61.11248504" lon="14.11289513" /><trkpt lat="61.11250110" lon="14.11311702"><ele>224.0</ele></trkpt><trkpt lat="61.11252193" lon="14.11334789" /><trkpt lat="61.11255621" lon="14.11357785"><ele>224.0</ele></trkpt><trkpt lat="61.11260004" lon="14.11383477"><ele>225.0</ele></trkpt><trkpt lat="61.11262868" lon="14.11397221" /><trkpt lat="61.11264865" lon="14.11412942"><ele>225.0</ele></trkpt><trkpt lat="61.11271461" lon="14.11438544"><ele>225.0</ele></trkpt><trkpt lat="61.11281572" lon="14.11457498"><ele>225.0</ele></trkpt><trkpt lat="61.11291119" lon="14.11468099" /><trkpt lat="61.11300667" lon="14.11475914"><ele>225.0</ele></trkpt><trkpt lat="61.11310648" lon="14.11486514" /><trkpt lat="61.11316159" lon="14.11494599"><ele>224.0</ele></trkpt><trkpt lat="61.11322104" lon="14.11504480" /><trkpt lat="61.11333561" lon="14.11523345"><ele>224.0</ele></trkpt><trkpt lat="61.11344106" lon="14.11542299"><ele>223.0</ele></trkpt><trkpt lat="61.11353783" lon="14.11560266" /><trkpt lat="61.11362983" lon="14.11578322"><ele>223.0</ele></trkpt><trkpt lat="61.11372617" lon="14.11596378" /><trkpt lat="61.11383162" lon="14.11614344"><ele>223.0</ele></trkpt><trkpt lat="61.11388673" lon="14.11623327" /><trkpt lat="61.11394618" lon="14.11633299"><ele>222.0</ele></trkpt><trkpt lat="61.11401040" lon="14.11643090" /><trkpt lat="61.11413755" lon="14.11657284"><ele>222.0</ele></trkpt><trkpt lat="61.11426860" lon="14.11663033"><ele>221.0</ele></trkpt><trkpt lat="61.11439922" lon="14.11666986"><ele>219.0</ele></trkpt><trkpt lat="61.11447169" lon="14.11671297" /><trkpt lat="61.11459449" lon="14.11685491"><ele>218.0</ele></trkpt><trkpt lat="61.11463571" lon="14.11692677" /><trkpt lat="61.11470948" lon="14.11708039"><ele>216.0</ele></trkpt><trkpt lat="61.11481189" lon="14.11735347"><ele>215.0</ele></trkpt><trkpt lat="61.11484921" lon="14.11747205" /><trkpt lat="61.11487351" lon="14.11761848"><ele>215.0</ele></trkpt><trkpt lat="61.11487091" lon="14.11777658" /><trkpt lat="61.11485008" lon="14.11792660"><ele>215.0</ele></trkpt><trkpt lat="61.11482057" lon="14.11806674" /><trkpt lat="61.11478672" lon="14.11821675"><ele>217.0</ele></trkpt><trkpt lat="61.11476590" lon="14.11836677" /><trkpt lat="61.11475895" lon="14.11852488"><ele>220.0</ele></trkpt><trkpt lat="61.11478369" lon="14.11869017" /><trkpt lat="61.11483619" lon="14.11894708"><ele>221.0</ele></trkpt><trkpt lat="61.11486440" lon="14.11905758" /><trkpt lat="61.11491083" lon="14.11917526"><ele>221.0</ele></trkpt><trkpt lat="61.11499328" lon="14.11932887" /><trkpt lat="61.11507573" lon="14.11943577"><ele>221.0</ele></trkpt><trkpt lat="61.11520764" lon="14.11959567"><ele>218.0</ele></trkpt><trkpt lat="61.11529486" lon="14.11973042" /><trkpt lat="61.11531395" lon="14.11983103"><ele>216.0</ele></trkpt><trkpt lat="61.11532046" lon="14.12000710" /><trkpt lat="61.11531829" lon="14.12017418"><ele>215.0</ele></trkpt><trkpt lat="61.11531569" lon="14.12034127" /><trkpt lat="61.11530875" lon="14.12048949"><ele>214.0</ele></trkpt><trkpt lat="61.11528531" lon="14.12077875"><ele>214.0</ele></trkpt><trkpt lat="61.11524843" lon="14.12105902"><ele>214.0</ele></trkpt><trkpt lat="61.11521155" lon="14.12133930"><ele>214.0</ele></trkpt><trkpt lat="61.11519549" lon="14.12147944" /><trkpt lat="61.11517944" lon="14.12162856"><ele>215.0</ele></trkpt><trkpt lat="61.11516295" lon="14.12177768" /><trkpt lat="61.11515166" lon="14.12193578"><ele>215.0</ele></trkpt><trkpt lat="61.11514472" lon="14.12210376" /><trkpt lat="61.11514255" lon="14.12228882"><ele>215.0</ele></trkpt><trkpt lat="61.11516251" lon="14.12246399" /><trkpt lat="61.11521806" lon="14.12259155"><ele>215.0</ele></trkpt><trkpt lat="61.11527794" lon="14.12270833" /><trkpt lat="61.11531135" lon="14.12287362"><ele>213.0</ele></trkpt><trkpt lat="61.11531829" lon="14.12304969" /><trkpt lat="61.11532914" lon="14.12320690"><ele>211.0</ele></trkpt><trkpt lat="61.11533522" lon="14.12335512" /><trkpt lat="61.11534173" lon="14.12350334"><ele>210.0</ele></trkpt><trkpt lat="61.11534997" lon="14.12379978"><ele>210.0</ele></trkpt><trkpt lat="61.11535301" lon="14.12405940" /><trkpt lat="61.11535171" lon="14.12430015"><ele>210.0</ele></trkpt><trkpt lat="61.11531916" lon="14.12456156"><ele>210.0</ele></trkpt><trkpt lat="61.11529052" lon="14.12479512" /><trkpt lat="61.11528922" lon="14.12505473"><ele>211.0</ele></trkpt><trkpt lat="61.11530441" lon="14.12521194" /><trkpt lat="61.11535735" lon="14.12546885"><ele>212.0</ele></trkpt><trkpt lat="61.11539900" lon="14.12556857" /><trkpt lat="61.11545411" lon="14.12569523"><ele>212.0</ele></trkpt><trkpt lat="61.11550532" lon="14.12582279" /><trkpt lat="61.11556043" lon="14.12593149"><ele>212.0</ele></trkpt><trkpt lat="61.11566587" lon="14.12613001"><ele>212.0</ele></trkpt><trkpt lat="61.11572098" lon="14.12621985" /><trkpt lat="61.11577609" lon="14.12631866"><ele>212.0</ele></trkpt><trkpt lat="61.11583597" lon="14.12643634" /><trkpt lat="61.11590062" lon="14.12657198"><ele>211.0</ele></trkpt><trkpt lat="61.11595573" lon="14.12668966" /><trkpt lat="61.11598220" lon="14.12700318"><ele>211.0</ele></trkpt><trkpt lat="61.11594922" lon="14.12723674" /><trkpt lat="61.11591624" lon="14.12747120"><ele>212.0</ele></trkpt><trkpt lat="61.11589932" lon="14.12756462" /><trkpt lat="61.11587459" lon="14.12773261"><ele>214.0</ele></trkpt><trkpt lat="61.11585419" lon="14.12789161" /><trkpt lat="61.11582902" lon="14.12805061"><ele>216.0</ele></trkpt><trkpt lat="61.11580386" lon="14.12819075" /><trkpt lat="61.11577435" lon="14.12834077"><ele>217.0</ele></trkpt><trkpt lat="61.11574050" lon="14.12850067" /><trkpt lat="61.11569755" lon="14.12866955"><ele>219.0</ele></trkpt><trkpt lat="61.11563680" lon="14.12883035" /><trkpt lat="61.11557995" lon="14.12896330"><ele>220.0</ele></trkpt><trkpt lat="61.11552311" lon="14.12908727" /><trkpt lat="61.11546192" lon="14.12919237"><ele>222.0</ele></trkpt><trkpt lat="61.11540031" lon="14.12929747" /><trkpt lat="61.11533869" lon="14.12941246"><ele>224.0</ele></trkpt><trkpt lat="61.11527273" lon="14.12952744" /><trkpt lat="61.11520764" lon="14.12967926"><ele>225.0</ele></trkpt><trkpt lat="61.11515080" lon="14.12982119" /><trkpt lat="61.11509916" lon="14.12999996"><ele>227.0</ele></trkpt><trkpt lat="61.11503320" lon="14.13010596" /><trkpt lat="61.11490909" lon="14.13024250"><ele>229.0</ele></trkpt><trkpt lat="61.11477544" lon="14.13029550"><ele>231.0</ele></trkpt><trkpt lat="61.11470341" lon="14.13029909" /><trkpt lat="61.11462747" lon="14.13030359"><ele>233.0</ele></trkpt><trkpt lat="61.11449295" lon="14.13031976"><ele>234.0</ele></trkpt><trkpt lat="61.11440356" lon="14.13034311" /><trkpt lat="61.11435409" lon="14.13035479"><ele>236.0</ele></trkpt><trkpt lat="61.11426817" lon="14.13030359" /><trkpt lat="61.11418702" lon="14.13028023"><ele>238.0</ele></trkpt><trkpt lat="61.11410110" lon="14.13022004" /><trkpt lat="61.11402863" lon="14.13016794"><ele>240.0</ele></trkpt><trkpt lat="61.11395659" lon="14.13014458" /><trkpt lat="61.11388542" lon="14.13020387"><ele>240.0</ele></trkpt><trkpt lat="61.11379863" lon="14.13043115"><ele>241.0</ele></trkpt><trkpt lat="61.11376609" lon="14.13069256"><ele>241.0</ele></trkpt><trkpt lat="61.11375437" lon="14.13084168" /><trkpt lat="61.11374266" lon="14.13099080"><ele>241.0</ele></trkpt><trkpt lat="61.11372226" lon="14.13113992" /><trkpt lat="61.11364892" lon="14.13139414"><ele>241.0</ele></trkpt><trkpt lat="61.11361898" lon="14.13149835" /><trkpt lat="61.11356300" lon="14.13168609"><ele>242.0</ele></trkpt><trkpt lat="61.11346276" lon="14.13196098"><ele>242.0</ele></trkpt><trkpt lat="61.11341936" lon="14.13207417" /><trkpt lat="61.11335817" lon="14.13218915"><ele>242.0</ele></trkpt><trkpt lat="61.11329655" lon="14.13228527" /><trkpt lat="61.11323449" lon="14.13237151"><ele>242.0</ele></trkpt><trkpt lat="61.11311559" lon="14.13253590"><ele>242.0</ele></trkpt><trkpt lat="61.11304182" lon="14.13275239" /><trkpt lat="61.11303053" lon="14.13291140"><ele>242.0</ele></trkpt><trkpt lat="61.11307523" lon="14.13289972" /><trkpt lat="61.11311689" lon="14.13300841" /><trkpt lat="61.11311342" lon="14.13310184"><ele>242.0</ele></trkpt><trkpt lat="61.11310214" lon="14.13326893" /><trkpt lat="61.11308608" lon="14.13342793"><ele>241.0</ele></trkpt><trkpt lat="61.11307002" lon="14.13357705" /><trkpt lat="61.11304963" lon="14.13372617"><ele>241.0</ele></trkpt><trkpt lat="61.11303357" lon="14.13387529" /><trkpt lat="61.11300970" lon="14.13413670"><ele>240.0</ele></trkpt><trkpt lat="61.11301274" lon="14.13437745" /><trkpt lat="61.11306482" lon="14.13461640"><ele>240.0</ele></trkpt><trkpt lat="61.11308174" lon="14.13488410"><ele>241.0</ele></trkpt><trkpt lat="61.11308478" lon="14.13512484" /><trkpt lat="61.11307827" lon="14.13533864"><ele>241.0</ele></trkpt><trkpt lat="61.11306785" lon="14.13556232" /><trkpt lat="61.11306221" lon="14.13583182"><ele>241.0</ele></trkpt><trkpt lat="61.11304746" lon="14.13609143" /><trkpt lat="61.11302793" lon="14.13632499"><ele>242.0</ele></trkpt><trkpt lat="61.11300363" lon="14.13654867" /><trkpt lat="61.11298367" lon="14.13676337"><ele>242.0</ele></trkpt><trkpt lat="61.11296414" lon="14.13697717" /><trkpt lat="61.11295329" lon="14.13720983"><ele>243.0</ele></trkpt><trkpt lat="61.11294765" lon="14.13746046" /><trkpt lat="61.11295502" lon="14.13772008"><ele>244.0</ele></trkpt><trkpt lat="61.11296717" lon="14.13796083" /><trkpt lat="61.11298800" lon="14.13818181"><ele>244.0</ele></trkpt><trkpt lat="61.11300797" lon="14.13837585" /><trkpt lat="61.11303314" lon="14.13857887"><ele>244.0</ele></trkpt><trkpt lat="61.11306221" lon="14.13877200" /><trkpt lat="61.11309650" lon="14.13898311"><ele>244.0</ele></trkpt><trkpt lat="61.11313512" lon="14.13921308" /><trkpt lat="61.11317851" lon="14.13945203"><ele>243.0</ele></trkpt><trkpt lat="61.11322148" lon="14.13966313" /><trkpt lat="61.11325966" lon="14.13985627"><ele>243.0</ele></trkpt><trkpt lat="61.11328353" lon="14.13995688" /><trkpt lat="61.11332172" lon="14.14014014"><ele>242.0</ele></trkpt><trkpt lat="61.11336425" lon="14.14031441" /><trkpt lat="61.11340200" lon="14.14047880"><ele>242.0</ele></trkpt><trkpt lat="61.11344453" lon="14.14064409" /><trkpt lat="61.11348706" lon="14.14080849"><ele>241.0</ele></trkpt><trkpt lat="61.11352481" lon="14.14097378" /><trkpt lat="61.11356734" lon="14.14113817"><ele>240.0</ele></trkpt><trkpt lat="61.11360553" lon="14.14131244" /><trkpt lat="61.11366715" lon="14.14157834"><ele>239.0</ele></trkpt><trkpt lat="61.11370967" lon="14.14177058" /><trkpt lat="61.11374830" lon="14.14197270"><ele>238.0</ele></trkpt><trkpt lat="61.11379126" lon="14.14218381" /><trkpt lat="61.11381513" lon="14.14230328"><ele>238.0</ele></trkpt><trkpt lat="61.11383509" lon="14.14246947" /><trkpt lat="61.11383682" lon="14.14262668"><ele>238.0</ele></trkpt><trkpt lat="61.11383899" lon="14.14279376" /><trkpt lat="61.11387284" lon="14.14297792"><ele>238.0</ele></trkpt><trkpt lat="61.11391971" lon="14.14315129" /><trkpt lat="61.11397569" lon="14.14331568"><ele>239.0</ele></trkpt><trkpt lat="61.11402646" lon="14.14345223" /><trkpt lat="61.11408200" lon="14.14357889"><ele>239.0</ele></trkpt><trkpt lat="61.11413755" lon="14.14371543" /><trkpt lat="61.11419743" lon="14.14385108"><ele>239.0</ele></trkpt><trkpt lat="61.11428162" lon="14.14410620"><ele>239.0</ele></trkpt><trkpt lat="61.11434714" lon="14.14433437" /><trkpt lat="61.11441310" lon="14.14457243"><ele>239.0</ele></trkpt><trkpt lat="61.11446518" lon="14.14481138" /><trkpt lat="61.11450814" lon="14.14503147"><ele>238.0</ele></trkpt><trkpt lat="61.11455587" lon="14.14524257" /><trkpt lat="61.11460360" lon="14.14546266"><ele>238.0</ele></trkpt><trkpt lat="61.11466435" lon="14.14569083" /><trkpt lat="61.11473465" lon="14.14592888"><ele>238.0</ele></trkpt><trkpt lat="61.11481406" lon="14.14616514"><ele>238.0</ele></trkpt><trkpt lat="61.11485095" lon="14.14626575" /><trkpt lat="61.11493383" lon="14.14643733"><ele>238.0</ele></trkpt><trkpt lat="61.11501671" lon="14.14659094" /><trkpt lat="61.11509916" lon="14.14673467"><ele>237.0</ele></trkpt><trkpt lat="61.11517727" lon="14.14687930" /><trkpt lat="61.11529703" lon="14.14713263"><ele>236.0</ele></trkpt><trkpt lat="61.11536689" lon="14.14734283" /><trkpt lat="61.11540465" lon="14.14747039"><ele>234.0</ele></trkpt><trkpt lat="61.11545151" lon="14.14764466" /><trkpt lat="61.11548969" lon="14.14781804"><ele>233.0</ele></trkpt><trkpt lat="61.11552311" lon="14.14798333" /><trkpt lat="61.11554741" lon="14.14814952"><ele>232.0</ele></trkpt><trkpt lat="61.11557171" lon="14.14831481" /><trkpt lat="61.11558733" lon="14.14847201"><ele>232.0</ele></trkpt><trkpt lat="61.11560295" lon="14.14863820" /><trkpt lat="61.11561814" lon="14.14879541"><ele>231.0</ele></trkpt><trkpt lat="61.11563376" lon="14.14896159" /><trkpt lat="61.11564461" lon="14.14911880"><ele>231.0</ele></trkpt><trkpt lat="61.11566457" lon="14.14928409" /><trkpt lat="61.11568019" lon="14.14946016"><ele>231.0</ele></trkpt><trkpt lat="61.11570449" lon="14.14962545" /><trkpt lat="61.11575309" lon="14.14990123"><ele>230.0</ele></trkpt><trkpt lat="61.11579127" lon="14.15008449" /><trkpt lat="61.11581470" lon="14.15018510"><ele>229.0</ele></trkpt><trkpt lat="61.11585289" lon="14.15035937" /><trkpt lat="61.11589541" lon="14.15052466"><ele>228.0</ele></trkpt><trkpt lat="61.11594184" lon="14.15068007" /><trkpt lat="61.11598393" lon="14.15081662"><ele>227.0</ele></trkpt><trkpt lat="61.11602602" lon="14.15095406" /><trkpt lat="61.11607245" lon="14.15108162"><ele>226.0</ele></trkpt><trkpt lat="61.11611888" lon="14.15119930" /><trkpt lat="61.11616531" lon="14.15132686"><ele>225.0</ele></trkpt><trkpt lat="61.11621174" lon="14.15144454" /><trkpt lat="61.11625817" lon="14.15156312"><ele>223.0</ele></trkpt><trkpt lat="61.11630894" lon="14.15169068" /><trkpt lat="61.11635971" lon="14.15181734"><ele>222.0</ele></trkpt><trkpt lat="61.11641091" lon="14.15195388" /><trkpt lat="61.11646211" lon="14.15209941"><ele>221.0</ele></trkpt><trkpt lat="61.11651331" lon="14.15225482" /><trkpt lat="61.11659359" lon="14.15256564"><ele>220.0</ele></trkpt><trkpt lat="61.11660921" lon="14.15275967" /><trkpt lat="61.11661702" lon="14.15303815"><ele>218.0</ele></trkpt><trkpt lat="61.11661441" lon="14.15316841" /><trkpt lat="61.11660270" lon="14.15331663"><ele>218.0</ele></trkpt><trkpt lat="61.11656408" lon="14.15347653" /><trkpt lat="61.11652112" lon="14.15361846"><ele>218.0</ele></trkpt><trkpt lat="61.11647773" lon="14.15374063" /><trkpt lat="61.11639052" lon="14.15396791"><ele>218.0</ele></trkpt><trkpt lat="61.11633541" lon="14.15422123"><ele>218.0</ele></trkpt><trkpt lat="61.11633280" lon="14.15438832" /><trkpt lat="61.11633931" lon="14.15455540"><ele>218.0</ele></trkpt><trkpt lat="61.11637012" lon="14.15485095"><ele>217.0</ele></trkpt><trkpt lat="61.11641351" lon="14.15511775"><ele>217.0</ele></trkpt><trkpt lat="61.11647469" lon="14.15535490"><ele>216.0</ele></trkpt><trkpt lat="61.11653631" lon="14.15559296"><ele>215.0</ele></trkpt><trkpt lat="61.11659749" lon="14.15583101"><ele>215.0</ele></trkpt><trkpt lat="61.11662570" lon="14.15595049" /><trkpt lat="61.11667863" lon="14.15622627"><ele>214.0</ele></trkpt><trkpt lat="61.11669816" lon="14.15637359" /><trkpt lat="61.11669729" lon="14.15667004"><ele>214.0</ele></trkpt><trkpt lat="61.11670076" lon="14.15694852"><ele>213.0</ele></trkpt><trkpt lat="61.11672116" lon="14.15716052" /><trkpt lat="61.11674632" lon="14.15737252"><ele>213.0</ele></trkpt><trkpt lat="61.11675804" lon="14.15760429" /><trkpt lat="61.11675544" lon="14.15773454"><ele>212.0</ele></trkpt><trkpt lat="61.11674849" lon="14.15790163" /><trkpt lat="61.11674285" lon="14.15819897"><ele>212.0</ele></trkpt><trkpt lat="61.11673287" lon="14.15847745"><ele>211.0</ele></trkpt><trkpt lat="61.11670033" lon="14.15874784"><ele>211.0</ele></trkpt><trkpt lat="61.11664522" lon="14.15900117"><ele>211.0</ele></trkpt><trkpt lat="61.11661485" lon="14.15909549" /><trkpt lat="61.11654933" lon="14.15924730"><ele>211.0</ele></trkpt><trkpt lat="61.11647903" lon="14.15937217" /><trkpt lat="61.11639963" lon="14.15947817"><ele>212.0</ele></trkpt><trkpt lat="61.11631979" lon="14.15956621" /><trkpt lat="61.11623517" lon="14.15963538"><ele>212.0</ele></trkpt><trkpt lat="61.11610153" lon="14.15971623"><ele>212.0</ele></trkpt><trkpt lat="61.11601257" lon="14.15976743" /><trkpt lat="61.11591885" lon="14.15981863"><ele>213.0</ele></trkpt><trkpt lat="61.11582989" lon="14.15986984" /><trkpt lat="61.11573660" lon="14.15993901"><ele>213.0</ele></trkpt><trkpt lat="61.11569190" lon="14.15996955" /><trkpt lat="61.11560338" lon="14.16005759"><ele>214.0</ele></trkpt><trkpt lat="61.11551920" lon="14.16015460" /><trkpt lat="61.11543545" lon="14.16027947"><ele>214.0</ele></trkpt><trkpt lat="61.11533088" lon="14.16054447"><ele>215.0</ele></trkpt><trkpt lat="61.11532784" lon="14.16065676" /><trkpt lat="61.11531656" lon="14.16083283"><ele>215.0</ele></trkpt><trkpt lat="61.11526883" lon="14.16096578" /><trkpt lat="61.11518638" lon="14.16120204"><ele>215.0</ele></trkpt><trkpt lat="61.11510784" lon="14.16140057" /><trkpt lat="61.11502062" lon="14.16160898"><ele>216.0</ele></trkpt><trkpt lat="61.11496811" lon="14.16173294" /><trkpt lat="61.11486266" lon="14.16190542"><ele>216.0</ele></trkpt><trkpt lat="61.11477067" lon="14.16209496" /><trkpt lat="61.11471946" lon="14.16231146"><ele>217.0</ele></trkpt><trkpt lat="61.11469082" lon="14.16251717" /><trkpt lat="61.11467086" lon="14.16272199"><ele>217.0</ele></trkpt><trkpt lat="61.11465524" lon="14.16291782" /><trkpt lat="61.11463485" lon="14.16311365"><ele>217.0</ele></trkpt><trkpt lat="61.11461055" lon="14.16330949" /><trkpt lat="61.11456802" lon="14.16350622"><ele>217.0</ele></trkpt><trkpt lat="61.11450336" lon="14.16371373" /><trkpt lat="61.11440095" lon="14.16380266"><ele>217.0</ele></trkpt><trkpt lat="61.11435192" lon="14.16383320" /><trkpt lat="61.11431286" lon="14.16393741" /><trkpt lat="61.11434541" lon="14.16401916"><ele>218.0</ele></trkpt><trkpt lat="61.11428856" lon="14.16415211" /><trkpt lat="61.11417877" lon="14.16434345"><ele>219.0</ele></trkpt><trkpt lat="61.11411759" lon="14.16446652" /><trkpt lat="61.11402993" lon="14.16464798"><ele>220.0</ele></trkpt><trkpt lat="61.11394184" lon="14.16480967" /><trkpt lat="61.11385852" lon="14.16496239"><ele>221.0</ele></trkpt><trkpt lat="61.11377520" lon="14.16510612" /><trkpt lat="61.11369579" lon="14.16523997"><ele>223.0</ele></trkpt><trkpt lat="61.11361681" lon="14.16536483" /><trkpt lat="61.11353740" lon="14.16548970"><ele>225.0</ele></trkpt><trkpt lat="61.11346276" lon="14.16561367" /><trkpt lat="61.11338768" lon="14.16573853"><ele>227.0</ele></trkpt><trkpt lat="61.11331304" lon="14.16587238" /><trkpt lat="61.11323840" lon="14.16600623"><ele>229.0</ele></trkpt><trkpt lat="61.11316376" lon="14.16614906" /><trkpt lat="61.11308955" lon="14.16630088"><ele>231.0</ele></trkpt><trkpt lat="61.11301968" lon="14.16647156" /><trkpt lat="61.11291076" lon="14.16675542"><ele>233.0</ele></trkpt><trkpt lat="61.11287648" lon="14.16686861" /><trkpt lat="61.11281963" lon="14.16701055"><ele>235.0</ele></trkpt><trkpt lat="61.11275844" lon="14.16713451" /><trkpt lat="61.11269248" lon="14.16725848"><ele>236.0</ele></trkpt><trkpt lat="61.11262695" lon="14.16738245" /><trkpt lat="61.11256098" lon="14.16749743"><ele>238.0</ele></trkpt><trkpt lat="61.11249502" lon="14.16761242" /><trkpt lat="61.11242472" lon="14.16773638"><ele>240.0</ele></trkpt><trkpt lat="61.11236353" lon="14.16786934" /><trkpt lat="61.11231709" lon="14.16813164"><ele>243.0</ele></trkpt><trkpt lat="61.11234140" lon="14.16826909" /><trkpt lat="61.11238783" lon="14.16840563"><ele>243.0</ele></trkpt><trkpt lat="61.11243904" lon="14.16854217" /><trkpt lat="61.11249893" lon="14.16866884"><ele>243.0</ele></trkpt><trkpt lat="61.11258225" lon="14.16889701"><ele>241.0</ele></trkpt><trkpt lat="61.11263476" lon="14.16916291"><ele>240.0</ele></trkpt><trkpt lat="61.11268770" lon="14.16942971"><ele>239.0</ele></trkpt><trkpt lat="61.11274021" lon="14.16969561"><ele>238.0</ele></trkpt><trkpt lat="61.11278795" lon="14.16995253"><ele>237.0</ele></trkpt><trkpt lat="61.11283612" lon="14.17021034"><ele>237.0</ele></trkpt><trkpt lat="61.11288385" lon="14.17045828" /><trkpt lat="61.11292725" lon="14.17070621"><ele>236.0</ele></trkpt><trkpt lat="61.11297065" lon="14.17094517" /><trkpt lat="61.11301404" lon="14.17118412"><ele>235.0</ele></trkpt><trkpt lat="61.11305744" lon="14.17142307" /><trkpt lat="61.11310040" lon="14.17165304"><ele>233.0</ele></trkpt><trkpt lat="61.11313902" lon="14.17188301" /><trkpt lat="61.11318199" lon="14.17210309"><ele>232.0</ele></trkpt><trkpt lat="61.11322104" lon="14.17233306" /><trkpt lat="61.11326400" lon="14.17255315"><ele>230.0</ele></trkpt><trkpt lat="61.11330697" lon="14.17277414" /><trkpt lat="61.11334559" lon="14.17298524"><ele>229.0</ele></trkpt><trkpt lat="61.11338855" lon="14.17319634" /><trkpt lat="61.11343151" lon="14.17341643"><ele>228.0</ele></trkpt><trkpt lat="61.11347447" lon="14.17362754" /><trkpt lat="61.11352177" lon="14.17383864"><ele>227.0</ele></trkpt><trkpt lat="61.11356907" lon="14.17403986" /><trkpt lat="61.11361638" lon="14.17425097"><ele>225.0</ele></trkpt><trkpt lat="61.11366411" lon="14.17446207" /><trkpt lat="61.11371575" lon="14.17466329"><ele>225.0</ele></trkpt><trkpt lat="61.11376782" lon="14.17487440" /><trkpt lat="61.11382380" lon="14.17507562"><ele>224.0</ele></trkpt><trkpt lat="61.11388022" lon="14.17528583" /><trkpt lat="61.11394097" lon="14.17548705"><ele>223.0</ele></trkpt><trkpt lat="61.11400216" lon="14.17569725" /><trkpt lat="61.11406725" lon="14.17590656"><ele>222.0</ele></trkpt><trkpt lat="61.11413711" lon="14.17611677" /><trkpt lat="61.11421522" lon="14.17626140"><ele>220.0</ele></trkpt><trkpt lat="61.11427337" lon="14.17624882" /><trkpt lat="61.11441007" lon="14.17603772"><ele>219.0</ele></trkpt><trkpt lat="61.11446691" lon="14.17592363" /><trkpt lat="61.11452810" lon="14.17578080"><ele>218.0</ele></trkpt><trkpt lat="61.11458928" lon="14.17563886" /><trkpt lat="61.11465481" lon="14.17548705"><ele>218.0</ele></trkpt><trkpt lat="61.11472467" lon="14.17533523" /><trkpt lat="61.11479020" lon="14.17520138"><ele>218.0</ele></trkpt><trkpt lat="61.11486049" lon="14.17507742" /><trkpt lat="61.11492689" lon="14.17497231"><ele>217.0</ele></trkpt><trkpt lat="61.11499762" lon="14.17490314" /><trkpt lat="61.11506010" lon="14.17487260"><ele>216.0</ele></trkpt><trkpt lat="61.11512302" lon="14.17487889" /><trkpt lat="61.11518204" lon="14.17493997" /><trkpt lat="61.11523281" lon="14.17505855"><ele>216.0</ele></trkpt><trkpt lat="61.11530397" lon="14.17536039"><ele>215.0</ele></trkpt><trkpt lat="61.11531569" lon="14.17559215" /><trkpt lat="61.11526492" lon="14.17586344"><ele>214.0</ele></trkpt><trkpt lat="61.11519115" lon="14.17606197" /><trkpt lat="61.11510350" lon="14.17621558"><ele>214.0</ele></trkpt><trkpt lat="61.11500630" lon="14.17635033" /><trkpt lat="61.11488653" lon="14.17648598"><ele>215.0</ele></trkpt><trkpt lat="61.11482014" lon="14.17656413" /><trkpt lat="61.11474029" lon="14.17663330"><ele>216.0</ele></trkpt><trkpt lat="61.11466913" lon="14.17670157" /><trkpt lat="61.11454545" lon="14.17683811"><ele>216.0</ele></trkpt><trkpt lat="61.11448340" lon="14.17691537" /><trkpt lat="61.11442178" lon="14.17700161"><ele>217.0</ele></trkpt><trkpt lat="61.11435539" lon="14.17708874" /><trkpt lat="61.11428509" lon="14.17720373"><ele>218.0</ele></trkpt><trkpt lat="61.11420958" lon="14.17729087" /><trkpt lat="61.11414319" lon="14.17736902"><ele>219.0</ele></trkpt><trkpt lat="61.11402863" lon="14.17752263"><ele>220.0</ele></trkpt><trkpt lat="61.11392752" lon="14.17770409"><ele>220.0</ele></trkpt><trkpt lat="61.11388846" lon="14.17782716" /><trkpt lat="61.11383335" lon="14.17808048"><ele>221.0</ele></trkpt><trkpt lat="61.11382077" lon="14.17817391" /><trkpt lat="61.11380514" lon="14.17835088"><ele>221.0</ele></trkpt><trkpt lat="61.11380254" lon="14.17851796" /><trkpt lat="61.11380037" lon="14.17869403"><ele>221.0</ele></trkpt><trkpt lat="61.11380688" lon="14.17886112" /><trkpt lat="61.11380992" lon="14.17913870"><ele>221.0</ele></trkpt><trkpt lat="61.11380818" lon="14.17934352" /><trkpt lat="61.11380514" lon="14.17946389"><ele>220.0</ele></trkpt><trkpt lat="61.11379343" lon="14.17963098" /><trkpt lat="61.11378214" lon="14.17978998"><ele>220.0</ele></trkpt><trkpt lat="61.11376305" lon="14.18008732"><ele>220.0</ele></trkpt><trkpt lat="61.11374396" lon="14.18036670"><ele>219.0</ele></trkpt><trkpt lat="61.11372486" lon="14.18062721" /><trkpt lat="61.11370534" lon="14.18088862"><ele>219.0</ele></trkpt><trkpt lat="61.11368190" lon="14.18115811"><ele>218.0</ele></trkpt><trkpt lat="61.11366975" lon="14.18129825" /><trkpt lat="61.11365370" lon="14.18144737"><ele>218.0</ele></trkpt><trkpt lat="61.11363764" lon="14.18160547" /><trkpt lat="61.11361421" lon="14.18188575"><ele>218.0</ele></trkpt><trkpt lat="61.11358990" lon="14.18211841" /><trkpt lat="61.11356560" lon="14.18233311"><ele>218.0</ele></trkpt><trkpt lat="61.11353696" lon="14.18253882" /><trkpt lat="61.11351223" lon="14.18273466"><ele>218.0</ele></trkpt><trkpt lat="61.11349530" lon="14.18282808" /><trkpt lat="61.11347057" lon="14.18301493"><ele>219.0</ele></trkpt><trkpt lat="61.11344149" lon="14.18319280" /><trkpt lat="61.11341198" lon="14.18337066"><ele>219.0</ele></trkpt><trkpt lat="61.11338291" lon="14.18354853" /><trkpt lat="61.11335383" lon="14.18373538"><ele>220.0</ele></trkpt><trkpt lat="61.11331651" lon="14.18400667"><ele>221.0</ele></trkpt><trkpt lat="61.11329178" lon="14.18420250" /><trkpt lat="61.11326747" lon="14.18440732"><ele>221.0</ele></trkpt><trkpt lat="61.11324317" lon="14.18462202" /><trkpt lat="61.11322365" lon="14.18485558"><ele>221.0</ele></trkpt><trkpt lat="61.11321583" lon="14.18497595" /><trkpt lat="61.11320455" lon="14.18513406"><ele>221.0</ele></trkpt><trkpt lat="61.11319717" lon="14.18529216" /><trkpt lat="61.11319631" lon="14.18558052"><ele>221.0</ele></trkpt><trkpt lat="61.11320412" lon="14.18585810"><ele>220.0</ele></trkpt><trkpt lat="61.11321627" lon="14.18612669"><ele>219.0</ele></trkpt><trkpt lat="61.11322408" lon="14.18639529" /><trkpt lat="61.11322712" lon="14.18667287"><ele>219.0</ele></trkpt><trkpt lat="61.11322017" lon="14.18682199" /><trkpt lat="61.11321280" lon="14.18697021"><ele>219.0</ele></trkpt><trkpt lat="61.11320151" lon="14.18712921" /><trkpt lat="61.11315985" lon="14.18740949"><ele>219.0</ele></trkpt><trkpt lat="61.11311299" lon="14.18762508" /><trkpt lat="61.11308738" lon="14.18771941"><ele>219.0</ele></trkpt><trkpt lat="61.11302663" lon="14.18788919" /><trkpt lat="61.11297021" lon="14.18805897"><ele>220.0</ele></trkpt><trkpt lat="61.11290946" lon="14.18822875" /><trkpt lat="61.11282267" lon="14.18850274"><ele>221.0</ele></trkpt><trkpt lat="61.11276712" lon="14.18871833" /><trkpt lat="61.11272025" lon="14.18893483"><ele>222.0</ele></trkpt><trkpt lat="61.11269899" lon="14.18902825" /><trkpt lat="61.11267425" lon="14.18920612"><ele>222.0</ele></trkpt><trkpt lat="61.11265819" lon="14.18938309" /><trkpt lat="61.11264257" lon="14.18955017"><ele>222.0</ele></trkpt><trkpt lat="61.11263085" lon="14.18971816" /><trkpt lat="61.11261046" lon="14.18989513"><ele>222.0</ele></trkpt><trkpt lat="61.11256880" lon="14.19016642"><ele>221.0</ele></trkpt><trkpt lat="61.11252627" lon="14.19036315" /><trkpt lat="61.11250066" lon="14.19045747"><ele>221.0</ele></trkpt><trkpt lat="61.11245336" lon="14.19062725" /><trkpt lat="61.11240606" lon="14.19079614"><ele>221.0</ele></trkpt><trkpt lat="61.11235832" lon="14.19095604" /><trkpt lat="61.11231536" lon="14.19110695"><ele>222.0</ele></trkpt><trkpt lat="61.11227239" lon="14.19125787" /><trkpt lat="61.11222900" lon="14.19139891"><ele>222.0</ele></trkpt><trkpt lat="61.11218603" lon="14.19153994" /><trkpt lat="61.11214264" lon="14.19168188"><ele>221.0</ele></trkpt><trkpt lat="61.11209490" lon="14.19182291" /><trkpt lat="61.11205194" lon="14.19196485"><ele>221.0</ele></trkpt><trkpt lat="61.11200420" lon="14.19211576" /><trkpt lat="61.11195690" lon="14.19227566"><ele>221.0</ele></trkpt><trkpt lat="61.11190482" lon="14.19243556" /><trkpt lat="61.11184884" lon="14.19261523"><ele>221.0</ele></trkpt><trkpt lat="61.11176247" lon="14.19290718"><ele>221.0</ele></trkpt><trkpt lat="61.11169738" lon="14.19310481" /><trkpt lat="61.11166700" lon="14.19319913"><ele>220.0</ele></trkpt><trkpt lat="61.11160667" lon="14.19337879" /><trkpt lat="61.11154592" lon="14.19354858"><ele>220.0</ele></trkpt><trkpt lat="61.11149384" lon="14.19371836" /><trkpt lat="61.11143742" lon="14.19387916"><ele>219.0</ele></trkpt><trkpt lat="61.11138534" lon="14.19403007" /><trkpt lat="61.11132893" lon="14.19418997"><ele>219.0</ele></trkpt><trkpt lat="61.11127685" lon="14.19434179" /><trkpt lat="61.11122477" lon="14.19449271"><ele>218.0</ele></trkpt><trkpt lat="61.11116835" lon="14.19465261" /><trkpt lat="61.11111193" lon="14.19481340"><ele>218.0</ele></trkpt><trkpt lat="61.11105551" lon="14.19498319" /><trkpt lat="61.11099476" lon="14.19515387"><ele>219.0</ele></trkpt><trkpt lat="61.11089494" lon="14.19543683"><ele>219.0</ele></trkpt><trkpt lat="61.11086499" lon="14.19554014" /><trkpt lat="61.11079078" lon="14.19571082"><ele>220.0</ele></trkpt><trkpt lat="61.11071613" lon="14.19585365" /><trkpt lat="61.11065017" lon="14.19596864"><ele>220.0</ele></trkpt><trkpt lat="61.11057899" lon="14.19604679" /><trkpt lat="61.11050782" lon="14.19609620"><ele>222.0</ele></trkpt><trkpt lat="61.11043664" lon="14.19613752" /><trkpt lat="61.11036503" lon="14.19616896"><ele>225.0</ele></trkpt><trkpt lat="61.11029863" lon="14.19622735" /><trkpt lat="61.11023657" lon="14.19630461"><ele>227.0</ele></trkpt><trkpt lat="61.11014977" lon="14.19653188"><ele>230.0</ele></trkpt><trkpt lat="61.11012026" lon="14.19671873" /><trkpt lat="61.11011375" lon="14.19690468"><ele>232.0</ele></trkpt><trkpt lat="61.11012026" lon="14.19708973" /><trkpt lat="61.11013154" lon="14.19727479"><ele>235.0</ele></trkpt><trkpt lat="61.11013805" lon="14.19745984" /><trkpt lat="61.11013154" lon="14.19765477"><ele>236.0</ele></trkpt><trkpt lat="61.11010246" lon="14.19784252" /><trkpt lat="61.11008120" lon="14.19794493"><ele>238.0</ele></trkpt><trkpt lat="61.11002044" lon="14.19811561" /><trkpt lat="61.10996836" lon="14.19827551"><ele>240.0</ele></trkpt><trkpt lat="61.10991628" lon="14.19842643" /><trkpt lat="61.10986853" lon="14.19857734"><ele>243.0</ele></trkpt><trkpt lat="61.10982557" lon="14.19871838" /><trkpt lat="61.10978217" lon="14.19886031"><ele>246.0</ele></trkpt><trkpt lat="61.10973920" lon="14.19899237" /><trkpt lat="61.10969580" lon="14.19913340"><ele>248.0</ele></trkpt><trkpt lat="61.10965240" lon="14.19926545" /><trkpt lat="61.10960900" lon="14.19939751"><ele>251.0</ele></trkpt><trkpt lat="61.10956169" lon="14.19953944" /><trkpt lat="61.10951395" lon="14.19968048"><ele>253.0</ele></trkpt><trkpt lat="61.10946621" lon="14.19983139" /><trkpt lat="61.10941413" lon="14.19998231"><ele>256.0</ele></trkpt><trkpt lat="61.10935771" lon="14.20014311" /><trkpt lat="61.10930129" lon="14.20031289"><ele>259.0</ele></trkpt><trkpt lat="61.10924052" lon="14.20046471" /><trkpt lat="61.10917933" lon="14.20060664"><ele>262.0</ele></trkpt><trkpt lat="61.10912247" lon="14.20072072" /><trkpt lat="61.10906518" lon="14.20083481"><ele>266.0</ele></trkpt><trkpt lat="61.10900399" lon="14.20094890" /><trkpt lat="61.10894713" lon="14.20108185"><ele>268.0</ele></trkpt><trkpt lat="61.10888593" lon="14.20122468" /><trkpt lat="61.10885685" lon="14.20142950"><ele>271.0</ele></trkpt><trkpt lat="61.10888897" lon="14.20148339" /><trkpt lat="61.10883689" lon="14.20162533" /><trkpt lat="61.10878871" lon="14.20174840"><ele>273.0</ele></trkpt><trkpt lat="61.10869757" lon="14.20197567"><ele>274.0</ele></trkpt><trkpt lat="61.10864939" lon="14.20208976" /><trkpt lat="61.10860599" lon="14.20221193"><ele>276.0</ele></trkpt><trkpt lat="61.10855347" lon="14.20234488" /><trkpt lat="61.10850617" lon="14.20249580"><ele>277.0</ele></trkpt><trkpt lat="61.10846276" lon="14.20262785" /><trkpt lat="61.10838941" lon="14.20288207"><ele>279.0</ele></trkpt><trkpt lat="61.10832474" lon="14.20311653"><ele>280.0</ele></trkpt><trkpt lat="61.10826485" lon="14.20334291" /><trkpt lat="61.10820886" lon="14.20355850"><ele>280.0</ele></trkpt><trkpt lat="61.10814853" lon="14.20377500" /><trkpt lat="61.10807952" lon="14.20401036"><ele>280.0</ele></trkpt><trkpt lat="61.10800617" lon="14.20425560"><ele>280.0</ele></trkpt><trkpt lat="61.10796754" lon="14.20439663" /><trkpt lat="61.10791545" lon="14.20453767"><ele>280.0</ele></trkpt><trkpt lat="61.10786771" lon="14.20468858" /><trkpt lat="61.10781997" lon="14.20483052"><ele>279.0</ele></trkpt><trkpt lat="61.10777222" lon="14.20496257" /><trkpt lat="61.10772882" lon="14.20509462"><ele>279.0</ele></trkpt><trkpt lat="61.10768108" lon="14.20522667" /><trkpt lat="61.10763767" lon="14.20534974"><ele>279.0</ele></trkpt><trkpt lat="61.10755521" lon="14.20559498"><ele>278.0</ele></trkpt><trkpt lat="61.10747274" lon="14.20583124"><ele>278.0</ele></trkpt><trkpt lat="61.10739027" lon="14.20605762"><ele>277.0</ele></trkpt><trkpt lat="61.10730780" lon="14.20628489"><ele>276.0</ele></trkpt><trkpt lat="61.10722968" lon="14.20650138"><ele>276.0</ele></trkpt><trkpt lat="61.10714678" lon="14.20672866"><ele>275.0</ele></trkpt><trkpt lat="61.10706431" lon="14.20695503"><ele>275.0</ele></trkpt><trkpt lat="61.10698184" lon="14.20719129"><ele>274.0</ele></trkpt><trkpt lat="61.10693843" lon="14.20731436" /><trkpt lat="61.10689503" lon="14.20743653"><ele>274.0</ele></trkpt><trkpt lat="61.10685163" lon="14.20756858" /><trkpt lat="61.10680822" lon="14.20769165"><ele>274.0</ele></trkpt><trkpt lat="61.10676048" lon="14.20783269" /><trkpt lat="61.10671273" lon="14.20796564"><ele>272.0</ele></trkpt><trkpt lat="61.10666542" lon="14.20811566" /><trkpt lat="61.10661767" lon="14.20825759"><ele>270.0</ele></trkpt><trkpt lat="61.10656993" lon="14.20841749" /><trkpt lat="61.10652218" lon="14.20854954"><ele>268.0</ele></trkpt><trkpt lat="61.10647878" lon="14.20868160" /><trkpt lat="61.10643581" lon="14.20881365"><ele>266.0</ele></trkpt><trkpt lat="61.10635768" lon="14.20906787"><ele>265.0</ele></trkpt><trkpt lat="61.10627998" lon="14.20930413"><ele>264.0</ele></trkpt><trkpt lat="61.10621097" lon="14.20953949"><ele>263.0</ele></trkpt><trkpt lat="61.10614629" lon="14.20977484"><ele>262.0</ele></trkpt><trkpt lat="61.10607684" lon="14.20999134" /><trkpt lat="61.10601694" lon="14.21021682"><ele>260.0</ele></trkpt><trkpt lat="61.10595227" lon="14.21043331" /><trkpt lat="61.10588759" lon="14.21065879"><ele>258.0</ele></trkpt><trkpt lat="61.10582292" lon="14.21088516" /><trkpt lat="61.10575347" lon="14.21111064"><ele>255.0</ele></trkpt><trkpt lat="61.10568011" lon="14.21134690"><ele>253.0</ele></trkpt><trkpt lat="61.10564105" lon="14.21146907" /><trkpt lat="61.10556335" lon="14.21172329"><ele>252.0</ele></trkpt><trkpt lat="61.10552472" lon="14.21185534" /><trkpt lat="61.10548131" lon="14.21198740"><ele>251.0</ele></trkpt><trkpt lat="61.10543357" lon="14.21212843" /><trkpt lat="61.10539016" lon="14.21227036"><ele>251.0</ele></trkpt><trkpt lat="61.10531593" lon="14.21242218" /><trkpt lat="61.10524518" lon="14.21253716"><ele>251.0</ele></trkpt><trkpt lat="61.10517486" lon="14.21266113" /><trkpt lat="61.10510975" lon="14.21284079"><ele>251.0</ele></trkpt><trkpt lat="61.10506157" lon="14.21295398" /><trkpt lat="61.10497476" lon="14.21318126"><ele>251.0</ele></trkpt><trkpt lat="61.10490096" lon="14.21338877" /><trkpt lat="61.10483585" lon="14.21359628"><ele>250.0</ele></trkpt><trkpt lat="61.10477552" lon="14.21379391" /><trkpt lat="61.10471040" lon="14.21399154"><ele>250.0</ele></trkpt><trkpt lat="61.10464573" lon="14.21420893" /><trkpt lat="61.10456759" lon="14.21443530"><ele>249.0</ele></trkpt><trkpt lat="61.10452419" lon="14.21456736" /><trkpt lat="61.10447166" lon="14.21469043"><ele>248.0</ele></trkpt><trkpt lat="61.10441523" lon="14.21484134" /><trkpt lat="61.10435446" lon="14.21500214"><ele>247.0</ele></trkpt><trkpt lat="61.10428891" lon="14.21517192" /><trkpt lat="61.10422380" lon="14.21534260"><ele>246.0</ele></trkpt><trkpt lat="61.10415826" lon="14.21550340" /><trkpt lat="61.10409314" lon="14.21567318"><ele>246.0</ele></trkpt><trkpt lat="61.10403194" lon="14.21582500" /><trkpt lat="61.10397941" lon="14.21595705"><ele>245.0</ele></trkpt><trkpt lat="61.10393166" lon="14.21608012" /><trkpt lat="61.10389607" lon="14.21611965" /><trkpt lat="61.10396639" lon="14.21598580"><ele>245.0</ele></trkpt><trkpt lat="61.10398592" lon="14.21609629" /><trkpt lat="61.10396422" lon="14.21618971" /><trkpt lat="61.10391690" lon="14.21635051"><ele>245.0</ele></trkpt><trkpt lat="61.10387393" lon="14.21650053" /><trkpt lat="61.10382618" lon="14.21664247"><ele>243.0</ele></trkpt><trkpt lat="61.10377843" lon="14.21678350" /><trkpt lat="61.10373068" lon="14.21692543"><ele>243.0</ele></trkpt><trkpt lat="61.10367859" lon="14.21708533" /><trkpt lat="61.10362259" lon="14.21726410"><ele>242.0</ele></trkpt><trkpt lat="61.10354880" lon="14.21749047"><ele>241.0</ele></trkpt><trkpt lat="61.10347500" lon="14.21770787" /><trkpt lat="61.10340598" lon="14.21792436"><ele>240.0</ele></trkpt><trkpt lat="61.10333653" lon="14.21813187" /><trkpt lat="61.10327141" lon="14.21833938"><ele>238.0</ele></trkpt><trkpt lat="61.10320630" lon="14.21852803" /><trkpt lat="61.10314162" lon="14.21872566"><ele>237.0</ele></trkpt><trkpt lat="61.10307650" lon="14.21891430" /><trkpt lat="61.10301573" lon="14.21909397"><ele>234.0</ele></trkpt><trkpt lat="61.10295061" lon="14.21927273" /><trkpt lat="61.10288984" lon="14.21945240"><ele>231.0</ele></trkpt><trkpt lat="61.10282907" lon="14.21963206" /><trkpt lat="61.10277263" lon="14.21980094"><ele>229.0</ele></trkpt><trkpt lat="61.10271186" lon="14.21997162" /><trkpt lat="61.10265108" lon="14.22015039"><ele>227.0</ele></trkpt><trkpt lat="61.10259465" lon="14.22032017" /><trkpt lat="61.10253388" lon="14.22048995"><ele>225.0</ele></trkpt><trkpt lat="61.10247310" lon="14.22065973" /><trkpt lat="61.10241667" lon="14.22082951"><ele>223.0</ele></trkpt><trkpt lat="61.10235589" lon="14.22100019" /><trkpt lat="61.10229512" lon="14.22117896"><ele>222.0</ele></trkpt><trkpt lat="61.10223434" lon="14.22135862" /><trkpt lat="61.10217357" lon="14.22153739"><ele>220.0</ele></trkpt><trkpt lat="61.10210845" lon="14.22172603" /><trkpt lat="61.10204811" lon="14.22191468"><ele>219.0</ele></trkpt><trkpt lat="61.10198299" lon="14.22210332" /><trkpt lat="61.10191787" lon="14.22230095"><ele>218.0</ele></trkpt><trkpt lat="61.10185276" lon="14.22250846" /><trkpt lat="61.10178373" lon="14.22271597"><ele>218.0</ele></trkpt><trkpt lat="61.10171427" lon="14.22293247" /><trkpt lat="61.10164047" lon="14.22314986"><ele>219.0</ele></trkpt><trkpt lat="61.10157145" lon="14.22338522"><ele>219.0</ele></trkpt><trkpt lat="61.10148897" lon="14.22363046"><ele>219.0</ele></trkpt><trkpt lat="61.10141560" lon="14.22385684"><ele>219.0</ele></trkpt><trkpt lat="61.10135526" lon="14.22410028"><ele>219.0</ele></trkpt><trkpt lat="61.10132574" lon="14.22424131" /><trkpt lat="61.10130533" lon="14.22440930"><ele>220.0</ele></trkpt><trkpt lat="61.10128493" lon="14.22457728" /><trkpt lat="61.10128667" lon="14.22473449"><ele>220.0</ele></trkpt><trkpt lat="61.10129709" lon="14.22488271" /><trkpt lat="61.10131706" lon="14.22503003"><ele>220.0</ele></trkpt><trkpt lat="61.10133659" lon="14.22517736" /><trkpt lat="61.10135179" lon="14.22532468"><ele>220.0</ele></trkpt><trkpt lat="61.10135830" lon="14.22549087" /><trkpt lat="61.10135135" lon="14.22567682"><ele>220.0</ele></trkpt><trkpt lat="61.10133095" lon="14.22584481" /><trkpt lat="61.10131011" lon="14.22599393"><ele>221.0</ele></trkpt><trkpt lat="61.10125975" lon="14.22626612"><ele>221.0</ele></trkpt><trkpt lat="61.10118595" lon="14.22650148"><ele>222.0</ele></trkpt><trkpt lat="61.10114254" lon="14.22663353" /><trkpt lat="61.10109956" lon="14.22677456"><ele>222.0</ele></trkpt><trkpt lat="61.10102055" lon="14.22692638" /><trkpt lat="61.10094067" lon="14.22702340"><ele>223.0</ele></trkpt><trkpt lat="61.10080696" lon="14.22710424"><ele>223.0</ele></trkpt><trkpt lat="61.10075834" lon="14.22713479" /><trkpt lat="61.10067759" lon="14.22714736"><ele>224.0</ele></trkpt><trkpt lat="61.10059641" lon="14.22712401" /><trkpt lat="61.10052434" lon="14.22708089"><ele>225.0</ele></trkpt><trkpt lat="61.10045184" lon="14.22703867" /><trkpt lat="61.10038411" lon="14.22700453"><ele>225.0</ele></trkpt><trkpt lat="61.10031682" lon="14.22699914" /><trkpt lat="61.10024997" lon="14.22702968"><ele>226.0</ele></trkpt><trkpt lat="61.10014881" lon="14.22721114"><ele>226.0</ele></trkpt><trkpt lat="61.10011061" lon="14.22742674" /><trkpt lat="61.10009411" lon="14.22754801"><ele>227.0</ele></trkpt><trkpt lat="61.10005547" lon="14.22767917" /><trkpt lat="61.09998644" lon="14.22793339"><ele>227.0</ele></trkpt><trkpt lat="61.09992653" lon="14.22816785" /><trkpt lat="61.09986619" lon="14.22838434"><ele>228.0</ele></trkpt><trkpt lat="61.09981018" lon="14.22859994" /><trkpt lat="61.09974984" lon="14.22881643"><ele>228.0</ele></trkpt><trkpt lat="61.09968993" lon="14.22905179" /><trkpt lat="61.09961655" lon="14.22929613"><ele>229.0</ele></trkpt><trkpt lat="61.09958226" lon="14.22943717" /><trkpt lat="61.09953450" lon="14.22957821"><ele>229.0</ele></trkpt><trkpt lat="61.09948675" lon="14.22971026" /><trkpt lat="61.09939514" lon="14.22994651"><ele>229.0</ele></trkpt><trkpt lat="61.09935173" lon="14.23005072" /><trkpt lat="61.09930353" lon="14.23017379"><ele>230.0</ele></trkpt><trkpt lat="61.09925144" lon="14.23030674" /><trkpt lat="61.09920368" lon="14.23045676"><ele>230.0</ele></trkpt><trkpt lat="61.09914724" lon="14.23060857" /><trkpt lat="61.09910860" lon="14.23076757"><ele>230.0</ele></trkpt><trkpt lat="61.09907430" lon="14.23091759" /><trkpt lat="61.09901786" lon="14.23107839"><ele>230.0</ele></trkpt><trkpt lat="61.09893885" lon="14.23123021" /><trkpt lat="61.09887286" lon="14.23135417"><ele>231.0</ele></trkpt><trkpt lat="61.09879818" lon="14.23146916" /><trkpt lat="61.09871439" lon="14.23161289"><ele>231.0</ele></trkpt><trkpt lat="61.09864796" lon="14.23169014" /><trkpt lat="61.09852857" lon="14.23183477"><ele>231.0</ele></trkpt><trkpt lat="61.09841352" lon="14.23197042"><ele>232.0</ele></trkpt><trkpt lat="61.09830280" lon="14.23209618" /><trkpt lat="61.09819209" lon="14.23222285"><ele>232.0</ele></trkpt><trkpt lat="61.09809006" lon="14.23232974" /><trkpt lat="61.09798369" lon="14.23243664"><ele>232.0</ele></trkpt><trkpt lat="61.09788600" lon="14.23254354" /><trkpt lat="61.09778397" lon="14.23265044"><ele>232.0</ele></trkpt><trkpt lat="61.09768194" lon="14.23275824" /><trkpt lat="61.09758469" lon="14.23287412"><ele>233.0</ele></trkpt><trkpt lat="61.09748309" lon="14.23299989" /><trkpt lat="61.09737672" lon="14.23312565"><ele>233.0</ele></trkpt><trkpt lat="61.09727078" lon="14.23326938" /><trkpt lat="61.09716050" lon="14.23343288"><ele>233.0</ele></trkpt><trkpt lat="61.09710753" lon="14.23350923" /><trkpt lat="61.09705022" lon="14.23360535"><ele>234.0</ele></trkpt><trkpt lat="61.09699291" lon="14.23370057" /><trkpt lat="61.09693125" lon="14.23380568"><ele>234.0</ele></trkpt><trkpt lat="61.09685353" lon="14.23405092"><ele>234.0</ele></trkpt><trkpt lat="61.09680968" lon="14.23413626" /><trkpt lat="61.09673066" lon="14.23430694"><ele>234.0</ele></trkpt><trkpt lat="61.09666076" lon="14.23445875" /><trkpt lat="61.09659519" lon="14.23461057"><ele>234.0</ele></trkpt><trkpt lat="61.09652963" lon="14.23477137" /><trkpt lat="61.09646885" lon="14.23494115"><ele>235.0</ele></trkpt><trkpt lat="61.09637332" lon="14.23523310"><ele>235.0</ele></trkpt><trkpt lat="61.09634336" lon="14.23534629" /><trkpt lat="61.09630472" lon="14.23548732"><ele>236.0</ele></trkpt><trkpt lat="61.09623134" lon="14.23574065"><ele>236.0</ele></trkpt><trkpt lat="61.09617577" lon="14.23599397"><ele>237.0</ele></trkpt><trkpt lat="61.09615666" lon="14.23626347"><ele>237.0</ele></trkpt><trkpt lat="61.09617186" lon="14.23642966" /><trkpt lat="61.09620095" lon="14.23659495"><ele>237.0</ele></trkpt><trkpt lat="61.09625175" lon="14.23672251" /><trkpt lat="61.09631558" lon="14.23682132"><ele>237.0</ele></trkpt><trkpt lat="61.09638418" lon="14.23691115" /><trkpt lat="61.09645669" lon="14.23699020"><ele>237.0</ele></trkpt><trkpt lat="61.09652095" lon="14.23708902" /><trkpt lat="61.09657609" lon="14.23720760"><ele>236.0</ele></trkpt><trkpt lat="61.09662819" lon="14.23746452"><ele>236.0</ele></trkpt><trkpt lat="61.09663384" lon="14.23756602" /><trkpt lat="61.09663601" lon="14.23774209"><ele>236.0</ele></trkpt><trkpt lat="61.09661994" lon="14.23790918" /><trkpt lat="61.09659519" lon="14.23807806"><ele>237.0</ele></trkpt><trkpt lat="61.09657001" lon="14.23824605" /><trkpt lat="61.09654179" lon="14.23851644"><ele>238.0</ele></trkpt><trkpt lat="61.09654396" lon="14.23871946" /><trkpt lat="61.09656480" lon="14.23895033"><ele>242.0</ele></trkpt><trkpt lat="61.09659433" lon="14.23916233" /><trkpt lat="61.09661343" lon="14.23926384"><ele>246.0</ele></trkpt><trkpt lat="61.09665598" lon="14.23944710" /><trkpt lat="61.09670287" lon="14.23962047"><ele>247.0</ele></trkpt><trkpt lat="61.09674933" lon="14.23978486" /><trkpt lat="61.09682010" lon="14.24006873"><ele>249.0</ele></trkpt><trkpt lat="61.09686743" lon="14.24027984" /><trkpt lat="61.09690607" lon="14.24050082"><ele>251.0</ele></trkpt><trkpt lat="61.09693950" lon="14.24069396" /><trkpt lat="61.09695861" lon="14.24078559"><ele>252.0</ele></trkpt><trkpt lat="61.09698292" lon="14.24095986" /><trkpt lat="61.09700723" lon="14.24112605"><ele>253.0</ele></trkpt><trkpt lat="61.09702721" lon="14.24130122" /><trkpt lat="61.09704848" lon="14.24158778"><ele>254.0</ele></trkpt><trkpt lat="61.09705543" lon="14.24180068" /><trkpt lat="61.09705803" lon="14.24203155"><ele>256.0</ele></trkpt><trkpt lat="61.09705022" lon="14.24212497" /><trkpt lat="61.09701635" lon="14.24229386"><ele>256.0</ele></trkpt><trkpt lat="61.09695209" lon="14.24255617"><ele>260.0</ele></trkpt><trkpt lat="61.09691910" lon="14.24281758"><ele>263.0</ele></trkpt><trkpt lat="61.09689087" lon="14.24308797"><ele>264.0</ele></trkpt><trkpt lat="61.09686699" lon="14.24333051" /><trkpt lat="61.09684702" lon="14.24357216"><ele>266.0</ele></trkpt><trkpt lat="61.09682748" lon="14.24380482" /><trkpt lat="61.09680751" lon="14.24403749"><ele>268.0</ele></trkpt><trkpt lat="61.09678363" lon="14.24428902" /><trkpt lat="61.09675541" lon="14.24456839"><ele>270.0</ele></trkpt><trkpt lat="61.09673934" lon="14.24471751" /><trkpt lat="61.09667943" lon="14.24497084"><ele>271.0</ele></trkpt><trkpt lat="61.09661907" lon="14.24517835" /><trkpt lat="61.09660388" lon="14.24543796"><ele>272.0</ele></trkpt><trkpt lat="61.09658868" lon="14.24567961" /><trkpt lat="61.09656437" lon="14.24591317"><ele>273.0</ele></trkpt><trkpt lat="61.09652268" lon="14.24618356"><ele>273.0</ele></trkpt><trkpt lat="61.09648013" lon="14.24638029" /><trkpt lat="61.09643715" lon="14.24655906"><ele>273.0</ele></trkpt><trkpt lat="61.09638982" lon="14.24671896" /><trkpt lat="61.09634206" lon="14.24686988"><ele>274.0</ele></trkpt><trkpt lat="61.09629474" lon="14.24701989" /><trkpt lat="61.09624697" lon="14.24717979"><ele>275.0</ele></trkpt><trkpt lat="61.09617403" lon="14.24745288"><ele>277.0</ele></trkpt><trkpt lat="61.09612714" lon="14.24766848" /><trkpt lat="61.09609327" lon="14.24785533"><ele>278.0</ele></trkpt><trkpt lat="61.09607634" lon="14.24794875" /><trkpt lat="61.09605159" lon="14.24812572"><ele>280.0</ele></trkpt><trkpt lat="61.09603118" lon="14.24830359" /><trkpt lat="61.09601077" lon="14.24847157"><ele>281.0</ele></trkpt><trkpt lat="61.09597343" lon="14.24874197"><ele>281.0</ele></trkpt><trkpt lat="61.09593522" lon="14.24892881" /><trkpt lat="61.09591395" lon="14.24904110"><ele>282.0</ele></trkpt><trkpt lat="61.09587096" lon="14.24920100" /><trkpt lat="61.09583666" lon="14.24934204"><ele>283.0</ele></trkpt><trkpt lat="61.09577240" lon="14.24959536"><ele>283.5</ele></trkpt><trkpt lat="61.09569424" lon="14.24983072"><ele>284.0</ele></trkpt><trkpt lat="61.09565082" lon="14.24996278" /><trkpt lat="61.09560306" lon="14.25010471"><ele>285.0</ele></trkpt><trkpt lat="61.09554618" lon="14.25023676" /><trkpt lat="61.09544110" lon="14.25044607"><ele>286.0</ele></trkpt><trkpt lat="61.09533516" lon="14.25061765"><ele>290.0</ele></trkpt><trkpt lat="61.09524354" lon="14.25083594"><ele>294.0</ele></trkpt><trkpt lat="61.09520490" lon="14.25099494" /><trkpt lat="61.09516191" lon="14.25114586"><ele>297.0</ele></trkpt><trkpt lat="61.09512761" lon="14.25130486" /><trkpt lat="61.09508896" lon="14.25145488"><ele>299.0</ele></trkpt><trkpt lat="61.09505466" lon="14.25160490" /><trkpt lat="61.09502514" lon="14.25174593"><ele>302.0</ele></trkpt><trkpt lat="61.09499518" lon="14.25188607" /><trkpt lat="61.09496087" lon="14.25202710"><ele>303.0</ele></trkpt><trkpt lat="61.09490573" lon="14.25229840"><ele>304.0</ele></trkpt><trkpt lat="61.09485058" lon="14.25256070"><ele>304.0</ele></trkpt><trkpt lat="61.09479978" lon="14.25282301"><ele>304.0</ele></trkpt><trkpt lat="61.09475332" lon="14.25307544"><ele>303.0</ele></trkpt><trkpt lat="61.09470208" lon="14.25333775"><ele>302.0</ele></trkpt><trkpt lat="61.09465562" lon="14.25359017"><ele>300.0</ele></trkpt><trkpt lat="61.09460482" lon="14.25385248"><ele>298.0</ele></trkpt><trkpt lat="61.09457964" lon="14.25398274" /><trkpt lat="61.09452883" lon="14.25425493"><ele>296.0</ele></trkpt><trkpt lat="61.09449887" lon="14.25439506" /><trkpt lat="61.09447369" lon="14.25453520"><ele>293.0</ele></trkpt><trkpt lat="61.09444416" lon="14.25468522" /><trkpt lat="61.09441420" lon="14.25483524"><ele>291.0</ele></trkpt><trkpt lat="61.09438467" lon="14.25498436" /><trkpt lat="61.09435037" lon="14.25513438"><ele>289.0</ele></trkpt><trkpt lat="61.09431650" lon="14.25529428" /><trkpt lat="61.09425224" lon="14.25557545"><ele>287.0</ele></trkpt><trkpt lat="61.09419188" lon="14.25579105" /><trkpt lat="61.09416626" lon="14.25588537"><ele>285.0</ele></trkpt><trkpt lat="61.09410981" lon="14.25606413" /><trkpt lat="61.09405336" lon="14.25624290"><ele>283.0</ele></trkpt><trkpt lat="61.09399691" lon="14.25641268" /><trkpt lat="61.09391050" lon="14.25669475"><ele>281.0</ele></trkpt><trkpt lat="61.09385449" lon="14.25691124" /><trkpt lat="61.09382930" lon="14.25703252"><ele>277.0</ele></trkpt><trkpt lat="61.09384320" lon="14.25707833" /><trkpt lat="61.09387881" lon="14.25704869" /><trkpt lat="61.09384754" lon="14.25706845" /><trkpt lat="61.09377807" lon="14.25725799"><ele>272.0</ele></trkpt><trkpt lat="61.09373464" lon="14.25739903" /><trkpt lat="61.09369556" lon="14.25753018"><ele>269.0</ele></trkpt><trkpt lat="61.09363130" lon="14.25778351"><ele>265.0</ele></trkpt><trkpt lat="61.09357137" lon="14.25802785"><ele>263.0</ele></trkpt><trkpt lat="61.09352013" lon="14.25826231" /><trkpt lat="61.09346890" lon="14.25848689"><ele>262.0</ele></trkpt><trkpt lat="61.09341331" lon="14.25874021"><ele>258.0</ele></trkpt><trkpt lat="61.09338335" lon="14.25886239" /><trkpt lat="61.09334905" lon="14.25900252"><ele>255.0</ele></trkpt><trkpt lat="61.09331474" lon="14.25914356" /><trkpt lat="61.09323702" lon="14.25941575"><ele>253.0</ele></trkpt><trkpt lat="61.09316797" lon="14.25963314" /><trkpt lat="61.09309850" lon="14.25983975"><ele>248.0</ele></trkpt><trkpt lat="61.09306810" lon="14.25992509" /><trkpt lat="61.09300253" lon="14.26011374"><ele>243.0</ele></trkpt><trkpt lat="61.09291177" lon="14.26038683"><ele>240.0</ele></trkpt><trkpt lat="61.09284664" lon="14.26058446" /><trkpt lat="61.09277716" lon="14.26081083"><ele>237.0</ele></trkpt><trkpt lat="61.09271289" lon="14.26106416"><ele>232.0</ele></trkpt><trkpt lat="61.09265731" lon="14.26130760" /><trkpt lat="61.09261519" lon="14.26153218"><ele>229.0</ele></trkpt><trkpt lat="61.09257741" lon="14.26175676" /><trkpt lat="61.09254397" lon="14.26197145"><ele>223.0</ele></trkpt><trkpt lat="61.09250576" lon="14.26218615" /><trkpt lat="61.09246364" lon="14.26241073"><ele>220.0</ele></trkpt><trkpt lat="61.09240805" lon="14.26264519" /><trkpt lat="61.09233858" lon="14.26288055"><ele>217.0</ele></trkpt><trkpt lat="61.09227822" lon="14.26307818" /><trkpt lat="61.09224782" lon="14.26317250"><ele>216.0</ele></trkpt><trkpt lat="61.09218702" lon="14.26335127" /><trkpt lat="61.09213057" lon="14.26352105"><ele>215.0</ele></trkpt><trkpt lat="61.09206978" lon="14.26368185" /><trkpt lat="61.09201289" lon="14.26383276"><ele>214.0</ele></trkpt><trkpt lat="61.09195209" lon="14.26398368" /><trkpt lat="61.09189521" lon="14.26413460"><ele>213.0</ele></trkpt><trkpt lat="61.09183398" lon="14.26427653" /><trkpt lat="61.09177753" lon="14.26442835"><ele>213.0</ele></trkpt><trkpt lat="61.09171630" lon="14.26457926" /><trkpt lat="61.09165550" lon="14.26474006"><ele>212.0</ele></trkpt><trkpt lat="61.09158993" lon="14.26490984" /><trkpt lat="61.09149439" lon="14.26518293"><ele>211.0</ele></trkpt><trkpt lat="61.09142925" lon="14.26538146" /><trkpt lat="61.09139929" lon="14.26549375"><ele>210.0</ele></trkpt><trkpt lat="61.09131678" lon="14.26573899"><ele>210.0</ele></trkpt><trkpt lat="61.09125164" lon="14.26595548" /><trkpt lat="61.09119128" lon="14.26617108"><ele>210.0</ele></trkpt><trkpt lat="61.09116175" lon="14.26630223" /><trkpt lat="61.09109704" lon="14.26656544"><ele>209.0</ele></trkpt><trkpt lat="61.09104146" lon="14.26680888" /><trkpt lat="61.09099934" lon="14.26704244"><ele>209.0</ele></trkpt><trkpt lat="61.09095721" lon="14.26726702" /><trkpt lat="61.09091900" lon="14.26747274"><ele>209.0</ele></trkpt><trkpt lat="61.09087644" lon="14.26768833" /><trkpt lat="61.09082085" lon="14.26790393"><ele>209.0</ele></trkpt><trkpt lat="61.09075137" lon="14.26813030" /><trkpt lat="61.09065974" lon="14.26832883"><ele>209.0</ele></trkpt><trkpt lat="61.09056159" lon="14.26840788" /><trkpt lat="61.09045433" lon="14.26843214"><ele>209.0</ele></trkpt><trkpt lat="61.09034272" lon="14.26849232" /><trkpt lat="61.09028496" lon="14.26855072"><ele>209.0</ele></trkpt><trkpt lat="61.09015642" lon="14.26868726"><ele>210.0</ele></trkpt><trkpt lat="61.09004568" lon="14.26881302" /><trkpt lat="61.08993928" lon="14.26892980"><ele>210.0</ele></trkpt><trkpt lat="61.08984200" lon="14.26905467" /><trkpt lat="61.08974038" lon="14.26918043"><ele>210.0</ele></trkpt><trkpt lat="61.08963832" lon="14.26931518" /><trkpt lat="61.08952802" lon="14.26946879"><ele>210.0</ele></trkpt><trkpt lat="61.08947069" lon="14.26954515" /><trkpt lat="61.08940902" lon="14.26964127"><ele>210.0</ele></trkpt><trkpt lat="61.08933346" lon="14.26973739" /><trkpt lat="61.08926310" lon="14.26983351"><ele>210.0</ele></trkpt><trkpt lat="61.08919666" lon="14.26991975" /><trkpt lat="61.08907723" lon="14.27009312"><ele>210.0</ele></trkpt><trkpt lat="61.08896257" lon="14.27026470"><ele>210.0</ele></trkpt><trkpt lat="61.08885661" lon="14.27042819"><ele>210.0</ele></trkpt><trkpt lat="61.08874673" lon="14.27060965"><ele>210.0</ele></trkpt><trkpt lat="61.08868940" lon="14.27069499" /><trkpt lat="61.08862773" lon="14.27080010"><ele>209.0</ele></trkpt><trkpt lat="61.08857041" lon="14.27089622" /><trkpt lat="61.08850439" lon="14.27101030"><ele>209.0</ele></trkpt><trkpt lat="61.08838974" lon="14.27120075"><ele>208.0</ele></trkpt><trkpt lat="61.08834587" lon="14.27127710" /><trkpt lat="61.08827117" lon="14.27141993"><ele>208.0</ele></trkpt><trkpt lat="61.08820082" lon="14.27156277" /><trkpt lat="61.08812221" lon="14.27175141"><ele>207.0</ele></trkpt><trkpt lat="61.08803882" lon="14.27191311" /><trkpt lat="61.08797324" lon="14.27206492"><ele>207.0</ele></trkpt><trkpt lat="61.08788204" lon="14.27233801"><ele>207.0</ele></trkpt><trkpt lat="61.08785641" lon="14.27245030" /><trkpt lat="61.08782254" lon="14.27260032"><ele>206.0</ele></trkpt><trkpt lat="61.08777607" lon="14.27288958"><ele>206.0</ele></trkpt><trkpt lat="61.08774784" lon="14.27315997"><ele>206.0</ele></trkpt><trkpt lat="61.08772699" lon="14.27330011" /><trkpt lat="61.08770180" lon="14.27344923"><ele>206.0</ele></trkpt><trkpt lat="61.08767227" lon="14.27360823" /><trkpt lat="61.08762927" lon="14.27377711"><ele>206.0</ele></trkpt><trkpt lat="61.08758627" lon="14.27393701" /><trkpt lat="61.08754762" lon="14.27408703"><ele>206.0</ele></trkpt><trkpt lat="61.08751331" lon="14.27422807" /><trkpt lat="61.08747900" lon="14.27436821"><ele>205.0</ele></trkpt><trkpt lat="61.08744425" lon="14.27450026" /><trkpt lat="61.08740994" lon="14.27463141"><ele>205.0</ele></trkpt><trkpt lat="61.08737563" lon="14.27476257" /><trkpt lat="61.08734132" lon="14.27489462"><ele>206.0</ele></trkpt><trkpt lat="61.08730701" lon="14.27502577" /><trkpt lat="61.08726792" lon="14.27515693"><ele>206.0</ele></trkpt><trkpt lat="61.08722883" lon="14.27528898" /><trkpt lat="61.08719018" lon="14.27543001"><ele>206.0</ele></trkpt><trkpt lat="61.08715153" lon="14.27558003" /><trkpt lat="61.08710375" lon="14.27573993"><ele>206.0</ele></trkpt><trkpt lat="61.08706119" lon="14.27590882" /><trkpt lat="61.08700038" lon="14.27608758"><ele>206.0</ele></trkpt><trkpt lat="61.08693437" lon="14.27623940" /><trkpt lat="61.08685141" lon="14.27641906"><ele>206.0</ele></trkpt><trkpt lat="61.08678149" lon="14.27659872" /><trkpt lat="61.08671590" lon="14.27675952"><ele>206.0</ele></trkpt><trkpt lat="61.08665510" lon="14.27691044" /><trkpt lat="61.08658952" lon="14.27706225"><ele>206.0</ele></trkpt><trkpt lat="61.08651916" lon="14.27721407" /><trkpt lat="61.08639624" lon="14.27745122"><ele>206.0</ele></trkpt><trkpt lat="61.08629939" lon="14.27761382" /><trkpt lat="61.08620253" lon="14.27776653"><ele>206.0</ele></trkpt><trkpt lat="61.08610958" lon="14.27791026" /><trkpt lat="61.08606572" lon="14.27797764"><ele>207.0</ele></trkpt><trkpt lat="61.08597755" lon="14.27811149" /><trkpt lat="61.08588894" lon="14.27823635"><ele>207.0</ele></trkpt><trkpt lat="61.08580512" lon="14.27835134" /><trkpt lat="61.08572086" lon="14.27845734"><ele>207.0</ele></trkpt><trkpt lat="61.08564137" lon="14.27857232" /><trkpt lat="61.08555755" lon="14.27867832"><ele>207.0</ele></trkpt><trkpt lat="61.08547328" lon="14.27878432" /><trkpt lat="61.08534081" lon="14.27894782"><ele>207.0</ele></trkpt><trkpt lat="61.08525220" lon="14.27905472" /><trkpt lat="61.08515448" lon="14.27917060"><ele>208.0</ele></trkpt><trkpt lat="61.08505718" lon="14.27928648" /><trkpt lat="61.08495120" lon="14.27942123"><ele>208.0</ele></trkpt><trkpt lat="61.08484479" lon="14.27953711" /><trkpt lat="61.08474228" lon="14.27960718"><ele>208.0</ele></trkpt><trkpt lat="61.08464846" lon="14.27966737" /><trkpt lat="61.08455942" lon="14.27970869"><ele>208.0</ele></trkpt><trkpt lat="61.08446560" lon="14.27975001" /><trkpt lat="61.08437656" lon="14.27980122"><ele>209.0</ele></trkpt><trkpt lat="61.08428752" lon="14.27987039" /><trkpt lat="61.08419413" lon="14.27996740"><ele>209.0</ele></trkpt><trkpt lat="61.08414548" lon="14.28003478" /><trkpt lat="61.08406165" lon="14.28014976"><ele>210.0</ele></trkpt><trkpt lat="61.08400041" lon="14.28028271" /><trkpt lat="61.08393916" lon="14.28042465"><ele>210.0</ele></trkpt><trkpt lat="61.08386445" lon="14.28058545" /><trkpt lat="61.08379843" lon="14.28069055"><ele>210.0</ele></trkpt><trkpt lat="61.08368853" lon="14.28089087"><ele>210.0</ele></trkpt><trkpt lat="61.08358298" lon="14.28108132"><ele>210.0</ele></trkpt><trkpt lat="61.08352565" lon="14.28118552" /><trkpt lat="61.08345962" lon="14.28129062"><ele>210.0</ele></trkpt><trkpt lat="61.08333626" lon="14.28148196"><ele>211.0</ele></trkpt><trkpt lat="61.08323896" lon="14.28162569" /><trkpt lat="61.08319031" lon="14.28169307"><ele>211.0</ele></trkpt><trkpt lat="61.08310648" lon="14.28180805" /><trkpt lat="61.08301787" lon="14.28192394"><ele>210.0</ele></trkpt><trkpt lat="61.08288495" lon="14.28207845"><ele>210.0</ele></trkpt><trkpt lat="61.08278765" lon="14.28218445" /><trkpt lat="61.08267645" lon="14.28228326"><ele>210.0</ele></trkpt><trkpt lat="61.08261868" lon="14.28234075" /><trkpt lat="61.08253441" lon="14.28240992"><ele>210.0</ele></trkpt><trkpt lat="61.08245448" lon="14.28247909" /><trkpt lat="61.08238324" lon="14.28252850"><ele>210.0</ele></trkpt><trkpt lat="61.08231157" lon="14.28256893" /><trkpt lat="61.08224033" lon="14.28260037"><ele>210.0</ele></trkpt><trkpt lat="61.08216431" lon="14.28262282" /><trkpt lat="61.08203878" lon="14.28262821"><ele>210.0</ele></trkpt><trkpt lat="61.08199360" lon="14.28263091" /><trkpt lat="61.08185894" lon="14.28260037"><ele>210.0</ele></trkpt><trkpt lat="61.08174165" lon="14.28255006" /><trkpt lat="61.08163784" lon="14.28248987"><ele>210.0</ele></trkpt><trkpt lat="61.08153793" lon="14.28241172" /><trkpt lat="61.08143845" lon="14.28233267"><ele>210.0</ele></trkpt><trkpt lat="61.08133419" lon="14.28224553" /><trkpt lat="61.08121647" lon="14.28216738"><ele>210.0</ele></trkpt><trkpt lat="61.08115348" lon="14.28213324" /><trkpt lat="61.08109050" lon="14.28210899" /><trkpt lat="61.08102316" lon="14.28213953"><ele>211.0</ele></trkpt><trkpt lat="61.08096148" lon="14.28222667" /><trkpt lat="61.08084723" lon="14.28242609"><ele>211.0</ele></trkpt><trkpt lat="61.08077338" lon="14.28265247"><ele>210.0</ele></trkpt><trkpt lat="61.08072256" lon="14.28291388"><ele>210.0</ele></trkpt><trkpt lat="61.08070171" lon="14.28306390" /><trkpt lat="61.08068086" lon="14.28322200"><ele>210.0</ele></trkpt><trkpt lat="61.08066044" lon="14.28337112" /><trkpt lat="61.08063655" lon="14.28365948"><ele>209.0</ele></trkpt><trkpt lat="61.08063351" lon="14.28379872" /><trkpt lat="61.08063220" lon="14.28407720"><ele>208.0</ele></trkpt><trkpt lat="61.08063524" lon="14.28434579" /><trkpt lat="61.08062916" lon="14.28459552"><ele>208.0</ele></trkpt><trkpt lat="61.08060527" lon="14.28484705" /><trkpt lat="61.08055401" lon="14.28508151"><ele>208.0</ele></trkpt><trkpt lat="61.08047104" lon="14.28530789"><ele>209.0</ele></trkpt><trkpt lat="61.08038329" lon="14.28546959" /><trkpt lat="61.08030422" lon="14.28563038"><ele>209.0</ele></trkpt><trkpt lat="61.08022951" lon="14.28577322" /><trkpt lat="61.08015913" lon="14.28590617"><ele>210.0</ele></trkpt><trkpt lat="61.08008441" lon="14.28604002" /><trkpt lat="61.07996104" lon="14.28623136"><ele>211.0</ele></trkpt><trkpt lat="61.07986373" lon="14.28635622" /><trkpt lat="61.07981507" lon="14.28643258"><ele>211.0</ele></trkpt><trkpt lat="61.07973514" lon="14.28651972" /><trkpt lat="61.07966433" lon="14.28659697"><ele>212.0</ele></trkpt><trkpt lat="61.07958874" lon="14.28666614" /><trkpt lat="61.07952228" lon="14.28672453"><ele>212.0</ele></trkpt><trkpt lat="61.07938413" lon="14.28683323"><ele>213.0</ele></trkpt><trkpt lat="61.07925511" lon="14.28693204"><ele>213.0</ele></trkpt><trkpt lat="61.07912608" lon="14.28703086"><ele>213.0</ele></trkpt><trkpt lat="61.07906396" lon="14.28708925" /><trkpt lat="61.07893537" lon="14.28721591"><ele>214.0</ele></trkpt><trkpt lat="61.07886890" lon="14.28729317" /><trkpt lat="61.07879809" lon="14.28738929"><ele>214.0</ele></trkpt><trkpt lat="61.07873205" lon="14.28749439" /><trkpt lat="61.07863083" lon="14.28769381"><ele>215.0</ele></trkpt><trkpt lat="61.07858435" lon="14.28793726" /><trkpt lat="61.07853786" lon="14.28819867"><ele>215.0</ele></trkpt><trkpt lat="61.07850789" lon="14.28832982" /><trkpt lat="61.07846444" lon="14.28846187"><ele>215.0</ele></trkpt><trkpt lat="61.07839406" lon="14.28856698" /><trkpt lat="61.07832282" lon="14.28864423"><ele>216.0</ele></trkpt><trkpt lat="61.07824766" lon="14.28872239" /><trkpt lat="61.07817728" lon="14.28883647"><ele>216.0</ele></trkpt><trkpt lat="61.07808518" lon="14.28904488"><ele>216.0</ele></trkpt><trkpt lat="61.07804608" lon="14.28915807" /><trkpt lat="61.07799786" lon="14.28927126"><ele>217.0</ele></trkpt><trkpt lat="61.07790966" lon="14.28940510" /><trkpt lat="61.07783016" lon="14.28952997"><ele>217.0</ele></trkpt><trkpt lat="61.07775066" lon="14.28964495" /><trkpt lat="61.07767115" lon="14.28974107"><ele>217.0</ele></trkpt><trkpt lat="61.07759599" lon="14.28983719" /><trkpt lat="61.07751606" lon="14.28992433"><ele>218.0</ele></trkpt><trkpt lat="61.07744090" lon="14.29001147" /><trkpt lat="61.07736530" lon="14.29009860"><ele>218.0</ele></trkpt><trkpt lat="61.07729014" lon="14.29017586" /><trkpt lat="61.07721455" lon="14.29026300"><ele>219.0</ele></trkpt><trkpt lat="61.07713939" lon="14.29035013" /><trkpt lat="61.07705988" lon="14.29044625"><ele>219.0</ele></trkpt><trkpt lat="61.07697994" lon="14.29054327" /><trkpt lat="61.07689609" lon="14.29065825"><ele>219.0</ele></trkpt><trkpt lat="61.07676793" lon="14.29084061"><ele>220.0</ele></trkpt><trkpt lat="61.07672405" lon="14.29091697" /><trkpt lat="61.07665801" lon="14.29103106"><ele>220.0</ele></trkpt><trkpt lat="61.07657068" lon="14.29127630"><ele>220.0</ele></trkpt><trkpt lat="61.07653201" lon="14.29140745" /><trkpt lat="61.07649769" lon="14.29153860"><ele>220.0</ele></trkpt><trkpt lat="61.07645859" lon="14.29167066" /><trkpt lat="61.07641080" lon="14.29180271"><ele>220.0</ele></trkpt><trkpt lat="61.07630522" lon="14.29200213"><ele>220.0</ele></trkpt><trkpt lat="61.07626091" lon="14.29204166" /><trkpt lat="61.07617184" lon="14.29210095"><ele>220.0</ele></trkpt><trkpt lat="61.07608712" lon="14.29215125" /><trkpt lat="61.07594505" lon="14.29231565"><ele>220.0</ele></trkpt><trkpt lat="61.07590117" lon="14.29237314" /><trkpt lat="61.07581254" lon="14.29248902"><ele>220.0</ele></trkpt><trkpt lat="61.07568480" lon="14.29270821"><ele>220.0</ele></trkpt><trkpt lat="61.07558400" lon="14.29290764"><ele>220.0</ele></trkpt><trkpt lat="61.07551014" lon="14.29314299"><ele>220.0</ele></trkpt><trkpt lat="61.07547973" lon="14.29323642" /><trkpt lat="61.07541890" lon="14.29340620"><ele>220.0</ele></trkpt><trkpt lat="61.07536242" lon="14.29355712" /><trkpt lat="61.07530550" lon="14.29371792"><ele>220.0</ele></trkpt><trkpt lat="61.07525337" lon="14.29386794" /><trkpt lat="61.07520166" lon="14.29403772"><ele>220.0</ele></trkpt><trkpt lat="61.07511955" lon="14.29431889"><ele>220.0</ele></trkpt><trkpt lat="61.07509391" lon="14.29443208" /><trkpt lat="61.07502483" lon="14.29468540"><ele>220.0</ele></trkpt><trkpt lat="61.07496487" lon="14.29492885"><ele>221.0</ele></trkpt><trkpt lat="61.07490882" lon="14.29514444" /><trkpt lat="61.07486190" lon="14.29536004"><ele>221.0</ele></trkpt><trkpt lat="61.07481019" lon="14.29556575" /><trkpt lat="61.07476327" lon="14.29578135"><ele>221.0</ele></trkpt><trkpt lat="61.07471200" lon="14.29602479" /><trkpt lat="61.07468202" lon="14.29614696"><ele>221.0</ele></trkpt><trkpt lat="61.07463553" lon="14.29638951" /><trkpt lat="61.07460599" lon="14.29657636"><ele>222.0</ele></trkpt><trkpt lat="61.07459947" lon="14.29679015" /><trkpt lat="61.07461989" lon="14.29699228"><ele>222.0</ele></trkpt><trkpt lat="61.07463423" lon="14.29708480" /><trkpt lat="61.07467203" lon="14.29725908"><ele>223.0</ele></trkpt><trkpt lat="61.07471417" lon="14.29742347" /><trkpt lat="61.07476544" lon="14.29757888"><ele>223.0</ele></trkpt><trkpt lat="61.07481193" lon="14.29773428" /><trkpt lat="61.07488666" lon="14.29799929"><ele>223.0</ele></trkpt><trkpt lat="61.07491056" lon="14.29810888" /><trkpt lat="61.07493924" lon="14.29825621"><ele>223.0</ele></trkpt><trkpt lat="61.07499137" lon="14.29853109"><ele>223.0</ele></trkpt><trkpt lat="61.07504395" lon="14.29879789"><ele>223.0</ele></trkpt><trkpt lat="61.07506350" lon="14.29893533" /><trkpt lat="61.07508740" lon="14.29909164"><ele>223.0</ele></trkpt><trkpt lat="61.07510738" lon="14.29926681" /><trkpt lat="61.07511955" lon="14.29955337"><ele>223.0</ele></trkpt><trkpt lat="61.07511781" lon="14.29981299" /><trkpt lat="61.07509826" lon="14.30005463"><ele>224.0</ele></trkpt><trkpt lat="61.07507871" lon="14.30029718" /><trkpt lat="61.07505872" lon="14.30052894"><ele>226.0</ele></trkpt><trkpt lat="61.07505220" lon="14.30077059" /><trkpt lat="61.07506002" lon="14.30103919"><ele>228.0</ele></trkpt><trkpt lat="61.07507045" lon="14.30117753" /><trkpt lat="61.07510434" lon="14.30141648"><ele>231.0</ele></trkpt><trkpt lat="61.07512346" lon="14.30150811" /><trkpt lat="61.07515257" lon="14.30169226"><ele>233.0</ele></trkpt><trkpt lat="61.07518559" lon="14.30185755" /><trkpt lat="61.07521861" lon="14.30201296"><ele>235.0</ele></trkpt><trkpt lat="61.07525641" lon="14.30215939" /><trkpt lat="61.07529377" lon="14.30229683"><ele>236.0</ele></trkpt><trkpt lat="61.07533114" lon="14.30243427" /><trkpt lat="61.07537328" lon="14.30257081"><ele>238.0</ele></trkpt><trkpt lat="61.07541499" lon="14.30270826" /><trkpt lat="61.07545714" lon="14.30284480"><ele>239.0</ele></trkpt><trkpt lat="61.07549885" lon="14.30298224" /><trkpt lat="61.07554099" lon="14.30312867"><ele>240.0</ele></trkpt><trkpt lat="61.07558314" lon="14.30328408" /><trkpt lat="61.07562962" lon="14.30344847"><ele>240.0</ele></trkpt><trkpt lat="61.07569566" lon="14.30371347"><ele>240.0</ele></trkpt><trkpt lat="61.07574737" lon="14.30393356" /><trkpt lat="61.07576344" lon="14.30418329"><ele>240.0</ele></trkpt><trkpt lat="61.07576518" lon="14.30433151" /><trkpt lat="61.07570435" lon="14.30449141"><ele>240.0</ele></trkpt><trkpt lat="61.07558140" lon="14.30475731"><ele>239.0</ele></trkpt><trkpt lat="61.07551623" lon="14.30496393" /><trkpt lat="61.07549059" lon="14.30505735"><ele>239.0</ele></trkpt><trkpt lat="61.07539501" lon="14.30533134"><ele>239.0</ele></trkpt><trkpt lat="61.07535547" lon="14.30543464" /><trkpt lat="61.07526771" lon="14.30559634"><ele>239.0</ele></trkpt><trkpt lat="61.07518863" lon="14.30574815" /><trkpt lat="61.07511346" lon="14.30587212"><ele>239.0</ele></trkpt><trkpt lat="61.07503873" lon="14.30599609" /><trkpt lat="61.07496357" lon="14.30612006"><ele>239.0</ele></trkpt><trkpt lat="61.07488884" lon="14.30624402" /><trkpt lat="61.07480542" lon="14.30639674"><ele>239.0</ele></trkpt><trkpt lat="61.07466464" lon="14.30665276"><ele>240.0</ele></trkpt><trkpt lat="61.07461163" lon="14.30673900" /><trkpt lat="61.07451474" lon="14.30689171"><ele>240.0</ele></trkpt><trkpt lat="61.07439178" lon="14.30716659"><ele>241.0</ele></trkpt><trkpt lat="61.07433617" lon="14.30741004" /><trkpt lat="61.07433313" lon="14.30751155"><ele>242.0</ele></trkpt><trkpt lat="61.07437093" lon="14.30769570" /><trkpt lat="61.07441307" lon="14.30785111"><ele>244.0</ele></trkpt><trkpt lat="61.07445522" lon="14.30799754" /><trkpt lat="61.07450127" lon="14.30813408"><ele>244.0</ele></trkpt><trkpt lat="61.07454342" lon="14.30828051" /><trkpt lat="61.07459425" lon="14.30842603"><ele>245.0</ele></trkpt><trkpt lat="61.07468246" lon="14.30869014"><ele>245.0</ele></trkpt><trkpt lat="61.07475241" lon="14.30890034" /><trkpt lat="61.07479412" lon="14.30901892"><ele>245.0</ele></trkpt><trkpt lat="61.07480889" lon="14.30913840" /><trkpt lat="61.07484626" lon="14.30926596"><ele>245.0</ele></trkpt><trkpt lat="61.07489362" lon="14.30950491" /><trkpt lat="61.07492664" lon="14.30966122"><ele>246.0</ele></trkpt><trkpt lat="61.07494575" lon="14.30974386" /><trkpt lat="61.07492490" lon="14.30989298" /><trkpt lat="61.07483583" lon="14.30997113"><ele>246.0</ele></trkpt><trkpt lat="61.07473850" lon="14.31006815" /><trkpt lat="61.07463206" lon="14.31018404"><ele>247.0</ele></trkpt><trkpt lat="61.07442350" lon="14.31042568"><ele>250.0</ele></trkpt><trkpt lat="61.07433573" lon="14.31057840" /><trkpt lat="61.07433791" lon="14.31079130"><ele>254.0</ele></trkpt><trkpt lat="61.07437614" lon="14.31098354" /><trkpt lat="61.07442698" lon="14.31112008"><ele>254.0</ele></trkpt><trkpt lat="61.07446956" lon="14.31135005" /><trkpt lat="61.07457253" lon="14.31173453"><ele>254.0</ele></trkpt><trkpt lat="61.07465812" lon="14.31213787"><ele>251.0</ele></trkpt><trkpt lat="61.07468289" lon="14.31235886" /><trkpt lat="61.07470722" lon="14.31252505"><ele>250.0</ele></trkpt><trkpt lat="61.07476501" lon="14.31290144"><ele>249.0</ele></trkpt><trkpt lat="61.07482540" lon="14.31307481" /><trkpt lat="61.07484539" lon="14.31325897"><ele>248.0</ele></trkpt><trkpt lat="61.07485147" lon="14.31341617" /><trkpt lat="61.07489014" lon="14.31364614"><ele>247.0</ele></trkpt><trkpt lat="61.07491882" lon="14.31380245" /><trkpt lat="61.07494402" lon="14.31404230"><ele>246.0</ele></trkpt><trkpt lat="61.07491708" lon="14.31446002"><ele>246.0</ele></trkpt><trkpt lat="61.07487233" lon="14.31486965"><ele>246.0</ele></trkpt><trkpt lat="61.07485929" lon="14.31533408"><ele>246.0</ele></trkpt><trkpt lat="61.07485060" lon="14.31576078"><ele>246.0</ele></trkpt><trkpt lat="61.07486060" lon="14.31624138"><ele>246.0</ele></trkpt><trkpt lat="61.07488102" lon="14.31650009" /><trkpt lat="61.07487493" lon="14.31675970"><ele>244.0</ele></trkpt><trkpt lat="61.07486798" lon="14.31692679" /><trkpt lat="61.07481802" lon="14.31729959"><ele>242.0</ele></trkpt><trkpt lat="61.07477370" lon="14.31773707"><ele>241.0</ele></trkpt><trkpt lat="61.07471504" lon="14.31812963"><ele>240.0</ele></trkpt><trkpt lat="61.07470592" lon="14.31851860"><ele>240.0</ele></trkpt><trkpt lat="61.07470418" lon="14.31876923" /><trkpt lat="61.07471461" lon="14.31891656"><ele>238.0</ele></trkpt><trkpt lat="61.07469201" lon="14.31928846"><ele>236.0</ele></trkpt><trkpt lat="61.07468724" lon="14.31968731"><ele>235.0</ele></trkpt><trkpt lat="61.07471635" lon="14.31987057" /><trkpt lat="61.07472199" lon="14.31997208"><ele>234.0</ele></trkpt><trkpt lat="61.07472199" lon="14.31997208" /><trkpt lat="61.07468810" lon="14.32014096" /><trkpt lat="61.07469940" lon="14.32037183"><ele>233.0</ele></trkpt><trkpt lat="61.07468897" lon="14.32065031"><ele>232.0</ele></trkpt><trkpt lat="61.07468941" lon="14.32069702" /><trkpt lat="61.07467203" lon="14.32073475" /><trkpt lat="61.07465812" lon="14.32112462"><ele>231.0</ele></trkpt><trkpt lat="61.07464900" lon="14.32148574"><ele>231.0</ele></trkpt><trkpt lat="61.07462119" lon="14.32181183"><ele>230.0</ele></trkpt><trkpt lat="61.07463032" lon="14.32184776" /><trkpt lat="61.07458470" lon="14.32218373"><ele>230.0</ele></trkpt><trkpt lat="61.07454690" lon="14.32243526" /><trkpt lat="61.07450388" lon="14.32260414"><ele>230.0</ele></trkpt><trkpt lat="61.07445478" lon="14.32302366"><ele>231.0</ele></trkpt><trkpt lat="61.07436050" lon="14.32340813"><ele>232.0</ele></trkpt><trkpt lat="61.07428620" lon="14.32360576" /><trkpt lat="61.07425622" lon="14.32375578"><ele>233.0</ele></trkpt><trkpt lat="61.07418409" lon="14.32413847"><ele>234.0</ele></trkpt><trkpt lat="61.07416411" lon="14.32432531" /><trkpt lat="61.07410024" lon="14.32465230"><ele>234.0</ele></trkpt><trkpt lat="61.07403724" lon="14.32503498"><ele>233.0</ele></trkpt><trkpt lat="61.07398119" lon="14.32524160" /><trkpt lat="61.07389124" lon="14.32564404"><ele>232.0</ele></trkpt><trkpt lat="61.07383519" lon="14.32585065" /><trkpt lat="61.07380956" lon="14.32599079"><ele>231.0</ele></trkpt><trkpt lat="61.07374916" lon="14.32619740" /><trkpt lat="61.07370137" lon="14.32634742"><ele>231.0</ele></trkpt><trkpt lat="61.07365835" lon="14.32650732" /><trkpt lat="61.07358796" lon="14.32665824"><ele>231.0</ele></trkpt><trkpt lat="61.07350628" lon="14.32695918"><ele>232.0</ele></trkpt><trkpt lat="61.07344936" lon="14.32711908" /><trkpt lat="61.07342459" lon="14.32728706"><ele>232.0</ele></trkpt><trkpt lat="61.07338592" lon="14.32744606" /><trkpt lat="61.07332205" lon="14.32775508"><ele>232.0</ele></trkpt><trkpt lat="61.07324818" lon="14.32800841"><ele>230.0</ele></trkpt><trkpt lat="61.07321863" lon="14.32814854" /><trkpt lat="61.07317649" lon="14.32840097"><ele>229.0</ele></trkpt><trkpt lat="61.07312826" lon="14.32853302" /><trkpt lat="61.07305526" lon="14.32880521"><ele>227.0</ele></trkpt><trkpt lat="61.07299095" lon="14.32910435"><ele>225.0</ele></trkpt><trkpt lat="61.07289710" lon="14.32955351"><ele>223.0</ele></trkpt><trkpt lat="61.07282801" lon="14.32978797"><ele>221.0</ele></trkpt><trkpt lat="61.07279368" lon="14.32992901" /><trkpt lat="61.07279890" lon="14.33000267" /><trkpt lat="61.07276414" lon="14.33008711"><ele>221.0</ele></trkpt><trkpt lat="61.07276414" lon="14.33008711" /><trkpt lat="61.07271721" lon="14.33033954"><ele>219.0</ele></trkpt><trkpt lat="61.07263726" lon="14.33081564"><ele>218.0</ele></trkpt><trkpt lat="61.07259076" lon="14.33106807"><ele>217.0</ele></trkpt><trkpt lat="61.07251385" lon="14.33143279"><ele>216.0</ele></trkpt><trkpt lat="61.07246171" lon="14.33159269" /><trkpt lat="61.07240088" lon="14.33176247"><ele>215.0</ele></trkpt><trkpt lat="61.07231919" lon="14.33210922"><ele>215.0</ele></trkpt><trkpt lat="61.07225445" lon="14.33232481" /><trkpt lat="61.07221143" lon="14.33249370"><ele>215.0</ele></trkpt><trkpt lat="61.07208933" lon="14.33284224"><ele>215.0</ele></trkpt><trkpt lat="61.07194985" lon="14.33320067"><ele>215.0</ele></trkpt><trkpt lat="61.07188380" lon="14.33333362" /><trkpt lat="61.07182731" lon="14.33348454"><ele>215.0</ele></trkpt><trkpt lat="61.07171781" lon="14.33374864"><ele>214.0</ele></trkpt><trkpt lat="61.07169652" lon="14.33383308" /><trkpt lat="61.07158224" lon="14.33407922"><ele>214.0</ele></trkpt><trkpt lat="61.07145144" lon="14.33442867"><ele>214.0</ele></trkpt><trkpt lat="61.07134281" lon="14.33474847"><ele>215.0</ele></trkpt><trkpt lat="61.07129501" lon="14.33488950" /><trkpt lat="61.07123418" lon="14.33505928"><ele>215.0</ele></trkpt><trkpt lat="61.07110251" lon="14.33537100"><ele>215.0</ele></trkpt><trkpt lat="61.07106731" lon="14.33542759" /><trkpt lat="61.07098562" lon="14.33575638"><ele>215.0</ele></trkpt><trkpt lat="61.07090914" lon="14.33613906"><ele>216.0</ele></trkpt><trkpt lat="61.07084874" lon="14.33637352" /><trkpt lat="61.07081311" lon="14.33640316"><ele>217.0</ele></trkpt><trkpt lat="61.07074880" lon="14.33666547"><ele>217.0</ele></trkpt><trkpt lat="61.07071881" lon="14.33679663" /><trkpt lat="61.07061452" lon="14.33712541"><ele>218.0</ele></trkpt><trkpt lat="61.07055412" lon="14.33733202" /><trkpt lat="61.07051501" lon="14.33746407"><ele>218.0</ele></trkpt><trkpt lat="61.07046808" lon="14.33766081" /><trkpt lat="61.07043375" lon="14.33780094"><ele>218.0</ele></trkpt><trkpt lat="61.07036118" lon="14.33815668"><ele>218.0</ele></trkpt><trkpt lat="61.07027080" lon="14.33853127"><ele>217.0</ele></trkpt><trkpt lat="61.07020779" lon="14.33893192"><ele>217.0</ele></trkpt><trkpt lat="61.07016955" lon="14.33911877" /><trkpt lat="61.07008742" lon="14.33939186"><ele>217.0</ele></trkpt><trkpt lat="61.07006569" lon="14.33947630" /><trkpt lat="61.06999964" lon="14.33959937"><ele>216.0</ele></trkpt><trkpt lat="61.06987318" lon="14.33991108"><ele>216.0</ele></trkpt><trkpt lat="61.06980279" lon="14.34004404" /><trkpt lat="61.06969719" lon="14.34026143"><ele>216.0</ele></trkpt><trkpt lat="61.06958725" lon="14.34044289"><ele>216.0</ele></trkpt><trkpt lat="61.06944210" lon="14.34072765"><ele>217.0</ele></trkpt><trkpt lat="61.06927132" lon="14.34113369"><ele>218.0</ele></trkpt><trkpt lat="61.06917094" lon="14.34139780"><ele>218.0</ele></trkpt><trkpt lat="61.06910966" lon="14.34152087" /><trkpt lat="61.06905752" lon="14.34168975"><ele>218.0</ele></trkpt><trkpt lat="61.06895322" lon="14.34199158"><ele>218.0</ele></trkpt><trkpt lat="61.06881720" lon="14.34226647"><ele>218.0</ele></trkpt><trkpt lat="61.06868509" lon="14.34253147"><ele>218.0</ele></trkpt><trkpt lat="61.06863816" lon="14.34272820" /><trkpt lat="61.06859470" lon="14.34287822"><ele>217.0</ele></trkpt><trkpt lat="61.06846042" lon="14.34330133"><ele>217.0</ele></trkpt><trkpt lat="61.06835916" lon="14.34351962"><ele>217.0</ele></trkpt><trkpt lat="61.06828833" lon="14.34358699" /><trkpt lat="61.06820924" lon="14.34374869"><ele>217.0</ele></trkpt><trkpt lat="61.06813883" lon="14.34386277" /><trkpt lat="61.06806843" lon="14.34400471"><ele>217.0</ele></trkpt><trkpt lat="61.06797196" lon="14.34422210"><ele>218.0</ele></trkpt><trkpt lat="61.06791937" lon="14.34434517" /><trkpt lat="61.06780160" lon="14.34465599"><ele>218.0</ele></trkpt><trkpt lat="61.06770599" lon="14.34494794"><ele>219.0</ele></trkpt><trkpt lat="61.06760995" lon="14.34516533"><ele>219.0</ele></trkpt><trkpt lat="61.06759213" lon="14.34518509" /><trkpt lat="61.06749609" lon="14.34545728"><ele>219.0</ele></trkpt><trkpt lat="61.06735615" lon="14.34579775"><ele>220.0</ele></trkpt><trkpt lat="61.06726967" lon="14.34606993"><ele>222.0</ele></trkpt><trkpt lat="61.06717493" lon="14.34645441"><ele>223.0</ele></trkpt><trkpt lat="61.06706150" lon="14.34676523"><ele>224.0</ele></trkpt><trkpt lat="61.06690852" lon="14.34715151"><ele>224.0</ele></trkpt><trkpt lat="61.06678119" lon="14.34738956"><ele>224.0</ele></trkpt><trkpt lat="61.06665428" lon="14.34771026"><ele>224.0</ele></trkpt><trkpt lat="61.06656649" lon="14.34789890" /><trkpt lat="61.06650956" lon="14.34800401"><ele>224.0</ele></trkpt><trkpt lat="61.06636919" lon="14.34832560"><ele>224.0</ele></trkpt><trkpt lat="61.06620664" lon="14.34863822"><ele>224.0</ele></trkpt><trkpt lat="61.06605236" lon="14.34888615"><ele>224.0</ele></trkpt><trkpt lat="61.06590677" lon="14.34912421"><ele>223.0</ele></trkpt><trkpt lat="61.06569468" lon="14.34943952"><ele>222.0</ele></trkpt><trkpt lat="61.06558429" lon="14.34959313"><ele>221.0</ele></trkpt><trkpt lat="61.06545173" lon="14.34980333"><ele>220.0</ele></trkpt><trkpt lat="61.06526311" lon="14.35018242"><ele>220.0</ele></trkpt><trkpt lat="61.06513533" lon="14.35042856"><ele>218.0</ele></trkpt><trkpt lat="61.06506970" lon="14.35057948" /><trkpt lat="61.06506101" lon="14.35060822" /><trkpt lat="61.06499886" lon="14.35068458"><ele>218.0</ele></trkpt><trkpt lat="61.06494192" lon="14.35077980" /><trkpt lat="61.06491063" lon="14.35081843" /><trkpt lat="61.06484066" lon="14.35098821"><ele>217.0</ele></trkpt><trkpt lat="61.06476590" lon="14.35110320" /><trkpt lat="61.06469506" lon="14.35122716"><ele>216.0</ele></trkpt><trkpt lat="61.06461639" lon="14.35138796" /><trkpt lat="61.06447992" lon="14.35165386"><ele>216.0</ele></trkpt><trkpt lat="61.06439082" lon="14.35173202" /><trkpt lat="61.06432084" lon="14.35188293"><ele>216.0</ele></trkpt><trkpt lat="61.06417959" lon="14.35209314"><ele>216.0</ele></trkpt><trkpt lat="61.06414395" lon="14.35214075" /><trkpt lat="61.06392750" lon="14.35244707"><ele>216.0</ele></trkpt><trkpt lat="61.06381276" lon="14.35261955"><ele>217.0</ele></trkpt><trkpt lat="61.06376842" lon="14.35269591" /><trkpt lat="61.06366715" lon="14.35285760"><ele>217.0</ele></trkpt><trkpt lat="61.06346809" lon="14.35312620"><ele>217.0</ele></trkpt><trkpt lat="61.06337029" lon="14.35323220" /><trkpt lat="61.06333900" lon="14.35324298"><ele>217.0</ele></trkpt><trkpt lat="61.06322295" lon="14.35326724" /><trkpt lat="61.06310125" lon="14.35322591"><ele>217.0</ele></trkpt><trkpt lat="61.06291957" lon="14.35303098"><ele>218.0</ele></trkpt><trkpt lat="61.06282351" lon="14.35284952" /><trkpt lat="61.06278135" lon="14.35272196"><ele>219.0</ele></trkpt><trkpt lat="61.06272137" lon="14.35253062" /><trkpt lat="61.06258315" lon="14.35221261"><ele>220.0</ele></trkpt><trkpt lat="61.06250056" lon="14.35206799" /><trkpt lat="61.06243189" lon="14.35192336"><ele>222.0</ele></trkpt><trkpt lat="61.06238103" lon="14.35177783" /><trkpt lat="61.06230627" lon="14.35150295"><ele>224.0</ele></trkpt><trkpt lat="61.06228758" lon="14.35143018" /><trkpt lat="61.06219456" lon="14.35112835"><ele>227.0</ele></trkpt><trkpt lat="61.06217544" lon="14.35103672" /><trkpt lat="61.06214197" lon="14.35085346"><ele>230.0</ele></trkpt><trkpt lat="61.06203548" lon="14.35052468"><ele>231.0</ele></trkpt><trkpt lat="61.06187639" lon="14.35034681"><ele>233.0</ele></trkpt><trkpt lat="61.06166341" lon="14.35014379"><ele>235.0</ele></trkpt><trkpt lat="61.06150910" lon="14.34998389"><ele>237.0</ele></trkpt><trkpt lat="61.06148128" lon="14.34993000" /><trkpt lat="61.06145433" lon="14.34992191" /><trkpt lat="61.06137653" lon="14.34975842"><ele>238.0</ele></trkpt><trkpt lat="61.06122482" lon="14.34943233"><ele>239.0</ele></trkpt><trkpt lat="61.06108356" lon="14.34925356"><ele>239.0</ele></trkpt><trkpt lat="61.06098880" lon="14.34919248" /><trkpt lat="61.06091142" lon="14.34909456"><ele>238.0</ele></trkpt><trkpt lat="61.06077841" lon="14.34884124"><ele>238.0</ele></trkpt><trkpt lat="61.06065496" lon="14.34862474"><ele>238.0</ele></trkpt><trkpt lat="61.06059541" lon="14.34852593" /><trkpt lat="61.06037416" lon="14.34837860"><ele>238.0</ele></trkpt><trkpt lat="61.06027027" lon="14.34833728" /><trkpt lat="61.06021202" lon="14.34831213"><ele>238.0</ele></trkpt><trkpt lat="61.06013117" lon="14.34833369" /><trkpt lat="61.06000076" lon="14.34830315"><ele>239.0</ele></trkpt><trkpt lat="61.05992904" lon="14.34829686" /><trkpt lat="61.05980255" lon="14.34824745"><ele>239.0</ele></trkpt><trkpt lat="61.05976647" lon="14.34823038" /><trkpt lat="61.05959520" lon="14.34816391"><ele>240.0</ele></trkpt><trkpt lat="61.05949131" lon="14.34808575" /><trkpt lat="61.05939611" lon="14.34798784"><ele>240.0</ele></trkpt><trkpt lat="61.05930525" lon="14.34789980" /><trkpt lat="61.05921527" lon="14.34788543"><ele>241.0</ele></trkpt><trkpt lat="61.05918397" lon="14.34789621" /><trkpt lat="61.05903096" lon="14.34824565"><ele>241.0</ele></trkpt><trkpt lat="61.05900531" lon="14.34835794" /><trkpt lat="61.05895749" lon="14.34853581"><ele>241.0</ele></trkpt><trkpt lat="61.05886795" lon="14.34894814"><ele>241.0</ele></trkpt><trkpt lat="61.05878187" lon="14.34929399"><ele>240.0</ele></trkpt><trkpt lat="61.05866885" lon="14.34962367"><ele>240.0</ele></trkpt><trkpt lat="61.05859017" lon="14.34983118" /><trkpt lat="61.05853757" lon="14.34994437"><ele>239.0</ele></trkpt><trkpt lat="61.05845715" lon="14.34998479" /><trkpt lat="61.05832456" lon="14.35018602"><ele>238.0</ele></trkpt><trkpt lat="61.05824892" lon="14.35023542" /><trkpt lat="61.05821762" lon="14.35024620" /><trkpt lat="61.05819023" lon="14.35019141"><ele>238.0</ele></trkpt><trkpt lat="61.05817241" lon="14.35020218" /><trkpt lat="61.05805982" lon="14.35016086"><ele>238.0</ele></trkpt><trkpt lat="61.05796983" lon="14.35014649" /><trkpt lat="61.05790202" lon="14.35009439"><ele>239.0</ele></trkpt><trkpt lat="61.05776725" lon="14.35009978"><ele>239.0</ele></trkpt><trkpt lat="61.05762380" lon="14.35012493"><ele>240.0</ele></trkpt><trkpt lat="61.05755250" lon="14.35016535" /><trkpt lat="61.05739644" lon="14.35023722"><ele>241.0</ele></trkpt><trkpt lat="61.05736035" lon="14.35023902" /><trkpt lat="61.05713734" lon="14.35037915"><ele>241.0</ele></trkpt><trkpt lat="61.05705300" lon="14.35044742" /><trkpt lat="61.05699084" lon="14.35052468"><ele>241.0</ele></trkpt><trkpt lat="61.05694171" lon="14.35053636" /><trkpt lat="61.05684824" lon="14.35061451"><ele>239.0</ele></trkpt><trkpt lat="61.05678564" lon="14.35064505" /><trkpt lat="61.05670609" lon="14.35074117"><ele>238.0</ele></trkpt><trkpt lat="61.05661697" lon="14.35079148" /><trkpt lat="61.05641699" lon="14.35097653"><ele>237.0</ele></trkpt><trkpt lat="61.05624309" lon="14.35110499"><ele>233.0</ele></trkpt><trkpt lat="61.05615875" lon="14.35115530" /><trkpt lat="61.05607006" lon="14.35127028"><ele>230.0</ele></trkpt><trkpt lat="61.05594573" lon="14.35138706"><ele>227.0</ele></trkpt><trkpt lat="61.05586573" lon="14.35147420" /><trkpt lat="61.05570183" lon="14.35165746"><ele>225.0</ele></trkpt><trkpt lat="61.05548055" lon="14.35193683"><ele>220.0</ele></trkpt><trkpt lat="61.05540490" lon="14.35200510" /><trkpt lat="61.05528534" lon="14.35218567"><ele>218.0</ele></trkpt><trkpt lat="61.05513970" lon="14.35237790"><ele>216.0</ele></trkpt><trkpt lat="61.05501232" lon="14.35265189"><ele>215.0</ele></trkpt><trkpt lat="61.05484885" lon="14.35290072"><ele>215.0</ele></trkpt><trkpt lat="61.05475624" lon="14.35304356" /><trkpt lat="61.05468625" lon="14.35320435"><ele>215.0</ele></trkpt><trkpt lat="61.05453625" lon="14.35346127"><ele>214.0</ele></trkpt><trkpt lat="61.05438756" lon="14.35381970"><ele>214.0</ele></trkpt><trkpt lat="61.05423757" lon="14.35405775"><ele>213.0</ele></trkpt><trkpt lat="61.05408192" lon="14.35419430"><ele>212.0</ele></trkpt><trkpt lat="61.05389454" lon="14.35430479"><ele>212.0</ele></trkpt><trkpt lat="61.05385889" lon="14.35432545" /><trkpt lat="61.05385889" lon="14.35430659" /><trkpt lat="61.05376019" lon="14.35432994"><ele>212.0</ele></trkpt><trkpt lat="61.05375150" lon="14.35435779" /><trkpt lat="61.05369367" lon="14.35437935" /><trkpt lat="61.05356454" lon="14.35447727"><ele>212.0</ele></trkpt><trkpt lat="61.05343889" lon="14.35449254" /><trkpt lat="61.05336281" lon="14.35449613"><ele>212.0</ele></trkpt><trkpt lat="61.05329541" lon="14.35450871" /><trkpt lat="61.05310194" lon="14.35445211"><ele>212.0</ele></trkpt><trkpt lat="61.05294411" lon="14.35440450"><ele>212.0</ele></trkpt><trkpt lat="61.05281759" lon="14.35430838"><ele>213.0</ele></trkpt><trkpt lat="61.05279498" lon="14.35430928" /><trkpt lat="61.05264063" lon="14.35412153"><ele>213.0</ele></trkpt><trkpt lat="61.05244454" lon="14.35381611"><ele>214.0</ele></trkpt><trkpt lat="61.05232584" lon="14.35366429"><ele>214.0</ele></trkpt><trkpt lat="61.05224453" lon="14.35359333" /><trkpt lat="61.05212322" lon="14.35359961"><ele>214.0</ele></trkpt><trkpt lat="61.05195017" lon="14.35378287"><ele>214.0</ele></trkpt><trkpt lat="61.05176060" lon="14.35409728"><ele>214.0</ele></trkpt><trkpt lat="61.05172103" lon="14.35414579" /><trkpt lat="61.05162407" lon="14.35432545"><ele>213.0</ele></trkpt><trkpt lat="61.05154885" lon="14.35441259" /><trkpt lat="61.05147406" lon="14.35458237"><ele>213.0</ele></trkpt><trkpt lat="61.05142189" lon="14.35472341" /><trkpt lat="61.05129405" lon="14.35494259"><ele>212.0</ele></trkpt><trkpt lat="61.05119709" lon="14.35508543" /><trkpt lat="61.05111665" lon="14.35514472"><ele>212.0</ele></trkpt><trkpt lat="61.05108622" lon="14.35521119" /><trkpt lat="61.05100143" lon="14.35527048"><ele>211.0</ele></trkpt><trkpt lat="61.05083185" lon="14.35538007"><ele>211.0</ele></trkpt><trkpt lat="61.05074706" lon="14.35540253" /><trkpt lat="61.05062662" lon="14.35545463"><ele>211.0</ele></trkpt><trkpt lat="61.05055009" lon="14.35545823" /><trkpt lat="61.05044225" lon="14.35544475"><ele>211.0</ele></trkpt><trkpt lat="61.05038442" lon="14.35549326" /><trkpt lat="61.05025919" lon="14.35551752"><ele>212.0</ele></trkpt><trkpt lat="61.05018310" lon="14.35556692" /><trkpt lat="61.05015223" lon="14.35560555" /><trkpt lat="61.05003830" lon="14.35545374"><ele>212.0</ele></trkpt><trkpt lat="61.04989916" lon="14.35545104"><ele>212.0</ele></trkpt><trkpt lat="61.04980958" lon="14.35546362" /><trkpt lat="61.04971566" lon="14.35547709"><ele>213.0</ele></trkpt><trkpt lat="61.04962174" lon="14.35550943" /><trkpt lat="61.04952781" lon="14.35555075"><ele>213.0</ele></trkpt><trkpt lat="61.04942998" lon="14.35561094" /><trkpt lat="61.04932736" lon="14.35568999"><ele>213.0</ele></trkpt><trkpt lat="61.04922082" lon="14.35578701" /><trkpt lat="61.04916734" lon="14.35584540"><ele>213.0</ele></trkpt><trkpt lat="61.04908341" lon="14.35596937" /><trkpt lat="61.04901340" lon="14.35612029"><ele>214.0</ele></trkpt><trkpt lat="61.04895687" lon="14.35628019" /><trkpt lat="61.04890469" lon="14.35644907"><ele>214.0</ele></trkpt><trkpt lat="61.04884816" lon="14.35662783" /><trkpt lat="61.04878772" lon="14.35681558"><ele>214.0</ele></trkpt><trkpt lat="61.04866031" lon="14.35709945"><ele>214.0</ele></trkpt><trkpt lat="61.04855899" lon="14.35725216" /><trkpt lat="61.04846159" lon="14.35739500"><ele>214.0</ele></trkpt><trkpt lat="61.04836940" lon="14.35757556" /><trkpt lat="61.04830026" lon="14.35781002"><ele>214.0</ele></trkpt><trkpt lat="61.04827982" lon="14.35802382" /><trkpt lat="61.04827765" lon="14.35824570"><ele>214.0</ele></trkpt><trkpt lat="61.04827591" lon="14.35848645" /><trkpt lat="61.04826547" lon="14.35876493"><ele>214.0</ele></trkpt><trkpt lat="61.04823677" lon="14.35901645" /><trkpt lat="61.04822025" lon="14.35916557"><ele>214.0</ele></trkpt><trkpt lat="61.04817850" lon="14.35945393"><ele>213.0</ele></trkpt><trkpt lat="61.04814545" lon="14.35972433"><ele>213.0</ele></trkpt><trkpt lat="61.04811240" lon="14.35997496" /><trkpt lat="61.04807457" lon="14.36021750"><ele>213.0</ele></trkpt><trkpt lat="61.04803674" lon="14.36046005" /><trkpt lat="61.04798543" lon="14.36070349"><ele>212.0</ele></trkpt><trkpt lat="61.04792976" lon="14.36096490"><ele>212.0</ele></trkpt><trkpt lat="61.04789541" lon="14.36109605" /><trkpt lat="61.04786106" lon="14.36124607"><ele>212.0</ele></trkpt><trkpt lat="61.04780453" lon="14.36141496" /><trkpt lat="61.04774321" lon="14.36155689"><ele>211.0</ele></trkpt><trkpt lat="61.04767711" lon="14.36167098" /><trkpt lat="61.04761101" lon="14.36177518"><ele>211.0</ele></trkpt><trkpt lat="61.04754013" lon="14.36188028" /><trkpt lat="61.04746968" lon="14.36199437"><ele>211.0</ele></trkpt><trkpt lat="61.04739924" lon="14.36212732" /><trkpt lat="61.04733401" lon="14.36229710"><ele>210.0</ele></trkpt><trkpt lat="61.04727704" lon="14.36244802" /><trkpt lat="61.04722921" lon="14.36259804"><ele>210.0</ele></trkpt><trkpt lat="61.04718137" lon="14.36273907" /><trkpt lat="61.04713354" lon="14.36288011"><ele>209.0</ele></trkpt><trkpt lat="61.04709048" lon="14.36302114" /><trkpt lat="61.04704700" lon="14.36316128"><ele>208.0</ele></trkpt><trkpt lat="61.04700786" lon="14.36330232" /><trkpt lat="61.04696916" lon="14.36343347"><ele>208.0</ele></trkpt><trkpt lat="61.04693002" lon="14.36356462" /><trkpt lat="61.04689088" lon="14.36369668"><ele>208.0</ele></trkpt><trkpt lat="61.04685652" lon="14.36382783" /><trkpt lat="61.04678738" lon="14.36408026"><ele>207.0</ele></trkpt><trkpt lat="61.04671824" lon="14.36433358"><ele>207.0</ele></trkpt><trkpt lat="61.04664909" lon="14.36458691"><ele>207.0</ele></trkpt><trkpt lat="61.04661474" lon="14.36470818" /><trkpt lat="61.04654559" lon="14.36496150"><ele>206.0</ele></trkpt><trkpt lat="61.04646731" lon="14.36521483"><ele>206.0</ele></trkpt><trkpt lat="61.04642861" lon="14.36534688" /><trkpt lat="61.04638947" lon="14.36547804"><ele>206.0</ele></trkpt><trkpt lat="61.04634598" lon="14.36560919" /><trkpt lat="61.04630250" lon="14.36574124"><ele>205.0</ele></trkpt><trkpt lat="61.04625466" lon="14.36587240" /><trkpt lat="61.04620682" lon="14.36601343"><ele>205.0</ele></trkpt><trkpt lat="61.04615420" lon="14.36615447" /><trkpt lat="61.04610202" lon="14.36629640"><ele>205.0</ele></trkpt><trkpt lat="61.04604505" lon="14.36643744" /><trkpt lat="61.04598851" lon="14.36658835"><ele>205.0</ele></trkpt><trkpt lat="61.04592285" lon="14.36673029" /><trkpt lat="61.04586153" lon="14.36687132"><ele>205.0</ele></trkpt><trkpt lat="61.04579977" lon="14.36699439" /><trkpt lat="61.04574281" lon="14.36711746"><ele>204.0</ele></trkpt><trkpt lat="61.04568105" lon="14.36722256" /><trkpt lat="61.04562365" lon="14.36732677"><ele>204.0</ele></trkpt><trkpt lat="61.04556233" lon="14.36743097" /><trkpt lat="61.04550492" lon="14.36752620"><ele>204.0</ele></trkpt><trkpt lat="61.04544317" lon="14.36763130" /><trkpt lat="61.04538141" lon="14.36772652"><ele>204.0</ele></trkpt><trkpt lat="61.04531966" lon="14.36782174" /><trkpt lat="61.04525791" lon="14.36792595"><ele>204.0</ele></trkpt><trkpt lat="61.04519180" lon="14.36804003" /><trkpt lat="61.04512570" lon="14.36815412"><ele>204.0</ele></trkpt><trkpt lat="61.04505959" lon="14.36827809" /><trkpt lat="61.04494087" lon="14.36850536"><ele>205.0</ele></trkpt><trkpt lat="61.04489694" lon="14.36859070" /><trkpt lat="61.04481344" lon="14.36876138"><ele>205.0</ele></trkpt><trkpt lat="61.04473429" lon="14.36892218" /><trkpt lat="61.04465949" lon="14.36907309"><ele>205.0</ele></trkpt><trkpt lat="61.04458469" lon="14.36921593" /><trkpt lat="61.04451467" lon="14.36935786"><ele>205.0</ele></trkpt><trkpt lat="61.04444421" lon="14.36949979" /><trkpt lat="61.04437376" lon="14.36964173"><ele>205.0</ele></trkpt><trkpt lat="61.04430809" lon="14.36978366" /><trkpt lat="61.04423763" lon="14.36992560"><ele>205.0</ele></trkpt><trkpt lat="61.04416761" lon="14.37006753" /><trkpt lat="61.04409716" lon="14.37021845"><ele>205.0</ele></trkpt><trkpt lat="61.04402714" lon="14.37037924" /><trkpt lat="61.04395277" lon="14.37054903"><ele>206.0</ele></trkpt><trkpt lat="61.04387405" lon="14.37072869" /><trkpt lat="61.04379490" lon="14.37091734"><ele>206.0</ele></trkpt><trkpt lat="61.04373401" lon="14.37106825" /><trkpt lat="61.04367704" lon="14.37120929"><ele>206.0</ele></trkpt><trkpt lat="61.04363355" lon="14.37135931" /><trkpt lat="61.04359484" lon="14.37150933"><ele>206.0</ele></trkpt><trkpt lat="61.04356048" lon="14.37164946" /><trkpt lat="61.04352612" lon="14.37179948"><ele>206.0</ele></trkpt><trkpt lat="61.04350090" lon="14.37193962" /><trkpt lat="61.04347089" lon="14.37207976"><ele>206.0</ele></trkpt><trkpt lat="61.04344523" lon="14.37221989" /><trkpt lat="61.04341565" lon="14.37236003"><ele>206.0</ele></trkpt><trkpt lat="61.04338129" lon="14.37250017" /><trkpt lat="61.04334650" lon="14.37264030"><ele>206.0</ele></trkpt><trkpt lat="61.04330344" lon="14.37278134" /><trkpt lat="61.04325995" lon="14.37292238"><ele>206.0</ele></trkpt><trkpt lat="61.04320298" lon="14.37306341" /><trkpt lat="61.04314165" lon="14.37320534"><ele>206.0</ele></trkpt><trkpt lat="61.04307555" lon="14.37331943" /><trkpt lat="61.04301857" lon="14.37343262"><ele>206.0</ele></trkpt><trkpt lat="61.04295681" lon="14.37353682" /><trkpt lat="61.04289940" lon="14.37363204"><ele>206.0</ele></trkpt><trkpt lat="61.04284243" lon="14.37373715" /><trkpt lat="61.04273196" lon="14.37391771"><ele>206.0</ele></trkpt><trkpt lat="61.04262149" lon="14.37408929"><ele>206.0</ele></trkpt><trkpt lat="61.04251101" lon="14.37424200"><ele>206.0</ele></trkpt><trkpt lat="61.04240489" lon="14.37439471" /><trkpt lat="61.04229442" lon="14.37453844"><ele>206.0</ele></trkpt><trkpt lat="61.04218786" lon="14.37467319" /><trkpt lat="61.04207739" lon="14.37480794"><ele>207.0</ele></trkpt><trkpt lat="61.04196213" lon="14.37494269"><ele>208.0</ele></trkpt><trkpt lat="61.04184687" lon="14.37507743"><ele>208.0</ele></trkpt><trkpt lat="61.04172683" lon="14.37522116"><ele>208.0</ele></trkpt><trkpt lat="61.04166507" lon="14.37529842" /><trkpt lat="61.04159852" lon="14.37536579"><ele>208.0</ele></trkpt><trkpt lat="61.04153632" lon="14.37544305" /><trkpt lat="61.04146978" lon="14.37552929"><ele>208.0</ele></trkpt><trkpt lat="61.04139888" lon="14.37560654" /><trkpt lat="61.04133277" lon="14.37569278"><ele>208.0</ele></trkpt><trkpt lat="61.04126187" lon="14.37578890" /><trkpt lat="61.04115009" lon="14.37582124"><ele>208.0</ele></trkpt><trkpt lat="61.04103266" lon="14.37577992" /><trkpt lat="61.04093827" lon="14.37573859"><ele>208.0</ele></trkpt><trkpt lat="61.04085694" lon="14.37568649" /><trkpt lat="61.04073037" lon="14.37559935"><ele>208.0</ele></trkpt><trkpt lat="61.04068513" lon="14.37558318" /><trkpt lat="61.04059509" lon="14.37555983"><ele>209.0</ele></trkpt><trkpt lat="61.04051854" lon="14.37554456" /><trkpt lat="61.04037501" lon="14.37554186"><ele>209.0</ele></trkpt><trkpt lat="61.04030759" lon="14.37553557" /><trkpt lat="61.04023582" lon="14.37552929"><ele>210.0</ele></trkpt><trkpt lat="61.04016405" lon="14.37551401" /><trkpt lat="61.04001964" lon="14.37545562"><ele>210.0</ele></trkpt><trkpt lat="61.03990699" lon="14.37540532" /><trkpt lat="61.03980303" lon="14.37535411"><ele>211.0</ele></trkpt><trkpt lat="61.03970386" lon="14.37530381" /><trkpt lat="61.03960904" lon="14.37524272"><ele>211.0</ele></trkpt><trkpt lat="61.03955945" lon="14.37521757" /><trkpt lat="61.03947333" lon="14.37515649"><ele>211.0</ele></trkpt><trkpt lat="61.03938285" lon="14.37509540" /><trkpt lat="61.03929716" lon="14.37504420"><ele>211.0</ele></trkpt><trkpt lat="61.03921147" lon="14.37498311" /><trkpt lat="61.03912535" lon="14.37491304"><ele>212.0</ele></trkpt><trkpt lat="61.03899442" lon="14.37482680"><ele>212.0</ele></trkpt><trkpt lat="61.03889916" lon="14.37475673" /><trkpt lat="61.03880433" lon="14.37469655"><ele>212.0</ele></trkpt><trkpt lat="61.03870037" lon="14.37463636" /><trkpt lat="61.03859206" lon="14.37456719"><ele>213.0</ele></trkpt><trkpt lat="61.03853812" lon="14.37454204" /><trkpt lat="61.03838501" lon="14.37453036"><ele>213.0</ele></trkpt><trkpt lat="61.03826974" lon="14.37462828" /><trkpt lat="61.03817665" lon="14.37474326"><ele>213.0</ele></trkpt><trkpt lat="61.03809270" lon="14.37487621" /><trkpt lat="61.03802223" lon="14.37501814"><ele>213.0</ele></trkpt><trkpt lat="61.03795220" lon="14.37516996" /><trkpt lat="61.03787738" lon="14.37532088"><ele>213.0</ele></trkpt><trkpt lat="61.03774558" lon="14.37555803"><ele>214.0</ele></trkpt><trkpt lat="61.03764379" lon="14.37571075" /><trkpt lat="61.03759507" lon="14.37575925"><ele>214.0</ele></trkpt><trkpt lat="61.03750589" lon="14.37584639" /><trkpt lat="61.03737322" lon="14.37600090"><ele>214.0</ele></trkpt><trkpt lat="61.03732885" lon="14.37607636" /><trkpt lat="61.03724054" lon="14.37621021"><ele>214.0</ele></trkpt><trkpt lat="61.03716572" lon="14.37634316" /><trkpt lat="61.03709090" lon="14.37646713"><ele>215.0</ele></trkpt><trkpt lat="61.03702478" lon="14.37659918" /><trkpt lat="61.03695910" lon="14.37673213"><ele>215.0</ele></trkpt><trkpt lat="61.03689733" lon="14.37685520" /><trkpt lat="61.03683599" lon="14.37697827"><ele>215.0</ele></trkpt><trkpt lat="61.03677900" lon="14.37710044" /><trkpt lat="61.03671723" lon="14.37721453"><ele>215.0</ele></trkpt><trkpt lat="61.03665546" lon="14.37732861" /><trkpt lat="61.03658934" lon="14.37744270"><ele>215.0</ele></trkpt><trkpt lat="61.03652322" lon="14.37754690" /><trkpt lat="61.03644796" lon="14.37764302"><ele>216.0</ele></trkpt><trkpt lat="61.03636835" lon="14.37773914" /><trkpt lat="61.03623524" lon="14.37787479"><ele>216.0</ele></trkpt><trkpt lat="61.03618608" lon="14.37792330" /><trkpt lat="61.03611474" lon="14.37794486" /><trkpt lat="61.03605166" lon="14.37791970"><ele>216.0</ele></trkpt><trkpt lat="61.03598336" lon="14.37785862" /><trkpt lat="61.03590202" lon="14.37779753"><ele>216.0</ele></trkpt><trkpt lat="61.03577978" lon="14.37770051"><ele>217.0</ele></trkpt><trkpt lat="61.03567581" lon="14.37763134" /><trkpt lat="61.03557662" lon="14.37755319"><ele>217.0</ele></trkpt><trkpt lat="61.03546308" lon="14.37744719" /><trkpt lat="61.03534954" lon="14.37732232"><ele>217.0</ele></trkpt><trkpt lat="61.03523643" lon="14.37724417" /><trkpt lat="61.03507938" lon="14.37722351"><ele>217.0</ele></trkpt><trkpt lat="61.03494974" lon="14.37728459"><ele>218.0</ele></trkpt><trkpt lat="61.03488753" lon="14.37734298" /><trkpt lat="61.03482576" lon="14.37742024"><ele>218.0</ele></trkpt><trkpt lat="61.03476355" lon="14.37750648" /><trkpt lat="61.03464435" lon="14.37766907"><ele>218.0</ele></trkpt><trkpt lat="61.03454690" lon="14.37779304" /><trkpt lat="61.03450253" lon="14.37785053"><ele>218.0</ele></trkpt><trkpt lat="61.03441421" lon="14.37797540" /><trkpt lat="61.03433460" lon="14.37808948"><ele>219.0</ele></trkpt><trkpt lat="61.03425499" lon="14.37820447" /><trkpt lat="61.03417538" lon="14.37833742"><ele>219.0</ele></trkpt><trkpt lat="61.03409185" lon="14.37848923" /><trkpt lat="61.03400832" lon="14.37866890"><ele>219.0</ele></trkpt><trkpt lat="61.03393828" lon="14.37882970" /><trkpt lat="61.03388172" lon="14.37899858"><ele>219.0</ele></trkpt><trkpt lat="61.03384300" lon="14.37915758" /><trkpt lat="61.03380428" lon="14.37931658"><ele>219.0</ele></trkpt><trkpt lat="61.03377035" lon="14.37947559" /><trkpt lat="61.03373598" lon="14.37963369"><ele>219.0</ele></trkpt><trkpt lat="61.03369291" lon="14.37980257" /><trkpt lat="61.03364114" lon="14.37999032"><ele>219.0</ele></trkpt><trkpt lat="61.03360068" lon="14.37999212" /><trkpt lat="61.03355152" lon="14.38001278" /><trkpt lat="61.03349018" lon="14.38016280"><ele>219.0</ele></trkpt><trkpt lat="61.03344232" lon="14.38031371" /><trkpt lat="61.03340360" lon="14.38045385"><ele>219.0</ele></trkpt><trkpt lat="61.03336923" lon="14.38059399" /><trkpt lat="61.03333008" lon="14.38073502"><ele>220.0</ele></trkpt><trkpt lat="61.03329136" lon="14.38087516" /><trkpt lat="61.03324785" lon="14.38102518"><ele>220.0</ele></trkpt><trkpt lat="61.03314779" lon="14.38128928"><ele>220.0</ele></trkpt><trkpt lat="61.03305469" lon="14.38143212" /><trkpt lat="61.03296158" lon="14.38153812"><ele>220.0</ele></trkpt><trkpt lat="61.03285456" lon="14.38160729" /><trkpt lat="61.03279670" lon="14.38164681"><ele>220.0</ele></trkpt><trkpt lat="61.03265791" lon="14.38166208"><ele>220.0</ele></trkpt><trkpt lat="61.03254088" lon="14.38162166" /><trkpt lat="61.03243211" lon="14.38154261"><ele>220.0</ele></trkpt><trkpt lat="61.03233205" lon="14.38141774" /><trkpt lat="61.03222763" lon="14.38128389"><ele>219.0</ele></trkpt><trkpt lat="61.03212278" lon="14.38115004" /><trkpt lat="61.03200487" lon="14.38101620"><ele>219.0</ele></trkpt><trkpt lat="61.03187348" lon="14.38092008"><ele>220.0</ele></trkpt><trkpt lat="61.03176080" lon="14.38086079" /><trkpt lat="61.03166160" lon="14.38082845"><ele>220.0</ele></trkpt><trkpt lat="61.03156284" lon="14.38081407" /><trkpt lat="61.03144145" lon="14.38080150"><ele>219.0</ele></trkpt><trkpt lat="61.03132920" lon="14.38077814" /><trkpt lat="61.03122565" lon="14.38077365"><ele>219.0</ele></trkpt><trkpt lat="61.03112732" lon="14.38077814" /><trkpt lat="61.03103290" lon="14.38079162"><ele>219.0</ele></trkpt><trkpt lat="61.03094328" lon="14.38080509" /><trkpt lat="61.03085843" lon="14.38083653"><ele>219.0</ele></trkpt><trkpt lat="61.03077359" lon="14.38086797" /><trkpt lat="61.03068875" lon="14.38089941"><ele>219.0</ele></trkpt><trkpt lat="61.03060391" lon="14.38093086" /><trkpt lat="61.03051863" lon="14.38096230"><ele>219.0</ele></trkpt><trkpt lat="61.03038462" lon="14.38101530"><ele>219.0</ele></trkpt><trkpt lat="61.03029542" lon="14.38104674" /><trkpt lat="61.03019666" lon="14.38107009"><ele>219.0</ele></trkpt><trkpt lat="61.03009833" lon="14.38108357" /><trkpt lat="61.02999042" lon="14.38109704"><ele>219.0</ele></trkpt><trkpt lat="61.02993690" lon="14.38109974" /><trkpt lat="61.02985597" lon="14.38109435"><ele>219.0</ele></trkpt><trkpt lat="61.02971631" lon="14.38106381"><ele>219.0</ele></trkpt><trkpt lat="61.02959056" lon="14.38103237" /><trkpt lat="61.02946873" lon="14.38098206"><ele>219.0</ele></trkpt><trkpt lat="61.02935169" lon="14.38093175" /><trkpt lat="61.02922986" lon="14.38088145"><ele>219.0</ele></trkpt><trkpt lat="61.02909932" lon="14.38082306"><ele>220.0</ele></trkpt><trkpt lat="61.02903144" lon="14.38079791" /><trkpt lat="61.02895965" lon="14.38077365"><ele>220.0</ele></trkpt><trkpt lat="61.02888742" lon="14.38075838" /><trkpt lat="61.02873513" lon="14.38076557"><ele>220.0</ele></trkpt><trkpt lat="61.02863331" lon="14.38090840" /><trkpt lat="61.02855891" lon="14.38106920"><ele>220.0</ele></trkpt><trkpt lat="61.02844491" lon="14.38132432"><ele>220.0</ele></trkpt><trkpt lat="61.02840096" lon="14.38141864" /><trkpt lat="61.02832568" lon="14.38152374"><ele>219.0</ele></trkpt><trkpt lat="61.02825954" lon="14.38162795" /><trkpt lat="61.02819776" lon="14.38173305"><ele>219.0</ele></trkpt><trkpt lat="61.02813597" lon="14.38182827" /><trkpt lat="61.02802109" lon="14.38200883"><ele>219.0</ele></trkpt><trkpt lat="61.02791536" lon="14.38218041"><ele>219.0</ele></trkpt><trkpt lat="61.02780484" lon="14.38236097"><ele>219.0</ele></trkpt><trkpt lat="61.02768996" lon="14.38253255"><ele>219.0</ele></trkpt><trkpt lat="61.02762817" lon="14.38262777" /><trkpt lat="61.02756638" lon="14.38273288"><ele>219.0</ele></trkpt><trkpt lat="61.02750024" lon="14.38283708" /><trkpt lat="61.02742975" lon="14.38295117"><ele>220.0</ele></trkpt><trkpt lat="61.02735882" lon="14.38305627" /><trkpt lat="61.02729268" lon="14.38315149"><ele>221.0</ele></trkpt><trkpt lat="61.02722611" lon="14.38323773" /><trkpt lat="61.02716432" lon="14.38331498"><ele>221.0</ele></trkpt><trkpt lat="61.02704465" lon="14.38346860"><ele>221.0</ele></trkpt><trkpt lat="61.02692934" lon="14.38360245"><ele>221.0</ele></trkpt><trkpt lat="61.02681446" lon="14.38374707"><ele>220.0</ele></trkpt><trkpt lat="61.02675659" lon="14.38382343" /><trkpt lat="61.02663736" lon="14.38399501"><ele>220.0</ele></trkpt><trkpt lat="61.02657557" lon="14.38409023" /><trkpt lat="61.02650943" lon="14.38420432"><ele>220.0</ele></trkpt><trkpt lat="61.02644807" lon="14.38432739" /><trkpt lat="61.02637322" lon="14.38446932"><ele>220.0</ele></trkpt><trkpt lat="61.02630752" lon="14.38464808" /><trkpt lat="61.02625573" lon="14.38481697"><ele>220.0</ele></trkpt><trkpt lat="61.02621265" lon="14.38498585" /><trkpt lat="61.02617392" lon="14.38514395"><ele>219.0</ele></trkpt><trkpt lat="61.02613955" lon="14.38530296" /><trkpt lat="61.02610517" lon="14.38545297"><ele>219.0</ele></trkpt><trkpt lat="61.02607514" lon="14.38560210" /><trkpt lat="61.02604555" lon="14.38574223"><ele>219.0</ele></trkpt><trkpt lat="61.02601553" lon="14.38588237" /><trkpt lat="61.02598115" lon="14.38602251"><ele>219.0</ele></trkpt><trkpt lat="61.02594677" lon="14.38616264" /><trkpt lat="61.02591240" lon="14.38630278"><ele>219.0</ele></trkpt><trkpt lat="61.02587323" lon="14.38645280" /><trkpt lat="61.02583015" lon="14.38659384"><ele>219.0</ele></trkpt><trkpt lat="61.02578228" lon="14.38673397" /><trkpt lat="61.02572528" lon="14.38688489"><ele>219.0</ele></trkpt><trkpt lat="61.02562040" lon="14.38714899"><ele>219.0</ele></trkpt><trkpt lat="61.02552293" lon="14.38728284" /><trkpt lat="61.02542067" lon="14.38736998"><ele>219.0</ele></trkpt><trkpt lat="61.02530970" lon="14.38747688" /><trkpt lat="61.02525226" lon="14.38756312"><ele>219.0</ele></trkpt><trkpt lat="61.02512388" lon="14.38773470"><ele>219.0</ele></trkpt><trkpt lat="61.02502249" lon="14.38791526"><ele>219.0</ele></trkpt><trkpt lat="61.02492588" lon="14.38809492" /><trkpt lat="61.02487279" lon="14.38819014"><ele>219.0</ele></trkpt><trkpt lat="61.02481100" lon="14.38829435" /><trkpt lat="61.02472222" lon="14.38839136"><ele>220.0</ele></trkpt><trkpt lat="61.02464215" lon="14.38845964" /><trkpt lat="61.02450855" lon="14.38854857"><ele>220.0</ele></trkpt><trkpt lat="61.02441064" lon="14.38860876" /><trkpt lat="61.02431664" lon="14.38865906"><ele>220.0</ele></trkpt><trkpt lat="61.02427225" lon="14.38868871" /><trkpt lat="61.02418739" lon="14.38872913"><ele>220.0</ele></trkpt><trkpt lat="61.02410253" lon="14.38877944" /><trkpt lat="61.02402681" lon="14.38881986"><ele>220.0</ele></trkpt><trkpt lat="61.02395108" lon="14.38886028" /><trkpt lat="61.02387536" lon="14.38890969"><ele>220.0</ele></trkpt><trkpt lat="61.02380399" lon="14.38895012" /><trkpt lat="61.02372784" lon="14.38899054"><ele>220.0</ele></trkpt><trkpt lat="61.02365646" lon="14.38903096" /><trkpt lat="61.02358074" lon="14.38907139"><ele>220.0</ele></trkpt><trkpt lat="61.02350023" lon="14.38911181" /><trkpt lat="61.02342016" lon="14.38916122"><ele>220.0</ele></trkpt><trkpt lat="61.02329047" lon="14.38922231"><ele>220.0</ele></trkpt><trkpt lat="61.02319690" lon="14.38927351" /><trkpt lat="61.02310334" lon="14.38932382"><ele>220.0</ele></trkpt><trkpt lat="61.02305851" lon="14.38935346" /><trkpt lat="61.02297800" lon="14.38938490" /><trkpt lat="61.02290228" lon="14.38941544"><ele>220.0</ele></trkpt><trkpt lat="61.02282612" lon="14.38943790" /><trkpt lat="61.02274996" lon="14.38946844"><ele>219.0</ele></trkpt><trkpt lat="61.02266988" lon="14.38949989" /><trkpt lat="61.02254498" lon="14.38958882"><ele>219.0</ele></trkpt><trkpt lat="61.02250059" lon="14.38962834" /><trkpt lat="61.02242486" lon="14.38968673" /><trkpt lat="61.02235349" lon="14.38974513"><ele>219.0</ele></trkpt><trkpt lat="61.02222467" lon="14.38986191"><ele>219.0</ele></trkpt><trkpt lat="61.02210934" lon="14.38997869" /><trkpt lat="61.02199836" lon="14.39009457"><ele>219.0</ele></trkpt><trkpt lat="61.02188738" lon="14.39021944" /><trkpt lat="61.02177640" lon="14.39034430"><ele>219.0</ele></trkpt><trkpt lat="61.02166150" lon="14.39049791"><ele>219.0</ele></trkpt><trkpt lat="61.02159491" lon="14.39057427" /><trkpt lat="61.02153311" lon="14.39066949"><ele>219.0</ele></trkpt><trkpt lat="61.02144868" lon="14.39076651" /><trkpt lat="61.02136904" lon="14.39086173"><ele>219.0</ele></trkpt><trkpt lat="61.02130245" lon="14.39094797" /><trkpt lat="61.02123629" lon="14.39104409"><ele>219.0</ele></trkpt><trkpt lat="61.02117449" lon="14.39114829" /><trkpt lat="61.02111313" lon="14.39126238"><ele>219.0</ele></trkpt><trkpt lat="61.02105133" lon="14.39139443" /><trkpt lat="61.02099475" lon="14.39155433"><ele>219.0</ele></trkpt><trkpt lat="61.02092946" lon="14.39172322" /><trkpt lat="61.02087245" lon="14.39188312"><ele>219.0</ele></trkpt><trkpt lat="61.02082936" lon="14.39204212" /><trkpt lat="61.02079498" lon="14.39220112"><ele>219.0</ele></trkpt><trkpt lat="61.02075668" lon="14.39236910" /><trkpt lat="61.02072229" lon="14.39253709"><ele>219.0</ele></trkpt><trkpt lat="61.02068399" lon="14.39272394" /><trkpt lat="61.02064134" lon="14.39292965"><ele>219.0</ele></trkpt><trkpt lat="61.02058955" lon="14.39312549" /><trkpt lat="61.02054211" lon="14.39331323"><ele>219.0</ele></trkpt><trkpt lat="61.02049423" lon="14.39348122" /><trkpt lat="61.02045550" lon="14.39364022"><ele>219.0</ele></trkpt><trkpt lat="61.02041720" lon="14.39380821" /><trkpt lat="61.02037498" lon="14.39407860"><ele>218.0</ele></trkpt><trkpt lat="61.02035453" lon="14.39428252" /><trkpt lat="61.02033450" lon="14.39449631"><ele>218.0</ele></trkpt><trkpt lat="61.02032667" lon="14.39458974" /><trkpt lat="61.02031057" lon="14.39476581"><ele>218.0</ele></trkpt><trkpt lat="61.02029403" lon="14.39492391" /><trkpt lat="61.02028706" lon="14.39509100"><ele>218.0</ele></trkpt><trkpt lat="61.02027967" lon="14.39524820" /><trkpt lat="61.02027662" lon="14.39541439"><ele>218.0</ele></trkpt><trkpt lat="61.02027967" lon="14.39570096"><ele>218.0</ele></trkpt><trkpt lat="61.02028532" lon="14.39581235" /><trkpt lat="61.02028706" lon="14.39598752"><ele>218.0</ele></trkpt><trkpt lat="61.02029359" lon="14.39615371" /><trkpt lat="61.02029969" lon="14.39631989"><ele>218.0</ele></trkpt><trkpt lat="61.02031013" lon="14.39647710" /><trkpt lat="61.02033146" lon="14.39676276"><ele>218.0</ele></trkpt><trkpt lat="61.02035670" lon="14.39704843"><ele>218.0</ele></trkpt><trkpt lat="61.02037759" lon="14.39733409"><ele>218.0</ele></trkpt><trkpt lat="61.02038804" lon="14.39748142" /><trkpt lat="61.02039413" lon="14.39763862"><ele>218.0</ele></trkpt><trkpt lat="61.02040022" lon="14.39779493" /><trkpt lat="61.02040675" lon="14.39796112"><ele>218.0</ele></trkpt><trkpt lat="61.02040936" lon="14.39822971" /><trkpt lat="61.02040284" lon="14.39847046"><ele>218.0</ele></trkpt><trkpt lat="61.02038760" lon="14.39873007" /><trkpt lat="61.02036323" lon="14.39896184"><ele>218.0</ele></trkpt><trkpt lat="61.02032101" lon="14.39920439" /><trkpt lat="61.02026095" lon="14.39946580"><ele>218.0</ele></trkpt><trkpt lat="61.02019566" lon="14.39969127" /><trkpt lat="61.02016085" lon="14.39979458"><ele>218.0</ele></trkpt><trkpt lat="61.02008642" lon="14.39997334" /><trkpt lat="61.02000721" lon="14.40013414"><ele>218.0</ele></trkpt><trkpt lat="61.01992364" lon="14.40028596" /><trkpt lat="61.01980090" lon="14.40054108"><ele>218.0</ele></trkpt><trkpt lat="61.01971777" lon="14.40074769" /><trkpt lat="61.01967860" lon="14.40086986"><ele>218.0</ele></trkpt><trkpt lat="61.01960418" lon="14.40104863" /><trkpt lat="61.01953410" lon="14.40121841"><ele>218.0</ele></trkpt><trkpt lat="61.01946838" lon="14.40137831" /><trkpt lat="61.01941180" lon="14.40152923"><ele>218.0</ele></trkpt><trkpt lat="61.01935043" lon="14.40167924" /><trkpt lat="61.01929341" lon="14.40182118"><ele>218.0</ele></trkpt><trkpt lat="61.01924118" lon="14.40196221" /><trkpt lat="61.01918852" lon="14.40210325"><ele>218.0</ele></trkpt><trkpt lat="61.01913629" lon="14.40224428" /><trkpt lat="61.01908406" lon="14.40239430"><ele>218.0</ele></trkpt><trkpt lat="61.01903183" lon="14.40253534" /><trkpt lat="61.01897916" lon="14.40268536"><ele>218.0</ele></trkpt><trkpt lat="61.01892258" lon="14.40284526" /><trkpt lat="61.01886599" lon="14.40300516"><ele>218.0</ele></trkpt><trkpt lat="61.01880506" lon="14.40318302" /><trkpt lat="61.01870060" lon="14.40348396"><ele>218.0</ele></trkpt><trkpt lat="61.01862225" lon="14.40371842"><ele>218.0</ele></trkpt><trkpt lat="61.01854782" lon="14.40393491" /><trkpt lat="61.01847818" lon="14.40414153"><ele>218.0</ele></trkpt><trkpt lat="61.01840854" lon="14.40433826" /><trkpt lat="61.01834325" lon="14.40452601"><ele>218.0</ele></trkpt><trkpt lat="61.01830843" lon="14.40462931" /><trkpt lat="61.01824749" lon="14.40480808"><ele>218.0</ele></trkpt><trkpt lat="61.01818656" lon="14.40499582" /><trkpt lat="61.01812562" lon="14.40518357"><ele>218.0</ele></trkpt><trkpt lat="61.01809994" lon="14.40528598" /><trkpt lat="61.01803900" lon="14.40547373"><ele>218.0</ele></trkpt><trkpt lat="61.01798285" lon="14.40567944" /><trkpt lat="61.01792670" lon="14.40588516"><ele>217.0</ele></trkpt><trkpt lat="61.01787055" lon="14.40610973" /><trkpt lat="61.01781441" lon="14.40634330"><ele>217.0</ele></trkpt><trkpt lat="61.01775434" lon="14.40659572"><ele>217.0</ele></trkpt><trkpt lat="61.01772909" lon="14.40673586" /><trkpt lat="61.01775826" lon="14.40697481"><ele>218.0</ele></trkpt><trkpt lat="61.01782703" lon="14.40712932" /><trkpt lat="61.01789580" lon="14.40726497"><ele>218.0</ele></trkpt><trkpt lat="61.01796457" lon="14.40739073" /><trkpt lat="61.01803291" lon="14.40749943"><ele>218.0</ele></trkpt><trkpt lat="61.01809254" lon="14.40762609" /><trkpt lat="61.01815261" lon="14.40776174"><ele>218.0</ele></trkpt><trkpt lat="61.01823139" lon="14.40800788"><ele>218.0</ele></trkpt><trkpt lat="61.01826926" lon="14.40821000" /><trkpt lat="61.01827143" lon="14.40840403"><ele>218.0</ele></trkpt><trkpt lat="61.01824619" lon="14.40859986" /><trkpt lat="61.01819918" lon="14.40880468"><ele>218.0</ele></trkpt><trkpt lat="61.01813389" lon="14.40902028" /><trkpt lat="61.01807339" lon="14.40921701"><ele>219.0</ele></trkpt><trkpt lat="61.01804292" lon="14.40931133" /><trkpt lat="61.01798198" lon="14.40948920"><ele>219.0</ele></trkpt><trkpt lat="61.01792061" lon="14.40965898" /><trkpt lat="61.01785489" lon="14.40980990"><ele>218.0</ele></trkpt><trkpt lat="61.01779351" lon="14.40995991" /><trkpt lat="61.01772779" lon="14.41010185"><ele>218.0</ele></trkpt><trkpt lat="61.01766206" lon="14.41023390" /><trkpt lat="61.01759155" lon="14.41036685"><ele>218.0</ele></trkpt><trkpt lat="61.01752103" lon="14.41049890" /><trkpt lat="61.01745052" lon="14.41063185"><ele>218.0</ele></trkpt><trkpt lat="61.01737565" lon="14.41077379" /><trkpt lat="61.01729643" lon="14.41090674"><ele>218.0</ele></trkpt><trkpt lat="61.01721286" lon="14.41105855" /><trkpt lat="61.01708054" lon="14.41129571"><ele>218.0</ele></trkpt><trkpt lat="61.01703657" lon="14.41138015" /><trkpt lat="61.01692601" lon="14.41155173"><ele>218.0</ele></trkpt><trkpt lat="61.01681937" lon="14.41166761" /><trkpt lat="61.01670358" lon="14.41173768"><ele>218.0</ele></trkpt><trkpt lat="61.01663655" lon="14.41175834" /><trkpt lat="61.01650161" lon="14.41172780"><ele>218.0</ele></trkpt><trkpt lat="61.01639322" lon="14.41165863" /><trkpt lat="61.01629790" lon="14.41157958"><ele>217.0</ele></trkpt><trkpt lat="61.01625263" lon="14.41153556" /><trkpt lat="61.01617123" lon="14.41144663"><ele>216.0</ele></trkpt><trkpt lat="61.01608330" lon="14.41121935"><ele>216.0</ele></trkpt><trkpt lat="61.01602279" lon="14.41100915" /><trkpt lat="61.01590831" lon="14.41077379"><ele>216.0</ele></trkpt><trkpt lat="61.01585390" lon="14.41072977" /><trkpt lat="61.01576815" lon="14.41068755"><ele>215.0</ele></trkpt><trkpt lat="61.01562406" lon="14.41062916"><ele>214.0</ele></trkpt><trkpt lat="61.01548912" lon="14.41059772"><ele>214.0</ele></trkpt><trkpt lat="61.01542165" lon="14.41058245" /><trkpt lat="61.01534982" lon="14.41057616"><ele>214.0</ele></trkpt><trkpt lat="61.01526886" lon="14.41057077" /><trkpt lat="61.01517919" lon="14.41055550"><ele>214.0</ele></trkpt><trkpt lat="61.01510257" lon="14.41054112" /><trkpt lat="61.01503554" lon="14.41056179"><ele>213.0</ele></trkpt><trkpt lat="61.01495674" lon="14.41077828"><ele>213.0</ele></trkpt><trkpt lat="61.01492758" lon="14.41099208" /><trkpt lat="61.01492976" lon="14.41120498"><ele>212.0</ele></trkpt><trkpt lat="61.01495892" lon="14.41140710" /><trkpt lat="61.01500158" lon="14.41161820"><ele>212.0</ele></trkpt><trkpt lat="61.01504424" lon="14.41183829" /><trkpt lat="61.01508690" lon="14.41206736"><ele>213.0</ele></trkpt><trkpt lat="61.01511171" lon="14.41231530" /><trkpt lat="61.01511433" lon="14.41256503"><ele>213.0</ele></trkpt><trkpt lat="61.01510780" lon="14.41279679" /><trkpt lat="61.01510127" lon="14.41300969"><ele>212.0</ele></trkpt><trkpt lat="61.01508995" lon="14.41321361" /><trkpt lat="61.01507820" lon="14.41340855"><ele>211.0</ele></trkpt><trkpt lat="61.01506688" lon="14.41360258" /><trkpt lat="61.01505904" lon="14.41369601"><ele>211.0</ele></trkpt><trkpt lat="61.01504294" lon="14.41388106" /><trkpt lat="61.01502683" lon="14.41405803"><ele>211.0</ele></trkpt><trkpt lat="61.01501508" lon="14.41424308" /><trkpt lat="61.01499549" lon="14.41452156"><ele>210.0</ele></trkpt><trkpt lat="61.01498417" lon="14.41470661" /><trkpt lat="61.01497720" lon="14.41490155"><ele>209.0</ele></trkpt><trkpt lat="61.01497459" lon="14.41511445" /><trkpt lat="61.01497677" lon="14.41532645"><ele>209.0</ele></trkpt><trkpt lat="61.01498373" lon="14.41555732" /><trkpt lat="61.01499505" lon="14.41577022"><ele>208.0</ele></trkpt><trkpt lat="61.01500506" lon="14.41586185" /><trkpt lat="61.01503336" lon="14.41601815" /><trkpt lat="61.01506644" lon="14.41616458"><ele>208.0</ele></trkpt><trkpt lat="61.01510388" lon="14.41630112" /><trkpt lat="61.01514567" lon="14.41643856"><ele>208.0</ele></trkpt><trkpt lat="61.01518267" lon="14.41658499" /><trkpt lat="61.01522054" lon="14.41674938"><ele>208.0</ele></trkpt><trkpt lat="61.01525362" lon="14.41693264" /><trkpt lat="61.01526451" lon="14.41709883"><ele>208.0</ele></trkpt><trkpt lat="61.01527060" lon="14.41724615" /><trkpt lat="61.01526451" lon="14.41753361"><ele>208.0</ele></trkpt><trkpt lat="61.01525711" lon="14.41767285" /><trkpt lat="61.01525406" lon="14.41782017"><ele>207.0</ele></trkpt><trkpt lat="61.01526015" lon="14.41798636" /><trkpt lat="61.01528105" lon="14.41827203"><ele>207.0</ele></trkpt><trkpt lat="61.01530412" lon="14.41835467" /><trkpt lat="61.01534634" lon="14.41851008"><ele>207.0</ele></trkpt><trkpt lat="61.01539814" lon="14.41876700"><ele>207.0</ele></trkpt><trkpt lat="61.01540075" lon="14.41898888" /><trkpt lat="61.01539379" lon="14.41919190"><ele>207.0</ele></trkpt><trkpt lat="61.01539031" lon="14.41928443" /><trkpt lat="61.01538291" lon="14.41947038"><ele>207.0</ele></trkpt><trkpt lat="61.01537594" lon="14.41964645" /><trkpt lat="61.01536854" lon="14.41981264"><ele>207.0</ele></trkpt><trkpt lat="61.01535679" lon="14.41997972" /><trkpt lat="61.01534982" lon="14.42014681"><ele>207.0</ele></trkpt><trkpt lat="61.01534242" lon="14.42030401" /><trkpt lat="61.01533067" lon="14.42046212"><ele>207.0</ele></trkpt><trkpt lat="61.01531848" lon="14.42061932" /><trkpt lat="61.01530673" lon="14.42078641"><ele>207.0</ele></trkpt><trkpt lat="61.01529498" lon="14.42095350" /><trkpt lat="61.01527887" lon="14.42112957"><ele>206.0</ele></trkpt><trkpt lat="61.01525493" lon="14.42140804"><ele>206.0</ele></trkpt><trkpt lat="61.01523882" lon="14.42160298" /><trkpt lat="61.01521880" lon="14.42182576"><ele>206.0</ele></trkpt><trkpt lat="61.01519877" lon="14.42203956" /><trkpt lat="61.01517353" lon="14.42224438"><ele>206.0</ele></trkpt><trkpt lat="61.01514871" lon="14.42243931" /><trkpt lat="61.01513609" lon="14.42253184"><ele>205.0</ele></trkpt><trkpt lat="61.01511128" lon="14.42271779" /><trkpt lat="61.01508168" lon="14.42289476"><ele>204.0</ele></trkpt><trkpt lat="61.01505643" lon="14.42306274" /><trkpt lat="61.01502683" lon="14.42323073"><ele>204.0</ele></trkpt><trkpt lat="61.01500158" lon="14.42339781" /><trkpt lat="61.01497633" lon="14.42357478"><ele>204.0</ele></trkpt><trkpt lat="61.01495152" lon="14.42375175" /><trkpt lat="61.01491844" lon="14.42403023"><ele>204.0</ele></trkpt><trkpt lat="61.01489798" lon="14.42422516" /><trkpt lat="61.01488187" lon="14.42442998"><ele>204.0</ele></trkpt><trkpt lat="61.01486620" lon="14.42465186" /><trkpt lat="61.01485097" lon="14.42489351"><ele>204.0</ele></trkpt><trkpt lat="61.01483529" lon="14.42511629" /><trkpt lat="61.01481919" lon="14.42532021"><ele>205.0</ele></trkpt><trkpt lat="61.01480787" lon="14.42551424" /><trkpt lat="61.01480090" lon="14.42570019"><ele>205.0</ele></trkpt><trkpt lat="61.01479829" lon="14.42589423" /><trkpt lat="61.01480047" lon="14.42610713"><ele>205.0</ele></trkpt><trkpt lat="61.01480700" lon="14.42632812" /><trkpt lat="61.01480482" lon="14.42652305"><ele>206.0</ele></trkpt><trkpt lat="61.01481875" lon="14.42658683" /><trkpt lat="61.01486794" lon="14.42657515" /><trkpt lat="61.01490059" lon="14.42670361"><ele>206.0</ele></trkpt><trkpt lat="61.01490190" lon="14.42680512" /><trkpt lat="61.01489928" lon="14.42698119"><ele>207.0</ele></trkpt><trkpt lat="61.01489188" lon="14.42715726" /><trkpt lat="61.01488448" lon="14.42731447"><ele>207.0</ele></trkpt><trkpt lat="61.01487708" lon="14.42747167" /><trkpt lat="61.01486533" lon="14.42763876"><ele>207.0</ele></trkpt><trkpt lat="61.01484574" lon="14.42790825"><ele>208.0</ele></trkpt><trkpt lat="61.01483007" lon="14.42813014" /><trkpt lat="61.01481005" lon="14.42834394"><ele>208.0</ele></trkpt><trkpt lat="61.01478959" lon="14.42853887" /><trkpt lat="61.01477696" lon="14.42863230"><ele>209.0</ele></trkpt><trkpt lat="61.01475650" lon="14.42881825" /><trkpt lat="61.01473561" lon="14.42899432"><ele>209.0</ele></trkpt><trkpt lat="61.01471036" lon="14.42916230" /><trkpt lat="61.01468511" lon="14.42932939"><ele>210.0</ele></trkpt><trkpt lat="61.01465986" lon="14.42949737" /><trkpt lat="61.01463462" lon="14.42966446"><ele>211.0</ele></trkpt><trkpt lat="61.01461416" lon="14.42983155" /><trkpt lat="61.01458891" lon="14.42999953"><ele>212.0</ele></trkpt><trkpt lat="61.01456366" lon="14.43017650" /><trkpt lat="61.01452622" lon="14.43045498"><ele>213.0</ele></trkpt><trkpt lat="61.01450141" lon="14.43065081" /><trkpt lat="61.01447660" lon="14.43086461"><ele>216.0</ele></trkpt><trkpt lat="61.01445657" lon="14.43109637" /><trkpt lat="61.01443611" lon="14.43131017"><ele>217.0</ele></trkpt><trkpt lat="61.01442480" lon="14.43150421" /><trkpt lat="61.01442131" lon="14.43159674"><ele>217.0</ele></trkpt><trkpt lat="61.01441391" lon="14.43178269" /><trkpt lat="61.01440347" lon="14.43206027"><ele>217.0</ele></trkpt><trkpt lat="61.01439215" lon="14.43226418" /><trkpt lat="61.01437648" lon="14.43247709"><ele>215.0</ele></trkpt><trkpt lat="61.01434731" lon="14.43270077" /><trkpt lat="61.01433033" lon="14.43280317"><ele>212.0</ele></trkpt><trkpt lat="61.01429159" lon="14.43297116" /><trkpt lat="61.01422237" lon="14.43323347"><ele>208.0</ele></trkpt><trkpt lat="61.01419234" lon="14.43335474" /><trkpt lat="61.01414881" lon="14.43351374"><ele>203.0</ele></trkpt><trkpt lat="61.01411006" lon="14.43367274" /><trkpt lat="61.01407132" lon="14.43382186"><ele>202.0</ele></trkpt><trkpt lat="61.01403693" lon="14.43396200" /><trkpt lat="61.01400254" lon="14.43410214"><ele>201.0</ele></trkpt><trkpt lat="61.01396771" lon="14.43423329" /><trkpt lat="61.01392853" lon="14.43436445"><ele>200.0</ele></trkpt><trkpt lat="61.01385496" lon="14.43461777"><ele>200.0</ele></trkpt><trkpt lat="61.01381579" lon="14.43473904" /><trkpt lat="61.01377225" lon="14.43486121"><ele>200.0</ele></trkpt><trkpt lat="61.01372393" lon="14.43498338" /><trkpt lat="61.01367126" lon="14.43509657"><ele>200.0</ele></trkpt><trkpt lat="61.01361858" lon="14.43521964" /><trkpt lat="61.01355720" lon="14.43534181"><ele>200.0</ele></trkpt><trkpt lat="61.01349103" lon="14.43546488" /><trkpt lat="61.01341137" lon="14.43556998"><ele>200.0</ele></trkpt><trkpt lat="61.01334041" lon="14.43564724" /><trkpt lat="61.01326945" lon="14.43571551"><ele>200.0</ele></trkpt><trkpt lat="61.01320241" lon="14.43577390" /><trkpt lat="61.01313580" lon="14.43583229"><ele>200.0</ele></trkpt><trkpt lat="61.01306485" lon="14.43589068" /><trkpt lat="61.01299345" lon="14.43596704"><ele>200.0</ele></trkpt><trkpt lat="61.01292293" lon="14.43608113" /><trkpt lat="61.01283455" lon="14.43620509"><ele>200.0</ele></trkpt><trkpt lat="61.01275968" lon="14.43634703" /><trkpt lat="61.01269350" lon="14.43647998"><ele>200.0</ele></trkpt><trkpt lat="61.01263648" lon="14.43661113" /><trkpt lat="61.01257509" lon="14.43675307"><ele>200.0</ele></trkpt><trkpt lat="61.01251371" lon="14.43689410" /><trkpt lat="61.01239486" lon="14.43711239"><ele>200.0</ele></trkpt><trkpt lat="61.01229778" lon="14.43726421" /><trkpt lat="61.01219591" lon="14.43739806"><ele>200.0</ele></trkpt><trkpt lat="61.01209839" lon="14.43752202" /><trkpt lat="61.01200958" lon="14.43763701"><ele>200.0</ele></trkpt><trkpt lat="61.01196561" lon="14.43769450" /><trkpt lat="61.01187680" lon="14.43779960"><ele>199.0</ele></trkpt><trkpt lat="61.01179234" lon="14.43789572" /><trkpt lat="61.01170832" lon="14.43799184"><ele>199.0</ele></trkpt><trkpt lat="61.01162386" lon="14.43808796" /><trkpt lat="61.01153984" lon="14.43818408"><ele>199.0</ele></trkpt><trkpt lat="61.01145973" lon="14.43828020" /><trkpt lat="61.01137571" lon="14.43838530"><ele>199.0</ele></trkpt><trkpt lat="61.01128690" lon="14.43849131" /><trkpt lat="61.01115411" lon="14.43866288"><ele>199.0</ele></trkpt><trkpt lat="61.01106095" lon="14.43878775" /><trkpt lat="61.01096386" lon="14.43892070"><ele>199.0</ele></trkpt><trkpt lat="61.01091510" lon="14.43899706" /><trkpt lat="61.01084892" lon="14.43909228"><ele>199.0</ele></trkpt><trkpt lat="61.01073399" lon="14.43928182"><ele>199.0</ele></trkpt><trkpt lat="61.01063255" lon="14.43947137"><ele>199.0</ele></trkpt><trkpt lat="61.01054025" lon="14.43965103" /><trkpt lat="61.01044752" lon="14.43982171"><ele>198.0</ele></trkpt><trkpt lat="61.01035522" lon="14.44000137" /><trkpt lat="61.01025378" lon="14.44018104"><ele>198.0</ele></trkpt><trkpt lat="61.01019674" lon="14.44027626" /><trkpt lat="61.01013449" lon="14.44037148"><ele>198.0</ele></trkpt><trkpt lat="61.01007310" lon="14.44047568" /><trkpt lat="61.00999734" lon="14.44056192"><ele>198.0</ele></trkpt><trkpt lat="61.00986891" lon="14.44071553"><ele>198.0</ele></trkpt><trkpt lat="61.00975353" lon="14.44085028"><ele>198.0</ele></trkpt><trkpt lat="61.00969127" lon="14.44090777" /><trkpt lat="61.00962031" lon="14.44097605"><ele>198.0</ele></trkpt><trkpt lat="61.00954934" lon="14.44105240" /><trkpt lat="61.00941524" lon="14.44111439"><ele>198.0</ele></trkpt><trkpt lat="61.00929420" lon="14.44114673" /><trkpt lat="61.00918275" lon="14.44121679"><ele>198.0</ele></trkpt><trkpt lat="61.00906780" lon="14.44135963"><ele>198.0</ele></trkpt><trkpt lat="61.00897028" lon="14.44150246" /><trkpt lat="61.00889539" lon="14.44165427"><ele>198.0</ele></trkpt><trkpt lat="61.00882965" lon="14.44180429" /><trkpt lat="61.00877740" lon="14.44196419"><ele>197.0</ele></trkpt><trkpt lat="61.00870817" lon="14.44222560"><ele>197.0</ele></trkpt><trkpt lat="61.00866986" lon="14.44242144" /><trkpt lat="61.00863198" lon="14.44264512"><ele>197.0</ele></trkpt><trkpt lat="61.00861500" lon="14.44276639" /><trkpt lat="61.00857755" lon="14.44305475"><ele>197.0</ele></trkpt><trkpt lat="61.00858931" lon="14.44331256" /><trkpt lat="61.00863198" lon="14.44356050"><ele>197.0</ele></trkpt><trkpt lat="61.00869293" lon="14.44379855" /><trkpt lat="61.00876260" lon="14.44403571"><ele>197.0</ele></trkpt><trkpt lat="61.00883226" lon="14.44428185"><ele>197.0</ele></trkpt><trkpt lat="61.00888451" lon="14.44455763"><ele>197.0</ele></trkpt><trkpt lat="61.00889931" lon="14.44470495" /><trkpt lat="61.00891019" lon="14.44487024"><ele>197.0</ele></trkpt><trkpt lat="61.00889452" lon="14.44511189" /><trkpt lat="61.00886970" lon="14.44532569"><ele>197.0</ele></trkpt><trkpt lat="61.00884053" lon="14.44552062" /><trkpt lat="61.00880613" lon="14.44570747"><ele>196.0</ele></trkpt><trkpt lat="61.00877261" lon="14.44590241" /><trkpt lat="61.00874300" lon="14.44609824"><ele>196.0</ele></trkpt><trkpt lat="61.00872298" lon="14.44632102" /><trkpt lat="61.00871165" lon="14.44657075"><ele>196.0</ele></trkpt><trkpt lat="61.00870077" lon="14.44679354" /><trkpt lat="61.00869816" lon="14.44699656"><ele>196.0</ele></trkpt><trkpt lat="61.00869990" lon="14.44718161" /><trkpt lat="61.00871078" lon="14.44735678"><ele>196.0</ele></trkpt><trkpt lat="61.00872167" lon="14.44753195" /><trkpt lat="61.00873342" lon="14.44780863"><ele>196.0</ele></trkpt><trkpt lat="61.00873996" lon="14.44801165" /><trkpt lat="61.00874083" lon="14.44813203"><ele>196.0</ele></trkpt><trkpt lat="61.00873038" lon="14.44841859"><ele>196.0</ele></trkpt><trkpt lat="61.00871949" lon="14.44867820" /><trkpt lat="61.00869946" lon="14.44891985"><ele>195.0</ele></trkpt><trkpt lat="61.00867944" lon="14.44915161" /><trkpt lat="61.00866376" lon="14.44937440"><ele>195.0</ele></trkpt><trkpt lat="61.00864809" lon="14.44960616" /><trkpt lat="61.00864635" lon="14.44985589"><ele>195.0</ele></trkpt><trkpt lat="61.00864765" lon="14.44999423" /><trkpt lat="61.00866376" lon="14.45027990"><ele>195.0</ele></trkpt><trkpt lat="61.00870208" lon="14.45052783" /><trkpt lat="61.00876303" lon="14.45074702"><ele>195.0</ele></trkpt><trkpt lat="61.00883661" lon="14.45093836" /><trkpt lat="61.00891019" lon="14.45111982"><ele>195.0</ele></trkpt><trkpt lat="61.00898856" lon="14.45131116" /><trkpt lat="61.00905344" lon="14.45152047"><ele>195.0</ele></trkpt><trkpt lat="61.00910525" lon="14.45175852" /><trkpt lat="61.00912440" lon="14.45190585"><ele>195.0</ele></trkpt><trkpt lat="61.00913964" lon="14.45205317" /><trkpt lat="61.00916490" lon="14.45233884"><ele>195.0</ele></trkpt><trkpt lat="61.00917622" lon="14.45260653" /><trkpt lat="61.00917883" lon="14.45285627"><ele>195.0</ele></trkpt><trkpt lat="61.00917230" lon="14.45310600" /><trkpt lat="61.00916141" lon="14.45335573"><ele>195.0</ele></trkpt><trkpt lat="61.00913703" lon="14.45361534" /><trkpt lat="61.00910873" lon="14.45389472"><ele>195.0</ele></trkpt><trkpt lat="61.00909219" lon="14.45405192" /><trkpt lat="61.00906693" lon="14.45421991"><ele>196.0</ele></trkpt><trkpt lat="61.00903254" lon="14.45436005" /><trkpt lat="61.00898421" lon="14.45449120"><ele>196.0</ele></trkpt><trkpt lat="61.00893196" lon="14.45463223" /><trkpt lat="61.00884010" lon="14.45484873"><ele>196.0</ele></trkpt><trkpt lat="61.00875650" lon="14.45505534" /><trkpt lat="61.00868248" lon="14.45524399"><ele>196.0</ele></trkpt><trkpt lat="61.00861239" lon="14.45542185" /><trkpt lat="61.00853793" lon="14.45560152"><ele>196.0</ele></trkpt><trkpt lat="61.00842386" lon="14.45589257"><ele>196.0</ele></trkpt><trkpt lat="61.00834070" lon="14.45609918" /><trkpt lat="61.00829716" lon="14.45621237"><ele>197.0</ele></trkpt><trkpt lat="61.00822619" lon="14.45631658" /><trkpt lat="61.00813867" lon="14.45655193"><ele>197.0</ele></trkpt><trkpt lat="61.00812300" lon="14.45674687" /><trkpt lat="61.00810166" lon="14.45685826"><ele>197.0</ele></trkpt><trkpt lat="61.00805377" lon="14.45701726" /><trkpt lat="61.00800152" lon="14.45716728"><ele>197.0</ele></trkpt><trkpt lat="61.00795319" lon="14.45729933" /><trkpt lat="61.00790530" lon="14.45742150"><ele>197.0</ele></trkpt><trkpt lat="61.00786176" lon="14.45754367" /><trkpt lat="61.00781822" lon="14.45768381"><ele>198.0</ele></trkpt><trkpt lat="61.00777468" lon="14.45783383" /><trkpt lat="61.00774072" lon="14.45801978"><ele>198.0</ele></trkpt><trkpt lat="61.00771546" lon="14.45817789" /><trkpt lat="61.00770327" lon="14.45832701"><ele>198.0</ele></trkpt><trkpt lat="61.00769282" lon="14.45861357"><ele>198.0</ele></trkpt><trkpt lat="61.00768977" lon="14.45875281" /><trkpt lat="61.00768237" lon="14.45890103"><ele>198.0</ele></trkpt><trkpt lat="61.00767018" lon="14.45905823" /><trkpt lat="61.00764972" lon="14.45922532"><ele>199.0</ele></trkpt><trkpt lat="61.00761967" lon="14.45939331" /><trkpt lat="61.00759877" lon="14.45955141"><ele>199.0</ele></trkpt><trkpt lat="61.00755262" lon="14.45983977"><ele>199.0</ele></trkpt><trkpt lat="61.00750560" lon="14.46011016"><ele>199.0</ele></trkpt><trkpt lat="61.00745465" lon="14.46037067"><ele>200.0</ele></trkpt><trkpt lat="61.00740327" lon="14.46062310"><ele>200.0</ele></trkpt><trkpt lat="61.00734754" lon="14.46088361"><ele>200.0</ele></trkpt><trkpt lat="61.00731271" lon="14.46102375" /><trkpt lat="61.00727831" lon="14.46116389"><ele>200.0</ele></trkpt><trkpt lat="61.00724391" lon="14.46131390" /><trkpt lat="61.00717033" lon="14.46158430"><ele>200.0</ele></trkpt><trkpt lat="61.00710066" lon="14.46179091" /><trkpt lat="61.00707018" lon="14.46188523"><ele>200.0</ele></trkpt><trkpt lat="61.00700008" lon="14.46206310" /><trkpt lat="61.00693433" lon="14.46222300"><ele>200.0</ele></trkpt><trkpt lat="61.00686423" lon="14.46238380" /><trkpt lat="61.00679413" lon="14.46254370"><ele>200.0</ele></trkpt><trkpt lat="61.00668484" lon="14.46283475"><ele>200.0</ele></trkpt><trkpt lat="61.00664565" lon="14.46294704" /><trkpt lat="61.00659732" lon="14.46308808"><ele>200.0</ele></trkpt><trkpt lat="61.00655857" lon="14.46322821" /><trkpt lat="61.00649369" lon="14.46348064"><ele>200.0</ele></trkpt><trkpt lat="61.00643316" lon="14.46372319"><ele>200.0</ele></trkpt><trkpt lat="61.00639877" lon="14.46386332" /><trkpt lat="61.00636437" lon="14.46402232"><ele>200.0</ele></trkpt><trkpt lat="61.00631255" lon="14.46420019" /><trkpt lat="61.00627815" lon="14.46437716"><ele>200.0</ele></trkpt><trkpt lat="61.00625725" lon="14.46454425" /><trkpt lat="61.00624114" lon="14.46471133"><ele>200.0</ele></trkpt><trkpt lat="61.00622503" lon="14.46487842" /><trkpt lat="61.00620413" lon="14.46504551"><ele>200.0</ele></trkpt><trkpt lat="61.00617017" lon="14.46522337" /><trkpt lat="61.00612227" lon="14.46540034"><ele>200.0</ele></trkpt><trkpt lat="61.00606131" lon="14.46556922" /><trkpt lat="61.00599992" lon="14.46572014"><ele>200.0</ele></trkpt><trkpt lat="61.00593852" lon="14.46586118" /><trkpt lat="61.00588148" lon="14.46599323"><ele>200.0</ele></trkpt><trkpt lat="61.00581965" lon="14.46611630" /><trkpt lat="61.00576261" lon="14.46623847"><ele>200.0</ele></trkpt><trkpt lat="61.00570077" lon="14.46635166" /><trkpt lat="61.00564373" lon="14.46646574"><ele>200.0</ele></trkpt><trkpt lat="61.00558669" lon="14.46657893" /><trkpt lat="61.00552921" lon="14.46669212"><ele>200.0</ele></trkpt><trkpt lat="61.00547217" lon="14.46681429" /><trkpt lat="61.00541513" lon="14.46694634"><ele>200.0</ele></trkpt><trkpt lat="61.00535809" lon="14.46708738" /><trkpt lat="61.00530148" lon="14.46723740"><ele>200.0</ele></trkpt><trkpt lat="61.00524923" lon="14.46740628" /><trkpt lat="61.00515343" lon="14.46770632"><ele>200.0</ele></trkpt><trkpt lat="61.00508376" lon="14.46793988"><ele>200.0</ele></trkpt><trkpt lat="61.00502759" lon="14.46814559" /><trkpt lat="61.00497141" lon="14.46836119"><ele>200.0</ele></trkpt><trkpt lat="61.00492395" lon="14.46856600" /><trkpt lat="61.00487692" lon="14.46878070"><ele>199.0</ele></trkpt><trkpt lat="61.00483425" lon="14.46900438" /><trkpt lat="61.00478722" lon="14.46925591"><ele>199.0</ele></trkpt><trkpt lat="61.00474063" lon="14.46951642"><ele>199.0</ele></trkpt><trkpt lat="61.00471581" lon="14.46973920" /><trkpt lat="61.00471276" lon="14.46986946"><ele>199.0</ele></trkpt><trkpt lat="61.00471450" lon="14.47003565" /><trkpt lat="61.00471581" lon="14.47020184"><ele>199.0</ele></trkpt><trkpt lat="61.00472190" lon="14.47034916" /><trkpt lat="61.00473802" lon="14.47063572"><ele>199.0</ele></trkpt><trkpt lat="61.00475892" lon="14.47090252"><ele>199.0</ele></trkpt><trkpt lat="61.00476893" lon="14.47103188" /><trkpt lat="61.00478940" lon="14.47128970"><ele>199.0</ele></trkpt><trkpt lat="61.00481030" lon="14.47156548"><ele>199.0</ele></trkpt><trkpt lat="61.00482075" lon="14.47171370" /><trkpt lat="61.00483120" lon="14.47187001"><ele>199.0</ele></trkpt><trkpt lat="61.00483730" lon="14.47202721" /><trkpt lat="61.00484426" lon="14.47230389"><ele>199.0</ele></trkpt><trkpt lat="61.00484557" lon="14.47239642" /><trkpt lat="61.00483817" lon="14.47257249" /><trkpt lat="61.00482641" lon="14.47273958"><ele>199.0</ele></trkpt><trkpt lat="61.00481901" lon="14.47289678" /><trkpt lat="61.00480682" lon="14.47305399"><ele>199.0</ele></trkpt><trkpt lat="61.00479941" lon="14.47321209" /><trkpt lat="61.00480246" lon="14.47348877"><ele>199.0</ele></trkpt><trkpt lat="61.00480899" lon="14.47371065" /><trkpt lat="61.00481552" lon="14.47393164"><ele>199.0</ele></trkpt><trkpt lat="61.00482685" lon="14.47413466" /><trkpt lat="61.00484688" lon="14.47435565"><ele>198.0</ele></trkpt><trkpt lat="61.00488955" lon="14.47461256"><ele>198.0</ele></trkpt><trkpt lat="61.00496358" lon="14.47481289" /><trkpt lat="61.00499710" lon="14.47504286"><ele>198.0</ele></trkpt><trkpt lat="61.00500799" lon="14.47524588" /><trkpt lat="61.00500886" lon="14.47533840"><ele>198.0</ele></trkpt><trkpt lat="61.00501975" lon="14.47551357" /><trkpt lat="61.00502584" lon="14.47568875"><ele>198.0</ele></trkpt><trkpt lat="61.00502759" lon="14.47585493" /><trkpt lat="61.00503020" lon="14.47613251"><ele>198.0</ele></trkpt><trkpt lat="61.00502323" lon="14.47633553" /><trkpt lat="61.00501235" lon="14.47659515"><ele>198.0</ele></trkpt><trkpt lat="61.00500146" lon="14.47684488" /><trkpt lat="61.00498143" lon="14.47707754"><ele>198.0</ele></trkpt><trkpt lat="61.00495225" lon="14.47730931" /><trkpt lat="61.00493135" lon="14.47744854"><ele>198.0</ele></trkpt><trkpt lat="61.00489695" lon="14.47761653" /><trkpt lat="61.00483686" lon="14.47789680"><ele>198.0</ele></trkpt><trkpt lat="61.00477677" lon="14.47815821"><ele>198.0</ele></trkpt><trkpt lat="61.00474629" lon="14.47828847" /><trkpt lat="61.00471668" lon="14.47844657"><ele>198.0</ele></trkpt><trkpt lat="61.00466138" lon="14.47874481"><ele>198.0</ele></trkpt><trkpt lat="61.00461391" lon="14.47897838" /><trkpt lat="61.00457603" lon="14.47919217"><ele>198.0</ele></trkpt><trkpt lat="61.00453727" lon="14.47939699" /><trkpt lat="61.00449895" lon="14.47960270"><ele>198.0</ele></trkpt><trkpt lat="61.00446063" lon="14.47980752" /><trkpt lat="61.00442231" lon="14.48002132"><ele>198.0</ele></trkpt><trkpt lat="61.00438008" lon="14.48026386" /><trkpt lat="61.00433305" lon="14.48050551"><ele>198.0</ele></trkpt><trkpt lat="61.00429908" lon="14.48071033" /><trkpt lat="61.00429690" lon="14.48096904"><ele>197.0</ele></trkpt><trkpt lat="61.00430387" lon="14.48119991" /><trkpt lat="61.00431040" lon="14.48142179"><ele>197.0</ele></trkpt><trkpt lat="61.00433522" lon="14.48165176" /><trkpt lat="61.00436919" lon="14.48189970"><ele>197.0</ele></trkpt><trkpt lat="61.00439793" lon="14.48211170" /><trkpt lat="61.00441273" lon="14.48221231"><ele>198.0</ele></trkpt><trkpt lat="61.00444104" lon="14.48239647" /><trkpt lat="61.00447457" lon="14.48257074"><ele>198.0</ele></trkpt><trkpt lat="61.00450766" lon="14.48274501" /><trkpt lat="61.00456384" lon="14.48301990"><ele>198.0</ele></trkpt><trkpt lat="61.00459737" lon="14.48322202" /><trkpt lat="61.00463568" lon="14.48345109"><ele>198.0</ele></trkpt><trkpt lat="61.00461522" lon="14.48365501" /><trkpt lat="61.00457559" lon="14.48373046"><ele>198.0</ele></trkpt><trkpt lat="61.00450026" lon="14.48385443" /><trkpt lat="61.00442536" lon="14.48397750"><ele>198.0</ele></trkpt><trkpt lat="61.00435917" lon="14.48409159" /><trkpt lat="61.00429299" lon="14.48420477"><ele>198.0</ele></trkpt><trkpt lat="61.00423115" lon="14.48430898" /><trkpt lat="61.00416932" lon="14.48440420"><ele>197.0</ele></trkpt><trkpt lat="61.00410748" lon="14.48449942" /><trkpt lat="61.00405000" lon="14.48459374"><ele>197.0</ele></trkpt><trkpt lat="61.00398817" lon="14.48468897" /><trkpt lat="61.00393069" lon="14.48478329"><ele>197.0</ele></trkpt><trkpt lat="61.00386885" lon="14.48487851" /><trkpt lat="61.00380223" lon="14.48498272"><ele>196.0</ele></trkpt><trkpt lat="61.00373604" lon="14.48509680" /><trkpt lat="61.00366985" lon="14.48521089"><ele>196.0</ele></trkpt><trkpt lat="61.00359930" lon="14.48533396" /><trkpt lat="61.00352440" lon="14.48546601"><ele>196.0</ele></trkpt><trkpt lat="61.00343600" lon="14.48558998" /><trkpt lat="61.00336110" lon="14.48572203"><ele>195.0</ele></trkpt><trkpt lat="61.00329927" lon="14.48586396" /><trkpt lat="61.00320782" lon="14.48614514"><ele>195.0</ele></trkpt><trkpt lat="61.00316950" lon="14.48635893" /><trkpt lat="61.00314511" lon="14.48659070"><ele>194.0</ele></trkpt><trkpt lat="61.00311985" lon="14.48678653" /><trkpt lat="61.00311201" lon="14.48687906"><ele>194.0</ele></trkpt><trkpt lat="61.00309111" lon="14.48705513" /><trkpt lat="61.00307500" lon="14.48722222"><ele>194.0</ele></trkpt><trkpt lat="61.00306281" lon="14.48738032" /><trkpt lat="61.00304321" lon="14.48764891"><ele>194.0</ele></trkpt><trkpt lat="61.00302710" lon="14.48784385" /><trkpt lat="61.00301142" lon="14.48808460"><ele>193.0</ele></trkpt><trkpt lat="61.00299574" lon="14.48831636" /><trkpt lat="61.00298007" lon="14.48852926"><ele>193.0</ele></trkpt><trkpt lat="61.00297310" lon="14.48876103" /><trkpt lat="61.00297441" lon="14.48889937"><ele>192.0</ele></trkpt><trkpt lat="61.00302536" lon="14.48905478" /><trkpt lat="61.00306281" lon="14.48921019"><ele>192.0</ele></trkpt><trkpt lat="61.00304669" lon="14.48937727" /><trkpt lat="61.00299531" lon="14.48965665"><ele>191.0</ele></trkpt><trkpt lat="61.00294871" lon="14.48992704"><ele>190.0</ele></trkpt><trkpt lat="61.00292781" lon="14.49006628" /><trkpt lat="61.00291562" lon="14.49021450"><ele>190.0</ele></trkpt><trkpt lat="61.00291736" lon="14.49039956" /><trkpt lat="61.00295176" lon="14.49068432"><ele>190.0</ele></trkpt><trkpt lat="61.00298878" lon="14.49080290" /><trkpt lat="61.00303494" lon="14.49093944"><ele>189.0</ele></trkpt><trkpt lat="61.00311376" lon="14.49119546"><ele>189.0</ele></trkpt><trkpt lat="61.00320520" lon="14.49139489"><ele>188.0</ele></trkpt><trkpt lat="61.00331015" lon="14.49154760" /><trkpt lat="61.00341902" lon="14.49168145"><ele>187.0</ele></trkpt><trkpt lat="61.00353268" lon="14.49180632" /><trkpt lat="61.00364590" lon="14.49195005"><ele>186.0</ele></trkpt><trkpt lat="61.00370076" lon="14.49203090" /><trkpt lat="61.00375563" lon="14.49212971"><ele>186.0</ele></trkpt><trkpt lat="61.00381050" lon="14.49223841" /><trkpt lat="61.00386101" lon="14.49236597"><ele>186.0</ele></trkpt><trkpt lat="61.00388496" lon="14.49251329" /><trkpt lat="61.00389106" lon="14.49266062"><ele>185.0</ele></trkpt><trkpt lat="61.00389672" lon="14.49280794" /><trkpt lat="61.00392067" lon="14.49297323"><ele>185.0</ele></trkpt><trkpt lat="61.00398163" lon="14.49323913"><ele>184.0</ele></trkpt><trkpt lat="61.00403781" lon="14.49347718" /><trkpt lat="61.00409398" lon="14.49369637"><ele>183.0</ele></trkpt><trkpt lat="61.00414972" lon="14.49389760" /><trkpt lat="61.00420546" lon="14.49410780"><ele>182.0</ele></trkpt><trkpt lat="61.00427034" lon="14.49431801" /><trkpt lat="61.00434001" lon="14.49455516"><ele>181.0</ele></trkpt><trkpt lat="61.00437746" lon="14.49468362" /><trkpt lat="61.00441883" lon="14.49482017"><ele>180.0</ele></trkpt><trkpt lat="61.00446978" lon="14.49497557" /><trkpt lat="61.00452073" lon="14.49513008"><ele>180.0</ele></trkpt><trkpt lat="61.00456688" lon="14.49526663" /><trkpt lat="61.00461740" lon="14.49539419"><ele>180.0</ele></trkpt><trkpt lat="61.00466791" lon="14.49551277" /><trkpt lat="61.00471842" lon="14.49563045"><ele>180.0</ele></trkpt><trkpt lat="61.00476893" lon="14.49573914" /><trkpt lat="61.00482380" lon="14.49584784"><ele>180.0</ele></trkpt><trkpt lat="61.00487431" lon="14.49595653" /><trkpt lat="61.00492482" lon="14.49606613"><ele>180.0</ele></trkpt><trkpt lat="61.00497969" lon="14.49617483" /><trkpt lat="61.00503455" lon="14.49629250"><ele>180.0</ele></trkpt><trkpt lat="61.00508506" lon="14.49641018" /><trkpt lat="61.00514472" lon="14.49654673"><ele>180.0</ele></trkpt><trkpt lat="61.00520002" lon="14.49668327" /><trkpt lat="61.00529233" lon="14.49696534"><ele>179.0</ele></trkpt><trkpt lat="61.00532194" lon="14.49720519" /><trkpt lat="61.00533327" lon="14.49745403"><ele>179.0</ele></trkpt><trkpt lat="61.00532630" lon="14.49765794" /><trkpt lat="61.00531846" lon="14.49776844"><ele>179.0</ele></trkpt><trkpt lat="61.00523529" lon="14.49802176"><ele>179.0</ele></trkpt><trkpt lat="61.00515691" lon="14.49823736"><ele>179.0</ele></trkpt><trkpt lat="61.00507766" lon="14.49842600" /><trkpt lat="61.00500320" lon="14.49860477"><ele>179.0</ele></trkpt><trkpt lat="61.00489390" lon="14.49888594"><ele>179.0</ele></trkpt><trkpt lat="61.00482859" lon="14.49910154" /><trkpt lat="61.00476806" lon="14.49934408"><ele>179.0</ele></trkpt><trkpt lat="61.00472103" lon="14.49960549"><ele>179.0</ele></trkpt><trkpt lat="61.00468271" lon="14.49981929" /><trkpt lat="61.00464918" lon="14.50002411"><ele>179.0</ele></trkpt><trkpt lat="61.00461478" lon="14.50021006" /><trkpt lat="61.00460259" lon="14.50031247"><ele>179.0</ele></trkpt><trkpt lat="61.00457298" lon="14.50049842" /><trkpt lat="61.00454772" lon="14.50067538"><ele>179.0</ele></trkpt><trkpt lat="61.00452682" lon="14.50085145" /><trkpt lat="61.00450157" lon="14.50102842"><ele>180.0</ele></trkpt><trkpt lat="61.00448110" lon="14.50120449" /><trkpt lat="61.00445584" lon="14.50138146"><ele>180.0</ele></trkpt><trkpt lat="61.00442231" lon="14.50165096"><ele>180.0</ele></trkpt><trkpt lat="61.00439749" lon="14.50183691" /><trkpt lat="61.00437224" lon="14.50204082"><ele>180.0</ele></trkpt><trkpt lat="61.00434306" lon="14.50224564" /><trkpt lat="61.00431345" lon="14.50245944"><ele>180.0</ele></trkpt><trkpt lat="61.00427121" lon="14.50271097" /><trkpt lat="61.00423333" lon="14.50297148"><ele>180.0</ele></trkpt><trkpt lat="61.00419065" lon="14.50319516" /><trkpt lat="61.00415233" lon="14.50340896"><ele>180.0</ele></trkpt><trkpt lat="61.00411401" lon="14.50362276" /><trkpt lat="61.00407569" lon="14.50383745"><ele>180.0</ele></trkpt><trkpt lat="61.00403737" lon="14.50406114" /><trkpt lat="61.00399470" lon="14.50431177"><ele>180.0</ele></trkpt><trkpt lat="61.00397467" lon="14.50456240" /><trkpt lat="61.00398163" lon="14.50478428"><ele>180.0</ele></trkpt><trkpt lat="61.00396160" lon="14.50503401" /><trkpt lat="61.00391893" lon="14.50526757"><ele>180.0</ele></trkpt><trkpt lat="61.00387146" lon="14.50548137" /><trkpt lat="61.00382879" lon="14.50571493"><ele>180.0</ele></trkpt><trkpt lat="61.00380440" lon="14.50596556" /><trkpt lat="61.00381529" lon="14.50616768"><ele>180.0</ele></trkpt><trkpt lat="61.00382966" lon="14.50626021" /><trkpt lat="61.00387625" lon="14.50643359"><ele>180.0</ele></trkpt><trkpt lat="61.00393156" lon="14.50658810" /><trkpt lat="61.00399600" lon="14.50675249"><ele>180.0</ele></trkpt><trkpt lat="61.00407918" lon="14.50701659"><ele>180.0</ele></trkpt><trkpt lat="61.00411271" lon="14.50722770" /><trkpt lat="61.00412272" lon="14.50734807"><ele>180.0</ele></trkpt><trkpt lat="61.00412882" lon="14.50751426" /><trkpt lat="61.00413056" lon="14.50768045"><ele>180.0</ele></trkpt><trkpt lat="61.00412751" lon="14.50783765" /><trkpt lat="61.00412446" lon="14.50798587"><ele>180.0</ele></trkpt><trkpt lat="61.00410487" lon="14.50826345"><ele>180.0</ele></trkpt><trkpt lat="61.00408048" lon="14.50854193"><ele>180.0</ele></trkpt><trkpt lat="61.00405610" lon="14.50881143"><ele>180.0</ele></trkpt><trkpt lat="61.00402736" lon="14.50908990"><ele>180.0</ele></trkpt><trkpt lat="61.00401560" lon="14.50924711" /><trkpt lat="61.00400341" lon="14.50939533"><ele>180.0</ele></trkpt><trkpt lat="61.00399165" lon="14.50956242" /><trkpt lat="61.00398904" lon="14.50974747"><ele>180.0</ele></trkpt><trkpt lat="61.00397249" lon="14.50992354" /><trkpt lat="61.00396944" lon="14.51008075"><ele>180.0</ele></trkpt><trkpt lat="61.00397554" lon="14.51023795" /><trkpt lat="61.00402344" lon="14.51054967"><ele>180.0</ele></trkpt><trkpt lat="61.00407047" lon="14.51077964" /><trkpt lat="61.00413100" lon="14.51097996"><ele>180.0</ele></trkpt><trkpt lat="61.00420894" lon="14.51118028" /><trkpt lat="61.00425946" lon="14.51128898"><ele>180.0</ele></trkpt><trkpt lat="61.00434176" lon="14.51143361" /><trkpt lat="61.00442362" lon="14.51155039"><ele>180.0</ele></trkpt><trkpt lat="61.00450984" lon="14.51163932" /><trkpt lat="61.00459562" lon="14.51171927"><ele>179.0</ele></trkpt><trkpt lat="61.00468184" lon="14.51178934" /><trkpt lat="61.00477242" lon="14.51187827"><ele>179.0</ele></trkpt><trkpt lat="61.00490392" lon="14.51205794"><ele>179.0</ele></trkpt><trkpt lat="61.00495443" lon="14.51213879" /><trkpt lat="61.00501365" lon="14.51223850"><ele>179.0</ele></trkpt><trkpt lat="61.00510988" lon="14.51244691"><ele>179.0</ele></trkpt><trkpt lat="61.00517912" lon="14.51265711" /><trkpt lat="61.00521178" lon="14.51277569"><ele>178.0</ele></trkpt><trkpt lat="61.00524879" lon="14.51290325" /><trkpt lat="61.00531411" lon="14.51316915"><ele>178.0</ele></trkpt><trkpt lat="61.00536592" lon="14.51339822" /><trkpt lat="61.00541730" lon="14.51364526"><ele>178.0</ele></trkpt><trkpt lat="61.00546912" lon="14.51387433" /><trkpt lat="61.00551179" lon="14.51413125"><ele>178.0</ele></trkpt><trkpt lat="61.00553574" lon="14.51427857" /><trkpt lat="61.00555969" lon="14.51442500"><ele>177.0</ele></trkpt><trkpt lat="61.00559801" lon="14.51470078"><ele>177.0</ele></trkpt><trkpt lat="61.00560803" lon="14.51479331" /><trkpt lat="61.00562762" lon="14.51495860" /><trkpt lat="61.00565244" lon="14.51522540"><ele>176.0</ele></trkpt><trkpt lat="61.00566246" lon="14.51532691" /><trkpt lat="61.00568205" lon="14.51550208"><ele>176.0</ele></trkpt><trkpt lat="61.00570164" lon="14.51566737" /><trkpt lat="61.00571645" lon="14.51582368"><ele>176.0</ele></trkpt><trkpt lat="61.00573604" lon="14.51597100" /><trkpt lat="61.00576130" lon="14.51625666"><ele>175.0</ele></trkpt><trkpt lat="61.00578612" lon="14.51652346"><ele>175.0</ele></trkpt><trkpt lat="61.00580658" lon="14.51680014"><ele>175.0</ele></trkpt><trkpt lat="61.00581703" lon="14.51694747" /><trkpt lat="61.00582748" lon="14.51710467"><ele>175.0</ele></trkpt><trkpt lat="61.00583793" lon="14.51726996" /><trkpt lat="61.00584969" lon="14.51752868"><ele>174.0</ele></trkpt><trkpt lat="61.00586058" lon="14.51772271" /><trkpt lat="61.00587146" lon="14.51796256"><ele>173.0</ele></trkpt><trkpt lat="61.00588757" lon="14.51821140" /><trkpt lat="61.00592110" lon="14.51843148"><ele>173.0</ele></trkpt><trkpt lat="61.00598598" lon="14.51864169" /><trkpt lat="61.00603170" lon="14.51875039"><ele>173.0</ele></trkpt><trkpt lat="61.00616277" lon="14.51884740"><ele>173.0</ele></trkpt><trkpt lat="61.00627946" lon="14.51885190" /><trkpt lat="61.00638266" lon="14.51882854"><ele>172.0</ele></trkpt><trkpt lat="61.00647627" lon="14.51879710" /><trkpt lat="61.00657511" lon="14.51880249"><ele>172.0</ele></trkpt><trkpt lat="61.00663389" lon="14.51882764" /><trkpt lat="61.00671096" lon="14.51890849"><ele>171.0</ele></trkpt><trkpt lat="61.00676583" lon="14.51903515" /><trkpt lat="61.00682548" lon="14.51915283"><ele>171.0</ele></trkpt><trkpt lat="61.00691126" lon="14.51923278" /><trkpt lat="61.00699224" lon="14.51923907"><ele>170.0</ele></trkpt><trkpt lat="61.00707715" lon="14.51921661" /><trkpt lat="61.00715770" lon="14.51916720"><ele>170.0</ele></trkpt><trkpt lat="61.00723346" lon="14.51912768" /><trkpt lat="61.00730487" lon="14.51909624"><ele>169.0</ele></trkpt><trkpt lat="61.00737236" lon="14.51909354" /><trkpt lat="61.00743114" lon="14.51913756" /><trkpt lat="61.00749036" lon="14.51924626"><ele>169.0</ele></trkpt><trkpt lat="61.00752345" lon="14.51939268" /><trkpt lat="61.00753825" lon="14.51954001"><ele>168.0</ele></trkpt><trkpt lat="61.00753956" lon="14.51969721" /><trkpt lat="61.00754260" lon="14.52001162"><ele>168.0</ele></trkpt><trkpt lat="61.00754086" lon="14.52027932" /><trkpt lat="61.00752954" lon="14.52052007"><ele>168.0</ele></trkpt><trkpt lat="61.00751822" lon="14.52076082" /><trkpt lat="61.00750690" lon="14.52098360"><ele>168.0</ele></trkpt><trkpt lat="61.00750472" lon="14.52120548" /><trkpt lat="61.00751126" lon="14.52144533"><ele>167.0</ele></trkpt><trkpt lat="61.00753172" lon="14.52169417" /><trkpt lat="61.00756568" lon="14.52193312"><ele>167.0</ele></trkpt><trkpt lat="61.00760313" lon="14.52213524" /><trkpt lat="61.00762664" lon="14.52222687"><ele>167.0</ele></trkpt><trkpt lat="61.00766844" lon="14.52239126" /><trkpt lat="61.00771938" lon="14.52255565"><ele>167.0</ele></trkpt><trkpt lat="61.00777032" lon="14.52270118" /><trkpt lat="61.00782518" lon="14.52283772"><ele>167.0</ele></trkpt><trkpt lat="61.00788048" lon="14.52297427" /><trkpt lat="61.00794013" lon="14.52310183"><ele>166.0</ele></trkpt><trkpt lat="61.00799978" lon="14.52322849" /><trkpt lat="61.00805464" lon="14.52335605"><ele>165.0</ele></trkpt><trkpt lat="61.00811429" lon="14.52349169" /><trkpt lat="61.00816959" lon="14.52363722"><ele>165.0</ele></trkpt><trkpt lat="61.00822488" lon="14.52378365" /><trkpt lat="61.00827582" lon="14.52394804"><ele>165.0</ele></trkpt><trkpt lat="61.00835028" lon="14.52423101"><ele>165.0</ele></trkpt><trkpt lat="61.00837379" lon="14.52433162" /><trkpt lat="61.00840209" lon="14.52447894"><ele>165.0</ele></trkpt><trkpt lat="61.00842125" lon="14.52462627" /><trkpt lat="61.00844650" lon="14.52491103"><ele>165.0</ele></trkpt><trkpt lat="61.00845826" lon="14.52518861"><ele>165.0</ele></trkpt><trkpt lat="61.00846043" lon="14.52545631" /><trkpt lat="61.00846304" lon="14.52572401"><ele>165.0</ele></trkpt><trkpt lat="61.00847480" lon="14.52599171" /><trkpt lat="61.00850876" lon="14.52627737"><ele>165.0</ele></trkpt><trkpt lat="61.00853706" lon="14.52642380" /><trkpt lat="61.00860237" lon="14.52668970"><ele>165.0</ele></trkpt><trkpt lat="61.00869380" lon="14.52685229" /><trkpt lat="61.00880265" lon="14.52695829"><ele>165.0</ele></trkpt><trkpt lat="61.00893327" lon="14.52704543"><ele>165.0</ele></trkpt><trkpt lat="61.00905126" lon="14.52715233" /><trkpt lat="61.00909654" lon="14.52718736"><ele>165.0</ele></trkpt><trkpt lat="61.00918666" lon="14.52724845" /><trkpt lat="61.00927244" lon="14.52729067"><ele>165.0</ele></trkpt><trkpt lat="61.00935342" lon="14.52733379" /><trkpt lat="61.00943483" lon="14.52738589"><ele>164.0</ele></trkpt><trkpt lat="61.00951625" lon="14.52744788" /><trkpt lat="61.00960202" lon="14.52752693"><ele>164.0</ele></trkpt><trkpt lat="61.00969301" lon="14.52765269" /><trkpt lat="61.00978967" lon="14.52790781"><ele>164.0</ele></trkpt><trkpt lat="61.00981405" lon="14.52811083" /><trkpt lat="61.00982972" lon="14.52835068"><ele>164.0</ele></trkpt><trkpt lat="61.00984453" lon="14.52848812" /><trkpt lat="61.00985062" lon="14.52866330"><ele>163.0</ele></trkpt><trkpt lat="61.00985672" lon="14.52882948" /><trkpt lat="61.00985846" lon="14.52899657"><ele>163.0</ele></trkpt><trkpt lat="61.00984670" lon="14.52918162" /><trkpt lat="61.00982145" lon="14.52933973"><ele>163.0</ele></trkpt><trkpt lat="61.00980012" lon="14.52948885" /><trkpt lat="61.00974918" lon="14.52975834"><ele>163.0</ele></trkpt><trkpt lat="61.00969737" lon="14.53001077"><ele>163.0</ele></trkpt><trkpt lat="61.00965035" lon="14.53024343" /><trkpt lat="61.00959854" lon="14.53047699"><ele>163.0</ele></trkpt><trkpt lat="61.00955631" lon="14.53072762" /><trkpt lat="61.00951843" lon="14.53099712"><ele>163.0</ele></trkpt><trkpt lat="61.00950624" lon="14.53113636" /><trkpt lat="61.00949448" lon="14.53130344"><ele>162.0</ele></trkpt><trkpt lat="61.00947794" lon="14.53147951" /><trkpt lat="61.00947053" lon="14.53165558"><ele>162.0</ele></trkpt><trkpt lat="61.00946313" lon="14.53182267" /><trkpt lat="61.00946052" lon="14.53197988"><ele>162.0</ele></trkpt><trkpt lat="61.00946313" lon="14.53228440"><ele>162.0</ele></trkpt><trkpt lat="61.00947053" lon="14.53257097"><ele>162.0</ele></trkpt><trkpt lat="61.00947315" lon="14.53286651"><ele>162.0</ele></trkpt><trkpt lat="61.00947445" lon="14.53301474" /><trkpt lat="61.00947141" lon="14.53317194"><ele>162.0</ele></trkpt><trkpt lat="61.00946400" lon="14.53332915" /><trkpt lat="61.00945660" lon="14.53348725"><ele>162.0</ele></trkpt><trkpt lat="61.00944485" lon="14.53366332" /><trkpt lat="61.00941611" lon="14.53395078"><ele>162.0</ele></trkpt><trkpt lat="61.00938651" lon="14.53415560" /><trkpt lat="61.00937388" lon="14.53424812"><ele>162.0</ele></trkpt><trkpt lat="61.00934427" lon="14.53442509" /><trkpt lat="61.00930988" lon="14.53459308"><ele>162.0</ele></trkpt><trkpt lat="61.00927113" lon="14.53476106" /><trkpt lat="61.00922759" lon="14.53492006"><ele>162.0</ele></trkpt><trkpt lat="61.00917578" lon="14.53509703" /><trkpt lat="61.00907521" lon="14.53537910"><ele>162.0</ele></trkpt><trkpt lat="61.00897768" lon="14.53550307" /><trkpt lat="61.00887057" lon="14.53557224"><ele>162.0</ele></trkpt><trkpt lat="61.00875911" lon="14.53565938" /><trkpt lat="61.00864809" lon="14.53580221"><ele>162.0</ele></trkpt><trkpt lat="61.00859976" lon="14.53587856" /><trkpt lat="61.00851137" lon="14.53603936"><ele>162.0</ele></trkpt><trkpt lat="61.00838337" lon="14.53625675"><ele>162.0</ele></trkpt><trkpt lat="61.00827234" lon="14.53638162" /><trkpt lat="61.00817002" lon="14.53647774"><ele>162.0</ele></trkpt><trkpt lat="61.00807206" lon="14.53657476" /><trkpt lat="61.00797845" lon="14.53665201"><ele>162.0</ele></trkpt><trkpt lat="61.00788483" lon="14.53673017" /><trkpt lat="61.00784042" lon="14.53675891"><ele>162.0</ele></trkpt><trkpt lat="61.00775116" lon="14.53682719" /><trkpt lat="61.00766670" lon="14.53689546"><ele>162.0</ele></trkpt><trkpt lat="61.00757744" lon="14.53695475" /><trkpt lat="61.00749297" lon="14.53702302"><ele>163.0</ele></trkpt><trkpt lat="61.00740371" lon="14.53708141" /><trkpt lat="61.00727004" lon="14.53717932"><ele>163.0</ele></trkpt><trkpt lat="61.00722519" lon="14.53720897" /><trkpt lat="61.00712722" lon="14.53728712"><ele>163.0</ele></trkpt><trkpt lat="61.00702925" lon="14.53736528" /><trkpt lat="61.00692693" lon="14.53745241"><ele>163.0</ele></trkpt><trkpt lat="61.00682025" lon="14.53754853" /><trkpt lat="61.00673535" lon="14.53761680"><ele>164.0</ele></trkpt><trkpt lat="61.00663868" lon="14.53780545"><ele>164.0</ele></trkpt><trkpt lat="61.00663564" lon="14.53798152" /><trkpt lat="61.00664609" lon="14.53813783"><ele>164.0</ele></trkpt><trkpt lat="61.00665654" lon="14.53828605" /><trkpt lat="61.00667134" lon="14.53844236"><ele>164.0</ele></trkpt><trkpt lat="61.00669659" lon="14.53872802"><ele>165.0</ele></trkpt><trkpt lat="61.00672185" lon="14.53901368"><ele>165.0</ele></trkpt><trkpt lat="61.00674667" lon="14.53928048"><ele>165.0</ele></trkpt><trkpt lat="61.00677149" lon="14.53954728"><ele>165.0</ele></trkpt><trkpt lat="61.00679674" lon="14.53981498"><ele>165.0</ele></trkpt><trkpt lat="61.00682591" lon="14.54008178"><ele>164.0</ele></trkpt><trkpt lat="61.00685552" lon="14.54035756"><ele>164.0</ele></trkpt><trkpt lat="61.00687033" lon="14.54048602" /><trkpt lat="61.00689994" lon="14.54077169"><ele>164.0</ele></trkpt><trkpt lat="61.00691474" lon="14.54091901" /><trkpt lat="61.00692954" lon="14.54106633"><ele>164.0</ele></trkpt><trkpt lat="61.00694870" lon="14.54121366" /><trkpt lat="61.00696394" lon="14.54136997"><ele>164.0</ele></trkpt><trkpt lat="61.00698310" lon="14.54153615" /><trkpt lat="61.00699834" lon="14.54169246"><ele>164.0</ele></trkpt><trkpt lat="61.00701793" lon="14.54186673" /><trkpt lat="61.00703274" lon="14.54204191"><ele>164.0</ele></trkpt><trkpt lat="61.00705233" lon="14.54221708" /><trkpt lat="61.00707236" lon="14.54241021"><ele>164.0</ele></trkpt><trkpt lat="61.00709195" lon="14.54260335" /><trkpt lat="61.00711677" lon="14.54283422"><ele>164.0</ele></trkpt><trkpt lat="61.00712113" lon="14.54286117" /><trkpt lat="61.00751996" lon="14.54567469"><ele>164.0</ele></trkpt></trkseg></trk></gpx>