<?xml version='1.0' encoding='utf-8'?>
<gpx version="1.1" creator="Ultravasan route source cache" xmlns="http://www.topografix.com/GPX/1/1"><metadata><name>Trace de Trail ultravasan90-2023 · ITRA track 229687</name><desc>Coordinates transformed from the public map geometry on https://tracedetrail.fr/en/trace/229687. HTTP 200; content-type text/html; charset=UTF-8; fetched 2026-09-25T09:56:56+00:00; source-page SHA-256 dd40c985d634addfde4339ca2f3293ba125e5570434b3049f9eba9a27869a7ab. Candidate geometry only; see source audit before using as an edition route.</desc><link href="https://tracedetrail.fr/en/trace/229687"><text>Trace de Trail track 229687</text></link></metadata><trk><name>ultravasan90-2023 · Trace de Trail 229687</name><trkseg><trkpt lat="61.11006991" lon="13.29593937"><ele>350.0</ele></trkpt><trkpt lat="61.11026044" lon="13.29566808"><ele>349.0</ele></trkpt><trkpt lat="61.11045096" lon="13.29539678"><ele>348.0</ele></trkpt><trkpt lat="61.11072959" lon="13.29499973"><ele>348.0</ele></trkpt><trkpt lat="61.11086499" lon="13.29470508"><ele>347.0</ele></trkpt><trkpt lat="61.11106984" lon="13.29425952"><ele>347.0</ele></trkpt><trkpt lat="61.11098868" lon="13.29380407"><ele>347.0</ele></trkpt><trkpt lat="61.11090752" lon="13.29334863"><ele>347.0</ele></trkpt><trkpt lat="61.11077993" lon="13.29262997"><ele>347.0</ele></trkpt><trkpt lat="61.11093617" lon="13.29244582"><ele>347.0</ele></trkpt><trkpt lat="61.11112973" lon="13.29221944"><ele>347.0</ele></trkpt><trkpt lat="61.11135496" lon="13.29205865"><ele>347.0</ele></trkpt><trkpt lat="61.11158020" lon="13.29189785"><ele>347.0</ele></trkpt><trkpt lat="61.11196991" lon="13.29161937"><ele>347.0</ele></trkpt><trkpt lat="61.11217996" lon="13.29156727"><ele>347.0</ele></trkpt><trkpt lat="61.11256966" lon="13.29146935"><ele>347.0</ele></trkpt><trkpt lat="61.11281399" lon="13.29141994"><ele>347.0</ele></trkpt><trkpt lat="61.11305787" lon="13.29137054"><ele>346.0</ele></trkpt><trkpt lat="61.11330219" lon="13.29132203"><ele>346.0</ele></trkpt><trkpt lat="61.11355996" lon="13.29126992"><ele>346.0</ele></trkpt><trkpt lat="61.11373701" lon="13.29126992"><ele>347.0</ele></trkpt><trkpt lat="61.11394965" lon="13.29126992"><ele>347.0</ele></trkpt><trkpt lat="61.11411108" lon="13.29135257"><ele>347.0</ele></trkpt><trkpt lat="61.11427988" lon="13.29143971"><ele>347.0</ele></trkpt><trkpt lat="61.11454242" lon="13.29129867"><ele>347.0</ele></trkpt><trkpt lat="61.11480495" lon="13.29115674"><ele>347.0</ele></trkpt><trkpt lat="61.11506748" lon="13.29101570"><ele>347.0</ele></trkpt><trkpt lat="61.11533044" lon="13.29087467"><ele>347.0</ele></trkpt><trkpt lat="61.11559297" lon="13.29073273"><ele>347.0</ele></trkpt><trkpt lat="61.11585983" lon="13.29058990"><ele>348.0</ele></trkpt><trkpt lat="61.11610977" lon="13.29050366"><ele>348.0</ele></trkpt><trkpt lat="61.11635971" lon="13.29041742"><ele>348.0</ele></trkpt><trkpt lat="61.11660964" lon="13.29033029"><ele>348.0</ele></trkpt><trkpt lat="61.11698975" lon="13.29019913"><ele>349.0</ele></trkpt><trkpt lat="61.11720800" lon="13.28999791"><ele>349.0</ele></trkpt><trkpt lat="61.11742582" lon="13.28979579"><ele>348.0</ele></trkpt><trkpt lat="61.11780982" lon="13.28943916"><ele>348.0</ele></trkpt><trkpt lat="61.11791222" lon="13.28905019"><ele>348.0</ele></trkpt><trkpt lat="61.11810964" lon="13.28829920"><ele>349.0</ele></trkpt><trkpt lat="61.11831617" lon="13.28809887"><ele>349.0</ele></trkpt><trkpt lat="61.11852270" lon="13.28789855"><ele>349.0</ele></trkpt><trkpt lat="61.11879995" lon="13.28762995"><ele>349.0</ele></trkpt><trkpt lat="61.11896006" lon="13.28773146"><ele>349.0</ele></trkpt><trkpt lat="61.11912970" lon="13.28783926"><ele>350.0</ele></trkpt><trkpt lat="61.11927375" lon="13.28818780"><ele>351.0</ele></trkpt><trkpt lat="61.11941736" lon="13.28853635"><ele>354.0</ele></trkpt><trkpt lat="61.11957963" lon="13.28892981"><ele>355.0</ele></trkpt><trkpt lat="61.11963039" lon="13.28934753"><ele>355.0</ele></trkpt><trkpt lat="61.11971977" lon="13.29008954"><ele>355.0</ele></trkpt><trkpt lat="61.11984603" lon="13.29050815"><ele>354.0</ele></trkpt><trkpt lat="61.11997185" lon="13.29092587"><ele>354.0</ele></trkpt><trkpt lat="61.12018965" lon="13.29164991"><ele>353.0</ele></trkpt><trkpt lat="61.12040571" lon="13.29182508"><ele>353.0</ele></trkpt><trkpt lat="61.12062134" lon="13.29200025"><ele>353.0</ele></trkpt><trkpt lat="61.12093979" lon="13.29225987"><ele>354.0</ele></trkpt><trkpt lat="61.12117971" lon="13.29263986"><ele>354.0</ele></trkpt><trkpt lat="61.12116322" lon="13.29303601"><ele>355.0</ele></trkpt><trkpt lat="61.12113979" lon="13.29360914"><ele>356.0</ele></trkpt><trkpt lat="61.12099141" lon="13.29381665"><ele>356.0</ele></trkpt><trkpt lat="61.12080963" lon="13.29406997"><ele>356.0</ele></trkpt><trkpt lat="61.12065995" lon="13.29458920"><ele>357.0</ele></trkpt><trkpt lat="61.12075974" lon="13.29482995"><ele>357.0</ele></trkpt><trkpt lat="61.12097797" lon="13.29491798"><ele>358.0</ele></trkpt><trkpt lat="61.12119619" lon="13.29500692"><ele>358.0</ele></trkpt><trkpt lat="61.12144999" lon="13.29510932"><ele>358.0</ele></trkpt><trkpt lat="61.12159967" lon="13.29528989"><ele>358.0</ele></trkpt><trkpt lat="61.12168991" lon="13.29565999"><ele>359.0</ele></trkpt><trkpt lat="61.12164175" lon="13.29599596"><ele>359.0</ele></trkpt><trkpt lat="61.12158969" lon="13.29635978"><ele>360.0</ele></trkpt><trkpt lat="61.12147212" lon="13.29663556"><ele>361.0</ele></trkpt><trkpt lat="61.12132982" lon="13.29696974"><ele>362.0</ele></trkpt><trkpt lat="61.12124999" lon="13.29740632"><ele>366.0</ele></trkpt><trkpt lat="61.12117016" lon="13.29784200"><ele>369.0</ele></trkpt><trkpt lat="61.12106994" lon="13.29838997"><ele>373.0</ele></trkpt><trkpt lat="61.12107732" lon="13.29897837"><ele>378.0</ele></trkpt><trkpt lat="61.12108469" lon="13.29956766"><ele>386.0</ele></trkpt><trkpt lat="61.12109250" lon="13.30015606"><ele>394.0</ele></trkpt><trkpt lat="61.12109988" lon="13.30074535"><ele>400.0</ele></trkpt><trkpt lat="61.12110725" lon="13.30133375"><ele>404.0</ele></trkpt><trkpt lat="61.12111506" lon="13.30192305"><ele>408.0</ele></trkpt><trkpt lat="61.12112981" lon="13.30307918"><ele>414.0</ele></trkpt><trkpt lat="61.12106604" lon="13.30354001"><ele>416.0</ele></trkpt><trkpt lat="61.12100226" lon="13.30399995"><ele>418.0</ele></trkpt><trkpt lat="61.12090985" lon="13.30466920"><ele>421.0</ele></trkpt><trkpt lat="61.12076972" lon="13.30501235"><ele>423.0</ele></trkpt><trkpt lat="61.12063001" lon="13.30535641"><ele>425.0</ele></trkpt><trkpt lat="61.12048988" lon="13.30569956"><ele>426.0</ele></trkpt><trkpt lat="61.12041786" lon="13.30624843"><ele>429.0</ele></trkpt><trkpt lat="61.12034627" lon="13.30679730"><ele>431.0</ele></trkpt><trkpt lat="61.12027468" lon="13.30734617"><ele>434.0</ele></trkpt><trkpt lat="61.12020266" lon="13.30789505"><ele>436.0</ele></trkpt><trkpt lat="61.12013107" lon="13.30844392"><ele>439.0</ele></trkpt><trkpt lat="61.12002998" lon="13.30921916"><ele>441.0</ele></trkpt><trkpt lat="61.11999137" lon="13.30977522"><ele>444.0</ele></trkpt><trkpt lat="61.11995276" lon="13.31033038"><ele>447.0</ele></trkpt><trkpt lat="61.11991458" lon="13.31088554"><ele>449.0</ele></trkpt><trkpt lat="61.11987596" lon="13.31144070"><ele>452.0</ele></trkpt><trkpt lat="61.11979960" lon="13.31253934"><ele>457.0</ele></trkpt><trkpt lat="61.11984342" lon="13.31311965"><ele>459.0</ele></trkpt><trkpt lat="61.11988724" lon="13.31369906"><ele>461.0</ele></trkpt><trkpt lat="61.11993106" lon="13.31427937"><ele>464.0</ele></trkpt><trkpt lat="61.11997488" lon="13.31485879"><ele>467.0</ele></trkpt><trkpt lat="61.12001870" lon="13.31543910"><ele>470.0</ele></trkpt><trkpt lat="61.12006252" lon="13.31601851"><ele>474.0</ele></trkpt><trkpt lat="61.12013975" lon="13.31703990"><ele>480.0</ele></trkpt><trkpt lat="61.12030722" lon="13.31740012"><ele>483.0</ele></trkpt><trkpt lat="61.12047469" lon="13.31776034"><ele>485.0</ele></trkpt><trkpt lat="61.12078967" lon="13.31843947"><ele>492.0</ele></trkpt><trkpt lat="61.12085952" lon="13.31877005"><ele>494.0</ele></trkpt><trkpt lat="61.12093979" lon="13.31914914"><ele>497.0</ele></trkpt><trkpt lat="61.12098751" lon="13.31964411"><ele>499.0</ele></trkpt><trkpt lat="61.12103523" lon="13.32013908"><ele>501.0</ele></trkpt><trkpt lat="61.12112981" lon="13.32111914"><ele>503.0</ele></trkpt><trkpt lat="61.12120791" lon="13.32142278"><ele>504.0</ele></trkpt><trkpt lat="61.12128990" lon="13.32173988"><ele>505.0</ele></trkpt><trkpt lat="61.12132852" lon="13.32226989"><ele>506.0</ele></trkpt><trkpt lat="61.12136713" lon="13.32280079"><ele>507.0</ele></trkpt><trkpt lat="61.12140574" lon="13.32333170"><ele>508.0</ele></trkpt><trkpt lat="61.12147993" lon="13.32434949"><ele>510.0</ele></trkpt><trkpt lat="61.12154240" lon="13.32469893"><ele>511.0</ele></trkpt><trkpt lat="61.12161963" lon="13.32512922"><ele>513.0</ele></trkpt><trkpt lat="61.12172722" lon="13.32539333"><ele>513.0</ele></trkpt><trkpt lat="61.12183958" lon="13.32566911"><ele>514.0</ele></trkpt><trkpt lat="61.12179186" lon="13.32603652"><ele>515.0</ele></trkpt><trkpt lat="61.12172982" lon="13.32650993"><ele>516.0</ele></trkpt><trkpt lat="61.12155976" lon="13.32698964"><ele>517.0</ele></trkpt><trkpt lat="61.12133980" lon="13.32723937"><ele>518.0</ele></trkpt><trkpt lat="61.12121962" lon="13.32783944"><ele>519.0</ele></trkpt><trkpt lat="61.12107081" lon="13.32829668"><ele>519.0</ele></trkpt><trkpt lat="61.12092200" lon="13.32875393"><ele>519.0</ele></trkpt><trkpt lat="61.12077319" lon="13.32921117"><ele>519.0</ele></trkpt><trkpt lat="61.12062437" lon="13.32966931"><ele>519.0</ele></trkpt><trkpt lat="61.12039964" lon="13.33035922"><ele>519.0</ele></trkpt><trkpt lat="61.12029291" lon="13.33083442"><ele>519.0</ele></trkpt><trkpt lat="61.12018574" lon="13.33130874"><ele>518.0</ele></trkpt><trkpt lat="61.12007901" lon="13.33178305"><ele>518.0</ele></trkpt><trkpt lat="61.11991978" lon="13.33248912"><ele>518.0</ele></trkpt><trkpt lat="61.11993670" lon="13.33299847"><ele>518.0</ele></trkpt><trkpt lat="61.11995362" lon="13.33350781"><ele>517.0</ele></trkpt><trkpt lat="61.11997054" lon="13.33401716"><ele>517.0</ele></trkpt><trkpt lat="61.11998963" lon="13.33458938"><ele>517.0</ele></trkpt><trkpt lat="61.11988117" lon="13.33484630"><ele>517.0</ele></trkpt><trkpt lat="61.11976966" lon="13.33510951"><ele>517.0</ele></trkpt><trkpt lat="61.11975188" lon="13.33560987"><ele>517.0</ele></trkpt><trkpt lat="61.11973409" lon="13.33611023"><ele>517.0</ele></trkpt><trkpt lat="61.11969981" lon="13.33706963"><ele>517.0</ele></trkpt><trkpt lat="61.11978442" lon="13.33739931"><ele>517.0</ele></trkpt><trkpt lat="61.11988985" lon="13.33780984"><ele>517.0</ele></trkpt><trkpt lat="61.12008769" lon="13.33810898"><ele>517.0</ele></trkpt><trkpt lat="61.12028553" lon="13.33840812"><ele>517.0</ele></trkpt><trkpt lat="61.12048337" lon="13.33870726"><ele>518.0</ele></trkpt><trkpt lat="61.12068989" lon="13.33901987"><ele>518.0</ele></trkpt><trkpt lat="61.12081961" lon="13.33950946"><ele>519.0</ele></trkpt><trkpt lat="61.12079965" lon="13.33986968"><ele>519.0</ele></trkpt><trkpt lat="61.12065691" lon="13.34022182"><ele>519.0</ele></trkpt><trkpt lat="61.12051417" lon="13.34057396"><ele>519.0</ele></trkpt><trkpt lat="61.12034974" lon="13.34098000"><ele>518.0</ele></trkpt><trkpt lat="61.12026210" lon="13.34132675"><ele>518.0</ele></trkpt><trkpt lat="61.12013975" lon="13.34180914"><ele>517.0</ele></trkpt><trkpt lat="61.12012587" lon="13.34216847"><ele>517.0</ele></trkpt><trkpt lat="61.12010982" lon="13.34257990"><ele>516.0</ele></trkpt><trkpt lat="61.12013585" lon="13.34299941"><ele>515.0</ele></trkpt><trkpt lat="61.12017967" lon="13.34370998"><ele>512.0</ele></trkpt><trkpt lat="61.12026687" lon="13.34414476"><ele>512.0</ele></trkpt><trkpt lat="61.12035408" lon="13.34458045"><ele>511.0</ele></trkpt><trkpt lat="61.12046992" lon="13.34515986"><ele>510.0</ele></trkpt><trkpt lat="61.12056754" lon="13.34549044"><ele>509.0</ele></trkpt><trkpt lat="61.12069986" lon="13.34593960"><ele>508.0</ele></trkpt><trkpt lat="61.12059964" lon="13.34568986"><ele>508.0</ele></trkpt><trkpt lat="61.12071245" lon="13.34596116"><ele>508.0</ele></trkpt><trkpt lat="61.12084000" lon="13.34626928"><ele>508.0</ele></trkpt><trkpt lat="61.12102959" lon="13.34659357"><ele>508.0</ele></trkpt><trkpt lat="61.12121962" lon="13.34691786"><ele>508.0</ele></trkpt><trkpt lat="61.12140964" lon="13.34724125"><ele>509.0</ele></trkpt><trkpt lat="61.12161963" lon="13.34759968"><ele>509.0</ele></trkpt><trkpt lat="61.12170726" lon="13.34794913"><ele>509.0</ele></trkpt><trkpt lat="61.12182961" lon="13.34843961"><ele>510.0</ele></trkpt><trkpt lat="61.12208167" lon="13.34830396"><ele>511.0</ele></trkpt><trkpt lat="61.12233372" lon="13.34816742"><ele>514.0</ele></trkpt><trkpt lat="61.12258535" lon="13.34803177"><ele>515.0</ele></trkpt><trkpt lat="61.12283740" lon="13.34789613"><ele>516.0</ele></trkpt><trkpt lat="61.12308989" lon="13.34775958"><ele>517.0</ele></trkpt><trkpt lat="61.12336580" lon="13.34773982"><ele>518.0</ele></trkpt><trkpt lat="61.12364214" lon="13.34772006"><ele>519.0</ele></trkpt><trkpt lat="61.12391804" lon="13.34770029"><ele>520.0</ele></trkpt><trkpt lat="61.12419438" lon="13.34768143"><ele>520.0</ele></trkpt><trkpt lat="61.12447028" lon="13.34766167"><ele>520.0</ele></trkpt><trkpt lat="61.12491970" lon="13.34762933"><ele>520.0</ele></trkpt><trkpt lat="61.12509235" lon="13.34751434"><ele>520.0</ele></trkpt><trkpt lat="61.12530968" lon="13.34736971"><ele>520.0</ele></trkpt><trkpt lat="61.12554957" lon="13.34698973"><ele>520.0</ele></trkpt><trkpt lat="61.12561984" lon="13.34709932" /><trkpt lat="61.12582979" lon="13.34769940"><ele>519.0</ele></trkpt><trkpt lat="61.12592783" lon="13.34816562"><ele>518.0</ele></trkpt><trkpt lat="61.12602586" lon="13.34863185"><ele>517.0</ele></trkpt><trkpt lat="61.12612433" lon="13.34909807"><ele>516.0</ele></trkpt><trkpt lat="61.12622974" lon="13.34959933"><ele>515.0</ele></trkpt><trkpt lat="61.12637506" lon="13.35005388"><ele>515.0</ele></trkpt><trkpt lat="61.12651994" lon="13.35050843"><ele>514.0</ele></trkpt><trkpt lat="61.12666525" lon="13.35096298"><ele>513.0</ele></trkpt><trkpt lat="61.12681057" lon="13.35141842"><ele>512.0</ele></trkpt><trkpt lat="61.12698971" lon="13.35197987"><ele>511.0</ele></trkpt><trkpt lat="61.12716626" lon="13.35238231"><ele>511.0</ele></trkpt><trkpt lat="61.12734323" lon="13.35278566"><ele>510.0</ele></trkpt><trkpt lat="61.12751978" lon="13.35318900"><ele>509.0</ele></trkpt><trkpt lat="61.12769632" lon="13.35359234"><ele>508.0</ele></trkpt><trkpt lat="61.12790973" lon="13.35407923"><ele>506.0</ele></trkpt><trkpt lat="61.12796958" lon="13.35461912"><ele>506.0</ele></trkpt><trkpt lat="61.12796698" lon="13.35509343"><ele>505.0</ele></trkpt><trkpt lat="61.12796395" lon="13.35556774"><ele>504.0</ele></trkpt><trkpt lat="61.12795961" lon="13.35621992"><ele>504.0</ele></trkpt><trkpt lat="61.12799257" lon="13.35678316"><ele>504.0</ele></trkpt><trkpt lat="61.12802554" lon="13.35734730"><ele>503.0</ele></trkpt><trkpt lat="61.12805894" lon="13.35791055"><ele>503.0</ele></trkpt><trkpt lat="61.12809190" lon="13.35847469"><ele>502.0</ele></trkpt><trkpt lat="61.12812487" lon="13.35903883"><ele>502.0</ele></trkpt><trkpt lat="61.12816998" lon="13.35980958"><ele>501.0</ele></trkpt><trkpt lat="61.12813224" lon="13.36029647"><ele>501.0</ele></trkpt><trkpt lat="61.12809494" lon="13.36078426"><ele>501.0</ele></trkpt><trkpt lat="61.12802988" lon="13.36162957"><ele>500.0</ele></trkpt><trkpt lat="61.12790973" lon="13.36206615"><ele>500.0</ele></trkpt><trkpt lat="61.12779001" lon="13.36250184"><ele>500.0</ele></trkpt><trkpt lat="61.12755968" lon="13.36333996"><ele>500.0</ele></trkpt><trkpt lat="61.12750286" lon="13.36372175"><ele>500.0</ele></trkpt><trkpt lat="61.12741958" lon="13.36427960"><ele>500.0</ele></trkpt><trkpt lat="61.12744777" lon="13.36468115"><ele>500.0</ele></trkpt><trkpt lat="61.12748985" lon="13.36528931"><ele>500.0</ele></trkpt><trkpt lat="61.12760002" lon="13.36579057"><ele>500.0</ele></trkpt><trkpt lat="61.12770976" lon="13.36629093"><ele>500.0</ele></trkpt><trkpt lat="61.12781994" lon="13.36679219"><ele>500.0</ele></trkpt><trkpt lat="61.12793011" lon="13.36729255"><ele>500.0</ele></trkpt><trkpt lat="61.12808973" lon="13.36801929"><ele>500.0</ele></trkpt><trkpt lat="61.12814178" lon="13.36842892"><ele>500.0</ele></trkpt><trkpt lat="61.12822984" lon="13.36911972"><ele>500.0</ele></trkpt><trkpt lat="61.12823764" lon="13.36952936"><ele>500.0</ele></trkpt><trkpt lat="61.12824979" lon="13.37016985"><ele>500.0</ele></trkpt><trkpt lat="61.12821899" lon="13.37060644"><ele>500.0</ele></trkpt><trkpt lat="61.12815957" lon="13.37143917"><ele>500.0</ele></trkpt><trkpt lat="61.12807802" lon="13.37194493"><ele>500.0</ele></trkpt><trkpt lat="61.12799648" lon="13.37244978"><ele>500.0</ele></trkpt><trkpt lat="61.12791450" lon="13.37295463"><ele>500.0</ele></trkpt><trkpt lat="61.12776962" lon="13.37384935"><ele>500.0</ele></trkpt><trkpt lat="61.12775834" lon="13.37437038"><ele>500.0</ele></trkpt><trkpt lat="61.12774707" lon="13.37489230"><ele>500.0</ele></trkpt><trkpt lat="61.12773579" lon="13.37541332"><ele>499.0</ele></trkpt><trkpt lat="61.12771974" lon="13.37615982"><ele>499.0</ele></trkpt><trkpt lat="61.12764990" lon="13.37656047"><ele>499.0</ele></trkpt><trkpt lat="61.12752975" lon="13.37724948"><ele>499.0</ele></trkpt><trkpt lat="61.12742999" lon="13.37767977"><ele>499.0</ele></trkpt><trkpt lat="61.12729986" lon="13.37793489"><ele>500.0</ele></trkpt><trkpt lat="61.12713980" lon="13.37824930"><ele>500.0</ele></trkpt><trkpt lat="61.12696933" lon="13.37847298"><ele>500.0</ele></trkpt><trkpt lat="61.12668998" lon="13.37883950"><ele>500.0</ele></trkpt><trkpt lat="61.12655291" lon="13.37917277"><ele>500.0</ele></trkpt><trkpt lat="61.12629958" lon="13.37978991"><ele>500.0</ele></trkpt><trkpt lat="61.12627485" lon="13.38017978"><ele>499.0</ele></trkpt><trkpt lat="61.12623972" lon="13.38072955"><ele>497.0</ele></trkpt><trkpt lat="61.12624536" lon="13.38127662"><ele>496.0</ele></trkpt><trkpt lat="61.12625100" lon="13.38182460"><ele>493.0</ele></trkpt><trkpt lat="61.12625664" lon="13.38237167"><ele>492.0</ele></trkpt><trkpt lat="61.12626227" lon="13.38291874"><ele>490.0</ele></trkpt><trkpt lat="61.12626965" lon="13.38364997"><ele>488.0</ele></trkpt><trkpt lat="61.12623104" lon="13.38414315"><ele>488.0</ele></trkpt><trkpt lat="61.12619244" lon="13.38463632"><ele>488.0</ele></trkpt><trkpt lat="61.12611999" lon="13.38555979"><ele>489.0</ele></trkpt><trkpt lat="61.12604495" lon="13.38597661"><ele>490.0</ele></trkpt><trkpt lat="61.12589963" lon="13.38678959"><ele>492.0</ele></trkpt><trkpt lat="61.12579032" lon="13.38721808"><ele>494.0</ele></trkpt><trkpt lat="61.12568100" lon="13.38764748"><ele>496.0</ele></trkpt><trkpt lat="61.12550966" lon="13.38831942"><ele>497.0</ele></trkpt><trkpt lat="61.12534829" lon="13.38878834"><ele>499.0</ele></trkpt><trkpt lat="61.12518648" lon="13.38925816"><ele>500.0</ele></trkpt><trkpt lat="61.12502468" lon="13.38972708"><ele>500.0</ele></trkpt><trkpt lat="61.12486287" lon="13.39019690"><ele>500.0</ele></trkpt><trkpt lat="61.12470106" lon="13.39066582"><ele>500.0</ele></trkpt><trkpt lat="61.12438959" lon="13.39156952"><ele>500.0</ele></trkpt><trkpt lat="61.12423819" lon="13.39190729"><ele>500.0</ele></trkpt><trkpt lat="61.12408680" lon="13.39224505"><ele>500.0</ele></trkpt><trkpt lat="61.12390980" lon="13.39263941"><ele>499.0</ele></trkpt><trkpt lat="61.12382998" lon="13.39305983"><ele>499.0</ele></trkpt><trkpt lat="61.12386989" lon="13.39349910"><ele>498.0</ele></trkpt><trkpt lat="61.12362522" lon="13.39363475"><ele>498.0</ele></trkpt><trkpt lat="61.12338098" lon="13.39377039"><ele>498.0</ele></trkpt><trkpt lat="61.12313630" lon="13.39390604"><ele>497.0</ele></trkpt><trkpt lat="61.12276972" lon="13.39410996"><ele>496.0</ele></trkpt><trkpt lat="61.12256929" lon="13.39435789"><ele>496.0</ele></trkpt><trkpt lat="61.12236886" lon="13.39460672"><ele>495.0</ele></trkpt><trkpt lat="61.12205997" lon="13.39498941"><ele>495.0</ele></trkpt><trkpt lat="61.12184219" lon="13.39507295"><ele>495.0</ele></trkpt><trkpt lat="61.12162440" lon="13.39515560"><ele>495.0</ele></trkpt><trkpt lat="61.12137971" lon="13.39524992"><ele>495.0</ele></trkpt><trkpt lat="61.12114977" lon="13.39554996"><ele>495.0</ele></trkpt><trkpt lat="61.12095757" lon="13.39566853"><ele>495.0</ele></trkpt><trkpt lat="61.12064997" lon="13.39585987"><ele>495.0</ele></trkpt><trkpt lat="61.12046688" lon="13.39610242"><ele>495.0</ele></trkpt><trkpt lat="61.12028423" lon="13.39634497"><ele>496.0</ele></trkpt><trkpt lat="61.12009984" lon="13.39658931"><ele>496.0</ele></trkpt><trkpt lat="61.12030766" lon="13.39694324"><ele>496.0</ele></trkpt><trkpt lat="61.12051548" lon="13.39729628"><ele>496.0</ele></trkpt><trkpt lat="61.12072373" lon="13.39765022"><ele>496.0</ele></trkpt><trkpt lat="61.12093154" lon="13.39800326"><ele>497.0</ele></trkpt><trkpt lat="61.12129988" lon="13.39862938"><ele>500.0</ele></trkpt><trkpt lat="61.12140834" lon="13.39888630"><ele>501.0</ele></trkpt><trkpt lat="61.12151984" lon="13.39914951"><ele>502.0</ele></trkpt><trkpt lat="61.12156973" lon="13.39949985"><ele>504.0</ele></trkpt><trkpt lat="61.12154848" lon="13.39988523"><ele>505.0</ele></trkpt><trkpt lat="61.12151984" lon="13.40040984"><ele>506.0</ele></trkpt><trkpt lat="61.12139359" lon="13.40081858"><ele>511.0</ele></trkpt><trkpt lat="61.12126778" lon="13.40122731"><ele>513.0</ele></trkpt><trkpt lat="61.12106994" lon="13.40186960"><ele>518.0</ele></trkpt><trkpt lat="61.12102829" lon="13.40225318"><ele>518.0</ele></trkpt><trkpt lat="61.12096972" lon="13.40278948"><ele>517.0</ele></trkpt><trkpt lat="61.12106517" lon="13.40333565"><ele>516.0</ele></trkpt><trkpt lat="61.12116018" lon="13.40388183"><ele>512.0</ele></trkpt><trkpt lat="61.12125520" lon="13.40442890"><ele>509.0</ele></trkpt><trkpt lat="61.12135064" lon="13.40497508"><ele>506.0</ele></trkpt><trkpt lat="61.12144565" lon="13.40552126"><ele>504.0</ele></trkpt><trkpt lat="61.12154110" lon="13.40606743"><ele>502.0</ele></trkpt><trkpt lat="61.12165997" lon="13.40674925"><ele>502.0</ele></trkpt><trkpt lat="61.12172418" lon="13.40724422"><ele>501.0</ele></trkpt><trkpt lat="61.12178882" lon="13.40773920"><ele>501.0</ele></trkpt><trkpt lat="61.12185347" lon="13.40823417"><ele>501.0</ele></trkpt><trkpt lat="61.12192982" lon="13.40881987"><ele>501.0</ele></trkpt><trkpt lat="61.12187993" lon="13.40942983"><ele>501.0</ele></trkpt><trkpt lat="61.12179013" lon="13.40991402"><ele>502.0</ele></trkpt><trkpt lat="61.12170075" lon="13.41039911"><ele>502.0</ele></trkpt><trkpt lat="61.12161095" lon="13.41088330"><ele>504.0</ele></trkpt><trkpt lat="61.12148991" lon="13.41153997"><ele>506.0</ele></trkpt><trkpt lat="61.12136886" lon="13.41212118"><ele>506.0</ele></trkpt><trkpt lat="61.12124782" lon="13.41270329"><ele>505.0</ele></trkpt><trkpt lat="61.12112678" lon="13.41328539"><ele>504.0</ele></trkpt><trkpt lat="61.12100573" lon="13.41386750"><ele>504.0</ele></trkpt><trkpt lat="61.12088469" lon="13.41444871"><ele>503.0</ele></trkpt><trkpt lat="61.12076364" lon="13.41503082"><ele>503.0</ele></trkpt><trkpt lat="61.12064260" lon="13.41561293"><ele>501.0</ele></trkpt><trkpt lat="61.12052155" lon="13.41619504"><ele>499.0</ele></trkpt><trkpt lat="61.12040050" lon="13.41677625"><ele>498.0</ele></trkpt><trkpt lat="61.12027946" lon="13.41735836"><ele>498.0</ele></trkpt><trkpt lat="61.12015841" lon="13.41794046"><ele>498.0</ele></trkpt><trkpt lat="61.12003736" lon="13.41852257"><ele>497.0</ele></trkpt><trkpt lat="61.11991631" lon="13.41910468"><ele>494.0</ele></trkpt><trkpt lat="61.11979526" lon="13.41968589"><ele>494.0</ele></trkpt><trkpt lat="61.11967421" lon="13.42026800"><ele>492.0</ele></trkpt><trkpt lat="61.11945988" lon="13.42129927"><ele>488.0</ele></trkpt><trkpt lat="61.11942474" lon="13.42167117"><ele>486.0</ele></trkpt><trkpt lat="61.11937961" lon="13.42214997"><ele>484.0</ele></trkpt><trkpt lat="61.11939957" lon="13.42281921"><ele>481.0</ele></trkpt><trkpt lat="61.11949155" lon="13.42319022"><ele>479.0</ele></trkpt><trkpt lat="61.11963994" lon="13.42378940"><ele>476.0</ele></trkpt><trkpt lat="61.11978311" lon="13.42402835"><ele>475.0</ele></trkpt><trkpt lat="61.11996968" lon="13.42433916"><ele>475.0</ele></trkpt><trkpt lat="61.12012500" lon="13.42447032"><ele>475.0</ele></trkpt><trkpt lat="61.12028987" lon="13.42460956"><ele>475.0</ele></trkpt><trkpt lat="61.12049682" lon="13.42462034"><ele>475.0</ele></trkpt><trkpt lat="61.12085996" lon="13.42463920"><ele>475.0</ele></trkpt><trkpt lat="61.12104348" lon="13.42452152"><ele>475.0</ele></trkpt><trkpt lat="61.12130986" lon="13.42434994"><ele>476.0</ele></trkpt><trkpt lat="61.12151854" lon="13.42429605"><ele>476.0</ele></trkpt><trkpt lat="61.12189989" lon="13.42419993"><ele>477.0</ele></trkpt><trkpt lat="61.12218969" lon="13.42443978"><ele>478.0</ele></trkpt><trkpt lat="61.12235281" lon="13.42470478"><ele>478.0</ele></trkpt><trkpt lat="61.12263957" lon="13.42516921"><ele>478.0</ele></trkpt><trkpt lat="61.12283957" lon="13.42527970"><ele>479.0</ele></trkpt><trkpt lat="61.12307557" lon="13.42516022"><ele>479.0</ele></trkpt><trkpt lat="61.12331157" lon="13.42504075"><ele>480.0</ele></trkpt><trkpt lat="61.12376968" lon="13.42480988"><ele>481.0</ele></trkpt><trkpt lat="61.12392976" lon="13.42519975"><ele>482.0</ele></trkpt><trkpt lat="61.12400047" lon="13.42563274"><ele>482.0</ele></trkpt><trkpt lat="61.12407118" lon="13.42606662"><ele>482.0</ele></trkpt><trkpt lat="61.12414970" lon="13.42654992"><ele>482.0</ele></trkpt><trkpt lat="61.12398962" lon="13.42681941"><ele>482.0</ele></trkpt><trkpt lat="61.12380048" lon="13.42693350"><ele>481.0</ele></trkpt><trkpt lat="61.12350982" lon="13.42710957"><ele>480.0</ele></trkpt><trkpt lat="61.12333716" lon="13.42730989"><ele>479.0</ele></trkpt><trkpt lat="61.12306993" lon="13.42761981"><ele>478.0</ele></trkpt><trkpt lat="61.12293978" lon="13.42812377"><ele>478.0</ele></trkpt><trkpt lat="61.12280920" lon="13.42862772"><ele>477.0</ele></trkpt><trkpt lat="61.12267905" lon="13.42913168"><ele>476.0</ele></trkpt><trkpt lat="61.12254890" lon="13.42963653"><ele>476.0</ele></trkpt><trkpt lat="61.12241875" lon="13.43014048"><ele>476.0</ele></trkpt><trkpt lat="61.12220965" lon="13.43094987"><ele>476.0</ele></trkpt><trkpt lat="61.12198969" lon="13.43108911"><ele>476.0</ele></trkpt><trkpt lat="61.12190987" lon="13.43160923"><ele>476.0</ele></trkpt><trkpt lat="61.12185000" lon="13.43212935"><ele>476.0</ele></trkpt><trkpt lat="61.12179013" lon="13.43264948"><ele>476.0</ele></trkpt><trkpt lat="61.12173026" lon="13.43316960"><ele>476.0</ele></trkpt><trkpt lat="61.12161963" lon="13.43412990"><ele>477.0</ele></trkpt><trkpt lat="61.12161615" lon="13.43456828"><ele>478.0</ele></trkpt><trkpt lat="61.12160965" lon="13.43538934"><ele>478.0</ele></trkpt><trkpt lat="61.12169989" lon="13.43586814"><ele>479.0</ele></trkpt><trkpt lat="61.12179013" lon="13.43634784"><ele>479.0</ele></trkpt><trkpt lat="61.12187993" lon="13.43682665"><ele>480.0</ele></trkpt><trkpt lat="61.12198969" lon="13.43740965"><ele>480.0</ele></trkpt><trkpt lat="61.12209425" lon="13.43780042"><ele>481.0</ele></trkpt><trkpt lat="61.12229988" lon="13.43856938"><ele>482.0</ele></trkpt><trkpt lat="61.12235628" lon="13.43893140"><ele>484.0</ele></trkpt><trkpt lat="61.12242960" lon="13.43939942"><ele>486.0</ele></trkpt><trkpt lat="61.12245650" lon="13.43986834"><ele>488.0</ele></trkpt><trkpt lat="61.12248340" lon="13.44033816"><ele>490.0</ele></trkpt><trkpt lat="61.12251984" lon="13.44096968"><ele>494.0</ele></trkpt><trkpt lat="61.12245390" lon="13.44147812"><ele>495.0</ele></trkpt><trkpt lat="61.12238839" lon="13.44198567"><ele>496.0</ele></trkpt><trkpt lat="61.12232244" lon="13.44249412"><ele>498.0</ele></trkpt><trkpt lat="61.12221963" lon="13.44328913"><ele>498.0</ele></trkpt><trkpt lat="61.12212982" lon="13.44364126"><ele>499.0</ele></trkpt><trkpt lat="61.12199967" lon="13.44414971"><ele>499.0</ele></trkpt><trkpt lat="61.12185867" lon="13.44452970"><ele>499.0</ele></trkpt><trkpt lat="61.12171724" lon="13.44490969"><ele>499.0</ele></trkpt><trkpt lat="61.12150986" lon="13.44546934"><ele>498.0</ele></trkpt><trkpt lat="61.12129337" lon="13.44568314"><ele>496.0</ele></trkpt><trkpt lat="61.12107732" lon="13.44589693"><ele>496.0</ele></trkpt><trkpt lat="61.12068989" lon="13.44627962"><ele>496.0</ele></trkpt><trkpt lat="61.12042133" lon="13.44647365"><ele>497.0</ele></trkpt><trkpt lat="61.12015277" lon="13.44666859"><ele>498.0</ele></trkpt><trkpt lat="61.11988421" lon="13.44686352"><ele>498.0</ele></trkpt><trkpt lat="61.11961521" lon="13.44705756"><ele>499.0</ele></trkpt><trkpt lat="61.11934664" lon="13.44725249"><ele>500.0</ele></trkpt><trkpt lat="61.11907807" lon="13.44744653"><ele>501.0</ele></trkpt><trkpt lat="61.11854960" lon="13.44782921"><ele>502.0</ele></trkpt><trkpt lat="61.11831444" lon="13.44807984"><ele>503.0</ele></trkpt><trkpt lat="61.11807883" lon="13.44833047"><ele>503.0</ele></trkpt><trkpt lat="61.11784366" lon="13.44858020"><ele>503.0</ele></trkpt><trkpt lat="61.11760806" lon="13.44883083"><ele>503.0</ele></trkpt><trkpt lat="61.11728957" lon="13.44916950"><ele>503.0</ele></trkpt><trkpt lat="61.11705960" lon="13.44952972"><ele>502.0</ele></trkpt><trkpt lat="61.11690774" lon="13.44991420"><ele>501.0</ele></trkpt><trkpt lat="61.11675587" lon="13.45029958"><ele>499.0</ele></trkpt><trkpt lat="61.11647990" lon="13.45099937"><ele>493.0</ele></trkpt><trkpt lat="61.11627206" lon="13.45119879"><ele>489.0</ele></trkpt><trkpt lat="61.11606421" lon="13.45139732"><ele>486.0</ele></trkpt><trkpt lat="61.11577999" lon="13.45166951"><ele>481.0</ele></trkpt><trkpt lat="61.11557257" lon="13.45192822"><ele>479.0</ele></trkpt><trkpt lat="61.11536516" lon="13.45218694"><ele>478.0</ele></trkpt><trkpt lat="61.11496985" lon="13.45267921"><ele>478.0</ele></trkpt><trkpt lat="61.11472597" lon="13.45260196"><ele>478.0</ele></trkpt><trkpt lat="61.11448167" lon="13.45252470"><ele>478.0</ele></trkpt><trkpt lat="61.11423779" lon="13.45244745"><ele>478.0</ele></trkpt><trkpt lat="61.11395963" lon="13.45235941"><ele>478.0</ele></trkpt><trkpt lat="61.11371879" lon="13.45255525"><ele>478.0</ele></trkpt><trkpt lat="61.11347751" lon="13.45275198"><ele>479.0</ele></trkpt><trkpt lat="61.11323666" lon="13.45294781"><ele>479.0</ele></trkpt><trkpt lat="61.11277970" lon="13.45331971"><ele>480.0</ele></trkpt><trkpt lat="61.11254102" lon="13.45355867"><ele>480.0</ele></trkpt><trkpt lat="61.11230234" lon="13.45379762"><ele>480.0</ele></trkpt><trkpt lat="61.11206322" lon="13.45403567"><ele>480.0</ele></trkpt><trkpt lat="61.11182453" lon="13.45427462"><ele>480.0</ele></trkpt><trkpt lat="61.11148993" lon="13.45460969"><ele>480.0</ele></trkpt><trkpt lat="61.11122998" lon="13.45449920"><ele>480.0</ele></trkpt><trkpt lat="61.11103685" lon="13.45462407"><ele>480.0</ele></trkpt><trkpt lat="61.11071961" lon="13.45482978"><ele>480.0</ele></trkpt><trkpt lat="61.11057856" lon="13.45501483"><ele>479.0</ele></trkpt><trkpt lat="61.11042970" lon="13.45520977"><ele>479.0</ele></trkpt><trkpt lat="61.11035331" lon="13.45552418"><ele>479.0</ele></trkpt><trkpt lat="61.11026999" lon="13.45586913"><ele>479.0</ele></trkpt><trkpt lat="61.11009682" lon="13.45619881"><ele>479.0</ele></trkpt><trkpt lat="61.10992409" lon="13.45652760"><ele>479.0</ele></trkpt><trkpt lat="61.10964980" lon="13.45704952"><ele>479.0</ele></trkpt><trkpt lat="61.10932993" lon="13.45710971"><ele>479.0</ele></trkpt><trkpt lat="61.10916457" lon="13.45693992"><ele>479.0</ele></trkpt><trkpt lat="61.10894973" lon="13.45671984"><ele>479.0</ele></trkpt><trkpt lat="61.10874531" lon="13.45673421"><ele>480.0</ele></trkpt><trkpt lat="61.10839983" lon="13.45675936"><ele>480.0</ele></trkpt><trkpt lat="61.10811988" lon="13.45699921"><ele>480.0</ele></trkpt><trkpt lat="61.10799532" lon="13.45723906"><ele>480.0</ele></trkpt><trkpt lat="61.10785990" lon="13.45749957"><ele>480.0</ele></trkpt><trkpt lat="61.10785686" lon="13.45814906"><ele>480.0</ele></trkpt><trkpt lat="61.10785382" lon="13.45879854"><ele>480.0</ele></trkpt><trkpt lat="61.10785122" lon="13.45944802"><ele>480.0</ele></trkpt><trkpt lat="61.10784818" lon="13.46009750"><ele>481.0</ele></trkpt><trkpt lat="61.10784557" lon="13.46074698"><ele>482.0</ele></trkpt><trkpt lat="61.10784254" lon="13.46139647"><ele>483.0</ele></trkpt><trkpt lat="61.10783950" lon="13.46204595"><ele>484.0</ele></trkpt><trkpt lat="61.10783689" lon="13.46269543"><ele>486.0</ele></trkpt><trkpt lat="61.10783386" lon="13.46334491"><ele>488.0</ele></trkpt><trkpt lat="61.10783125" lon="13.46399439"><ele>489.0</ele></trkpt><trkpt lat="61.10782821" lon="13.46464388"><ele>491.0</ele></trkpt><trkpt lat="61.10782518" lon="13.46529336"><ele>492.0</ele></trkpt><trkpt lat="61.10782257" lon="13.46594284"><ele>494.0</ele></trkpt><trkpt lat="61.10781953" lon="13.46659232"><ele>496.0</ele></trkpt><trkpt lat="61.10781649" lon="13.46724180"><ele>497.0</ele></trkpt><trkpt lat="61.10781389" lon="13.46789129"><ele>498.0</ele></trkpt><trkpt lat="61.10781085" lon="13.46854077"><ele>499.0</ele></trkpt><trkpt lat="61.10780825" lon="13.46919025"><ele>500.0</ele></trkpt><trkpt lat="61.10780521" lon="13.46983973"><ele>500.0</ele></trkpt><trkpt lat="61.10780217" lon="13.47049011"><ele>500.0</ele></trkpt><trkpt lat="61.10779957" lon="13.47113959"><ele>500.0</ele></trkpt><trkpt lat="61.10779653" lon="13.47178908"><ele>500.0</ele></trkpt><trkpt lat="61.10779349" lon="13.47243856"><ele>499.0</ele></trkpt><trkpt lat="61.10779089" lon="13.47308804"><ele>499.0</ele></trkpt><trkpt lat="61.10778785" lon="13.47373752"><ele>499.0</ele></trkpt><trkpt lat="61.10778524" lon="13.47438700"><ele>499.0</ele></trkpt><trkpt lat="61.10777960" lon="13.47557997"><ele>500.0</ele></trkpt><trkpt lat="61.10790200" lon="13.47586294"><ele>501.0</ele></trkpt><trkpt lat="61.10805999" lon="13.47622945"><ele>502.0</ele></trkpt><trkpt lat="61.10829957" lon="13.47652949"><ele>503.0</ele></trkpt><trkpt lat="61.10839332" lon="13.47681066"><ele>505.0</ele></trkpt><trkpt lat="61.10848967" lon="13.47709992"><ele>506.0</ele></trkpt><trkpt lat="61.10853221" lon="13.47750236"><ele>507.0</ele></trkpt><trkpt lat="61.10859991" lon="13.47813927"><ele>508.0</ele></trkpt><trkpt lat="61.10868628" lon="13.47854171"><ele>509.0</ele></trkpt><trkpt lat="61.10884991" lon="13.47929989"><ele>510.0</ele></trkpt><trkpt lat="61.10878958" lon="13.47994937"><ele>510.0</ele></trkpt><trkpt lat="61.10854957" lon="13.48027995"><ele>510.0</ele></trkpt><trkpt lat="61.10830217" lon="13.48048297"><ele>510.0</ele></trkpt><trkpt lat="61.10805478" lon="13.48068689"><ele>510.0</ele></trkpt><trkpt lat="61.10780738" lon="13.48089081"><ele>510.0</ele></trkpt><trkpt lat="61.10755998" lon="13.48109472"><ele>510.0</ele></trkpt><trkpt lat="61.10718975" lon="13.48139925"><ele>509.0</ele></trkpt><trkpt lat="61.10695580" lon="13.48150975"><ele>509.0</ele></trkpt><trkpt lat="61.10672185" lon="13.48162024"><ele>509.0</ele></trkpt><trkpt lat="61.10629995" lon="13.48181966"><ele>509.0</ele></trkpt><trkpt lat="61.10606426" lon="13.48186099"><ele>509.0</ele></trkpt><trkpt lat="61.10582856" lon="13.48190141"><ele>508.0</ele></trkpt><trkpt lat="61.10543964" lon="13.48196968"><ele>507.0</ele></trkpt><trkpt lat="61.10524214" lon="13.48221133"><ele>507.0</ele></trkpt><trkpt lat="61.10504464" lon="13.48245298"><ele>507.0</ele></trkpt><trkpt lat="61.10476987" lon="13.48278984"><ele>508.0</ele></trkpt><trkpt lat="61.10466569" lon="13.48325697"><ele>509.0</ele></trkpt><trkpt lat="61.10456195" lon="13.48372499"><ele>510.0</ele></trkpt><trkpt lat="61.10445821" lon="13.48419211"><ele>510.0</ele></trkpt><trkpt lat="61.10432972" lon="13.48476973"><ele>510.0</ele></trkpt><trkpt lat="61.10427806" lon="13.48523686"><ele>511.0</ele></trkpt><trkpt lat="61.10422597" lon="13.48570398"><ele>511.0</ele></trkpt><trkpt lat="61.10414957" lon="13.48638939"><ele>511.0</ele></trkpt><trkpt lat="61.10398766" lon="13.48686640"><ele>512.0</ele></trkpt><trkpt lat="61.10382575" lon="13.48734251"><ele>512.0</ele></trkpt><trkpt lat="61.10366383" lon="13.48781951"><ele>512.0</ele></trkpt><trkpt lat="61.10350148" lon="13.48829652"><ele>512.0</ele></trkpt><trkpt lat="61.10333956" lon="13.48877262"><ele>512.0</ele></trkpt><trkpt lat="61.10317765" lon="13.48924963"><ele>513.0</ele></trkpt><trkpt lat="61.10294975" lon="13.48991977"><ele>514.0</ele></trkpt><trkpt lat="61.10281604" lon="13.49022969"><ele>514.0</ele></trkpt><trkpt lat="61.10259986" lon="13.49072916"><ele>515.0</ele></trkpt><trkpt lat="61.10242709" lon="13.49095104"><ele>515.0</ele></trkpt><trkpt lat="61.10213971" lon="13.49131935"><ele>516.0</ele></trkpt><trkpt lat="61.10203552" lon="13.49161849"><ele>516.0</ele></trkpt><trkpt lat="61.10190963" lon="13.49197961"><ele>516.0</ele></trkpt><trkpt lat="61.10171037" lon="13.49235870"><ele>516.0</ele></trkpt><trkpt lat="61.10151067" lon="13.49273779"><ele>517.0</ele></trkpt><trkpt lat="61.10131098" lon="13.49311688"><ele>517.0</ele></trkpt><trkpt lat="61.10111128" lon="13.49349597"><ele>517.0</ele></trkpt><trkpt lat="61.10071970" lon="13.49423977"><ele>517.0</ele></trkpt><trkpt lat="61.10048961" lon="13.49459640"><ele>518.0</ele></trkpt><trkpt lat="61.10025952" lon="13.49495214"><ele>518.0</ele></trkpt><trkpt lat="61.10002899" lon="13.49530877"><ele>518.0</ele></trkpt><trkpt lat="61.09979890" lon="13.49566540"><ele>519.0</ele></trkpt><trkpt lat="61.09956880" lon="13.49602203"><ele>519.0</ele></trkpt><trkpt lat="61.09933827" lon="13.49637866"><ele>519.0</ele></trkpt><trkpt lat="61.09910817" lon="13.49673439"><ele>519.0</ele></trkpt><trkpt lat="61.09874999" lon="13.49728955"><ele>520.0</ele></trkpt><trkpt lat="61.09858457" lon="13.49772703"><ele>520.0</ele></trkpt><trkpt lat="61.09841916" lon="13.49816451"><ele>521.0</ele></trkpt><trkpt lat="61.09825418" lon="13.49860289"><ele>521.0</ele></trkpt><trkpt lat="61.09808876" lon="13.49904037"><ele>521.0</ele></trkpt><trkpt lat="61.09780959" lon="13.49977968"><ele>521.0</ele></trkpt><trkpt lat="61.09762246" lon="13.50003301"><ele>522.0</ele></trkpt><trkpt lat="61.09743490" lon="13.50028543"><ele>522.0</ele></trkpt><trkpt lat="61.09721000" lon="13.50058996"><ele>522.0</ele></trkpt><trkpt lat="61.09706368" lon="13.50087383"><ele>523.0</ele></trkpt><trkpt lat="61.09682965" lon="13.50132928"><ele>523.0</ele></trkpt><trkpt lat="61.09672502" lon="13.50165626"><ele>523.0</ele></trkpt><trkpt lat="61.09658000" lon="13.50210991"><ele>523.0</ele></trkpt><trkpt lat="61.09638982" lon="13.50231922"><ele>524.0</ele></trkpt><trkpt lat="61.09637723" lon="13.50278095"><ele>524.0</ele></trkpt><trkpt lat="61.09636464" lon="13.50324269"><ele>524.0</ele></trkpt><trkpt lat="61.09634988" lon="13.50378976"><ele>524.0</ele></trkpt><trkpt lat="61.09644149" lon="13.50429192"><ele>524.0</ele></trkpt><trkpt lat="61.09653267" lon="13.50479408"><ele>525.0</ele></trkpt><trkpt lat="61.09662428" lon="13.50529624"><ele>525.0</ele></trkpt><trkpt lat="61.09679970" lon="13.50625923"><ele>525.0</ele></trkpt><trkpt lat="61.09675932" lon="13.50671647"><ele>526.0</ele></trkpt><trkpt lat="61.09671894" lon="13.50717282"><ele>526.0</ele></trkpt><trkpt lat="61.09666987" lon="13.50772977"><ele>527.0</ele></trkpt><trkpt lat="61.09645191" lon="13.50802532"><ele>527.0</ele></trkpt><trkpt lat="61.09623395" lon="13.50832086"><ele>526.0</ele></trkpt><trkpt lat="61.09601642" lon="13.50861731"><ele>526.0</ele></trkpt><trkpt lat="61.09579845" lon="13.50891285"><ele>526.0</ele></trkpt><trkpt lat="61.09557961" lon="13.50920930"><ele>526.0</ele></trkpt><trkpt lat="61.09550580" lon="13.50953808"><ele>526.0</ele></trkpt><trkpt lat="61.09541983" lon="13.50991986"><ele>526.0</ele></trkpt><trkpt lat="61.09543155" lon="13.51032770"><ele>526.0</ele></trkpt><trkpt lat="61.09544979" lon="13.51095922"><ele>526.0</ele></trkpt><trkpt lat="61.09538987" lon="13.51131944"><ele>526.0</ele></trkpt><trkpt lat="61.09517928" lon="13.51164014"><ele>526.0</ele></trkpt><trkpt lat="61.09496869" lon="13.51196084"><ele>525.0</ele></trkpt><trkpt lat="61.09475810" lon="13.51228243"><ele>525.0</ele></trkpt><trkpt lat="61.09454750" lon="13.51260313"><ele>525.0</ele></trkpt><trkpt lat="61.09431997" lon="13.51294988"><ele>525.0</ele></trkpt><trkpt lat="61.09410764" lon="13.51317805"><ele>524.0</ele></trkpt><trkpt lat="61.09389531" lon="13.51340623"><ele>524.0</ele></trkpt><trkpt lat="61.09351970" lon="13.51380957"><ele>523.0</ele></trkpt><trkpt lat="61.09342070" lon="13.51413296"><ele>523.0</ele></trkpt><trkpt lat="61.09328999" lon="13.51455966"><ele>523.0</ele></trkpt><trkpt lat="61.09330519" lon="13.51497109"><ele>523.0</ele></trkpt><trkpt lat="61.09332994" lon="13.51561968"><ele>523.0</ele></trkpt><trkpt lat="61.09346108" lon="13.51602212"><ele>523.0</ele></trkpt><trkpt lat="61.09359222" lon="13.51642457"><ele>524.0</ele></trkpt><trkpt lat="61.09379978" lon="13.51705967"><ele>525.0</ele></trkpt><trkpt lat="61.09379066" lon="13.51758249"><ele>525.0</ele></trkpt><trkpt lat="61.09378197" lon="13.51810621"><ele>525.0</ele></trkpt><trkpt lat="61.09377285" lon="13.51862993"><ele>526.0</ele></trkpt><trkpt lat="61.09375983" lon="13.51940967"><ele>527.0</ele></trkpt><trkpt lat="61.09383973" lon="13.51993967"><ele>527.0</ele></trkpt><trkpt lat="61.09384971" lon="13.52044363"><ele>527.0</ele></trkpt><trkpt lat="61.09385970" lon="13.52094848"><ele>528.0</ele></trkpt><trkpt lat="61.09387967" lon="13.52194920"><ele>528.0</ele></trkpt><trkpt lat="61.09380976" lon="13.52259958"><ele>529.0</ele></trkpt><trkpt lat="61.09357962" lon="13.52303976"><ele>529.0</ele></trkpt><trkpt lat="61.09354054" lon="13.52341256"><ele>529.0</ele></trkpt><trkpt lat="61.09348974" lon="13.52389945"><ele>530.0</ele></trkpt><trkpt lat="61.09338509" lon="13.52433693"><ele>531.0</ele></trkpt><trkpt lat="61.09328044" lon="13.52477530"><ele>532.0</ele></trkpt><trkpt lat="61.09310979" lon="13.52548947"><ele>534.0</ele></trkpt><trkpt lat="61.09313280" lon="13.52601947"><ele>536.0</ele></trkpt><trkpt lat="61.09315581" lon="13.52655038"><ele>537.0</ele></trkpt><trkpt lat="61.09317883" lon="13.52708038"><ele>537.0</ele></trkpt><trkpt lat="61.09321965" lon="13.52801912"><ele>537.0</ele></trkpt><trkpt lat="61.09303293" lon="13.52823112"><ele>538.0</ele></trkpt><trkpt lat="61.09267989" lon="13.52862998"><ele>538.0</ele></trkpt><trkpt lat="61.09246885" lon="13.52898571"><ele>537.0</ele></trkpt><trkpt lat="61.09225824" lon="13.52934144"><ele>537.0</ele></trkpt><trkpt lat="61.09204720" lon="13.52969717"><ele>537.0</ele></trkpt><trkpt lat="61.09183658" lon="13.53005291"><ele>537.0</ele></trkpt><trkpt lat="61.09162597" lon="13.53040864"><ele>536.0</ele></trkpt><trkpt lat="61.09139972" lon="13.53078953"><ele>535.0</ele></trkpt><trkpt lat="61.09118129" lon="13.53099524"><ele>534.0</ele></trkpt><trkpt lat="61.09096286" lon="13.53120006"><ele>533.0</ele></trkpt><trkpt lat="61.09056985" lon="13.53156926"><ele>528.0</ele></trkpt><trkpt lat="61.09043044" lon="13.53181810"><ele>526.0</ele></trkpt><trkpt lat="61.09024979" lon="13.53213969"><ele>524.0</ele></trkpt><trkpt lat="61.09006305" lon="13.53228342"><ele>522.0</ele></trkpt><trkpt lat="61.08976991" lon="13.53250980"><ele>519.0</ele></trkpt><trkpt lat="61.08958534" lon="13.53255651"><ele>517.0</ele></trkpt><trkpt lat="61.08933997" lon="13.53261939"><ele>517.0</ele></trkpt><trkpt lat="61.08923965" lon="13.53286913"><ele>517.0</ele></trkpt><trkpt lat="61.08928438" lon="13.53332008"><ele>519.0</ele></trkpt><trkpt lat="61.08932868" lon="13.53377103"><ele>521.0</ele></trkpt><trkpt lat="61.08937993" lon="13.53428936"><ele>522.0</ele></trkpt><trkpt lat="61.08938991" lon="13.53473493"><ele>524.0</ele></trkpt><trkpt lat="61.08940989" lon="13.53560989"><ele>526.0</ele></trkpt><trkpt lat="61.08952237" lon="13.53604377"><ele>528.0</ele></trkpt><trkpt lat="61.08963528" lon="13.53647856"><ele>528.0</ele></trkpt><trkpt lat="61.08982984" lon="13.53722955"><ele>526.0</ele></trkpt><trkpt lat="61.08977990" lon="13.53766613"><ele>524.0</ele></trkpt><trkpt lat="61.08967958" lon="13.53853929"><ele>521.0</ele></trkpt><trkpt lat="61.08955581" lon="13.53891479"><ele>520.0</ele></trkpt><trkpt lat="61.08943204" lon="13.53928938"><ele>519.0</ele></trkpt><trkpt lat="61.08929958" lon="13.53968913"><ele>518.0</ele></trkpt><trkpt lat="61.08926267" lon="13.54007900"><ele>518.0</ele></trkpt><trkpt lat="61.08920968" lon="13.54063955"><ele>516.0</ele></trkpt><trkpt lat="61.08908418" lon="13.54102852"><ele>516.0</ele></trkpt><trkpt lat="61.08895867" lon="13.54141749"><ele>514.0</ele></trkpt><trkpt lat="61.08879971" lon="13.54190977"><ele>514.0</ele></trkpt><trkpt lat="61.08861992" lon="13.54222867"><ele>513.0</ele></trkpt><trkpt lat="61.08844012" lon="13.54254757"><ele>513.0</ele></trkpt><trkpt lat="61.08813958" lon="13.54307938"><ele>513.0</ele></trkpt><trkpt lat="61.08804273" lon="13.54346116"><ele>512.0</ele></trkpt><trkpt lat="61.08786988" lon="13.54413939"><ele>511.0</ele></trkpt><trkpt lat="61.08771005" lon="13.54431726"><ele>511.0</ele></trkpt><trkpt lat="61.08750984" lon="13.54453914"><ele>513.0</ele></trkpt><trkpt lat="61.08741993" lon="13.54480953"><ele>513.0</ele></trkpt><trkpt lat="61.08734393" lon="13.54526767"><ele>511.0</ele></trkpt><trkpt lat="61.08726792" lon="13.54572581"><ele>510.0</ele></trkpt><trkpt lat="61.08714979" lon="13.54643997"><ele>507.0</ele></trkpt><trkpt lat="61.08727965" lon="13.54671935"><ele>504.0</ele></trkpt><trkpt lat="61.08745424" lon="13.54680918"><ele>501.0</ele></trkpt><trkpt lat="61.08766966" lon="13.54691967"><ele>500.0</ele></trkpt><trkpt lat="61.08781602" lon="13.54734458"><ele>499.0</ele></trkpt><trkpt lat="61.08796238" lon="13.54777038"><ele>498.0</ele></trkpt><trkpt lat="61.08810875" lon="13.54819618"><ele>497.0</ele></trkpt><trkpt lat="61.08831982" lon="13.54880973"><ele>497.0</ele></trkpt><trkpt lat="61.08839973" lon="13.54936938"><ele>497.0</ele></trkpt><trkpt lat="61.08834197" lon="13.54986705"><ele>496.0</ele></trkpt><trkpt lat="61.08828420" lon="13.55036471"><ele>496.0</ele></trkpt><trkpt lat="61.08822688" lon="13.55086238"><ele>496.0</ele></trkpt><trkpt lat="61.08815999" lon="13.55144000"><ele>495.0</ele></trkpt><trkpt lat="61.08818345" lon="13.55184514"><ele>495.0</ele></trkpt><trkpt lat="61.08821993" lon="13.55246947"><ele>494.0</ele></trkpt><trkpt lat="61.08820169" lon="13.55296623"><ele>494.0</ele></trkpt><trkpt lat="61.08818345" lon="13.55346390"><ele>493.0</ele></trkpt><trkpt lat="61.08814957" lon="13.55437928"><ele>491.0</ele></trkpt><trkpt lat="61.08808356" lon="13.55490480"><ele>489.0</ele></trkpt><trkpt lat="61.08801754" lon="13.55543031"><ele>488.0</ele></trkpt><trkpt lat="61.08795153" lon="13.55595493"><ele>488.0</ele></trkpt><trkpt lat="61.08788508" lon="13.55648044"><ele>488.0</ele></trkpt><trkpt lat="61.08780994" lon="13.55707962"><ele>487.0</ele></trkpt><trkpt lat="61.08790853" lon="13.55751171"><ele>487.0</ele></trkpt><trkpt lat="61.08800712" lon="13.55794470"><ele>487.0</ele></trkpt><trkpt lat="61.08814957" lon="13.55856993"><ele>487.0</ele></trkpt><trkpt lat="61.08837975" lon="13.55863820"><ele>487.0</ele></trkpt><trkpt lat="61.08860949" lon="13.55870737"><ele>487.0</ele></trkpt><trkpt lat="61.08894998" lon="13.55880978"><ele>488.0</ele></trkpt><trkpt lat="61.08912760" lon="13.55904064"><ele>489.0</ele></trkpt><trkpt lat="61.08944985" lon="13.55945926"><ele>488.0</ele></trkpt><trkpt lat="61.08952802" lon="13.55990931"><ele>488.0</ele></trkpt><trkpt lat="61.08960662" lon="13.56035937"><ele>487.0</ele></trkpt><trkpt lat="61.08971997" lon="13.56100975"><ele>485.0</ele></trkpt><trkpt lat="61.08984200" lon="13.56138345"><ele>484.0</ele></trkpt><trkpt lat="61.08996447" lon="13.56175625"><ele>483.0</ele></trkpt><trkpt lat="61.09008997" lon="13.56213983"><ele>481.0</ele></trkpt><trkpt lat="61.09017509" lon="13.56258090"><ele>480.0</ele></trkpt><trkpt lat="61.09026064" lon="13.56302287"><ele>479.0</ele></trkpt><trkpt lat="61.09037964" lon="13.56363912"><ele>478.0</ele></trkpt><trkpt lat="61.09050644" lon="13.56413589"><ele>476.0</ele></trkpt><trkpt lat="61.09063325" lon="13.56463266"><ele>475.0</ele></trkpt><trkpt lat="61.09075962" lon="13.56512942"><ele>473.0</ele></trkpt><trkpt lat="61.09088643" lon="13.56562619"><ele>472.0</ele></trkpt><trkpt lat="61.09101323" lon="13.56612296"><ele>469.0</ele></trkpt><trkpt lat="61.09113960" lon="13.56661973"><ele>467.0</ele></trkpt><trkpt lat="61.09091509" lon="13.56696917"><ele>467.0</ele></trkpt><trkpt lat="61.09069057" lon="13.56731862"><ele>467.0</ele></trkpt><trkpt lat="61.09046562" lon="13.56766806"><ele>467.0</ele></trkpt><trkpt lat="61.09024110" lon="13.56801661"><ele>467.0</ele></trkpt><trkpt lat="61.09001658" lon="13.56836605"><ele>466.0</ele></trkpt><trkpt lat="61.08979163" lon="13.56871550"><ele>466.0</ele></trkpt><trkpt lat="61.08949979" lon="13.56916915"><ele>466.0</ele></trkpt><trkpt lat="61.08934562" lon="13.56961022"><ele>466.0</ele></trkpt><trkpt lat="61.08919188" lon="13.57005129"><ele>465.0</ele></trkpt><trkpt lat="61.08903771" lon="13.57049237"><ele>465.0</ele></trkpt><trkpt lat="61.08888353" lon="13.57093344"><ele>464.0</ele></trkpt><trkpt lat="61.08869983" lon="13.57145985"><ele>464.0</ele></trkpt><trkpt lat="61.08856867" lon="13.57196740"><ele>463.0</ele></trkpt><trkpt lat="61.08843795" lon="13.57247585"><ele>463.0</ele></trkpt><trkpt lat="61.08830679" lon="13.57298339"><ele>462.0</ele></trkpt><trkpt lat="61.08817563" lon="13.57349094"><ele>462.0</ele></trkpt><trkpt lat="61.08804490" lon="13.57399939"><ele>461.0</ele></trkpt><trkpt lat="61.08779995" lon="13.57494981"><ele>460.0</ele></trkpt><trkpt lat="61.08780473" lon="13.57529476"><ele>460.0</ele></trkpt><trkpt lat="61.08780994" lon="13.57565948"><ele>460.0</ele></trkpt><trkpt lat="61.08786857" lon="13.57603228"><ele>459.0</ele></trkpt><trkpt lat="61.08794979" lon="13.57654971"><ele>459.0</ele></trkpt><trkpt lat="61.08810049" lon="13.57693149"><ele>459.0</ele></trkpt><trkpt lat="61.08825076" lon="13.57731327"><ele>459.0</ele></trkpt><trkpt lat="61.08850960" lon="13.57796994"><ele>459.0</ele></trkpt><trkpt lat="61.08857605" lon="13.57838676"><ele>459.0</ele></trkpt><trkpt lat="61.08869983" lon="13.57916919"><ele>459.0</ele></trkpt><trkpt lat="61.08881752" lon="13.57955816"><ele>459.0</ele></trkpt><trkpt lat="61.08893565" lon="13.57994713"><ele>459.0</ele></trkpt><trkpt lat="61.08906984" lon="13.58038911"><ele>459.0</ele></trkpt><trkpt lat="61.08914584" lon="13.58080143"><ele>459.0</ele></trkpt><trkpt lat="61.08928959" lon="13.58157937"><ele>459.0</ele></trkpt><trkpt lat="61.08925963" lon="13.58200967"><ele>459.0</ele></trkpt><trkpt lat="61.08909851" lon="13.58234384"><ele>459.0</ele></trkpt><trkpt lat="61.08893739" lon="13.58267891"><ele>459.0</ele></trkpt><trkpt lat="61.08871980" lon="13.58312987"><ele>459.0</ele></trkpt><trkpt lat="61.08853610" lon="13.58336073"><ele>459.0</ele></trkpt><trkpt lat="61.08817997" lon="13.58380989"><ele>459.0</ele></trkpt><trkpt lat="61.08795978" lon="13.58399943"><ele>459.0</ele></trkpt><trkpt lat="61.08770962" lon="13.58399943"><ele>459.0</ele></trkpt><trkpt lat="61.08748074" lon="13.58423659"><ele>459.0</ele></trkpt><trkpt lat="61.08725185" lon="13.58447464"><ele>459.0</ele></trkpt><trkpt lat="61.08702297" lon="13.58471180"><ele>459.0</ele></trkpt><trkpt lat="61.08663990" lon="13.58510975"><ele>459.0</ele></trkpt><trkpt lat="61.08633978" lon="13.58517982"><ele>459.0</ele></trkpt><trkpt lat="61.08616909" lon="13.58538194"><ele>459.0</ele></trkpt><trkpt lat="61.08590979" lon="13.58568917"><ele>459.0</ele></trkpt><trkpt lat="61.08569957" lon="13.58611946"><ele>459.0</ele></trkpt><trkpt lat="61.08565962" lon="13.58669977"><ele>459.0</ele></trkpt><trkpt lat="61.08588851" lon="13.58686776"><ele>459.0</ele></trkpt><trkpt lat="61.08611784" lon="13.58703574"><ele>459.0</ele></trkpt><trkpt lat="61.08655998" lon="13.58735913"><ele>459.0</ele></trkpt><trkpt lat="61.08676976" lon="13.58774990"><ele>460.0</ele></trkpt><trkpt lat="61.08676976" lon="13.58806970"><ele>460.0</ele></trkpt><trkpt lat="61.08663773" lon="13.58848742"><ele>460.0</ele></trkpt><trkpt lat="61.08650526" lon="13.58890424"><ele>460.0</ele></trkpt><trkpt lat="61.08625986" lon="13.58967948"><ele>459.0</ele></trkpt><trkpt lat="61.08616170" lon="13.59014571"><ele>459.0</ele></trkpt><trkpt lat="61.08606355" lon="13.59061193"><ele>459.0</ele></trkpt><trkpt lat="61.08596539" lon="13.59107816"><ele>459.0</ele></trkpt><trkpt lat="61.08585984" lon="13.59157942"><ele>459.0</ele></trkpt><trkpt lat="61.08573953" lon="13.59182466"><ele>459.0</ele></trkpt><trkpt lat="61.08560967" lon="13.59208966"><ele>458.0</ele></trkpt><trkpt lat="61.08553757" lon="13.59242833"><ele>458.0</ele></trkpt><trkpt lat="61.08544983" lon="13.59283976"><ele>458.0</ele></trkpt><trkpt lat="61.08532387" lon="13.59316405"><ele>459.0</ele></trkpt><trkpt lat="61.08511973" lon="13.59368956"><ele>459.0</ele></trkpt><trkpt lat="61.08499594" lon="13.59411806"><ele>459.0</ele></trkpt><trkpt lat="61.08487172" lon="13.59454745"><ele>459.0</ele></trkpt><trkpt lat="61.08463978" lon="13.59534965"><ele>459.0</ele></trkpt><trkpt lat="61.08456507" lon="13.59572784"><ele>459.0</ele></trkpt><trkpt lat="61.08444996" lon="13.59630995"><ele>459.0</ele></trkpt><trkpt lat="61.08431358" lon="13.59670161"><ele>458.0</ele></trkpt><trkpt lat="61.08417719" lon="13.59709328"><ele>458.0</ele></trkpt><trkpt lat="61.08397000" lon="13.59768976"><ele>458.0</ele></trkpt><trkpt lat="61.08409596" lon="13.59797992"><ele>457.0</ele></trkpt><trkpt lat="61.08426971" lon="13.59837967"><ele>455.0</ele></trkpt><trkpt lat="61.08422975" lon="13.59900938"><ele>454.0</ele></trkpt><trkpt lat="61.08416068" lon="13.59934446"><ele>453.0</ele></trkpt><trkpt lat="61.08407989" lon="13.59973972"><ele>452.0</ele></trkpt><trkpt lat="61.08410769" lon="13.60019965"><ele>451.0</ele></trkpt><trkpt lat="61.08413593" lon="13.60066049"><ele>450.0</ele></trkpt><trkpt lat="61.08416980" lon="13.60121924"><ele>449.0</ele></trkpt><trkpt lat="61.08405774" lon="13.60159114"><ele>449.0</ele></trkpt><trkpt lat="61.08384968" lon="13.60227925"><ele>447.0</ele></trkpt><trkpt lat="61.08368462" lon="13.60247778"><ele>447.0</ele></trkpt><trkpt lat="61.08344963" lon="13.60275985"><ele>447.0</ele></trkpt><trkpt lat="61.08343095" lon="13.60311289"><ele>446.0</ele></trkpt><trkpt lat="61.08340967" lon="13.60350994"><ele>446.0</ele></trkpt><trkpt lat="61.08342965" lon="13.60383963"><ele>445.0</ele></trkpt><trkpt lat="61.08363988" lon="13.60412978"><ele>444.0</ele></trkpt><trkpt lat="61.08374630" lon="13.60443162"><ele>443.0</ele></trkpt><trkpt lat="61.08387965" lon="13.60480981"><ele>441.0</ele></trkpt><trkpt lat="61.08397999" lon="13.60523740"><ele>440.0</ele></trkpt><trkpt lat="61.08408033" lon="13.60566410"><ele>439.0</ele></trkpt><trkpt lat="61.08421976" lon="13.60625969"><ele>439.0</ele></trkpt><trkpt lat="61.08410031" lon="13.60667920"><ele>439.0</ele></trkpt><trkpt lat="61.08398086" lon="13.60709782"><ele>440.0</ele></trkpt><trkpt lat="61.08378974" lon="13.60776976"><ele>440.0</ele></trkpt><trkpt lat="61.08373979" lon="13.60841924"><ele>440.0</ele></trkpt><trkpt lat="61.08379843" lon="13.60885851"><ele>441.0</ele></trkpt><trkpt lat="61.08385663" lon="13.60929689"><ele>441.0</ele></trkpt><trkpt lat="61.08391961" lon="13.60976941"><ele>441.0</ele></trkpt><trkpt lat="61.08403559" lon="13.61016646"><ele>440.0</ele></trkpt><trkpt lat="61.08415113" lon="13.61056352"><ele>440.0</ele></trkpt><trkpt lat="61.08428969" lon="13.61103962"><ele>440.0</ele></trkpt><trkpt lat="61.08450947" lon="13.61099740"><ele>440.0</ele></trkpt><trkpt lat="61.08472882" lon="13.61095518"><ele>439.0</ele></trkpt><trkpt lat="61.08496988" lon="13.61090937"><ele>439.0</ele></trkpt><trkpt lat="61.08512147" lon="13.61122647"><ele>439.0</ele></trkpt><trkpt lat="61.08541986" lon="13.61184990"><ele>439.0</ele></trkpt><trkpt lat="61.08549413" lon="13.61226852"><ele>438.0</ele></trkpt><trkpt lat="61.08563964" lon="13.61308958"><ele>437.0</ele></trkpt><trkpt lat="61.08540118" lon="13.61334380"><ele>437.0</ele></trkpt><trkpt lat="61.08516230" lon="13.61359892"><ele>438.0</ele></trkpt><trkpt lat="61.08492341" lon="13.61385315"><ele>439.0</ele></trkpt><trkpt lat="61.08468495" lon="13.61410737"><ele>440.0</ele></trkpt><trkpt lat="61.08427970" lon="13.61453946"><ele>440.0</ele></trkpt><trkpt lat="61.08405123" lon="13.61489160"><ele>440.0</ele></trkpt><trkpt lat="61.08382275" lon="13.61524284"><ele>440.0</ele></trkpt><trkpt lat="61.08359428" lon="13.61559408"><ele>441.0</ele></trkpt><trkpt lat="61.08336537" lon="13.61594622"><ele>441.0</ele></trkpt><trkpt lat="61.08313689" lon="13.61629746"><ele>441.0</ele></trkpt><trkpt lat="61.08290841" lon="13.61664960"><ele>441.0</ele></trkpt><trkpt lat="61.08245969" lon="13.61733951"><ele>442.0</ele></trkpt><trkpt lat="61.08221036" lon="13.61754702"><ele>442.0</ele></trkpt><trkpt lat="61.08196059" lon="13.61775453"><ele>442.0</ele></trkpt><trkpt lat="61.08171125" lon="13.61796204"><ele>442.0</ele></trkpt><trkpt lat="61.08146191" lon="13.61817045"><ele>442.0</ele></trkpt><trkpt lat="61.08102968" lon="13.61852978"><ele>442.0</ele></trkpt><trkpt lat="61.08085983" lon="13.61839952"><ele>442.0</ele></trkpt><trkpt lat="61.08073038" lon="13.61808960"><ele>443.0</ele></trkpt><trkpt lat="61.08052968" lon="13.61760990"><ele>443.0</ele></trkpt><trkpt lat="61.08043976" lon="13.61762966" /><trkpt lat="61.07971994" lon="13.61895917"><ele>444.0</ele></trkpt><trkpt lat="61.07954009" lon="13.61914692"><ele>444.0</ele></trkpt><trkpt lat="61.07924989" lon="13.61944965"><ele>444.0</ele></trkpt><trkpt lat="61.07915736" lon="13.61979011"><ele>445.0</ele></trkpt><trkpt lat="61.07902964" lon="13.62025993"><ele>445.0</ele></trkpt><trkpt lat="61.07907656" lon="13.62074861"><ele>444.0</ele></trkpt><trkpt lat="61.07912347" lon="13.62123730"><ele>443.0</ele></trkpt><trkpt lat="61.07920993" lon="13.62213921"><ele>442.0</ele></trkpt><trkpt lat="61.07916996" lon="13.62259914"><ele>441.0</ele></trkpt><trkpt lat="61.07905570" lon="13.62289379"><ele>441.0</ele></trkpt><trkpt lat="61.07890974" lon="13.62326929"><ele>440.0</ele></trkpt><trkpt lat="61.07869643" lon="13.62348039"><ele>440.0</ele></trkpt><trkpt lat="61.07848269" lon="13.62369150"><ele>440.0</ele></trkpt><trkpt lat="61.07812993" lon="13.62403914"><ele>440.0</ele></trkpt><trkpt lat="61.07823984" lon="13.62445956"><ele>439.0</ele></trkpt><trkpt lat="61.07812732" lon="13.62471378"><ele>439.0</ele></trkpt><trkpt lat="61.07800959" lon="13.62497968"><ele>439.0</ele></trkpt><trkpt lat="61.07793964" lon="13.62554921"><ele>437.0</ele></trkpt><trkpt lat="61.07797570" lon="13.62594627"><ele>435.0</ele></trkpt><trkpt lat="61.07802957" lon="13.62653915"><ele>432.0</ele></trkpt><trkpt lat="61.07814209" lon="13.62694699"><ele>428.0</ele></trkpt><trkpt lat="61.07825461" lon="13.62735393"><ele>425.0</ele></trkpt><trkpt lat="61.07839971" lon="13.62787944"><ele>422.0</ele></trkpt><trkpt lat="61.07845749" lon="13.62836094"><ele>420.0</ele></trkpt><trkpt lat="61.07851571" lon="13.62884333"><ele>419.0</ele></trkpt><trkpt lat="61.07861997" lon="13.62970931"><ele>416.0</ele></trkpt><trkpt lat="61.07872988" lon="13.63012972"><ele>414.0</ele></trkpt><trkpt lat="61.07870990" lon="13.63067949"><ele>413.0</ele></trkpt><trkpt lat="61.07862996" lon="13.63088970" /><trkpt lat="61.07859999" lon="13.63214913"><ele>408.0</ele></trkpt><trkpt lat="61.07851658" lon="13.63263782"><ele>407.0</ele></trkpt><trkpt lat="61.07843316" lon="13.63312650"><ele>405.0</ele></trkpt><trkpt lat="61.07834975" lon="13.63361429"><ele>403.0</ele></trkpt><trkpt lat="61.07823984" lon="13.63425928"><ele>402.0</ele></trkpt><trkpt lat="61.07829849" lon="13.63458177"><ele>401.0</ele></trkpt><trkpt lat="61.07835974" lon="13.63491954"><ele>400.0</ele></trkpt><trkpt lat="61.07832716" lon="13.63527078"><ele>400.0</ele></trkpt><trkpt lat="61.07828980" lon="13.63566963"><ele>399.0</ele></trkpt><trkpt lat="61.07847965" lon="13.63575946"><ele>399.0</ele></trkpt><trkpt lat="61.07859738" lon="13.63617359"><ele>398.0</ele></trkpt><trkpt lat="61.07871555" lon="13.63658681"><ele>398.0</ele></trkpt><trkpt lat="61.07888975" lon="13.63719946"><ele>395.0</ele></trkpt><trkpt lat="61.07877984" lon="13.63752914"><ele>394.0</ele></trkpt><trkpt lat="61.07861997" lon="13.63800974"><ele>393.0</ele></trkpt><trkpt lat="61.07866993" lon="13.63854963"><ele>391.0</ele></trkpt><trkpt lat="61.07885630" lon="13.63874367"><ele>390.0</ele></trkpt><trkpt lat="61.07918994" lon="13.63908952"><ele>390.0</ele></trkpt><trkpt lat="61.07933461" lon="13.63941381"><ele>389.0</ele></trkpt><trkpt lat="61.07960959" lon="13.64002916"><ele>386.0</ele></trkpt><trkpt lat="61.07965608" lon="13.64040824"><ele>385.0</ele></trkpt><trkpt lat="61.07971994" lon="13.64092927"><ele>384.0</ele></trkpt><trkpt lat="61.07979900" lon="13.64126883"><ele>383.0</ele></trkpt><trkpt lat="61.07989979" lon="13.64169912"><ele>381.0</ele></trkpt><trkpt lat="61.07999970" lon="13.64176919" /><trkpt lat="61.08018997" lon="13.64270973"><ele>380.0</ele></trkpt><trkpt lat="61.08038980" lon="13.64272859"><ele>379.0</ele></trkpt><trkpt lat="61.08070996" lon="13.64275914"><ele>379.0</ele></trkpt><trkpt lat="61.08089893" lon="13.64306995"><ele>378.0</ele></trkpt><trkpt lat="61.08108789" lon="13.64338077"><ele>378.0</ele></trkpt><trkpt lat="61.08143975" lon="13.64395928"><ele>377.0</ele></trkpt><trkpt lat="61.08145626" lon="13.64441024"><ele>377.0</ele></trkpt><trkpt lat="61.08147277" lon="13.64486119"><ele>376.0</ele></trkpt><trkpt lat="61.08148971" lon="13.64532922"><ele>376.0</ele></trkpt><trkpt lat="61.08156355" lon="13.64578736"><ele>375.0</ele></trkpt><trkpt lat="61.08163740" lon="13.64624460"><ele>374.0</ele></trkpt><trkpt lat="61.08174991" lon="13.64693990"><ele>372.0</ele></trkpt><trkpt lat="61.08172906" lon="13.64732887"><ele>371.0</ele></trkpt><trkpt lat="61.08169995" lon="13.64786965"><ele>368.0</ele></trkpt><trkpt lat="61.08181985" lon="13.64828916"><ele>366.0</ele></trkpt><trkpt lat="61.08198231" lon="13.64861435"><ele>364.0</ele></trkpt><trkpt lat="61.08214477" lon="13.64893954"><ele>362.0</ele></trkpt><trkpt lat="61.08234980" lon="13.64934918"><ele>360.0</ele></trkpt><trkpt lat="61.08251920" lon="13.64953153"><ele>359.0</ele></trkpt><trkpt lat="61.08275985" lon="13.64978935"><ele>358.0</ele></trkpt><trkpt lat="61.08301961" lon="13.64984954"><ele>358.0</ele></trkpt><trkpt lat="61.08320899" lon="13.65021964"><ele>356.0</ele></trkpt><trkpt lat="61.08339794" lon="13.65058975"><ele>355.0</ele></trkpt><trkpt lat="61.08358689" lon="13.65095986"><ele>353.0</ele></trkpt><trkpt lat="61.08395958" lon="13.65168929"><ele>353.0</ele></trkpt><trkpt lat="61.08405600" lon="13.65199651"><ele>354.0</ele></trkpt><trkpt lat="61.08416980" lon="13.65235943"><ele>354.0</ele></trkpt><trkpt lat="61.08436961" lon="13.65259928"><ele>355.0</ele></trkpt><trkpt lat="61.08444996" lon="13.65316971"><ele>356.0</ele></trkpt><trkpt lat="61.08455986" lon="13.65338980"><ele>357.0</ele></trkpt><trkpt lat="61.08455464" lon="13.65372757"><ele>358.0</ele></trkpt><trkpt lat="61.08454987" lon="13.65406982"><ele>358.0</ele></trkpt><trkpt lat="61.08465976" lon="13.65464924"><ele>358.0</ele></trkpt><trkpt lat="61.08461980" lon="13.65519990"><ele>359.0</ele></trkpt><trkpt lat="61.08470884" lon="13.65552509"><ele>359.0</ele></trkpt><trkpt lat="61.08481960" lon="13.65592934"><ele>357.0</ele></trkpt><trkpt lat="61.08485999" lon="13.65656983"><ele>356.0</ele></trkpt><trkpt lat="61.08504893" lon="13.65672075"><ele>354.0</ele></trkpt><trkpt lat="61.08535992" lon="13.65696959"><ele>349.0</ele></trkpt><trkpt lat="61.08548979" lon="13.65730915"><ele>345.0</ele></trkpt><trkpt lat="61.08565527" lon="13.65749240"><ele>342.0</ele></trkpt><trkpt lat="61.08587982" lon="13.65773944"><ele>339.0</ele></trkpt><trkpt lat="61.08598406" lon="13.65817872"><ele>338.0</ele></trkpt><trkpt lat="61.08608830" lon="13.65861710"><ele>337.0</ele></trkpt><trkpt lat="61.08625986" lon="13.65933934"><ele>336.0</ele></trkpt><trkpt lat="61.08643750" lon="13.65944355"><ele>335.0</ele></trkpt><trkpt lat="61.08666987" lon="13.65957919"><ele>334.0</ele></trkpt><trkpt lat="61.08675239" lon="13.65988103"><ele>334.0</ele></trkpt><trkpt lat="61.08683969" lon="13.66019993"><ele>334.0</ele></trkpt><trkpt lat="61.08676455" lon="13.66067424"><ele>335.0</ele></trkpt><trkpt lat="61.08668941" lon="13.66114855"><ele>336.0</ele></trkpt><trkpt lat="61.08654999" lon="13.66202980"><ele>338.0</ele></trkpt><trkpt lat="61.08644141" lon="13.66253195"><ele>338.0</ele></trkpt><trkpt lat="61.08633283" lon="13.66303321"><ele>339.0</ele></trkpt><trkpt lat="61.08622425" lon="13.66353537"><ele>339.0</ele></trkpt><trkpt lat="61.08611567" lon="13.66403753"><ele>339.0</ele></trkpt><trkpt lat="61.08595974" lon="13.66475978"><ele>337.0</ele></trkpt><trkpt lat="61.08580990" lon="13.66524217"><ele>335.0</ele></trkpt><trkpt lat="61.08565962" lon="13.66572457"><ele>331.0</ele></trkpt><trkpt lat="61.08550977" lon="13.66620696"><ele>327.0</ele></trkpt><trkpt lat="61.08535992" lon="13.66669025"><ele>323.0</ele></trkpt><trkpt lat="61.08521007" lon="13.66717265"><ele>320.0</ele></trkpt><trkpt lat="61.08494990" lon="13.66800988"><ele>316.0</ele></trkpt><trkpt lat="61.08478094" lon="13.66843388"><ele>316.0</ele></trkpt><trkpt lat="61.08461154" lon="13.66885879"><ele>316.0</ele></trkpt><trkpt lat="61.08444258" lon="13.66928279"><ele>317.0</ele></trkpt><trkpt lat="61.08427362" lon="13.66970770"><ele>318.0</ele></trkpt><trkpt lat="61.08402994" lon="13.67031945"><ele>319.0</ele></trkpt><trkpt lat="61.08379321" lon="13.67066979"><ele>319.0</ele></trkpt><trkpt lat="61.08355649" lon="13.67102103"><ele>319.0</ele></trkpt><trkpt lat="61.08332019" lon="13.67137138"><ele>319.0</ele></trkpt><trkpt lat="61.08308346" lon="13.67172172"><ele>319.0</ele></trkpt><trkpt lat="61.08284673" lon="13.67207296"><ele>319.0</ele></trkpt><trkpt lat="61.08261042" lon="13.67242330"><ele>319.0</ele></trkpt><trkpt lat="61.08237369" lon="13.67277365"><ele>319.0</ele></trkpt><trkpt lat="61.08213695" lon="13.67312489"><ele>319.0</ele></trkpt><trkpt lat="61.08180985" lon="13.67360998"><ele>319.0</ele></trkpt><trkpt lat="61.08161785" lon="13.67399625"><ele>319.0</ele></trkpt><trkpt lat="61.08142629" lon="13.67438343"><ele>319.0</ele></trkpt><trkpt lat="61.08123472" lon="13.67477060"><ele>320.0</ele></trkpt><trkpt lat="61.08104271" lon="13.67515777"><ele>320.0</ele></trkpt><trkpt lat="61.08072994" lon="13.67578929"><ele>320.0</ele></trkpt><trkpt lat="61.08048668" lon="13.67607406"><ele>320.0</ele></trkpt><trkpt lat="61.08024384" lon="13.67635882"><ele>320.0</ele></trkpt><trkpt lat="61.08000057" lon="13.67664269"><ele>320.0</ele></trkpt><trkpt lat="61.07975773" lon="13.67692746"><ele>320.0</ele></trkpt><trkpt lat="61.07951489" lon="13.67721222"><ele>320.0</ele></trkpt><trkpt lat="61.07902964" lon="13.67777996"><ele>320.0</ele></trkpt><trkpt lat="61.07883632" lon="13.67790123"><ele>320.0</ele></trkpt><trkpt lat="61.07851962" lon="13.67809976"><ele>320.0</ele></trkpt><trkpt lat="61.07827981" lon="13.67817342"><ele>320.0</ele></trkpt><trkpt lat="61.07804000" lon="13.67824798"><ele>320.0</ele></trkpt><trkpt lat="61.07757992" lon="13.67838991"><ele>320.0</ele></trkpt><trkpt lat="61.07732968" lon="13.67880943"><ele>320.0</ele></trkpt><trkpt lat="61.07725278" lon="13.67916067"><ele>320.0</ele></trkpt><trkpt lat="61.07714981" lon="13.67962959"><ele>320.0</ele></trkpt><trkpt lat="61.07728884" lon="13.67980835"><ele>320.0</ele></trkpt><trkpt lat="61.07742960" lon="13.67998981"><ele>320.0</ele></trkpt><trkpt lat="61.07757471" lon="13.68029793"><ele>319.0</ele></trkpt><trkpt lat="61.07782973" lon="13.68083962"><ele>319.0</ele></trkpt><trkpt lat="61.07800046" lon="13.68126183"><ele>319.0</ele></trkpt><trkpt lat="61.07817120" lon="13.68168404"><ele>319.0</ele></trkpt><trkpt lat="61.07834193" lon="13.68210535"><ele>319.0</ele></trkpt><trkpt lat="61.07851223" lon="13.68252755"><ele>319.0</ele></trkpt><trkpt lat="61.07875986" lon="13.68313931"><ele>319.0</ele></trkpt><trkpt lat="61.07880982" lon="13.68317973" /><trkpt lat="61.07909958" lon="13.68218979"><ele>319.0</ele></trkpt><trkpt lat="61.07928986" lon="13.68241976"><ele>319.0</ele></trkpt><trkpt lat="61.07937153" lon="13.68277998"><ele>319.0</ele></trkpt><trkpt lat="61.07948969" lon="13.68329921"><ele>319.0</ele></trkpt><trkpt lat="61.07952705" lon="13.68368548"><ele>319.0</ele></trkpt><trkpt lat="61.07957962" lon="13.68422986"><ele>318.0</ele></trkpt><trkpt lat="61.07951098" lon="13.68465926"><ele>318.0</ele></trkpt><trkpt lat="61.07944191" lon="13.68508865"><ele>318.0</ele></trkpt><trkpt lat="61.07936979" lon="13.68553960"><ele>318.0</ele></trkpt><trkpt lat="61.07942236" lon="13.68599236"><ele>318.0</ele></trkpt><trkpt lat="61.07947449" lon="13.68644600"><ele>317.0</ele></trkpt><trkpt lat="61.07953965" lon="13.68700925"><ele>317.0</ele></trkpt><trkpt lat="61.07949056" lon="13.68743505"><ele>317.0</ele></trkpt><trkpt lat="61.07939977" lon="13.68821928"><ele>316.0</ele></trkpt><trkpt lat="61.07953270" lon="13.68870078"><ele>315.0</ele></trkpt><trkpt lat="61.07966520" lon="13.68918317"><ele>315.0</ele></trkpt><trkpt lat="61.07979813" lon="13.68966467"><ele>315.0</ele></trkpt><trkpt lat="61.07993106" lon="13.69014617"><ele>316.0</ele></trkpt><trkpt lat="61.08014957" lon="13.69093938"><ele>316.0</ele></trkpt><trkpt lat="61.08028163" lon="13.69126906"><ele>317.0</ele></trkpt><trkpt lat="61.08050970" lon="13.69183949"><ele>317.0</ele></trkpt><trkpt lat="61.08055748" lon="13.69217815"><ele>317.0</ele></trkpt><trkpt lat="61.08060961" lon="13.69254916"><ele>318.0</ele></trkpt><trkpt lat="61.08057486" lon="13.69295610"><ele>318.0</ele></trkpt><trkpt lat="61.08051969" lon="13.69359929"><ele>319.0</ele></trkpt><trkpt lat="61.08059962" lon="13.69415984"><ele>320.0</ele></trkpt><trkpt lat="61.08057790" lon="13.69461888"><ele>320.0</ele></trkpt><trkpt lat="61.08055575" lon="13.69507881"><ele>320.0</ele></trkpt><trkpt lat="61.08052968" lon="13.69561960"><ele>320.0</ele></trkpt><trkpt lat="61.08064741" lon="13.69602294"><ele>320.0</ele></trkpt><trkpt lat="61.08076470" lon="13.69642629"><ele>320.0</ele></trkpt><trkpt lat="61.08091978" lon="13.69695989"><ele>320.0</ele></trkpt><trkpt lat="61.08108963" lon="13.69726981"><ele>320.0</ele></trkpt><trkpt lat="61.08116999" lon="13.69769651"><ele>320.0</ele></trkpt><trkpt lat="61.08125036" lon="13.69812231"><ele>320.0</ele></trkpt><trkpt lat="61.08133984" lon="13.69859931"><ele>319.0</ele></trkpt><trkpt lat="61.08143367" lon="13.69888048"><ele>319.0</ele></trkpt><trkpt lat="61.08152967" lon="13.69916974"><ele>319.0</ele></trkpt><trkpt lat="61.08160091" lon="13.69969346"><ele>319.0</ele></trkpt><trkpt lat="61.08167172" lon="13.70021808"><ele>318.0</ele></trkpt><trkpt lat="61.08174296" lon="13.70074179"><ele>318.0</ele></trkpt><trkpt lat="61.08181376" lon="13.70126641"><ele>318.0</ele></trkpt><trkpt lat="61.08189977" lon="13.70189972"><ele>318.0</ele></trkpt><trkpt lat="61.08186111" lon="13.70236595"><ele>318.0</ele></trkpt><trkpt lat="61.08182245" lon="13.70283307"><ele>318.0</ele></trkpt><trkpt lat="61.08176989" lon="13.70346998"><ele>318.0</ele></trkpt><trkpt lat="61.08180638" lon="13.70388859"><ele>318.0</ele></trkpt><trkpt lat="61.08186980" lon="13.70460994"><ele>318.0</ele></trkpt><trkpt lat="61.08199968" lon="13.70517947"><ele>319.0</ele></trkpt><trkpt lat="61.08197666" lon="13.70570858"><ele>319.0</ele></trkpt><trkpt lat="61.08195320" lon="13.70623859"><ele>320.0</ele></trkpt><trkpt lat="61.08193018" lon="13.70676769"><ele>320.0</ele></trkpt><trkpt lat="61.08188978" lon="13.70768936"><ele>321.0</ele></trkpt><trkpt lat="61.08171994" lon="13.70817984"><ele>323.0</ele></trkpt><trkpt lat="61.08154401" lon="13.70848707"><ele>323.0</ele></trkpt><trkpt lat="61.08136808" lon="13.70879519"><ele>324.0</ele></trkpt><trkpt lat="61.08111960" lon="13.70922998"><ele>325.0</ele></trkpt><trkpt lat="61.08119301" lon="13.70961535"><ele>326.0</ele></trkpt><trkpt lat="61.08130987" lon="13.71022980"><ele>327.0</ele></trkpt><trkpt lat="61.08145278" lon="13.71068165"><ele>328.0</ele></trkpt><trkpt lat="61.08159526" lon="13.71113440"><ele>330.0</ele></trkpt><trkpt lat="61.08173818" lon="13.71158626"><ele>331.0</ele></trkpt><trkpt lat="61.08188109" lon="13.71203811"><ele>333.0</ele></trkpt><trkpt lat="61.08202965" lon="13.71250972"><ele>334.0</ele></trkpt><trkpt lat="61.08213478" lon="13.71295619"><ele>335.0</ele></trkpt><trkpt lat="61.08223990" lon="13.71340265"><ele>336.0</ele></trkpt><trkpt lat="61.08242972" lon="13.71420934"><ele>338.0</ele></trkpt><trkpt lat="61.08257524" lon="13.71464322"><ele>339.0</ele></trkpt><trkpt lat="61.08272032" lon="13.71507711"><ele>340.0</ele></trkpt><trkpt lat="61.08286584" lon="13.71551100"><ele>341.0</ele></trkpt><trkpt lat="61.08309997" lon="13.71620988"><ele>344.0</ele></trkpt><trkpt lat="61.08316078" lon="13.71660694"><ele>345.0</ele></trkpt><trkpt lat="61.08325981" lon="13.71724924"><ele>347.0</ele></trkpt><trkpt lat="61.08340663" lon="13.71761665"><ele>348.0</ele></trkpt><trkpt lat="61.08355301" lon="13.71798316"><ele>349.0</ele></trkpt><trkpt lat="61.08375977" lon="13.71849969"><ele>350.0</ele></trkpt><trkpt lat="61.08378062" lon="13.71889225"><ele>350.0</ele></trkpt><trkpt lat="61.08380972" lon="13.71944921"><ele>350.0</ele></trkpt><trkpt lat="61.08387444" lon="13.71980764"><ele>350.0</ele></trkpt><trkpt lat="61.08395958" lon="13.72027925"><ele>350.0</ele></trkpt><trkpt lat="61.08407164" lon="13.72061163"><ele>350.0</ele></trkpt><trkpt lat="61.08423974" lon="13.72110930"><ele>350.0</ele></trkpt><trkpt lat="61.08428057" lon="13.72154678"><ele>350.0</ele></trkpt><trkpt lat="61.08435962" lon="13.72239928"><ele>350.0</ele></trkpt><trkpt lat="61.08448992" lon="13.72290952"><ele>350.0</ele></trkpt><trkpt lat="61.08448992" lon="13.72335778"><ele>350.0</ele></trkpt><trkpt lat="61.08448992" lon="13.72424981"><ele>351.0</ele></trkpt><trkpt lat="61.08454031" lon="13.72462530"><ele>351.0</ele></trkpt><trkpt lat="61.08460981" lon="13.72513914"><ele>351.0</ele></trkpt><trkpt lat="61.08472491" lon="13.72548948"><ele>352.0</ele></trkpt><trkpt lat="61.08491993" lon="13.72607967"><ele>353.0</ele></trkpt><trkpt lat="61.08500723" lon="13.72652165"><ele>354.0</ele></trkpt><trkpt lat="61.08509454" lon="13.72696452"><ele>354.0</ele></trkpt><trkpt lat="61.08521963" lon="13.72759962"><ele>355.0</ele></trkpt><trkpt lat="61.08532344" lon="13.72786553"><ele>355.0</ele></trkpt><trkpt lat="61.08542985" lon="13.72813951"><ele>355.0</ele></trkpt><trkpt lat="61.08538989" lon="13.72848985"><ele>355.0</ele></trkpt><trkpt lat="61.08546981" lon="13.72869916" /><trkpt lat="61.08546981" lon="13.72910969"><ele>356.0</ele></trkpt><trkpt lat="61.08538468" lon="13.72943668"><ele>356.0</ele></trkpt><trkpt lat="61.08527957" lon="13.72983912"><ele>357.0</ele></trkpt><trkpt lat="61.08533082" lon="13.73025504"><ele>357.0</ele></trkpt><trkpt lat="61.08541986" lon="13.73097998"><ele>358.0</ele></trkpt><trkpt lat="61.08555537" lon="13.73141657"><ele>359.0</ele></trkpt><trkpt lat="61.08569089" lon="13.73185315"><ele>359.0</ele></trkpt><trkpt lat="61.08582640" lon="13.73228973"><ele>360.0</ele></trkpt><trkpt lat="61.08600969" lon="13.73287992"><ele>362.0</ele></trkpt><trkpt lat="61.08605703" lon="13.73334345"><ele>363.0</ele></trkpt><trkpt lat="61.08610437" lon="13.73380788"><ele>364.0</ele></trkpt><trkpt lat="61.08616996" lon="13.73444928"><ele>365.0</ele></trkpt><trkpt lat="61.08634239" lon="13.73484184"><ele>368.0</ele></trkpt><trkpt lat="61.08651481" lon="13.73523351"><ele>369.0</ele></trkpt><trkpt lat="61.08668767" lon="13.73562607"><ele>371.0</ele></trkpt><trkpt lat="61.08697997" lon="13.73628993"><ele>374.0</ele></trkpt><trkpt lat="61.08702644" lon="13.73677951"><ele>375.0</ele></trkpt><trkpt lat="61.08707292" lon="13.73726909"><ele>376.0</ele></trkpt><trkpt lat="61.08715978" lon="13.73817998"><ele>379.0</ele></trkpt><trkpt lat="61.08714414" lon="13.73858961"><ele>380.0</ele></trkpt><trkpt lat="61.08711982" lon="13.73922921"><ele>383.0</ele></trkpt><trkpt lat="61.08704034" lon="13.73965861"><ele>383.0</ele></trkpt><trkpt lat="61.08696086" lon="13.74008800"><ele>384.0</ele></trkpt><trkpt lat="61.08686965" lon="13.74057938"><ele>385.0</ele></trkpt><trkpt lat="61.08686053" lon="13.74112735"><ele>387.0</ele></trkpt><trkpt lat="61.08685098" lon="13.74167443"><ele>388.0</ele></trkpt><trkpt lat="61.08684186" lon="13.74222240"><ele>389.0</ele></trkpt><trkpt lat="61.08683230" lon="13.74276947"><ele>390.0</ele></trkpt><trkpt lat="61.08681971" lon="13.74350969"><ele>391.0</ele></trkpt><trkpt lat="61.08677324" lon="13.74405856"><ele>392.0</ele></trkpt><trkpt lat="61.08672676" lon="13.74460743"><ele>392.0</ele></trkpt><trkpt lat="61.08667986" lon="13.74515630"><ele>392.0</ele></trkpt><trkpt lat="61.08663338" lon="13.74570517"><ele>392.0</ele></trkpt><trkpt lat="61.08654999" lon="13.74668972"><ele>392.0</ele></trkpt><trkpt lat="61.08652697" lon="13.74730687"><ele>392.0</ele></trkpt><trkpt lat="61.08650439" lon="13.74792401"><ele>392.0</ele></trkpt><trkpt lat="61.08648137" lon="13.74854115"><ele>392.0</ele></trkpt><trkpt lat="61.08645878" lon="13.74915829"><ele>393.0</ele></trkpt><trkpt lat="61.08643577" lon="13.74977544"><ele>393.0</ele></trkpt><trkpt lat="61.08641318" lon="13.75039168"><ele>393.0</ele></trkpt><trkpt lat="61.08639016" lon="13.75100882"><ele>392.0</ele></trkpt><trkpt lat="61.08636758" lon="13.75162596"><ele>392.0</ele></trkpt><trkpt lat="61.08634456" lon="13.75224311"><ele>392.0</ele></trkpt><trkpt lat="61.08632197" lon="13.75286025"><ele>392.0</ele></trkpt><trkpt lat="61.08629895" lon="13.75347739"><ele>391.0</ele></trkpt><trkpt lat="61.08626985" lon="13.75426971"><ele>391.0</ele></trkpt><trkpt lat="61.08633717" lon="13.75465059"><ele>392.0</ele></trkpt><trkpt lat="61.08643967" lon="13.75522911"><ele>393.0</ele></trkpt><trkpt lat="61.08644923" lon="13.75568635"><ele>393.0</ele></trkpt><trkpt lat="61.08645922" lon="13.75614269"><ele>393.0</ele></trkpt><trkpt lat="61.08646964" lon="13.75664934"><ele>393.0</ele></trkpt><trkpt lat="61.08651308" lon="13.75714432"><ele>393.0</ele></trkpt><trkpt lat="61.08655607" lon="13.75763929"><ele>393.0</ele></trkpt><trkpt lat="61.08663990" lon="13.75859959"><ele>393.0</ele></trkpt><trkpt lat="61.08658430" lon="13.75896790"><ele>392.0</ele></trkpt><trkpt lat="61.08650960" lon="13.75945927"><ele>392.0</ele></trkpt><trkpt lat="61.08635237" lon="13.75986262"><ele>390.0</ele></trkpt><trkpt lat="61.08619515" lon="13.76026506"><ele>389.0</ele></trkpt><trkpt lat="61.08603749" lon="13.76066751"><ele>388.0</ele></trkpt><trkpt lat="61.08582987" lon="13.76119931"><ele>388.0</ele></trkpt><trkpt lat="61.08579513" lon="13.76160804"><ele>388.0</ele></trkpt><trkpt lat="61.08573997" lon="13.76225932"><ele>388.0</ele></trkpt><trkpt lat="61.08579991" lon="13.76289982"><ele>388.0</ele></trkpt><trkpt lat="61.08592890" lon="13.76341276"><ele>388.0</ele></trkpt><trkpt lat="61.08605790" lon="13.76392570"><ele>388.0</ele></trkpt><trkpt lat="61.08618690" lon="13.76443864"><ele>389.0</ele></trkpt><trkpt lat="61.08631546" lon="13.76495157"><ele>389.0</ele></trkpt><trkpt lat="61.08644445" lon="13.76546451"><ele>389.0</ele></trkpt><trkpt lat="61.08657345" lon="13.76597745"><ele>389.0</ele></trkpt><trkpt lat="61.08670982" lon="13.76651913"><ele>389.0</ele></trkpt><trkpt lat="61.08676151" lon="13.76688924"><ele>389.0</ele></trkpt><trkpt lat="61.08682970" lon="13.76737972"><ele>390.0</ele></trkpt><trkpt lat="61.08681927" lon="13.76781900"><ele>391.0</ele></trkpt><trkpt lat="61.08679973" lon="13.76864994"><ele>391.0</ele></trkpt><trkpt lat="61.08686357" lon="13.76901465"><ele>392.0</ele></trkpt><trkpt lat="61.08694957" lon="13.76950963"><ele>392.0</ele></trkpt><trkpt lat="61.08690527" lon="13.77003334"><ele>393.0</ele></trkpt><trkpt lat="61.08686097" lon="13.77055706"><ele>393.0</ele></trkpt><trkpt lat="61.08681667" lon="13.77107988"><ele>393.0</ele></trkpt><trkpt lat="61.08673979" lon="13.77198987"><ele>393.0</ele></trkpt><trkpt lat="61.08684794" lon="13.77242735"><ele>394.0</ele></trkpt><trkpt lat="61.08695608" lon="13.77286483"><ele>394.0</ele></trkpt><trkpt lat="61.08713980" lon="13.77360954"><ele>394.0</ele></trkpt><trkpt lat="61.08716282" lon="13.77402276"><ele>394.0</ele></trkpt><trkpt lat="61.08719974" lon="13.77468931"><ele>394.0</ele></trkpt><trkpt lat="61.08729746" lon="13.77507918"><ele>394.0</ele></trkpt><trkpt lat="61.08747987" lon="13.77580951"><ele>394.0</ele></trkpt><trkpt lat="61.08753285" lon="13.77624699"><ele>394.0</ele></trkpt><trkpt lat="61.08758584" lon="13.77668357"><ele>394.0</ele></trkpt><trkpt lat="61.08763969" lon="13.77712914"><ele>394.0</ele></trkpt><trkpt lat="61.08781559" lon="13.77759985"><ele>394.0</ele></trkpt><trkpt lat="61.08799148" lon="13.77807057"><ele>394.0</ele></trkpt><trkpt lat="61.08816781" lon="13.77854039"><ele>394.0</ele></trkpt><trkpt lat="61.08834370" lon="13.77901111"><ele>394.0</ele></trkpt><trkpt lat="61.08851959" lon="13.77948093"><ele>394.0</ele></trkpt><trkpt lat="61.08869548" lon="13.77995164"><ele>394.0</ele></trkpt><trkpt lat="61.08887137" lon="13.78042236"><ele>395.0</ele></trkpt><trkpt lat="61.08913976" lon="13.78113922"><ele>395.0</ele></trkpt><trkpt lat="61.08926962" lon="13.78171953"><ele>395.0</ele></trkpt><trkpt lat="61.08928438" lon="13.78214623"><ele>395.0</ele></trkpt><trkpt lat="61.08930957" lon="13.78288913"><ele>395.0</ele></trkpt><trkpt lat="61.08940989" lon="13.78336973"><ele>395.0</ele></trkpt><trkpt lat="61.08938905" lon="13.78381080"><ele>395.0</ele></trkpt><trkpt lat="61.08934996" lon="13.78465971"><ele>395.0</ele></trkpt><trkpt lat="61.08942987" lon="13.78500916"><ele>395.0</ele></trkpt><trkpt lat="61.08945245" lon="13.78549065"><ele>396.0</ele></trkpt><trkpt lat="61.08947503" lon="13.78597125"><ele>396.0</ele></trkpt><trkpt lat="61.08950978" lon="13.78670967"><ele>396.0</ele></trkpt><trkpt lat="61.08957014" lon="13.78718308"><ele>396.0</ele></trkpt><trkpt lat="61.08963007" lon="13.78765649"><ele>395.0</ele></trkpt><trkpt lat="61.08972996" lon="13.78843982"><ele>394.0</ele></trkpt><trkpt lat="61.08970998" lon="13.78908931"><ele>392.0</ele></trkpt><trkpt lat="61.08975211" lon="13.78946929"><ele>391.0</ele></trkpt><trkpt lat="61.08980987" lon="13.78998942"><ele>390.0</ele></trkpt><trkpt lat="61.08995578" lon="13.79030922"><ele>389.0</ele></trkpt><trkpt lat="61.09022981" lon="13.79090929"><ele>389.0</ele></trkpt><trkpt lat="61.09028627" lon="13.79132970"><ele>389.0</ele></trkpt><trkpt lat="61.09038962" lon="13.79209956"><ele>389.0</ele></trkpt><trkpt lat="61.09048820" lon="13.79248584"><ele>389.0</ele></trkpt><trkpt lat="61.09066973" lon="13.79320000"><ele>389.0</ele></trkpt><trkpt lat="61.09071837" lon="13.79367071"><ele>389.0</ele></trkpt><trkpt lat="61.09076700" lon="13.79414143"><ele>389.0</ele></trkpt><trkpt lat="61.09083996" lon="13.79484930"><ele>389.0</ele></trkpt><trkpt lat="61.09093463" lon="13.79520593"><ele>389.0</ele></trkpt><trkpt lat="61.09107967" lon="13.79574942"><ele>389.0</ele></trkpt><trkpt lat="61.09104059" lon="13.79621474"><ele>389.0</ele></trkpt><trkpt lat="61.09100194" lon="13.79667917"><ele>389.0</ele></trkpt><trkpt lat="61.09094983" lon="13.79729991"><ele>390.0</ele></trkpt><trkpt lat="61.09096807" lon="13.79766642"><ele>390.0</ele></trkpt><trkpt lat="61.09098978" lon="13.79810929"><ele>390.0</ele></trkpt><trkpt lat="61.09108054" lon="13.79853240"><ele>391.0</ele></trkpt><trkpt lat="61.09117130" lon="13.79895550"><ele>391.0</ele></trkpt><trkpt lat="61.09127987" lon="13.79945946"><ele>392.0</ele></trkpt><trkpt lat="61.09142578" lon="13.79985561"><ele>394.0</ele></trkpt><trkpt lat="61.09157169" lon="13.80025177"><ele>395.0</ele></trkpt><trkpt lat="61.09183962" lon="13.80097941"><ele>397.0</ele></trkpt><trkpt lat="61.09203894" lon="13.80133155"><ele>397.0</ele></trkpt><trkpt lat="61.09223870" lon="13.80168279"><ele>396.0</ele></trkpt><trkpt lat="61.09243802" lon="13.80203493"><ele>395.0</ele></trkpt><trkpt lat="61.09263733" lon="13.80238707"><ele>394.0</ele></trkpt><trkpt lat="61.09285967" lon="13.80277963"><ele>392.0</ele></trkpt><trkpt lat="61.09298299" lon="13.80320633"><ele>391.0</ele></trkpt><trkpt lat="61.09310588" lon="13.80363393"><ele>390.0</ele></trkpt><trkpt lat="61.09332994" lon="13.80440917"><ele>389.0</ele></trkpt><trkpt lat="61.09345630" lon="13.80467148"><ele>389.0</ele></trkpt><trkpt lat="61.09360959" lon="13.80498949"><ele>389.0</ele></trkpt><trkpt lat="61.09370121" lon="13.80544403"><ele>389.0</ele></trkpt><trkpt lat="61.09379283" lon="13.80589858"><ele>389.0</ele></trkpt><trkpt lat="61.09394958" lon="13.80667922"><ele>389.0</ele></trkpt><trkpt lat="61.09413500" lon="13.80704842"><ele>389.0</ele></trkpt><trkpt lat="61.09432041" lon="13.80741673"><ele>389.0</ele></trkpt><trkpt lat="61.09450582" lon="13.80778504"><ele>389.0</ele></trkpt><trkpt lat="61.09482974" lon="13.80842914"><ele>389.0</ele></trkpt><trkpt lat="61.09498997" lon="13.80863575"><ele>389.0</ele></trkpt><trkpt lat="61.09520967" lon="13.80891962"><ele>389.0</ele></trkpt><trkpt lat="61.09532300" lon="13.80921965"><ele>389.0</ele></trkpt><trkpt lat="61.09546976" lon="13.80960952"><ele>389.0</ele></trkpt><trkpt lat="61.09553316" lon="13.80993022"><ele>389.0</ele></trkpt><trkpt lat="61.09559959" lon="13.81026978"><ele>389.0</ele></trkpt><trkpt lat="61.09581191" lon="13.81065157"><ele>389.0</ele></trkpt><trkpt lat="61.09602380" lon="13.81103335"><ele>389.0</ele></trkpt><trkpt lat="61.09623612" lon="13.81141514"><ele>389.0</ele></trkpt><trkpt lat="61.09644800" lon="13.81179602"><ele>389.0</ele></trkpt><trkpt lat="61.09666032" lon="13.81217781"><ele>389.0</ele></trkpt><trkpt lat="61.09687220" lon="13.81255959"><ele>389.0</ele></trkpt><trkpt lat="61.09714965" lon="13.81305995"><ele>389.0</ele></trkpt><trkpt lat="61.09732940" lon="13.81345880"><ele>389.0</ele></trkpt><trkpt lat="61.09750871" lon="13.81385765"><ele>389.0</ele></trkpt><trkpt lat="61.09768802" lon="13.81425651"><ele>389.0</ele></trkpt><trkpt lat="61.09786777" lon="13.81465536"><ele>389.0</ele></trkpt><trkpt lat="61.09808963" lon="13.81514943"><ele>389.0</ele></trkpt><trkpt lat="61.09835968" lon="13.81542971"><ele>390.0</ele></trkpt><trkpt lat="61.09859239" lon="13.81550696"><ele>391.0</ele></trkpt><trkpt lat="61.09882466" lon="13.81558422"><ele>394.0</ele></trkpt><trkpt lat="61.09919977" lon="13.81570998"><ele>396.0</ele></trkpt><trkpt lat="61.09944159" lon="13.81568662"><ele>397.0</ele></trkpt><trkpt lat="61.09968298" lon="13.81566327"><ele>398.0</ele></trkpt><trkpt lat="61.10013970" lon="13.81561925"><ele>400.0</ele></trkpt><trkpt lat="61.10039627" lon="13.81578185"><ele>401.0</ele></trkpt><trkpt lat="61.10065241" lon="13.81594444"><ele>403.0</ele></trkpt><trkpt lat="61.10090854" lon="13.81610704"><ele>404.0</ele></trkpt><trkpt lat="61.10116468" lon="13.81626963"><ele>405.0</ele></trkpt><trkpt lat="61.10158968" lon="13.81653913"><ele>407.0</ele></trkpt><trkpt lat="61.10184711" lon="13.81676550"><ele>408.0</ele></trkpt><trkpt lat="61.10210411" lon="13.81699098"><ele>410.0</ele></trkpt><trkpt lat="61.10236110" lon="13.81721735"><ele>411.0</ele></trkpt><trkpt lat="61.10261809" lon="13.81744283"><ele>412.0</ele></trkpt><trkpt lat="61.10287551" lon="13.81766921"><ele>413.0</ele></trkpt><trkpt lat="61.10313250" lon="13.81789468"><ele>414.0</ele></trkpt><trkpt lat="61.10339990" lon="13.81812914"><ele>415.0</ele></trkpt><trkpt lat="61.10355835" lon="13.81848847"><ele>415.0</ele></trkpt><trkpt lat="61.10371679" lon="13.81884690"><ele>415.0</ele></trkpt><trkpt lat="61.10396986" lon="13.81941912"><ele>414.0</ele></trkpt><trkpt lat="61.10414567" lon="13.81973713"><ele>413.0</ele></trkpt><trkpt lat="61.10432147" lon="13.82005423"><ele>413.0</ele></trkpt><trkpt lat="61.10458973" lon="13.82053932"><ele>412.0</ele></trkpt><trkpt lat="61.10476814" lon="13.82075761"><ele>411.0</ele></trkpt><trkpt lat="61.10507980" lon="13.82113940"><ele>411.0</ele></trkpt><trkpt lat="61.10529423" lon="13.82131277"><ele>410.0</ele></trkpt><trkpt lat="61.10550822" lon="13.82148615"><ele>410.0</ele></trkpt><trkpt lat="61.10580990" lon="13.82172959"><ele>409.0</ele></trkpt><trkpt lat="61.10611982" lon="13.82183919"><ele>409.0</ele></trkpt><trkpt lat="61.10623484" lon="13.82228116"><ele>409.0</ele></trkpt><trkpt lat="61.10634943" lon="13.82272313"><ele>409.0</ele></trkpt><trkpt lat="61.10656993" lon="13.82356934"><ele>409.0</ele></trkpt><trkpt lat="61.10661073" lon="13.82392777"><ele>410.0</ele></trkpt><trkpt lat="61.10665978" lon="13.82435986"><ele>412.0</ele></trkpt><trkpt lat="61.10678869" lon="13.82470840"><ele>414.0</ele></trkpt><trkpt lat="61.10702958" lon="13.82535968"><ele>418.0</ele></trkpt><trkpt lat="61.10719278" lon="13.82558606"><ele>419.0</ele></trkpt><trkpt lat="61.10743975" lon="13.82592922"><ele>420.0</ele></trkpt><trkpt lat="61.10758298" lon="13.82635142"><ele>421.0</ele></trkpt><trkpt lat="61.10772578" lon="13.82677363"><ele>421.0</ele></trkpt><trkpt lat="61.10786901" lon="13.82719584"><ele>421.0</ele></trkpt><trkpt lat="61.10804957" lon="13.82772944"><ele>422.0</ele></trkpt><trkpt lat="61.10808125" lon="13.82809595"><ele>422.0</ele></trkpt><trkpt lat="61.10811988" lon="13.82854960"><ele>423.0</ele></trkpt><trkpt lat="61.10806997" lon="13.82900145"><ele>423.0</ele></trkpt><trkpt lat="61.10802006" lon="13.82945331"><ele>423.0</ele></trkpt><trkpt lat="61.10795973" lon="13.82999948"><ele>423.0</ele></trkpt><trkpt lat="61.10785816" lon="13.83054566"><ele>423.0</ele></trkpt><trkpt lat="61.10775660" lon="13.83109094"><ele>423.0</ele></trkpt><trkpt lat="61.10765503" lon="13.83163711"><ele>424.0</ele></trkpt><trkpt lat="61.10755390" lon="13.83218329"><ele>424.0</ele></trkpt><trkpt lat="61.10745234" lon="13.83272856"><ele>424.0</ele></trkpt><trkpt lat="61.10735077" lon="13.83327474"><ele>424.0</ele></trkpt><trkpt lat="61.10718975" lon="13.83413982"><ele>424.0</ele></trkpt><trkpt lat="61.10729088" lon="13.83453418"><ele>424.0</ele></trkpt><trkpt lat="61.10748967" lon="13.83530942"><ele>425.0</ele></trkpt><trkpt lat="61.10767109" lon="13.83573073"><ele>425.0</ele></trkpt><trkpt lat="61.10785295" lon="13.83615204"><ele>424.0</ele></trkpt><trkpt lat="61.10803438" lon="13.83657335"><ele>424.0</ele></trkpt><trkpt lat="61.10821580" lon="13.83699466"><ele>423.0</ele></trkpt><trkpt lat="61.10839723" lon="13.83741687"><ele>422.0</ele></trkpt><trkpt lat="61.10860990" lon="13.83790915"><ele>422.0</ele></trkpt><trkpt lat="61.10878350" lon="13.83815439"><ele>422.0</ele></trkpt><trkpt lat="61.10909990" lon="13.83859995"><ele>422.0</ele></trkpt><trkpt lat="61.10916804" lon="13.83900689"><ele>421.0</ele></trkpt><trkpt lat="61.10928957" lon="13.83972913"><ele>421.0</ele></trkpt><trkpt lat="61.10944017" lon="13.84016661"><ele>421.0</ele></trkpt><trkpt lat="61.10959077" lon="13.84060409"><ele>421.0</ele></trkpt><trkpt lat="61.10974137" lon="13.84104068"><ele>421.0</ele></trkpt><trkpt lat="61.11002998" lon="13.84187970"><ele>421.0</ele></trkpt><trkpt lat="61.11025002" lon="13.84214381"><ele>420.0</ele></trkpt><trkpt lat="61.11047049" lon="13.84240701"><ele>420.0</ele></trkpt><trkpt lat="61.11069053" lon="13.84267112"><ele>420.0</ele></trkpt><trkpt lat="61.11103989" lon="13.84308973"><ele>419.0</ele></trkpt><trkpt lat="61.11125992" lon="13.84355955"><ele>419.0</ele></trkpt><trkpt lat="61.11123736" lon="13.84408147"><ele>419.0</ele></trkpt><trkpt lat="61.11121522" lon="13.84460339"><ele>418.0</ele></trkpt><trkpt lat="61.11119309" lon="13.84512531"><ele>418.0</ele></trkpt><trkpt lat="61.11115967" lon="13.84590954"><ele>418.0</ele></trkpt><trkpt lat="61.11107070" lon="13.84646380"><ele>418.0</ele></trkpt><trkpt lat="61.11098217" lon="13.84701896"><ele>417.0</ele></trkpt><trkpt lat="61.11089320" lon="13.84757322"><ele>417.0</ele></trkpt><trkpt lat="61.11080423" lon="13.84812838"><ele>417.0</ele></trkpt><trkpt lat="61.11071527" lon="13.84868264"><ele>417.0</ele></trkpt><trkpt lat="61.11062630" lon="13.84923690"><ele>417.0</ele></trkpt><trkpt lat="61.11048959" lon="13.85008940"><ele>417.0</ele></trkpt><trkpt lat="61.11069921" lon="13.85049904"><ele>417.0</ele></trkpt><trkpt lat="61.11090883" lon="13.85090957"><ele>416.0</ele></trkpt><trkpt lat="61.11111844" lon="13.85131920"><ele>416.0</ele></trkpt><trkpt lat="61.11132762" lon="13.85172883"><ele>415.0</ele></trkpt><trkpt lat="61.11153724" lon="13.85213846"><ele>414.0</ele></trkpt><trkpt lat="61.11174685" lon="13.85254809"><ele>414.0</ele></trkpt><trkpt lat="61.11195603" lon="13.85295773"><ele>413.0</ele></trkpt><trkpt lat="61.11231970" lon="13.85366919"><ele>413.0</ele></trkpt><trkpt lat="61.11235962" lon="13.85403391"><ele>414.0</ele></trkpt><trkpt lat="61.11240996" lon="13.85448935"><ele>414.0</ele></trkpt><trkpt lat="61.11251542" lon="13.85489270"><ele>414.0</ele></trkpt><trkpt lat="61.11262087" lon="13.85529514"><ele>415.0</ele></trkpt><trkpt lat="61.11273978" lon="13.85574969"><ele>415.0</ele></trkpt><trkpt lat="61.11279880" lon="13.85621771"><ele>416.0</ele></trkpt><trkpt lat="61.11285825" lon="13.85668573"><ele>416.0</ele></trkpt><trkpt lat="61.11294982" lon="13.85740978"><ele>417.0</ele></trkpt><trkpt lat="61.11293029" lon="13.85794877"><ele>419.0</ele></trkpt><trkpt lat="61.11291033" lon="13.85848865"><ele>421.0</ele></trkpt><trkpt lat="61.11289080" lon="13.85902854"><ele>424.0</ele></trkpt><trkpt lat="61.11287084" lon="13.85956753"><ele>424.0</ele></trkpt><trkpt lat="61.11284957" lon="13.86014964"><ele>424.0</ele></trkpt><trkpt lat="61.11293072" lon="13.86060508"><ele>423.0</ele></trkpt><trkpt lat="61.11301187" lon="13.86106053"><ele>421.0</ele></trkpt><trkpt lat="61.11313989" lon="13.86177918"><ele>419.0</ele></trkpt><trkpt lat="61.11314423" lon="13.86216097"><ele>418.0</ele></trkpt><trkpt lat="61.11314987" lon="13.86265953"><ele>417.0</ele></trkpt><trkpt lat="61.11307957" lon="13.86326949"><ele>416.0</ele></trkpt><trkpt lat="61.11292812" lon="13.86370607"><ele>416.0</ele></trkpt><trkpt lat="61.11277666" lon="13.86414265"><ele>416.0</ele></trkpt><trkpt lat="61.11262521" lon="13.86457923"><ele>415.0</ele></trkpt><trkpt lat="61.11232968" lon="13.86542994"><ele>413.0</ele></trkpt><trkpt lat="61.11228411" lon="13.86583597"><ele>413.0</ele></trkpt><trkpt lat="61.11220990" lon="13.86649983"><ele>414.0</ele></trkpt><trkpt lat="61.11225937" lon="13.86682232"><ele>414.0</ele></trkpt><trkpt lat="61.11230972" lon="13.86714931"><ele>414.0</ele></trkpt><trkpt lat="61.11227109" lon="13.86757871"><ele>416.0</ele></trkpt><trkpt lat="61.11219992" lon="13.86836922"><ele>417.0</ele></trkpt><trkpt lat="61.11223985" lon="13.86879053"><ele>416.0</ele></trkpt><trkpt lat="61.11230972" lon="13.86952985"><ele>416.0</ele></trkpt><trkpt lat="61.11238826" lon="13.86998619"><ele>415.0</ele></trkpt><trkpt lat="61.11246681" lon="13.87044343"><ele>413.0</ele></trkpt><trkpt lat="61.11258963" lon="13.87115939"><ele>409.0</ele></trkpt><trkpt lat="61.11268640" lon="13.87153219"><ele>407.0</ele></trkpt><trkpt lat="61.11284957" lon="13.87215921"><ele>404.0</ele></trkpt><trkpt lat="61.11288429" lon="13.87253741"><ele>403.0</ele></trkpt><trkpt lat="61.11292985" lon="13.87303956"><ele>401.0</ele></trkpt><trkpt lat="61.11302402" lon="13.87351657"><ele>400.0</ele></trkpt><trkpt lat="61.11311776" lon="13.87399357"><ele>399.0</ele></trkpt><trkpt lat="61.11321193" lon="13.87447148"><ele>399.0</ele></trkpt><trkpt lat="61.11332996" lon="13.87506976"><ele>399.0</ele></trkpt><trkpt lat="61.11340070" lon="13.87557820"><ele>399.0</ele></trkpt><trkpt lat="61.11347143" lon="13.87608665"><ele>398.0</ele></trkpt><trkpt lat="61.11354217" lon="13.87659510"><ele>397.0</ele></trkpt><trkpt lat="61.11365977" lon="13.87743951"><ele>397.0</ele></trkpt><trkpt lat="61.11369362" lon="13.87796682"><ele>397.0</ele></trkpt><trkpt lat="61.11372703" lon="13.87849413"><ele>397.0</ele></trkpt><trkpt lat="61.11376088" lon="13.87902055"><ele>397.0</ele></trkpt><trkpt lat="61.11381990" lon="13.87993952"><ele>398.0</ele></trkpt><trkpt lat="61.11381686" lon="13.88041922"><ele>398.0</ele></trkpt><trkpt lat="61.11381382" lon="13.88089982"><ele>398.0</ele></trkpt><trkpt lat="61.11380992" lon="13.88160949"><ele>398.0</ele></trkpt><trkpt lat="61.11384941" lon="13.88197870"><ele>398.0</ele></trkpt><trkpt lat="61.11389975" lon="13.88244942"><ele>399.0</ele></trkpt><trkpt lat="61.11397959" lon="13.88256979" /><trkpt lat="61.11414970" lon="13.88234970"><ele>399.0</ele></trkpt><trkpt lat="61.11432979" lon="13.88260932"><ele>399.0</ele></trkpt><trkpt lat="61.11437926" lon="13.88293271"><ele>399.0</ele></trkpt><trkpt lat="61.11442959" lon="13.88325970"><ele>399.0</ele></trkpt><trkpt lat="61.11454242" lon="13.88360914"><ele>400.0</ele></trkpt><trkpt lat="61.11472988" lon="13.88418945"><ele>400.0</ele></trkpt><trkpt lat="61.11481927" lon="13.88461615"><ele>400.0</ele></trkpt><trkpt lat="61.11490909" lon="13.88504285"><ele>400.0</ele></trkpt><trkpt lat="61.11501975" lon="13.88556927"><ele>399.0</ele></trkpt><trkpt lat="61.11516555" lon="13.88588907"><ele>399.0</ele></trkpt><trkpt lat="61.11543979" lon="13.88648914"><ele>399.0</ele></trkpt><trkpt lat="61.11555999" lon="13.88707933"><ele>398.0</ele></trkpt><trkpt lat="61.11555999" lon="13.88749256"><ele>398.0</ele></trkpt><trkpt lat="61.11555999" lon="13.88814923"><ele>398.0</ele></trkpt><trkpt lat="61.11569190" lon="13.88857862"><ele>397.0</ele></trkpt><trkpt lat="61.11582425" lon="13.88900712"><ele>397.0</ele></trkpt><trkpt lat="61.11595660" lon="13.88943561"><ele>397.0</ele></trkpt><trkpt lat="61.11609979" lon="13.88989915"><ele>397.0</ele></trkpt><trkpt lat="61.11611975" lon="13.89032944"><ele>397.0</ele></trkpt><trkpt lat="61.11603731" lon="13.89081543"><ele>397.0</ele></trkpt><trkpt lat="61.11595486" lon="13.89130142"><ele>397.0</ele></trkpt><trkpt lat="61.11587242" lon="13.89178651"><ele>397.0</ele></trkpt><trkpt lat="61.11576958" lon="13.89238928"><ele>397.0</ele></trkpt><trkpt lat="61.11566977" lon="13.89284023"><ele>397.0</ele></trkpt><trkpt lat="61.11556954" lon="13.89329118"><ele>397.0</ele></trkpt><trkpt lat="61.11538989" lon="13.89409967"><ele>397.0</ele></trkpt><trkpt lat="61.11539857" lon="13.89447516"><ele>397.0</ele></trkpt><trkpt lat="61.11540985" lon="13.89494947"><ele>397.0</ele></trkpt><trkpt lat="61.11553656" lon="13.89533305"><ele>397.0</ele></trkpt><trkpt lat="61.11566370" lon="13.89571753"><ele>396.0</ele></trkpt><trkpt lat="61.11581991" lon="13.89618915"><ele>396.0</ele></trkpt><trkpt lat="61.11601387" lon="13.89629964"><ele>396.0</ele></trkpt><trkpt lat="61.11632977" lon="13.89647930"><ele>396.0</ele></trkpt><trkpt lat="61.11657406" lon="13.89653859"><ele>396.0</ele></trkpt><trkpt lat="61.11681835" lon="13.89659698"><ele>396.0</ele></trkpt><trkpt lat="61.11706264" lon="13.89665537"><ele>395.0</ele></trkpt><trkpt lat="61.11732993" lon="13.89671915"><ele>395.0</ele></trkpt><trkpt lat="61.11751867" lon="13.89693565"><ele>395.0</ele></trkpt><trkpt lat="61.11788966" lon="13.89735965"><ele>395.0</ele></trkpt><trkpt lat="61.11804195" lon="13.89777647"><ele>395.0</ele></trkpt><trkpt lat="61.11819468" lon="13.89819329"><ele>395.0</ele></trkpt><trkpt lat="61.11834698" lon="13.89861011"><ele>395.0</ele></trkpt><trkpt lat="61.11856999" lon="13.89921917"><ele>395.0</ele></trkpt><trkpt lat="61.11873617" lon="13.89957580"><ele>395.0</ele></trkpt><trkpt lat="61.11890278" lon="13.89993243"><ele>395.0</ele></trkpt><trkpt lat="61.11919999" lon="13.90056933"><ele>395.0</ele></trkpt><trkpt lat="61.11932885" lon="13.90101939"><ele>395.0</ele></trkpt><trkpt lat="61.11945815" lon="13.90146945"><ele>395.0</ele></trkpt><trkpt lat="61.11958744" lon="13.90191950"><ele>395.0</ele></trkpt><trkpt lat="61.11977964" lon="13.90258965"><ele>395.0</ele></trkpt><trkpt lat="61.12000959" lon="13.90293999"><ele>395.0</ele></trkpt><trkpt lat="61.12011979" lon="13.90300916" /><trkpt lat="61.12101961" lon="13.90263995"><ele>395.0</ele></trkpt><trkpt lat="61.12118231" lon="13.90269834"><ele>395.0</ele></trkpt><trkpt lat="61.12134977" lon="13.90275943"><ele>395.0</ele></trkpt><trkpt lat="61.12160140" lon="13.90271721"><ele>395.0</ele></trkpt><trkpt lat="61.12185260" lon="13.90267409"><ele>396.0</ele></trkpt><trkpt lat="61.12210422" lon="13.90263187"><ele>397.0</ele></trkpt><trkpt lat="61.12246995" lon="13.90256988"><ele>397.0</ele></trkpt><trkpt lat="61.12262960" lon="13.90261929"><ele>398.0</ele></trkpt><trkpt lat="61.12278708" lon="13.90286722"><ele>398.0</ele></trkpt><trkpt lat="61.12302958" lon="13.90324991"><ele>399.0</ele></trkpt><trkpt lat="61.12319444" lon="13.90304779"><ele>399.0</ele></trkpt><trkpt lat="61.12342957" lon="13.90275943"><ele>399.0</ele></trkpt><trkpt lat="61.12364474" lon="13.90291124"><ele>399.0</ele></trkpt><trkpt lat="61.12385948" lon="13.90306216"><ele>399.0</ele></trkpt><trkpt lat="61.12413972" lon="13.90325979"><ele>400.0</ele></trkpt><trkpt lat="61.12431585" lon="13.90320050"><ele>400.0</ele></trkpt><trkpt lat="61.12452971" lon="13.90312953"><ele>399.0</ele></trkpt><trkpt lat="61.12472319" lon="13.90294628"><ele>399.0</ele></trkpt><trkpt lat="61.12508975" lon="13.90259953"><ele>399.0</ele></trkpt><trkpt lat="61.12528973" lon="13.90305946"><ele>399.0</ele></trkpt><trkpt lat="61.12537995" lon="13.90367930"><ele>399.0</ele></trkpt><trkpt lat="61.12550619" lon="13.90411319"><ele>399.0</ele></trkpt><trkpt lat="61.12563285" lon="13.90454707"><ele>399.0</ele></trkpt><trkpt lat="61.12575909" lon="13.90498096"><ele>399.0</ele></trkpt><trkpt lat="61.12588966" lon="13.90542922"><ele>398.0</ele></trkpt><trkpt lat="61.12601415" lon="13.90575171"><ele>398.0</ele></trkpt><trkpt lat="61.12620979" lon="13.90625926"><ele>398.0</ele></trkpt><trkpt lat="61.12639978" lon="13.90652966"><ele>398.0</ele></trkpt><trkpt lat="61.12648784" lon="13.90697612"><ele>398.0</ele></trkpt><trkpt lat="61.12657590" lon="13.90742258"><ele>398.0</ele></trkpt><trkpt lat="61.12670993" lon="13.90809991"><ele>398.0</ele></trkpt><trkpt lat="61.12685438" lon="13.90843229"><ele>398.0</ele></trkpt><trkpt lat="61.12713980" lon="13.90908985"><ele>398.0</ele></trkpt><trkpt lat="61.12730333" lon="13.90910423"><ele>398.0</ele></trkpt><trkpt lat="61.12746989" lon="13.90911950"><ele>398.0</ele></trkpt><trkpt lat="61.12764123" lon="13.90926952"><ele>398.0</ele></trkpt><trkpt lat="61.12786982" lon="13.90946984"><ele>398.0</ele></trkpt><trkpt lat="61.12808757" lon="13.90949230"><ele>398.0</ele></trkpt><trkpt lat="61.12830531" lon="13.90951566"><ele>398.0</ele></trkpt><trkpt lat="61.12852999" lon="13.90953991"><ele>398.0</ele></trkpt><trkpt lat="61.12870436" lon="13.90945457"><ele>399.0</ele></trkpt><trkpt lat="61.12891993" lon="13.90934947"><ele>399.0</ele></trkpt><trkpt lat="61.12914331" lon="13.90956057"><ele>399.0</ele></trkpt><trkpt lat="61.12936625" lon="13.90977168"><ele>399.0</ele></trkpt><trkpt lat="61.12958962" lon="13.90998278"><ele>399.0</ele></trkpt><trkpt lat="61.12982991" lon="13.91020916"><ele>399.0</ele></trkpt><trkpt lat="61.13001988" lon="13.91051997"><ele>399.0</ele></trkpt><trkpt lat="61.13010489" lon="13.91092781"><ele>399.0</ele></trkpt><trkpt lat="61.13026971" lon="13.91171922"><ele>399.0</ele></trkpt><trkpt lat="61.13025409" lon="13.91212796"><ele>399.0</ele></trkpt><trkpt lat="61.13022981" lon="13.91275947"><ele>399.0</ele></trkpt><trkpt lat="61.13034561" lon="13.91312509"><ele>399.0</ele></trkpt><trkpt lat="61.13055987" lon="13.91379972"><ele>398.0</ele></trkpt><trkpt lat="61.13060367" lon="13.91423630"><ele>398.0</ele></trkpt><trkpt lat="61.13068998" lon="13.91508970"><ele>399.0</ele></trkpt><trkpt lat="61.13067697" lon="13.91547598"><ele>399.0</ele></trkpt><trkpt lat="61.13065962" lon="13.91599970"><ele>399.0</ele></trkpt><trkpt lat="61.13071687" lon="13.91635902"><ele>399.0</ele></trkpt><trkpt lat="61.13078974" lon="13.91681986"><ele>399.0</ele></trkpt><trkpt lat="61.13095976" lon="13.91731932"><ele>399.0</ele></trkpt><trkpt lat="61.13112804" lon="13.91753492"><ele>399.0</ele></trkpt><trkpt lat="61.13139000" lon="13.91786999"><ele>399.0</ele></trkpt><trkpt lat="61.13155958" lon="13.91757983"><ele>399.0</ele></trkpt><trkpt lat="61.13162290" lon="13.91725913"><ele>399.0</ele></trkpt><trkpt lat="61.13168969" lon="13.91691957"><ele>399.0</ele></trkpt><trkpt lat="61.13181980" lon="13.91694921"><ele>399.0</ele></trkpt><trkpt lat="61.13205964" lon="13.91729956"><ele>399.0</ele></trkpt><trkpt lat="61.13224006" lon="13.91735705"><ele>398.0</ele></trkpt><trkpt lat="61.13246992" lon="13.91742981"><ele>398.0</ele></trkpt><trkpt lat="61.13264339" lon="13.91762295"><ele>398.0</ele></trkpt><trkpt lat="61.13290968" lon="13.91791940"><ele>398.0</ele></trkpt><trkpt lat="61.13310614" lon="13.91804157"><ele>398.0</ele></trkpt><trkpt lat="61.13343964" lon="13.91824998"><ele>398.0</ele></trkpt><trkpt lat="61.13358536" lon="13.91850330"><ele>398.0</ele></trkpt><trkpt lat="61.13378962" lon="13.91885993"><ele>398.0</ele></trkpt><trkpt lat="61.13386465" lon="13.91926507"><ele>398.0</ele></trkpt><trkpt lat="61.13399995" lon="13.91999989"><ele>398.0</ele></trkpt><trkpt lat="61.13416995" lon="13.92016968"><ele>398.0</ele></trkpt><trkpt lat="61.13436510" lon="13.92017776"><ele>398.0</ele></trkpt><trkpt lat="61.13466000" lon="13.92018944"><ele>398.0</ele></trkpt><trkpt lat="61.13479833" lon="13.92051642"><ele>398.0</ele></trkpt><trkpt lat="61.13504986" lon="13.92110931"><ele>399.0</ele></trkpt><trkpt lat="61.13511621" lon="13.92143630"><ele>399.0</ele></trkpt><trkpt lat="61.13518993" lon="13.92179922"><ele>399.0</ele></trkpt><trkpt lat="61.13539982" lon="13.92218999"><ele>399.0</ele></trkpt><trkpt lat="61.13546964" lon="13.92255919"><ele>399.0</ele></trkpt><trkpt lat="61.13556981" lon="13.92308920"><ele>399.0</ele></trkpt><trkpt lat="61.13561317" lon="13.92357160"><ele>399.0</ele></trkpt><trkpt lat="61.13565697" lon="13.92405309"><ele>400.0</ele></trkpt><trkpt lat="61.13572983" lon="13.92485978"><ele>401.0</ele></trkpt><trkpt lat="61.13581742" lon="13.92526761"><ele>401.0</ele></trkpt><trkpt lat="61.13598958" lon="13.92606981"><ele>403.0</ele></trkpt><trkpt lat="61.13605246" lon="13.92652436"><ele>404.0</ele></trkpt><trkpt lat="61.13611490" lon="13.92697980"><ele>405.0</ele></trkpt><trkpt lat="61.13619990" lon="13.92759964"><ele>406.0</ele></trkpt><trkpt lat="61.13620337" lon="13.92802005"><ele>407.0</ele></trkpt><trkpt lat="61.13620987" lon="13.92871984"><ele>409.0</ele></trkpt><trkpt lat="61.13628012" lon="13.92906749"><ele>409.0</ele></trkpt><trkpt lat="61.13636989" lon="13.92950946"><ele>409.0</ele></trkpt><trkpt lat="61.13655332" lon="13.92991640"><ele>409.0</ele></trkpt><trkpt lat="61.13673718" lon="13.93032333"><ele>408.0</ele></trkpt><trkpt lat="61.13692061" lon="13.93073027"><ele>406.0</ele></trkpt><trkpt lat="61.13710403" lon="13.93113721"><ele>406.0</ele></trkpt><trkpt lat="61.13742969" lon="13.93185945"><ele>404.0</ele></trkpt><trkpt lat="61.13756281" lon="13.93211278"><ele>403.0</ele></trkpt><trkpt lat="61.13772975" lon="13.93242988"><ele>403.0</ele></trkpt><trkpt lat="61.13787415" lon="13.93258888"><ele>402.0</ele></trkpt><trkpt lat="61.13801985" lon="13.93274968"><ele>402.0</ele></trkpt><trkpt lat="61.13810960" lon="13.93317998"><ele>402.0</ele></trkpt><trkpt lat="61.13809486" lon="13.93359769"><ele>403.0</ele></trkpt><trkpt lat="61.13806971" lon="13.93428939"><ele>405.0</ele></trkpt><trkpt lat="61.13798906" lon="13.93462177"><ele>407.0</ele></trkpt><trkpt lat="61.13788976" lon="13.93502961"><ele>409.0</ele></trkpt><trkpt lat="61.13786071" lon="13.93553626"><ele>410.0</ele></trkpt><trkpt lat="61.13783166" lon="13.93604291"><ele>412.0</ele></trkpt><trkpt lat="61.13780260" lon="13.93654956"><ele>413.0</ele></trkpt><trkpt lat="61.13776965" lon="13.93711999"><ele>415.0</ele></trkpt><trkpt lat="61.13775274" lon="13.93764730"><ele>415.0</ele></trkpt><trkpt lat="61.13773539" lon="13.93817551"><ele>416.0</ele></trkpt><trkpt lat="61.13771848" lon="13.93870372"><ele>417.0</ele></trkpt><trkpt lat="61.13768986" lon="13.93957957"><ele>419.0</ele></trkpt><trkpt lat="61.13774233" lon="13.93996495"><ele>419.0</ele></trkpt><trkpt lat="61.13781995" lon="13.94052999"><ele>419.0</ele></trkpt><trkpt lat="61.13778656" lon="13.94099442"><ele>421.0</ele></trkpt><trkpt lat="61.13775317" lon="13.94145975"><ele>422.0</ele></trkpt><trkpt lat="61.13770981" lon="13.94206970"><ele>424.0</ele></trkpt><trkpt lat="61.13777962" lon="13.94244969"><ele>424.0</ele></trkpt><trkpt lat="61.13791491" lon="13.94270661"><ele>423.0</ele></trkpt><trkpt lat="61.13808966" lon="13.94303988"><ele>423.0</ele></trkpt><trkpt lat="61.13810960" lon="13.94350970"><ele>423.0</ele></trkpt><trkpt lat="61.13834983" lon="13.94385915"><ele>423.0</ele></trkpt><trkpt lat="61.13836717" lon="13.94433705"><ele>423.0</ele></trkpt><trkpt lat="61.13838452" lon="13.94481406"><ele>423.0</ele></trkpt><trkpt lat="61.13840967" lon="13.94550935"><ele>423.0</ele></trkpt><trkpt lat="61.13826918" lon="13.94591809"><ele>425.0</ele></trkpt><trkpt lat="61.13812868" lon="13.94632682"><ele>426.0</ele></trkpt><trkpt lat="61.13785984" lon="13.94710925"><ele>428.0</ele></trkpt><trkpt lat="61.13778005" lon="13.94760692"><ele>429.0</ele></trkpt><trkpt lat="61.13769983" lon="13.94810459"><ele>429.0</ele></trkpt><trkpt lat="61.13762005" lon="13.94860135"><ele>430.0</ele></trkpt><trkpt lat="61.13749993" lon="13.94934965"><ele>433.0</ele></trkpt><trkpt lat="61.13734556" lon="13.94954818"><ele>433.0</ele></trkpt><trkpt lat="61.13715000" lon="13.94979971"><ele>435.0</ele></trkpt><trkpt lat="61.13698999" lon="13.95026953"><ele>436.0</ele></trkpt><trkpt lat="61.13698999" lon="13.95073665"><ele>436.0</ele></trkpt><trkpt lat="61.13698999" lon="13.95120288"><ele>436.0</ele></trkpt><trkpt lat="61.13698999" lon="13.95178947"><ele>436.0</ele></trkpt><trkpt lat="61.13691193" lon="13.95213622"><ele>436.0</ele></trkpt><trkpt lat="61.13680960" lon="13.95258987"><ele>437.0</ele></trkpt><trkpt lat="61.13665088" lon="13.95278750"><ele>438.0</ele></trkpt><trkpt lat="61.13643970" lon="13.95304981"><ele>439.0</ele></trkpt><trkpt lat="61.13620814" lon="13.95323576"><ele>440.0</ele></trkpt><trkpt lat="61.13597701" lon="13.95342261"><ele>442.0</ele></trkpt><trkpt lat="61.13574544" lon="13.95360946"><ele>443.0</ele></trkpt><trkpt lat="61.13545966" lon="13.95383943"><ele>442.0</ele></trkpt><trkpt lat="61.13548958" lon="13.95404964" /><trkpt lat="61.13594969" lon="13.95385919"><ele>442.0</ele></trkpt><trkpt lat="61.13590979" lon="13.95403975" /><trkpt lat="61.13597961" lon="13.95433979"><ele>442.0</ele></trkpt><trkpt lat="61.13611967" lon="13.95446915"><ele>442.0</ele></trkpt><trkpt lat="61.13632219" lon="13.95442873"><ele>441.0</ele></trkpt><trkpt lat="61.13665999" lon="13.95435955"><ele>440.0</ele></trkpt><trkpt lat="61.13692841" lon="13.95438022"><ele>438.0</ele></trkpt><trkpt lat="61.13719726" lon="13.95440088"><ele>437.0</ele></trkpt><trkpt lat="61.13746568" lon="13.95442154"><ele>436.0</ele></trkpt><trkpt lat="61.13773452" lon="13.95444310"><ele>434.0</ele></trkpt><trkpt lat="61.13820977" lon="13.95447993"><ele>431.0</ele></trkpt><trkpt lat="61.13839753" lon="13.95442154"><ele>431.0</ele></trkpt><trkpt lat="61.13865986" lon="13.95433979"><ele>429.0</ele></trkpt><trkpt lat="61.13872967" lon="13.95443950" /><trkpt lat="61.13909997" lon="13.96093971"><ele>428.0</ele></trkpt><trkpt lat="61.13918366" lon="13.96137899"><ele>427.0</ele></trkpt><trkpt lat="61.13926734" lon="13.96181827"><ele>425.0</ele></trkpt><trkpt lat="61.13937964" lon="13.96240936"><ele>424.0</ele></trkpt><trkpt lat="61.13934279" lon="13.96291062"><ele>424.0</ele></trkpt><trkpt lat="61.13930550" lon="13.96341278"><ele>423.0</ele></trkpt><trkpt lat="61.13926864" lon="13.96391404"><ele>423.0</ele></trkpt><trkpt lat="61.13922962" lon="13.96443955"><ele>423.0</ele></trkpt><trkpt lat="61.13917498" lon="13.96494081"><ele>423.0</ele></trkpt><trkpt lat="61.13912035" lon="13.96544207"><ele>423.0</ele></trkpt><trkpt lat="61.13906572" lon="13.96594243"><ele>423.0</ele></trkpt><trkpt lat="61.13899981" lon="13.96654969"><ele>423.0</ele></trkpt><trkpt lat="61.13889834" lon="13.96713090"><ele>423.0</ele></trkpt><trkpt lat="61.13879688" lon="13.96771211"><ele>424.0</ele></trkpt><trkpt lat="61.13869498" lon="13.96829332"><ele>424.0</ele></trkpt><trkpt lat="61.13859352" lon="13.96887453"><ele>424.0</ele></trkpt><trkpt lat="61.13849205" lon="13.96945574"><ele>425.0</ele></trkpt><trkpt lat="61.13839059" lon="13.97003695"><ele>425.0</ele></trkpt><trkpt lat="61.13828912" lon="13.97061816"><ele>424.0</ele></trkpt><trkpt lat="61.13818722" lon="13.97119937"><ele>424.0</ele></trkpt><trkpt lat="61.13808576" lon="13.97178058"><ele>424.0</ele></trkpt><trkpt lat="61.13798429" lon="13.97236179"><ele>424.0</ele></trkpt><trkpt lat="61.13788282" lon="13.97294300"><ele>423.0</ele></trkpt><trkpt lat="61.13776965" lon="13.97358979"><ele>422.0</ele></trkpt><trkpt lat="61.13771978" lon="13.97408386"><ele>421.0</ele></trkpt><trkpt lat="61.13766948" lon="13.97457794"><ele>420.0</ele></trkpt><trkpt lat="61.13756975" lon="13.97555980"><ele>419.0</ele></trkpt><trkpt lat="61.13745570" lon="13.97593260"><ele>419.0</ele></trkpt><trkpt lat="61.13723976" lon="13.97663957"><ele>418.0</ele></trkpt><trkpt lat="61.13705286" lon="13.97697464"><ele>418.0</ele></trkpt><trkpt lat="61.13686597" lon="13.97731061"><ele>418.0</ele></trkpt><trkpt lat="61.13667907" lon="13.97764568"><ele>417.0</ele></trkpt><trkpt lat="61.13645965" lon="13.97803915"><ele>416.0</ele></trkpt><trkpt lat="61.13634994" lon="13.97839937"><ele>415.0</ele></trkpt><trkpt lat="61.13631004" lon="13.97887548"><ele>412.0</ele></trkpt><trkpt lat="61.13627058" lon="13.97935158"><ele>411.0</ele></trkpt><trkpt lat="61.13620987" lon="13.98007922"><ele>408.0</ele></trkpt><trkpt lat="61.13621291" lon="13.98055353"><ele>406.0</ele></trkpt><trkpt lat="61.13621551" lon="13.98102784"><ele>403.0</ele></trkpt><trkpt lat="61.13621985" lon="13.98167912"><ele>401.0</ele></trkpt><trkpt lat="61.13615046" lon="13.98217768"><ele>400.0</ele></trkpt><trkpt lat="61.13608151" lon="13.98267625"><ele>399.0</ele></trkpt><trkpt lat="61.13601213" lon="13.98317392"><ele>398.0</ele></trkpt><trkpt lat="61.13591976" lon="13.98383957"><ele>396.0</ele></trkpt><trkpt lat="61.13581872" lon="13.98426986"><ele>395.0</ele></trkpt><trkpt lat="61.13571725" lon="13.98470105"><ele>394.0</ele></trkpt><trkpt lat="61.13556981" lon="13.98532987"><ele>392.0</ele></trkpt><trkpt lat="61.13542193" lon="13.98569279"><ele>391.0</ele></trkpt><trkpt lat="61.13527449" lon="13.98605571"><ele>390.0</ele></trkpt><trkpt lat="61.13506981" lon="13.98655967"><ele>388.0</ele></trkpt><trkpt lat="61.13502644" lon="13.98707979"><ele>386.0</ele></trkpt><trkpt lat="61.13498307" lon="13.98759992"><ele>384.0</ele></trkpt><trkpt lat="61.13493971" lon="13.98812004"><ele>382.0</ele></trkpt><trkpt lat="61.13486989" lon="13.98895996"><ele>381.0</ele></trkpt><trkpt lat="61.13479486" lon="13.98945673"><ele>380.0</ele></trkpt><trkpt lat="61.13471984" lon="13.98995350"><ele>379.0</ele></trkpt><trkpt lat="61.13464525" lon="13.99045117"><ele>377.0</ele></trkpt><trkpt lat="61.13453987" lon="13.99114916"><ele>375.0</ele></trkpt><trkpt lat="61.13437811" lon="13.99148243"><ele>373.0</ele></trkpt><trkpt lat="61.13421635" lon="13.99181481"><ele>372.0</ele></trkpt><trkpt lat="61.13399995" lon="13.99225948"><ele>369.0</ele></trkpt><trkpt lat="61.13388850" lon="13.99270235"><ele>368.0</ele></trkpt><trkpt lat="61.13377704" lon="13.99314522"><ele>366.0</ele></trkpt><trkpt lat="61.13356974" lon="13.99396987"><ele>365.0</ele></trkpt><trkpt lat="61.13354459" lon="13.99447203"><ele>364.0</ele></trkpt><trkpt lat="61.13351987" lon="13.99497508"><ele>362.0</ele></trkpt><trkpt lat="61.13347000" lon="13.99597940"><ele>360.0</ele></trkpt><trkpt lat="61.13339974" lon="13.99640430"><ele>359.0</ele></trkpt><trkpt lat="61.13325966" lon="13.99724962"><ele>357.0</ele></trkpt><trkpt lat="61.13323668" lon="13.99766105"><ele>355.0</ele></trkpt><trkpt lat="61.13319981" lon="13.99831951"><ele>352.0</ele></trkpt><trkpt lat="61.13308402" lon="13.99871657"><ele>351.0</ele></trkpt><trkpt lat="61.13296866" lon="13.99911272"><ele>351.0</ele></trkpt><trkpt lat="61.13282988" lon="13.99958973"><ele>350.0</ele></trkpt><trkpt lat="61.13265120" lon="13.99999756"><ele>349.0</ele></trkpt><trkpt lat="61.13247252" lon="14.00040630"><ele>347.0</ele></trkpt><trkpt lat="61.13229384" lon="14.00081413"><ele>345.0</ele></trkpt><trkpt lat="61.13211515" lon="14.00122287"><ele>344.0</ele></trkpt><trkpt lat="61.13184973" lon="14.00182923"><ele>342.0</ele></trkpt><trkpt lat="61.13166931" lon="14.00203225"><ele>341.0</ele></trkpt><trkpt lat="61.13135964" lon="14.00237990"><ele>340.0</ele></trkpt><trkpt lat="61.13118052" lon="14.00273293"><ele>339.0</ele></trkpt><trkpt lat="61.13100139" lon="14.00308687"><ele>338.0</ele></trkpt><trkpt lat="61.13082227" lon="14.00344081"><ele>337.0</ele></trkpt><trkpt lat="61.13060975" lon="14.00385942"><ele>335.0</ele></trkpt><trkpt lat="61.13042064" lon="14.00407232"><ele>334.0</ele></trkpt><trkpt lat="61.13004981" lon="14.00448914"><ele>332.0</ele></trkpt><trkpt lat="61.12991926" lon="14.00489428"><ele>330.0</ele></trkpt><trkpt lat="61.12978914" lon="14.00529942"><ele>329.0</ele></trkpt><trkpt lat="61.12957965" lon="14.00594980"><ele>327.0</ele></trkpt><trkpt lat="61.12939184" lon="14.00631362"><ele>325.0</ele></trkpt><trkpt lat="61.12920360" lon="14.00667654"><ele>325.0</ele></trkpt><trkpt lat="61.12901535" lon="14.00704036"><ele>324.0</ele></trkpt><trkpt lat="61.12867963" lon="14.00768984"><ele>321.0</ele></trkpt><trkpt lat="61.12852999" lon="14.00815247"><ele>321.0</ele></trkpt><trkpt lat="61.12837991" lon="14.00861600"><ele>321.0</ele></trkpt><trkpt lat="61.12823027" lon="14.00907953"><ele>320.0</ele></trkpt><trkpt lat="61.12808019" lon="14.00954306"><ele>320.0</ele></trkpt><trkpt lat="61.12780996" lon="14.01037939"><ele>319.0</ele></trkpt><trkpt lat="61.12782471" lon="14.01090940"><ele>319.0</ele></trkpt><trkpt lat="61.12783946" lon="14.01143851"><ele>319.0</ele></trkpt><trkpt lat="61.12785464" lon="14.01196851"><ele>318.0</ele></trkpt><trkpt lat="61.12787980" lon="14.01286952"><ele>315.0</ele></trkpt><trkpt lat="61.12780129" lon="14.01330251"><ele>314.0</ele></trkpt><trkpt lat="61.12772278" lon="14.01373550"><ele>313.0</ele></trkpt><trkpt lat="61.12762995" lon="14.01424934"><ele>312.0</ele></trkpt><trkpt lat="61.12761997" lon="14.01469939"><ele>310.0</ele></trkpt><trkpt lat="61.12761000" lon="14.01515035"><ele>309.0</ele></trkpt><trkpt lat="61.12759959" lon="14.01560939"><ele>308.0</ele></trkpt><trkpt lat="61.12748985" lon="14.01607920"><ele>307.0</ele></trkpt><trkpt lat="61.12732979" lon="14.01644572"><ele>306.0</ele></trkpt><trkpt lat="61.12716929" lon="14.01681133"><ele>305.0</ele></trkpt><trkpt lat="61.12688995" lon="14.01744914"><ele>303.0</ele></trkpt><trkpt lat="61.12692248" lon="14.01793423"><ele>302.0</ele></trkpt><trkpt lat="61.12695545" lon="14.01841842"><ele>301.0</ele></trkpt><trkpt lat="61.12700967" lon="14.01921972"><ele>300.0</ele></trkpt><trkpt lat="61.12692508" lon="14.01973984"><ele>300.0</ele></trkpt><trkpt lat="61.12684006" lon="14.02026086"><ele>299.0</ele></trkpt><trkpt lat="61.12675504" lon="14.02078099"><ele>299.0</ele></trkpt><trkpt lat="61.12667002" lon="14.02130111"><ele>299.0</ele></trkpt><trkpt lat="61.12654987" lon="14.02203953"><ele>299.0</ele></trkpt><trkpt lat="61.12656895" lon="14.02238628"><ele>298.0</ele></trkpt><trkpt lat="61.12658978" lon="14.02275998"><ele>298.0</ele></trkpt><trkpt lat="61.12669822" lon="14.02315883"><ele>298.0</ele></trkpt><trkpt lat="61.12680710" lon="14.02355858"><ele>298.0</ele></trkpt><trkpt lat="61.12692985" lon="14.02400953"><ele>298.0</ele></trkpt><trkpt lat="61.12694200" lon="14.02440299"><ele>297.0</ele></trkpt><trkpt lat="61.12695978" lon="14.02495995"><ele>297.0</ele></trkpt><trkpt lat="61.12692985" lon="14.02535970"><ele>297.0</ele></trkpt><trkpt lat="61.12678194" lon="14.02566243"><ele>296.0</ele></trkpt><trkpt lat="61.12651994" lon="14.02619962"><ele>295.0</ele></trkpt><trkpt lat="61.12645964" lon="14.02665956"><ele>295.0</ele></trkpt><trkpt lat="61.12645227" lon="14.02722999"><ele>294.0</ele></trkpt><trkpt lat="61.12644446" lon="14.02780042"><ele>293.0</ele></trkpt><trkpt lat="61.12643665" lon="14.02837085"><ele>292.0</ele></trkpt><trkpt lat="61.12642928" lon="14.02894128"><ele>291.0</ele></trkpt><trkpt lat="61.12642147" lon="14.02951171"><ele>291.0</ele></trkpt><trkpt lat="61.12640976" lon="14.03038937"><ele>290.0</ele></trkpt><trkpt lat="61.12638330" lon="14.03089692"><ele>289.0</ele></trkpt><trkpt lat="61.12635640" lon="14.03140357"><ele>288.0</ele></trkpt><trkpt lat="61.12632951" lon="14.03191111"><ele>288.0</ele></trkpt><trkpt lat="61.12629958" lon="14.03247975"><ele>287.0</ele></trkpt><trkpt lat="61.12624536" lon="14.03293519"><ele>287.0</ele></trkpt><trkpt lat="61.12619070" lon="14.03339064"><ele>286.0</ele></trkpt><trkpt lat="61.12611999" lon="14.03397993"><ele>286.0</ele></trkpt><trkpt lat="61.12610047" lon="14.03450635"><ele>286.0</ele></trkpt><trkpt lat="61.12608095" lon="14.03503366"><ele>286.0</ele></trkpt><trkpt lat="61.12606187" lon="14.03556097"><ele>286.0</ele></trkpt><trkpt lat="61.12602977" lon="14.03642964"><ele>287.0</ele></trkpt><trkpt lat="61.12593347" lon="14.03690125"><ele>287.0</ele></trkpt><trkpt lat="61.12583760" lon="14.03737197"><ele>286.0</ele></trkpt><trkpt lat="61.12574130" lon="14.03784359"><ele>286.0</ele></trkpt><trkpt lat="61.12562982" lon="14.03838976"><ele>285.0</ele></trkpt><trkpt lat="61.12551660" lon="14.03878053"><ele>285.0</ele></trkpt><trkpt lat="61.12540338" lon="14.03917220"><ele>284.0</ele></trkpt><trkpt lat="61.12527975" lon="14.03959979"><ele>283.0</ele></trkpt><trkpt lat="61.12521685" lon="14.04018639"><ele>283.0</ele></trkpt><trkpt lat="61.12515438" lon="14.04077299"><ele>282.0</ele></trkpt><trkpt lat="61.12509148" lon="14.04135959"><ele>282.0</ele></trkpt><trkpt lat="61.12502858" lon="14.04194619"><ele>282.0</ele></trkpt><trkpt lat="61.12496611" lon="14.04253279"><ele>281.0</ele></trkpt><trkpt lat="61.12490321" lon="14.04311939"><ele>281.0</ele></trkpt><trkpt lat="61.12484031" lon="14.04370599"><ele>280.0</ele></trkpt><trkpt lat="61.12477741" lon="14.04429259"><ele>280.0</ele></trkpt><trkpt lat="61.12469976" lon="14.04501933"><ele>279.0</ele></trkpt><trkpt lat="61.12467590" lon="14.04553047"><ele>279.0</ele></trkpt><trkpt lat="61.12465204" lon="14.04604071"><ele>280.0</ele></trkpt><trkpt lat="61.12462818" lon="14.04655096"><ele>280.0</ele></trkpt><trkpt lat="61.12459999" lon="14.04715912"><ele>280.0</ele></trkpt><trkpt lat="61.12451019" lon="14.04760109"><ele>280.0</ele></trkpt><trkpt lat="61.12442083" lon="14.04804306"><ele>279.0</ele></trkpt><trkpt lat="61.12428982" lon="14.04868985"><ele>278.0</ele></trkpt><trkpt lat="61.12431671" lon="14.04917853"><ele>278.0</ele></trkpt><trkpt lat="61.12434361" lon="14.04966721"><ele>279.0</ele></trkpt><trkpt lat="61.12438959" lon="14.05049995"><ele>279.0</ele></trkpt><trkpt lat="61.12444772" lon="14.05091228"><ele>281.0</ele></trkpt><trkpt lat="61.12454967" lon="14.05163991"><ele>281.0</ele></trkpt><trkpt lat="61.12445987" lon="14.05193995"><ele>280.0</ele></trkpt><trkpt lat="61.12428852" lon="14.05219777"><ele>280.0</ele></trkpt><trkpt lat="61.12396967" lon="14.05267926"><ele>277.0</ele></trkpt><trkpt lat="61.12382998" lon="14.05326946"><ele>275.0</ele></trkpt><trkpt lat="61.12383909" lon="14.05362429"><ele>275.0</ele></trkpt><trkpt lat="61.12384993" lon="14.05401955"><ele>275.0</ele></trkpt><trkpt lat="61.12395405" lon="14.05437169"><ele>275.0</ele></trkpt><trkpt lat="61.12411976" lon="14.05492954"><ele>276.0</ele></trkpt><trkpt lat="61.12417095" lon="14.05537511"><ele>276.0</ele></trkpt><trkpt lat="61.12422214" lon="14.05582067"><ele>276.0</ele></trkpt><trkpt lat="61.12427984" lon="14.05631924"><ele>275.0</ele></trkpt><trkpt lat="61.12422301" lon="14.05675133"><ele>273.0</ele></trkpt><trkpt lat="61.12410979" lon="14.05760922"><ele>269.0</ele></trkpt><trkpt lat="61.12400611" lon="14.05801166"><ele>267.0</ele></trkpt><trkpt lat="61.12390243" lon="14.05841321"><ele>265.0</ele></trkpt><trkpt lat="61.12378963" lon="14.05884979"><ele>263.0</ele></trkpt><trkpt lat="61.12355364" lon="14.05910042"><ele>262.0</ele></trkpt><trkpt lat="61.12331764" lon="14.05935105"><ele>260.0</ele></trkpt><trkpt lat="61.12308164" lon="14.05960168"><ele>258.0</ele></trkpt><trkpt lat="61.12284564" lon="14.05985321"><ele>256.0</ele></trkpt><trkpt lat="61.12250986" lon="14.06020984"><ele>252.0</ele></trkpt><trkpt lat="61.12232201" lon="14.06053593"><ele>250.0</ele></trkpt><trkpt lat="61.12213416" lon="14.06086202"><ele>249.0</ele></trkpt><trkpt lat="61.12194674" lon="14.06118721"><ele>249.0</ele></trkpt><trkpt lat="61.12174978" lon="14.06152947"><ele>249.0</ele></trkpt><trkpt lat="61.12156019" lon="14.06161391"><ele>251.0</ele></trkpt><trkpt lat="61.12127992" lon="14.06173967"><ele>253.0</ele></trkpt><trkpt lat="61.12111333" lon="14.06158157"><ele>253.0</ele></trkpt><trkpt lat="61.12089987" lon="14.06137945"><ele>255.0</ele></trkpt><trkpt lat="61.12067600" lon="14.06131836"><ele>257.0</ele></trkpt><trkpt lat="61.12045213" lon="14.06125728"><ele>258.0</ele></trkpt><trkpt lat="61.12016969" lon="14.06117912"><ele>260.0</ele></trkpt><trkpt lat="61.11994668" lon="14.06125009"><ele>261.0</ele></trkpt><trkpt lat="61.11972324" lon="14.06132016"><ele>262.0</ele></trkpt><trkpt lat="61.11943992" lon="14.06140999"><ele>264.0</ele></trkpt><trkpt lat="61.11922776" lon="14.06156630"><ele>265.0</ele></trkpt><trkpt lat="61.11901516" lon="14.06172350"><ele>266.0</ele></trkpt><trkpt lat="61.11874962" lon="14.06191934"><ele>268.0</ele></trkpt><trkpt lat="61.11855871" lon="14.06216637"><ele>270.0</ele></trkpt><trkpt lat="61.11836780" lon="14.06241251"><ele>271.0</ele></trkpt><trkpt lat="61.11812960" lon="14.06271973"><ele>272.0</ele></trkpt><trkpt lat="61.11800724" lon="14.06296947"><ele>273.0</ele></trkpt><trkpt lat="61.11786970" lon="14.06324974"><ele>275.0</ele></trkpt><trkpt lat="61.11776990" lon="14.06382915"><ele>275.0</ele></trkpt><trkpt lat="61.11775428" lon="14.06437084"><ele>275.0</ele></trkpt><trkpt lat="61.11773866" lon="14.06491162"><ele>275.0</ele></trkpt><trkpt lat="61.11772304" lon="14.06545331"><ele>275.0</ele></trkpt><trkpt lat="61.11770742" lon="14.06599409"><ele>275.0</ele></trkpt><trkpt lat="61.11768963" lon="14.06659956"><ele>275.0</ele></trkpt><trkpt lat="61.11776556" lon="14.06691756"><ele>275.0</ele></trkpt><trkpt lat="61.11784974" lon="14.06726970"><ele>275.0</ele></trkpt><trkpt lat="61.11798815" lon="14.06757962"><ele>274.0</ele></trkpt><trkpt lat="61.11821985" lon="14.06809974"><ele>272.0</ele></trkpt><trkpt lat="61.11826280" lon="14.06855699"><ele>272.0</ele></trkpt><trkpt lat="61.11830619" lon="14.06901333"><ele>270.0</ele></trkpt><trkpt lat="61.11835999" lon="14.06957927"><ele>269.0</ele></trkpt><trkpt lat="61.11825673" lon="14.07000956"><ele>269.0</ele></trkpt><trkpt lat="61.11815346" lon="14.07043986"><ele>269.0</ele></trkpt><trkpt lat="61.11799986" lon="14.07107946"><ele>268.0</ele></trkpt><trkpt lat="61.11779116" lon="14.07134715"><ele>268.0</ele></trkpt><trkpt lat="61.11758246" lon="14.07161485"><ele>269.0</ele></trkpt><trkpt lat="61.11737375" lon="14.07188255"><ele>270.0</ele></trkpt><trkpt lat="61.11714986" lon="14.07216911"><ele>270.0</ele></trkpt><trkpt lat="61.11701708" lon="14.07251946"><ele>269.0</ele></trkpt><trkpt lat="61.11675977" lon="14.07319948"><ele>268.0</ele></trkpt><trkpt lat="61.11673027" lon="14.07358576"><ele>267.0</ele></trkpt><trkpt lat="61.11668992" lon="14.07411936"><ele>264.0</ele></trkpt><trkpt lat="61.11673331" lon="14.07458917"><ele>263.0</ele></trkpt><trkpt lat="61.11677670" lon="14.07505899"><ele>261.0</ele></trkpt><trkpt lat="61.11683961" lon="14.07573992"><ele>260.0</ele></trkpt><trkpt lat="61.11679319" lon="14.07626184"><ele>259.0</ele></trkpt><trkpt lat="61.11674632" lon="14.07678376"><ele>258.0</ele></trkpt><trkpt lat="61.11669990" lon="14.07730568"><ele>257.0</ele></trkpt><trkpt lat="61.11661962" lon="14.07819950"><ele>256.0</ele></trkpt><trkpt lat="61.11655193" lon="14.07862261"><ele>255.0</ele></trkpt><trkpt lat="61.11641959" lon="14.07944996"><ele>255.0</ele></trkpt><trkpt lat="61.11628594" lon="14.07975988"><ele>255.0</ele></trkpt><trkpt lat="61.11606985" lon="14.08025934"><ele>254.0</ele></trkpt><trkpt lat="61.11615663" lon="14.08071029"><ele>254.0</ele></trkpt><trkpt lat="61.11624342" lon="14.08116125"><ele>254.0</ele></trkpt><trkpt lat="61.11637967" lon="14.08186912"><ele>252.0</ele></trkpt><trkpt lat="61.11652633" lon="14.08222665"><ele>251.0</ele></trkpt><trkpt lat="61.11667256" lon="14.08258328"><ele>250.0</ele></trkpt><trkpt lat="61.11685957" lon="14.08303963"><ele>249.0</ele></trkpt><trkpt lat="61.11694071" lon="14.08334954"><ele>248.0</ele></trkpt><trkpt lat="61.11702967" lon="14.08368911"><ele>247.0</ele></trkpt><trkpt lat="61.11705960" lon="14.08432961"><ele>246.0</ele></trkpt><trkpt lat="61.11701882" lon="14.08471858"><ele>246.0</ele></trkpt><trkpt lat="61.11695981" lon="14.08527913"><ele>246.0</ele></trkpt><trkpt lat="61.11696458" lon="14.08563216"><ele>244.0</ele></trkpt><trkpt lat="61.11696979" lon="14.08601934"><ele>243.0</ele></trkpt><trkpt lat="61.11704702" lon="14.08632836"><ele>241.0</ele></trkpt><trkpt lat="61.11712990" lon="14.08665984"><ele>239.0</ele></trkpt><trkpt lat="61.11734989" lon="14.08694999"><ele>238.0</ele></trkpt><trkpt lat="61.11740239" lon="14.08738747"><ele>236.0</ele></trkpt><trkpt lat="61.11745532" lon="14.08782585"><ele>235.0</ele></trkpt><trkpt lat="61.11751000" lon="14.08827950"><ele>233.0</ele></trkpt><trkpt lat="61.11733774" lon="14.08861547"><ele>232.0</ele></trkpt><trkpt lat="61.11716548" lon="14.08895144"><ele>232.0</ele></trkpt><trkpt lat="61.11687997" lon="14.08950929"><ele>232.0</ele></trkpt><trkpt lat="61.11698541" lon="14.08987760"><ele>231.0</ele></trkpt><trkpt lat="61.11716982" lon="14.09051990"><ele>230.0</ele></trkpt><trkpt lat="61.11699929" lon="14.09078849"><ele>229.0</ele></trkpt><trkpt lat="61.11666996" lon="14.09130952"><ele>228.0</ele></trkpt><trkpt lat="61.11656321" lon="14.09164099"><ele>228.0</ele></trkpt><trkpt lat="61.11640961" lon="14.09211980"><ele>227.0</ele></trkpt><trkpt lat="61.11663307" lon="14.09235156"><ele>225.0</ele></trkpt><trkpt lat="61.11685610" lon="14.09258423"><ele>224.0</ele></trkpt><trkpt lat="61.11707913" lon="14.09281689"><ele>222.0</ele></trkpt><trkpt lat="61.11736985" lon="14.09311962"><ele>220.0</ele></trkpt><trkpt lat="61.11747962" lon="14.09341966"><ele>219.0</ele></trkpt><trkpt lat="61.11738330" lon="14.09378168"><ele>219.0</ele></trkpt><trkpt lat="61.11722970" lon="14.09435930"><ele>219.0</ele></trkpt><trkpt lat="61.11705657" lon="14.09456771"><ele>220.0</ele></trkpt><trkpt lat="61.11677973" lon="14.09489918"><ele>220.0</ele></trkpt><trkpt lat="61.11662570" lon="14.09522078"><ele>220.0</ele></trkpt><trkpt lat="61.11647166" lon="14.09554238"><ele>220.0</ele></trkpt><trkpt lat="61.11630981" lon="14.09587925"><ele>220.0</ele></trkpt><trkpt lat="61.11625296" lon="14.09631134"><ele>218.0</ele></trkpt><trkpt lat="61.11613971" lon="14.09716923"><ele>215.0</ele></trkpt><trkpt lat="61.11600650" lon="14.09753035"><ele>215.0</ele></trkpt><trkpt lat="61.11587285" lon="14.09789147"><ele>215.0</ele></trkpt><trkpt lat="61.11572966" lon="14.09827954"><ele>215.0</ele></trkpt><trkpt lat="61.11553005" lon="14.09870535"><ele>214.0</ele></trkpt><trkpt lat="61.11533001" lon="14.09913115"><ele>213.0</ele></trkpt><trkpt lat="61.11513040" lon="14.09955695"><ele>213.0</ele></trkpt><trkpt lat="61.11493079" lon="14.09998275"><ele>213.0</ele></trkpt><trkpt lat="61.11473075" lon="14.10040855"><ele>211.0</ele></trkpt><trkpt lat="61.11453113" lon="14.10083435"><ele>210.0</ele></trkpt><trkpt lat="61.11433109" lon="14.10126016"><ele>207.0</ele></trkpt><trkpt lat="61.11404989" lon="14.10185933"><ele>207.0</ele></trkpt><trkpt lat="61.11395963" lon="14.10230939"><ele>208.0</ele></trkpt><trkpt lat="61.11393663" lon="14.10275585"><ele>209.0</ele></trkpt><trkpt lat="61.11391320" lon="14.10320231"><ele>210.0</ele></trkpt><trkpt lat="61.11388976" lon="14.10364967"><ele>213.0</ele></trkpt><trkpt lat="61.11376826" lon="14.10408895"><ele>215.0</ele></trkpt><trkpt lat="61.11364632" lon="14.10452823"><ele>218.0</ele></trkpt><trkpt lat="61.11352481" lon="14.10496750"><ele>220.0</ele></trkpt><trkpt lat="61.11339983" lon="14.10541935"><ele>222.0</ele></trkpt><trkpt lat="61.11330436" lon="14.10594846"><ele>222.0</ele></trkpt><trkpt lat="61.11320889" lon="14.10647757"><ele>222.0</ele></trkpt><trkpt lat="61.11311342" lon="14.10700668"><ele>223.0</ele></trkpt><trkpt lat="61.11301795" lon="14.10753579"><ele>223.0</ele></trkpt><trkpt lat="61.11292248" lon="14.10806489"><ele>223.0</ele></trkpt><trkpt lat="61.11280965" lon="14.10868922"><ele>224.0</ele></trkpt><trkpt lat="61.11272285" lon="14.10902429"><ele>224.0</ele></trkpt><trkpt lat="61.11260959" lon="14.10945998"><ele>224.0</ele></trkpt><trkpt lat="61.11256880" lon="14.10998100"><ele>224.0</ele></trkpt><trkpt lat="61.11252800" lon="14.11050292"><ele>224.0</ele></trkpt><trkpt lat="61.11248678" lon="14.11102484"><ele>224.0</ele></trkpt><trkpt lat="61.11241994" lon="14.11187914"><ele>224.0</ele></trkpt><trkpt lat="61.11244815" lon="14.11231123"><ele>224.0</ele></trkpt><trkpt lat="61.11249979" lon="14.11309995"><ele>224.0</ele></trkpt><trkpt lat="61.11257747" lon="14.11352665"><ele>225.0</ele></trkpt><trkpt lat="61.11265515" lon="14.11395335"><ele>225.0</ele></trkpt><trkpt lat="61.11273978" lon="14.11441958"><ele>225.0</ele></trkpt><trkpt lat="61.11295329" lon="14.11477261"><ele>225.0</ele></trkpt><trkpt lat="61.11316680" lon="14.11512565"><ele>225.0</ele></trkpt><trkpt lat="61.11338030" lon="14.11547869"><ele>224.0</ele></trkpt><trkpt lat="61.11359381" lon="14.11583173"><ele>224.0</ele></trkpt><trkpt lat="61.11380688" lon="14.11618477"><ele>222.0</ele></trkpt><trkpt lat="61.11406985" lon="14.11661955"><ele>222.0</ele></trkpt><trkpt lat="61.11425775" lon="14.11674891"><ele>220.0</ele></trkpt><trkpt lat="61.11454979" lon="14.11694923"><ele>217.0</ele></trkpt><trkpt lat="61.11464179" lon="14.11724029"><ele>216.0</ele></trkpt><trkpt lat="61.11473986" lon="14.11754931"><ele>216.0</ele></trkpt><trkpt lat="61.11475765" lon="14.11798409"><ele>219.0</ele></trkpt><trkpt lat="61.11478976" lon="14.11878000"><ele>220.0</ele></trkpt><trkpt lat="61.11491864" lon="14.11910159"><ele>219.0</ele></trkpt><trkpt lat="61.11512997" lon="14.11962980"><ele>218.0</ele></trkpt><trkpt lat="61.11518985" lon="14.11999991"><ele>218.0</ele></trkpt><trkpt lat="61.11519983" lon="14.12037990"><ele>218.0</ele></trkpt><trkpt lat="61.11513951" lon="14.12078144"><ele>218.0</ele></trkpt><trkpt lat="61.11503971" lon="14.12144979"><ele>218.0</ele></trkpt><trkpt lat="61.11506358" lon="14.12179834"><ele>218.0</ele></trkpt><trkpt lat="61.11508961" lon="14.12217922"><ele>217.0</ele></trkpt><trkpt lat="61.11515470" lon="14.12248914"><ele>215.0</ele></trkpt><trkpt lat="61.11521979" lon="14.12279996"><ele>213.0</ele></trkpt><trkpt lat="61.11520504" lon="14.12327247"><ele>213.0</ele></trkpt><trkpt lat="61.11518985" lon="14.12374499"><ele>213.0</ele></trkpt><trkpt lat="61.11516989" lon="14.12438998"><ele>213.0</ele></trkpt><trkpt lat="61.11520721" lon="14.12474032"><ele>213.0</ele></trkpt><trkpt lat="61.11524973" lon="14.12513917"><ele>213.0</ele></trkpt><trkpt lat="61.11537991" lon="14.12565930"><ele>213.0</ele></trkpt><trkpt lat="61.11553005" lon="14.12597640"><ele>212.0</ele></trkpt><trkpt lat="61.11581991" lon="14.12658995"><ele>212.0</ele></trkpt><trkpt lat="61.11589975" lon="14.12693940"><ele>212.0</ele></trkpt><trkpt lat="61.11582252" lon="14.12741910"><ele>215.0</ele></trkpt><trkpt lat="61.11574484" lon="14.12789880"><ele>218.0</ele></trkpt><trkpt lat="61.11566760" lon="14.12837760"><ele>221.0</ele></trkpt><trkpt lat="61.11558993" lon="14.12885999"><ele>223.0</ele></trkpt><trkpt lat="61.11544196" lon="14.12923639"><ele>224.0</ele></trkpt><trkpt lat="61.11529399" lon="14.12961368"><ele>227.0</ele></trkpt><trkpt lat="61.11505967" lon="14.13020926"><ele>230.0</ele></trkpt><trkpt lat="61.11480886" lon="14.13022364"><ele>232.0</ele></trkpt><trkpt lat="61.11455761" lon="14.13023711"><ele>236.0</ele></trkpt><trkpt lat="61.11430635" lon="14.13025059"><ele>238.0</ele></trkpt><trkpt lat="61.11395963" lon="14.13026945"><ele>241.0</ele></trkpt><trkpt lat="61.11376999" lon="14.13043923"><ele>242.0</ele></trkpt><trkpt lat="61.11371835" lon="14.13083359"><ele>242.0</ele></trkpt><trkpt lat="61.11363981" lon="14.13143996"><ele>242.0</ele></trkpt><trkpt lat="61.11350225" lon="14.13184510"><ele>242.0</ele></trkpt><trkpt lat="61.11336425" lon="14.13225024"><ele>242.0</ele></trkpt><trkpt lat="61.11311993" lon="14.13296979"><ele>241.0</ele></trkpt><trkpt lat="61.11308738" lon="14.13355549"><ele>241.0</ele></trkpt><trkpt lat="61.11305527" lon="14.13414209"><ele>241.0</ele></trkpt><trkpt lat="61.11302272" lon="14.13472779"><ele>241.0</ele></trkpt><trkpt lat="61.11299017" lon="14.13531349"><ele>241.0</ele></trkpt><trkpt lat="61.11295806" lon="14.13590009"><ele>242.0</ele></trkpt><trkpt lat="61.11292551" lon="14.13648579"><ele>243.0</ele></trkpt><trkpt lat="61.11289340" lon="14.13707239"><ele>244.0</ele></trkpt><trkpt lat="61.11285999" lon="14.13767965"><ele>244.0</ele></trkpt><trkpt lat="61.11292161" lon="14.13813779"><ele>244.0</ele></trkpt><trkpt lat="61.11298323" lon="14.13859593"><ele>244.0</ele></trkpt><trkpt lat="61.11306959" lon="14.13923913"><ele>244.0</ele></trkpt><trkpt lat="61.11318546" lon="14.13977632"><ele>243.0</ele></trkpt><trkpt lat="61.11330089" lon="14.14031262"><ele>242.0</ele></trkpt><trkpt lat="61.11341632" lon="14.14084891"><ele>240.0</ele></trkpt><trkpt lat="61.11353175" lon="14.14138520"><ele>239.0</ele></trkpt><trkpt lat="61.11364719" lon="14.14192150"><ele>238.0</ele></trkpt><trkpt lat="61.11376262" lon="14.14245779"><ele>238.0</ele></trkpt><trkpt lat="61.11396961" lon="14.14341989"><ele>239.0</ele></trkpt><trkpt lat="61.11409632" lon="14.14374148"><ele>239.0</ele></trkpt><trkpt lat="61.11429984" lon="14.14425981"><ele>239.0</ele></trkpt><trkpt lat="61.11442135" lon="14.14471346"><ele>239.0</ele></trkpt><trkpt lat="61.11454285" lon="14.14516801"><ele>239.0</ele></trkpt><trkpt lat="61.11466435" lon="14.14562166"><ele>239.0</ele></trkpt><trkpt lat="61.11482968" lon="14.14623970"><ele>238.0</ele></trkpt><trkpt lat="61.11498807" lon="14.14656848"><ele>237.0</ele></trkpt><trkpt lat="61.11514646" lon="14.14689816"><ele>236.0</ele></trkpt><trkpt lat="61.11533999" lon="14.14729971"><ele>234.0</ele></trkpt><trkpt lat="61.11542938" lon="14.14781804"><ele>233.0</ele></trkpt><trkpt lat="61.11551920" lon="14.14833547"><ele>232.0</ele></trkpt><trkpt lat="61.11560902" lon="14.14885380"><ele>231.0</ele></trkpt><trkpt lat="61.11569841" lon="14.14937213"><ele>231.0</ele></trkpt><trkpt lat="61.11582989" lon="14.15012940"><ele>228.0</ele></trkpt><trkpt lat="61.11594575" lon="14.15056419"><ele>227.0</ele></trkpt><trkpt lat="61.11606161" lon="14.15099897"><ele>226.0</ele></trkpt><trkpt lat="61.11626989" lon="14.15177961"><ele>222.0</ele></trkpt><trkpt lat="61.11640093" lon="14.15210211"><ele>220.0</ele></trkpt><trkpt lat="61.11661962" lon="14.15263930"><ele>218.0</ele></trkpt><trkpt lat="61.11661962" lon="14.15299413"><ele>218.0</ele></trkpt><trkpt lat="61.11661962" lon="14.15338939"><ele>218.0</ele></trkpt><trkpt lat="61.11654412" lon="14.15376399"><ele>218.0</ele></trkpt><trkpt lat="61.11642957" lon="14.15432993"><ele>217.0</ele></trkpt><trkpt lat="61.11648294" lon="14.15475034"><ele>217.0</ele></trkpt><trkpt lat="61.11657970" lon="14.15551930"><ele>215.0</ele></trkpt><trkpt lat="61.11659793" lon="14.15607086"><ele>214.0</ele></trkpt><trkpt lat="61.11661572" lon="14.15662243"><ele>214.0</ele></trkpt><trkpt lat="61.11663351" lon="14.15717399"><ele>213.0</ele></trkpt><trkpt lat="61.11665173" lon="14.15772556"><ele>212.0</ele></trkpt><trkpt lat="61.11667994" lon="14.15858974"><ele>212.0</ele></trkpt><trkpt lat="61.11666996" lon="14.15899937"><ele>212.0</ele></trkpt><trkpt lat="61.11654976" lon="14.15937936"><ele>212.0</ele></trkpt><trkpt lat="61.11633584" lon="14.15957968"><ele>212.0</ele></trkpt><trkpt lat="61.11612149" lon="14.15978001"><ele>213.0</ele></trkpt><trkpt lat="61.11577999" lon="14.16009981"><ele>214.0</ele></trkpt><trkpt lat="61.11562812" lon="14.16048249"><ele>214.0</ele></trkpt><trkpt lat="61.11547668" lon="14.16086517"><ele>215.0</ele></trkpt><trkpt lat="61.11520981" lon="14.16153981"><ele>215.0</ele></trkpt><trkpt lat="61.11505924" lon="14.16180122"><ele>216.0</ele></trkpt><trkpt lat="61.11482968" lon="14.16219917"><ele>216.0</ele></trkpt><trkpt lat="61.11477761" lon="14.16260880"><ele>216.0</ele></trkpt><trkpt lat="61.11468996" lon="14.16329961"><ele>217.0</ele></trkpt><trkpt lat="61.11457713" lon="14.16364905"><ele>217.0</ele></trkpt><trkpt lat="61.11438967" lon="14.16422936"><ele>219.0</ele></trkpt><trkpt lat="61.11419526" lon="14.16461564"><ele>220.0</ele></trkpt><trkpt lat="61.11400042" lon="14.16500101"><ele>222.0</ele></trkpt><trkpt lat="61.11380601" lon="14.16538639"><ele>224.0</ele></trkpt><trkpt lat="61.11361160" lon="14.16577267"><ele>227.0</ele></trkpt><trkpt lat="61.11325966" lon="14.16646976"><ele>232.0</ele></trkpt><trkpt lat="61.11310214" lon="14.16671410"><ele>233.0</ele></trkpt><trkpt lat="61.11285999" lon="14.16708960"><ele>236.0</ele></trkpt><trkpt lat="61.11268249" lon="14.16726746"><ele>239.0</ele></trkpt><trkpt lat="61.11240996" lon="14.16753965"><ele>243.0</ele></trkpt><trkpt lat="61.11240996" lon="14.16820980"><ele>243.0</ele></trkpt><trkpt lat="61.11254319" lon="14.16860955"><ele>241.0</ele></trkpt><trkpt lat="61.11267685" lon="14.16901020"><ele>240.0</ele></trkpt><trkpt lat="61.11288993" lon="14.16964980"><ele>237.0</ele></trkpt><trkpt lat="61.11296067" lon="14.17016992"><ele>235.0</ele></trkpt><trkpt lat="61.11303184" lon="14.17069094"><ele>234.0</ele></trkpt><trkpt lat="61.11310257" lon="14.17121107"><ele>232.0</ele></trkpt><trkpt lat="61.11317374" lon="14.17173209"><ele>231.0</ele></trkpt><trkpt lat="61.11324968" lon="14.17228994"><ele>230.0</ele></trkpt><trkpt lat="61.11334646" lon="14.17271485"><ele>229.0</ele></trkpt><trkpt lat="61.11344279" lon="14.17314065"><ele>227.0</ele></trkpt><trkpt lat="61.11356994" lon="14.17369940"><ele>226.0</ele></trkpt><trkpt lat="61.11361854" lon="14.17412700"><ele>225.0</ele></trkpt><trkpt lat="61.11370967" lon="14.17492919"><ele>224.0</ele></trkpt><trkpt lat="61.11379863" lon="14.17523822"><ele>224.0</ele></trkpt><trkpt lat="61.11389975" lon="14.17558946"><ele>223.0</ele></trkpt><trkpt lat="61.11403948" lon="14.17594070"><ele>221.0</ele></trkpt><trkpt lat="61.11417921" lon="14.17629104"><ele>220.0</ele></trkpt><trkpt lat="61.11432979" lon="14.17666923"><ele>219.0</ele></trkpt><trkpt lat="61.11450987" lon="14.17686956"><ele>218.0</ele></trkpt><trkpt lat="61.11469820" lon="14.17656054"><ele>217.0</ele></trkpt><trkpt lat="61.11488653" lon="14.17625241"><ele>216.0</ele></trkpt><trkpt lat="61.11522977" lon="14.17568917"><ele>215.0</ele></trkpt><trkpt lat="61.11534997" lon="14.17567929" /><trkpt lat="61.11540985" lon="14.17592992"><ele>215.0</ele></trkpt><trkpt lat="61.11519809" lon="14.17618953"><ele>215.0</ele></trkpt><trkpt lat="61.11498634" lon="14.17645004"><ele>216.0</ele></trkpt><trkpt lat="61.11477457" lon="14.17671055"><ele>216.0</ele></trkpt><trkpt lat="61.11453981" lon="14.17699981"><ele>217.0</ele></trkpt><trkpt lat="61.11436363" lon="14.17728997"><ele>219.0</ele></trkpt><trkpt lat="61.11418789" lon="14.17758012"><ele>220.0</ele></trkpt><trkpt lat="61.11396961" lon="14.17793945"><ele>221.0</ele></trkpt><trkpt lat="61.11393663" lon="14.17850808"><ele>221.0</ele></trkpt><trkpt lat="61.11390365" lon="14.17907582"><ele>220.0</ele></trkpt><trkpt lat="61.11387067" lon="14.17964445"><ele>220.0</ele></trkpt><trkpt lat="61.11383769" lon="14.18021309"><ele>219.0</ele></trkpt><trkpt lat="61.11380428" lon="14.18078082"><ele>218.0</ele></trkpt><trkpt lat="61.11374960" lon="14.18171956"><ele>218.0</ele></trkpt><trkpt lat="61.11367756" lon="14.18226214"><ele>218.0</ele></trkpt><trkpt lat="61.11360509" lon="14.18280472"><ele>218.0</ele></trkpt><trkpt lat="61.11353262" lon="14.18334731"><ele>219.0</ele></trkpt><trkpt lat="61.11346015" lon="14.18388989"><ele>220.0</ele></trkpt><trkpt lat="61.11338812" lon="14.18443247"><ele>220.0</ele></trkpt><trkpt lat="61.11330957" lon="14.18501997"><ele>220.0</ele></trkpt><trkpt lat="61.11330957" lon="14.18551764"><ele>219.0</ele></trkpt><trkpt lat="61.11330957" lon="14.18601530"><ele>218.0</ele></trkpt><trkpt lat="61.11330957" lon="14.18692979"><ele>218.0</ele></trkpt><trkpt lat="61.11319978" lon="14.18739691"><ele>219.0</ele></trkpt><trkpt lat="61.11308999" lon="14.18786404"><ele>221.0</ele></trkpt><trkpt lat="61.11298019" lon="14.18833026"><ele>222.0</ele></trkpt><trkpt lat="61.11282961" lon="14.18896986"><ele>222.0</ele></trkpt><trkpt lat="61.11276799" lon="14.18941722"><ele>221.0</ele></trkpt><trkpt lat="61.11270636" lon="14.18986548"><ele>221.0</ele></trkpt><trkpt lat="61.11262998" lon="14.19041974"><ele>221.0</ele></trkpt><trkpt lat="61.11246421" lon="14.19092280"><ele>222.0</ele></trkpt><trkpt lat="61.11229887" lon="14.19142586"><ele>222.0</ele></trkpt><trkpt lat="61.11213352" lon="14.19192891"><ele>221.0</ele></trkpt><trkpt lat="61.11196818" lon="14.19243197"><ele>221.0</ele></trkpt><trkpt lat="61.11180283" lon="14.19293503"><ele>220.0</ele></trkpt><trkpt lat="61.11163705" lon="14.19343808"><ele>220.0</ele></trkpt><trkpt lat="61.11147171" lon="14.19394114"><ele>219.0</ele></trkpt><trkpt lat="61.11130636" lon="14.19444420"><ele>219.0</ele></trkpt><trkpt lat="61.11114101" lon="14.19494725"><ele>219.0</ele></trkpt><trkpt lat="61.11091968" lon="14.19561919"><ele>220.0</ele></trkpt><trkpt lat="61.11079989" lon="14.19590935"><ele>222.0</ele></trkpt><trkpt lat="61.11061328" lon="14.19608093"><ele>223.0</ele></trkpt><trkpt lat="61.11029993" lon="14.19636929"><ele>229.0</ele></trkpt><trkpt lat="61.11018970" lon="14.19692983"><ele>235.0</ele></trkpt><trkpt lat="61.11018970" lon="14.19731521"><ele>237.0</ele></trkpt><trkpt lat="61.11018970" lon="14.19782995"><ele>239.0</ele></trkpt><trkpt lat="61.11010984" lon="14.19815963"><ele>241.0</ele></trkpt><trkpt lat="61.10992886" lon="14.19870221"><ele>246.0</ele></trkpt><trkpt lat="61.10974788" lon="14.19924569"><ele>251.0</ele></trkpt><trkpt lat="61.10956690" lon="14.19978827"><ele>256.0</ele></trkpt><trkpt lat="61.10938592" lon="14.20033086"><ele>262.0</ele></trkpt><trkpt lat="61.10920493" lon="14.20087434"><ele>265.0</ele></trkpt><trkpt lat="61.10902395" lon="14.20141692"><ele>270.0</ele></trkpt><trkpt lat="61.10884297" lon="14.20195950"><ele>274.0</ele></trkpt><trkpt lat="61.10866198" lon="14.20250298"><ele>277.0</ele></trkpt><trkpt lat="61.10848143" lon="14.20304556"><ele>279.0</ele></trkpt><trkpt lat="61.10830044" lon="14.20358905"><ele>279.0</ele></trkpt><trkpt lat="61.10811945" lon="14.20413163"><ele>279.0</ele></trkpt><trkpt lat="61.10793846" lon="14.20467421"><ele>279.0</ele></trkpt><trkpt lat="61.10775747" lon="14.20521769"><ele>278.0</ele></trkpt><trkpt lat="61.10757647" lon="14.20576027"><ele>277.0</ele></trkpt><trkpt lat="61.10739548" lon="14.20630286"><ele>276.0</ele></trkpt><trkpt lat="61.10721449" lon="14.20684634"><ele>273.0</ele></trkpt><trkpt lat="61.10703349" lon="14.20738892"><ele>273.0</ele></trkpt><trkpt lat="61.10685249" lon="14.20793150"><ele>269.0</ele></trkpt><trkpt lat="61.10667150" lon="14.20847498"><ele>267.0</ele></trkpt><trkpt lat="61.10649050" lon="14.20901756"><ele>264.0</ele></trkpt><trkpt lat="61.10630993" lon="14.20956015"><ele>260.0</ele></trkpt><trkpt lat="61.10612893" lon="14.21010363"><ele>258.0</ele></trkpt><trkpt lat="61.10594793" lon="14.21064621"><ele>255.0</ele></trkpt><trkpt lat="61.10576693" lon="14.21118969"><ele>254.0</ele></trkpt><trkpt lat="61.10558592" lon="14.21173227"><ele>252.0</ele></trkpt><trkpt lat="61.10540492" lon="14.21227486"><ele>251.0</ele></trkpt><trkpt lat="61.10522391" lon="14.21281834"><ele>250.0</ele></trkpt><trkpt lat="61.10504290" lon="14.21336092"><ele>250.0</ele></trkpt><trkpt lat="61.10486190" lon="14.21390350"><ele>248.0</ele></trkpt><trkpt lat="61.10468089" lon="14.21444698"><ele>247.0</ele></trkpt><trkpt lat="61.10449988" lon="14.21498956"><ele>245.0</ele></trkpt><trkpt lat="61.10431887" lon="14.21553215"><ele>245.0</ele></trkpt><trkpt lat="61.10413785" lon="14.21607563"><ele>244.0</ele></trkpt><trkpt lat="61.10395727" lon="14.21661821"><ele>243.0</ele></trkpt><trkpt lat="61.10377626" lon="14.21716169"><ele>242.0</ele></trkpt><trkpt lat="61.10359525" lon="14.21770427"><ele>239.0</ele></trkpt><trkpt lat="61.10341423" lon="14.21824686"><ele>237.0</ele></trkpt><trkpt lat="61.10323321" lon="14.21879034"><ele>234.0</ele></trkpt><trkpt lat="61.10305219" lon="14.21933292"><ele>230.0</ele></trkpt><trkpt lat="61.10287117" lon="14.21987550"><ele>227.0</ele></trkpt><trkpt lat="61.10269015" lon="14.22041898"><ele>224.0</ele></trkpt><trkpt lat="61.10250913" lon="14.22096156"><ele>221.0</ele></trkpt><trkpt lat="61.10232811" lon="14.22150415"><ele>219.0</ele></trkpt><trkpt lat="61.10214709" lon="14.22204763"><ele>218.0</ele></trkpt><trkpt lat="61.10196606" lon="14.22259021"><ele>218.0</ele></trkpt><trkpt lat="61.10178504" lon="14.22313369"><ele>219.0</ele></trkpt><trkpt lat="61.10150981" lon="14.22395924"><ele>219.0</ele></trkpt><trkpt lat="61.10137957" lon="14.22455932"><ele>220.0</ele></trkpt><trkpt lat="61.10140779" lon="14.22499320"><ele>220.0</ele></trkpt><trkpt lat="61.10145988" lon="14.22579989"><ele>221.0</ele></trkpt><trkpt lat="61.10138869" lon="14.22612149"><ele>221.0</ele></trkpt><trkpt lat="61.10130968" lon="14.22647992"><ele>222.0</ele></trkpt><trkpt lat="61.10117727" lon="14.22673594"><ele>223.0</ele></trkpt><trkpt lat="61.10100970" lon="14.22705933"><ele>223.0</ele></trkpt><trkpt lat="61.10079437" lon="14.22709975"><ele>224.0</ele></trkpt><trkpt lat="61.10036979" lon="14.22717970"><ele>226.0</ele></trkpt><trkpt lat="61.10024259" lon="14.22764413"><ele>227.0</ele></trkpt><trkpt lat="61.10011582" lon="14.22810766"><ele>227.0</ele></trkpt><trkpt lat="61.09998862" lon="14.22857209"><ele>228.0</ele></trkpt><trkpt lat="61.09975982" lon="14.22940932"><ele>229.0</ele></trkpt><trkpt lat="61.09961786" lon="14.22984051"><ele>229.0</ele></trkpt><trkpt lat="61.09947546" lon="14.23027170"><ele>230.0</ele></trkpt><trkpt lat="61.09933349" lon="14.23070200"><ele>230.0</ele></trkpt><trkpt lat="61.09912987" lon="14.23131914"><ele>230.0</ele></trkpt><trkpt lat="61.09890802" lon="14.23160301"><ele>231.0</ele></trkpt><trkpt lat="61.09868660" lon="14.23188688"><ele>231.0</ele></trkpt><trkpt lat="61.09846475" lon="14.23216984"><ele>232.0</ele></trkpt><trkpt lat="61.09824332" lon="14.23245371"><ele>232.0</ele></trkpt><trkpt lat="61.09801973" lon="14.23273938"><ele>232.0</ele></trkpt><trkpt lat="61.09779526" lon="14.23298192"><ele>232.0</ele></trkpt><trkpt lat="61.09757080" lon="14.23322447"><ele>233.0</ele></trkpt><trkpt lat="61.09734633" lon="14.23346611"><ele>233.0</ele></trkpt><trkpt lat="61.09700984" lon="14.23382993"><ele>234.0</ele></trkpt><trkpt lat="61.09685614" lon="14.23424855"><ele>234.0</ele></trkpt><trkpt lat="61.09670244" lon="14.23466806"><ele>235.0</ele></trkpt><trkpt lat="61.09654917" lon="14.23508667"><ele>235.0</ele></trkpt><trkpt lat="61.09630993" lon="14.23573975"><ele>237.0</ele></trkpt><trkpt lat="61.09628171" lon="14.23609458"><ele>237.0</ele></trkpt><trkpt lat="61.09624958" lon="14.23649972"><ele>237.0</ele></trkpt><trkpt lat="61.09641023" lon="14.23680785"><ele>236.0</ele></trkpt><trkpt lat="61.09657088" lon="14.23711597"><ele>236.0</ele></trkpt><trkpt lat="61.09673978" lon="14.23743936"><ele>236.0</ele></trkpt><trkpt lat="61.09670548" lon="14.23789840"><ele>237.0</ele></trkpt><trkpt lat="61.09667161" lon="14.23835834"><ele>239.0</ele></trkpt><trkpt lat="61.09662993" lon="14.23891979"><ele>245.0</ele></trkpt><trkpt lat="61.09673413" lon="14.23931055"><ele>246.0</ele></trkpt><trkpt lat="61.09693994" lon="14.24007951"><ele>249.0</ele></trkpt><trkpt lat="61.09700941" lon="14.24055202"><ele>251.0</ele></trkpt><trkpt lat="61.09707844" lon="14.24102454"><ele>254.0</ele></trkpt><trkpt lat="61.09719958" lon="14.24184919"><ele>256.0</ele></trkpt><trkpt lat="61.09713532" lon="14.24237111"><ele>259.0</ele></trkpt><trkpt lat="61.09707106" lon="14.24289214"><ele>263.0</ele></trkpt><trkpt lat="61.09700637" lon="14.24341406"><ele>265.0</ele></trkpt><trkpt lat="61.09687958" lon="14.24443993"><ele>270.0</ele></trkpt><trkpt lat="61.09684225" lon="14.24495826"><ele>270.0</ele></trkpt><trkpt lat="61.09680447" lon="14.24547749"><ele>270.0</ele></trkpt><trkpt lat="61.09676713" lon="14.24599671"><ele>270.0</ele></trkpt><trkpt lat="61.09670982" lon="14.24678993"><ele>270.0</ele></trkpt><trkpt lat="61.09654439" lon="14.24706032"><ele>271.0</ele></trkpt><trkpt lat="61.09623959" lon="14.24755978"><ele>277.0</ele></trkpt><trkpt lat="61.09617273" lon="14.24801702"><ele>277.0</ele></trkpt><trkpt lat="61.09610586" lon="14.24847337"><ele>278.0</ele></trkpt><trkpt lat="61.09600990" lon="14.24912914"><ele>280.0</ele></trkpt><trkpt lat="61.09589875" lon="14.24953428"><ele>284.0</ele></trkpt><trkpt lat="61.09578716" lon="14.24993942"><ele>284.0</ele></trkpt><trkpt lat="61.09564996" lon="14.25043978"><ele>284.0</ele></trkpt><trkpt lat="61.09551101" lon="14.25075689"><ele>285.0</ele></trkpt><trkpt lat="61.09526959" lon="14.25130935"><ele>297.0</ele></trkpt><trkpt lat="61.09516842" lon="14.25181510"><ele>299.0</ele></trkpt><trkpt lat="61.09506682" lon="14.25231995"><ele>299.0</ele></trkpt><trkpt lat="61.09496565" lon="14.25282571"><ele>298.0</ele></trkpt><trkpt lat="61.09486404" lon="14.25333056"><ele>296.0</ele></trkpt><trkpt lat="61.09472987" lon="14.25399980"><ele>289.0</ele></trkpt><trkpt lat="61.09460004" lon="14.25448400"><ele>289.0</ele></trkpt><trkpt lat="61.09447065" lon="14.25496909"><ele>289.0</ele></trkpt><trkpt lat="61.09434082" lon="14.25545418"><ele>286.0</ele></trkpt><trkpt lat="61.09421098" lon="14.25593927"><ele>281.0</ele></trkpt><trkpt lat="61.09399995" lon="14.25672978"><ele>273.0</ele></trkpt><trkpt lat="61.09390616" lon="14.25717804"><ele>268.0</ele></trkpt><trkpt lat="61.09381280" lon="14.25762630"><ele>260.0</ele></trkpt><trkpt lat="61.09365996" lon="14.25835933"><ele>257.0</ele></trkpt><trkpt lat="61.09351058" lon="14.25881837"><ele>252.0</ele></trkpt><trkpt lat="61.09336121" lon="14.25927651"><ele>250.0</ele></trkpt><trkpt lat="61.09321226" lon="14.25973465"><ele>243.0</ele></trkpt><trkpt lat="61.09306289" lon="14.26019279"><ele>241.0</ele></trkpt><trkpt lat="61.09282970" lon="14.26090965"><ele>229.0</ele></trkpt><trkpt lat="61.09274416" lon="14.26140102"><ele>224.0</ele></trkpt><trkpt lat="61.09265861" lon="14.26189150"><ele>221.0</ele></trkpt><trkpt lat="61.09257307" lon="14.26238288"><ele>218.0</ele></trkpt><trkpt lat="61.09244974" lon="14.26308986"><ele>215.0</ele></trkpt><trkpt lat="61.09228299" lon="14.26353093"><ele>214.0</ele></trkpt><trkpt lat="61.09211624" lon="14.26397200"><ele>213.0</ele></trkpt><trkpt lat="61.09194949" lon="14.26441397"><ele>211.0</ele></trkpt><trkpt lat="61.09178274" lon="14.26485505"><ele>210.0</ele></trkpt><trkpt lat="61.09145965" lon="14.26570934"><ele>209.0</ele></trkpt><trkpt lat="61.09133676" lon="14.26619533"><ele>209.0</ele></trkpt><trkpt lat="61.09121386" lon="14.26668132"><ele>209.0</ele></trkpt><trkpt lat="61.09109140" lon="14.26716731"><ele>209.0</ele></trkpt><trkpt lat="61.09096850" lon="14.26765330"><ele>209.0</ele></trkpt><trkpt lat="61.09079957" lon="14.26831985"><ele>209.0</ele></trkpt><trkpt lat="61.09061848" lon="14.26844741"><ele>209.0</ele></trkpt><trkpt lat="61.09035966" lon="14.26862977"><ele>210.0</ele></trkpt><trkpt lat="61.09015989" lon="14.26888040"><ele>210.0</ele></trkpt><trkpt lat="61.08995969" lon="14.26913103"><ele>210.0</ele></trkpt><trkpt lat="61.08964962" lon="14.26952000"><ele>210.0</ele></trkpt><trkpt lat="61.08943638" lon="14.26982722"><ele>210.0</ele></trkpt><trkpt lat="61.08922315" lon="14.27013534"><ele>210.0</ele></trkpt><trkpt lat="61.08900991" lon="14.27044347"><ele>209.0</ele></trkpt><trkpt lat="61.08858995" lon="14.27104983"><ele>208.0</ele></trkpt><trkpt lat="61.08843491" lon="14.27133010"><ele>207.0</ele></trkpt><trkpt lat="61.08816998" lon="14.27180980"><ele>207.0</ele></trkpt><trkpt lat="61.08806141" lon="14.27208738"><ele>207.0</ele></trkpt><trkpt lat="61.08793980" lon="14.27240000"><ele>206.0</ele></trkpt><trkpt lat="61.08789203" lon="14.27279346"><ele>206.0</ele></trkpt><trkpt lat="61.08781993" lon="14.27338994"><ele>206.0</ele></trkpt><trkpt lat="61.08769138" lon="14.27387054"><ele>206.0</ele></trkpt><trkpt lat="61.08756239" lon="14.27435204"><ele>206.0</ele></trkpt><trkpt lat="61.08743383" lon="14.27483353"><ele>206.0</ele></trkpt><trkpt lat="61.08730527" lon="14.27531503"><ele>206.0</ele></trkpt><trkpt lat="61.08711982" lon="14.27600943"><ele>206.0</ele></trkpt><trkpt lat="61.08696303" lon="14.27639031"><ele>206.0</ele></trkpt><trkpt lat="61.08680581" lon="14.27677120"><ele>206.0</ele></trkpt><trkpt lat="61.08650960" lon="14.27748985"><ele>206.0</ele></trkpt><trkpt lat="61.08637409" lon="14.27771353"><ele>206.0</ele></trkpt><trkpt lat="61.08621990" lon="14.27796955"><ele>207.0</ele></trkpt><trkpt lat="61.08599536" lon="14.27826689"><ele>207.0</ele></trkpt><trkpt lat="61.08577124" lon="14.27856424"><ele>207.0</ele></trkpt><trkpt lat="61.08554712" lon="14.27886158"><ele>207.0</ele></trkpt><trkpt lat="61.08532257" lon="14.27915802"><ele>208.0</ele></trkpt><trkpt lat="61.08498986" lon="14.27959999"><ele>208.0</ele></trkpt><trkpt lat="61.08476747" lon="14.27973205"><ele>208.0</ele></trkpt><trkpt lat="61.08454465" lon="14.27986500"><ele>209.0</ele></trkpt><trkpt lat="61.08421976" lon="14.28005993"><ele>210.0</ele></trkpt><trkpt lat="61.08403819" lon="14.28032943"><ele>210.0</ele></trkpt><trkpt lat="61.08385620" lon="14.28059892"><ele>211.0</ele></trkpt><trkpt lat="61.08363988" lon="14.28091962"><ele>211.0</ele></trkpt><trkpt lat="61.08350045" lon="14.28122505"><ele>211.0</ele></trkpt><trkpt lat="61.08326980" lon="14.28172990"><ele>210.0</ele></trkpt><trkpt lat="61.08308867" lon="14.28194010"><ele>210.0</ele></trkpt><trkpt lat="61.08276984" lon="14.28230931"><ele>210.0</ele></trkpt><trkpt lat="61.08254874" lon="14.28240453"><ele>210.0</ele></trkpt><trkpt lat="61.08232764" lon="14.28249976"><ele>210.0</ele></trkpt><trkpt lat="61.08204964" lon="14.28261923"><ele>210.0</ele></trkpt><trkpt lat="61.08187936" lon="14.28258150"><ele>210.0</ele></trkpt><trkpt lat="61.08168996" lon="14.28253928"><ele>210.0</ele></trkpt><trkpt lat="61.08150144" lon="14.28239735"><ele>210.0</ele></trkpt><trkpt lat="61.08119997" lon="14.28216918"><ele>210.0</ele></trkpt><trkpt lat="61.08099971" lon="14.28230931"><ele>210.0</ele></trkpt><trkpt lat="61.08090284" lon="14.28268211"><ele>210.0</ele></trkpt><trkpt lat="61.08073993" lon="14.28330914"><ele>209.0</ele></trkpt><trkpt lat="61.08071517" lon="14.28377357"><ele>208.0</ele></trkpt><trkpt lat="61.08069041" lon="14.28423710"><ele>208.0</ele></trkpt><trkpt lat="61.08065957" lon="14.28481921"><ele>208.0</ele></trkpt><trkpt lat="61.08058311" lon="14.28513182"><ele>209.0</ele></trkpt><trkpt lat="61.08049971" lon="14.28546959"><ele>209.0</ele></trkpt><trkpt lat="61.08031161" lon="14.28578040"><ele>210.0</ele></trkpt><trkpt lat="61.08012351" lon="14.28609122"><ele>211.0</ele></trkpt><trkpt lat="61.07977989" lon="14.28665985"><ele>212.0</ele></trkpt><trkpt lat="61.07955182" lon="14.28687096"><ele>213.0</ele></trkpt><trkpt lat="61.07932374" lon="14.28708296"><ele>213.0</ele></trkpt><trkpt lat="61.07909567" lon="14.28729496"><ele>214.0</ele></trkpt><trkpt lat="61.07879983" lon="14.28756985"><ele>215.0</ele></trkpt><trkpt lat="61.07870208" lon="14.28794894"><ele>215.0</ele></trkpt><trkpt lat="61.07852961" lon="14.28861998"><ele>215.0</ele></trkpt><trkpt lat="61.07828980" lon="14.28891912"><ele>216.0</ele></trkpt><trkpt lat="61.07812993" lon="14.28937995"><ele>217.0</ele></trkpt><trkpt lat="61.07790228" lon="14.28964136"><ele>217.0</ele></trkpt><trkpt lat="61.07767506" lon="14.28990277"><ele>218.0</ele></trkpt><trkpt lat="61.07744741" lon="14.29016418"><ele>219.0</ele></trkpt><trkpt lat="61.07699993" lon="14.29067981"><ele>220.0</ele></trkpt><trkpt lat="61.07684961" lon="14.29088912"><ele>220.0</ele></trkpt><trkpt lat="61.07673404" lon="14.29123677"><ele>220.0</ele></trkpt><trkpt lat="61.07653984" lon="14.29181978"><ele>220.0</ele></trkpt><trkpt lat="61.07633868" lon="14.29202998"><ele>220.0</ele></trkpt><trkpt lat="61.07613796" lon="14.29224019"><ele>220.0</ele></trkpt><trkpt lat="61.07588987" lon="14.29249980"><ele>220.0</ele></trkpt><trkpt lat="61.07573955" lon="14.29291662"><ele>220.0</ele></trkpt><trkpt lat="61.07558878" lon="14.29333344"><ele>220.0</ele></trkpt><trkpt lat="61.07543846" lon="14.29375026"><ele>220.0</ele></trkpt><trkpt lat="61.07522991" lon="14.29432967"><ele>220.0</ele></trkpt><trkpt lat="61.07511955" lon="14.29481745"><ele>220.0</ele></trkpt><trkpt lat="61.07500919" lon="14.29530524"><ele>221.0</ele></trkpt><trkpt lat="61.07489840" lon="14.29579302"><ele>221.0</ele></trkpt><trkpt lat="61.07467985" lon="14.29675961"><ele>223.0</ele></trkpt><trkpt lat="61.07478022" lon="14.29725369"><ele>223.0</ele></trkpt><trkpt lat="61.07488058" lon="14.29774686"><ele>223.0</ele></trkpt><trkpt lat="61.07498095" lon="14.29824093"><ele>223.0</ele></trkpt><trkpt lat="61.07516995" lon="14.29916979"><ele>223.0</ele></trkpt><trkpt lat="61.07516995" lon="14.29968992"><ele>224.0</ele></trkpt><trkpt lat="61.07516995" lon="14.30021004"><ele>227.0</ele></trkpt><trkpt lat="61.07516995" lon="14.30073017"><ele>229.0</ele></trkpt><trkpt lat="61.07516995" lon="14.30144972"><ele>233.0</ele></trkpt><trkpt lat="61.07528422" lon="14.30192762"><ele>236.0</ele></trkpt><trkpt lat="61.07539848" lon="14.30240642"><ele>238.0</ele></trkpt><trkpt lat="61.07551275" lon="14.30288433"><ele>240.0</ele></trkpt><trkpt lat="61.07571999" lon="14.30374940"><ele>240.0</ele></trkpt><trkpt lat="61.07566699" lon="14.30420036"><ele>239.0</ele></trkpt><trkpt lat="61.07561398" lon="14.30465131"><ele>239.0</ele></trkpt><trkpt lat="61.07554968" lon="14.30519928"><ele>239.0</ele></trkpt><trkpt lat="61.07535547" lon="14.30556490"><ele>239.0</ele></trkpt><trkpt lat="61.07516126" lon="14.30592961"><ele>239.0</ele></trkpt><trkpt lat="61.07496704" lon="14.30629523"><ele>239.0</ele></trkpt><trkpt lat="61.07477283" lon="14.30665994"><ele>240.0</ele></trkpt><trkpt lat="61.07454994" lon="14.30707946"><ele>241.0</ele></trkpt><trkpt lat="61.07441959" lon="14.30751963"><ele>243.0</ele></trkpt><trkpt lat="61.07453212" lon="14.30784931"><ele>243.0</ele></trkpt><trkpt lat="61.07469984" lon="14.30833979"><ele>244.0</ele></trkpt><trkpt lat="61.07479238" lon="14.30876470"><ele>245.0</ele></trkpt><trkpt lat="61.07488449" lon="14.30918960"><ele>245.0</ele></trkpt><trkpt lat="61.07499963" lon="14.30971961"><ele>246.0</ele></trkpt><trkpt lat="61.07494966" lon="14.30994958" /><trkpt lat="61.07440960" lon="14.31062960"><ele>249.0</ele></trkpt><trkpt lat="61.07450345" lon="14.31116589"><ele>250.0</ele></trkpt><trkpt lat="61.07459730" lon="14.31170219"><ele>250.0</ele></trkpt><trkpt lat="61.07469115" lon="14.31223848"><ele>249.0</ele></trkpt><trkpt lat="61.07478456" lon="14.31277478"><ele>249.0</ele></trkpt><trkpt lat="61.07487841" lon="14.31331107"><ele>248.0</ele></trkpt><trkpt lat="61.07501962" lon="14.31411955"><ele>247.0</ele></trkpt><trkpt lat="61.07499398" lon="14.31453907"><ele>246.0</ele></trkpt><trkpt lat="61.07494966" lon="14.31524964"><ele>246.0</ele></trkpt><trkpt lat="61.07494966" lon="14.31571676"><ele>245.0</ele></trkpt><trkpt lat="61.07494966" lon="14.31618299"><ele>244.0</ele></trkpt><trkpt lat="61.07494966" lon="14.31676958"><ele>242.0</ele></trkpt><trkpt lat="61.07490317" lon="14.31725827"><ele>240.0</ele></trkpt><trkpt lat="61.07485625" lon="14.31774785"><ele>240.0</ele></trkpt><trkpt lat="61.07476979" lon="14.31864976"><ele>238.0</ele></trkpt><trkpt lat="61.07476414" lon="14.31920132"><ele>235.0</ele></trkpt><trkpt lat="61.07475893" lon="14.31975199"><ele>234.0</ele></trkpt><trkpt lat="61.07475328" lon="14.32030356"><ele>232.0</ele></trkpt><trkpt lat="61.07474806" lon="14.32085512"><ele>230.0</ele></trkpt><trkpt lat="61.07473981" lon="14.32168966"><ele>230.0</ele></trkpt><trkpt lat="61.07468419" lon="14.32209749"><ele>230.0</ele></trkpt><trkpt lat="61.07458991" lon="14.32278920"><ele>231.0</ele></trkpt><trkpt lat="61.07448780" lon="14.32329854"><ele>232.0</ele></trkpt><trkpt lat="61.07438570" lon="14.32380699"><ele>233.0</ele></trkpt><trkpt lat="61.07428359" lon="14.32431633"><ele>233.0</ele></trkpt><trkpt lat="61.07418149" lon="14.32482478"><ele>232.0</ele></trkpt><trkpt lat="61.07402985" lon="14.32557936"><ele>231.0</ele></trkpt><trkpt lat="61.07389907" lon="14.32599798"><ele>231.0</ele></trkpt><trkpt lat="61.07376872" lon="14.32641569"><ele>231.0</ele></trkpt><trkpt lat="61.07352974" lon="14.32717926"><ele>230.0</ele></trkpt><trkpt lat="61.07341286" lon="14.32770927"><ele>229.0</ele></trkpt><trkpt lat="61.07329554" lon="14.32823838"><ele>228.0</ele></trkpt><trkpt lat="61.07317866" lon="14.32876748"><ele>225.0</ele></trkpt><trkpt lat="61.07306178" lon="14.32929749"><ele>222.0</ele></trkpt><trkpt lat="61.07294446" lon="14.32982660"><ele>220.0</ele></trkpt><trkpt lat="61.07282757" lon="14.33035571"><ele>218.0</ele></trkpt><trkpt lat="61.07266985" lon="14.33106987"><ele>216.0</ele></trkpt><trkpt lat="61.07255731" lon="14.33150016"><ele>215.0</ele></trkpt><trkpt lat="61.07244520" lon="14.33193045"><ele>215.0</ele></trkpt><trkpt lat="61.07225966" lon="14.33263922"><ele>215.0</ele></trkpt><trkpt lat="61.07209454" lon="14.33302999"><ele>215.0</ele></trkpt><trkpt lat="61.07192899" lon="14.33342076"><ele>214.0</ele></trkpt><trkpt lat="61.07176387" lon="14.33381063"><ele>214.0</ele></trkpt><trkpt lat="61.07153965" lon="14.33433973"><ele>214.0</ele></trkpt><trkpt lat="61.07141147" lon="14.33474667"><ele>214.0</ele></trkpt><trkpt lat="61.07128328" lon="14.33515361"><ele>215.0</ele></trkpt><trkpt lat="61.07107992" lon="14.33579950"><ele>216.0</ele></trkpt><trkpt lat="61.07095911" lon="14.33622979"><ele>217.0</ele></trkpt><trkpt lat="61.07083875" lon="14.33665918"><ele>217.0</ele></trkpt><trkpt lat="61.07061974" lon="14.33743982"><ele>217.0</ele></trkpt><trkpt lat="61.07051892" lon="14.33791593"><ele>217.0</ele></trkpt><trkpt lat="61.07041854" lon="14.33839203"><ele>217.0</ele></trkpt><trkpt lat="61.07031773" lon="14.33886724"><ele>216.0</ele></trkpt><trkpt lat="61.07017998" lon="14.33951942"><ele>216.0</ele></trkpt><trkpt lat="61.06999790" lon="14.33990570"><ele>216.0</ele></trkpt><trkpt lat="61.06981582" lon="14.34029107"><ele>216.0</ele></trkpt><trkpt lat="61.06963374" lon="14.34067735"><ele>216.0</ele></trkpt><trkpt lat="61.06945166" lon="14.34106362"><ele>218.0</ele></trkpt><trkpt lat="61.06926958" lon="14.34144990"><ele>218.0</ele></trkpt><trkpt lat="61.06911444" lon="14.34185863"><ele>218.0</ele></trkpt><trkpt lat="61.06895930" lon="14.34226737"><ele>218.0</ele></trkpt><trkpt lat="61.06880373" lon="14.34267610"><ele>217.0</ele></trkpt><trkpt lat="61.06858992" lon="14.34323934"><ele>217.0</ele></trkpt><trkpt lat="61.06842392" lon="14.34355645"><ele>217.0</ele></trkpt><trkpt lat="61.06825791" lon="14.34387266"><ele>217.0</ele></trkpt><trkpt lat="61.06804975" lon="14.34426971"><ele>218.0</ele></trkpt><trkpt lat="61.06787157" lon="14.34473324"><ele>219.0</ele></trkpt><trkpt lat="61.06769295" lon="14.34519767"><ele>219.0</ele></trkpt><trkpt lat="61.06751477" lon="14.34566120"><ele>220.0</ele></trkpt><trkpt lat="61.06733659" lon="14.34612563"><ele>223.0</ele></trkpt><trkpt lat="61.06715798" lon="14.34658916"><ele>224.0</ele></trkpt><trkpt lat="61.06697980" lon="14.34705269"><ele>223.0</ele></trkpt><trkpt lat="61.06680161" lon="14.34751712"><ele>223.0</ele></trkpt><trkpt lat="61.06656997" lon="14.34811989"><ele>223.0</ele></trkpt><trkpt lat="61.06634833" lon="14.34851066"><ele>223.0</ele></trkpt><trkpt lat="61.06612711" lon="14.34890232"><ele>223.0</ele></trkpt><trkpt lat="61.06590590" lon="14.34929399"><ele>222.0</ele></trkpt><trkpt lat="61.06568468" lon="14.34968565"><ele>220.0</ele></trkpt><trkpt lat="61.06546346" lon="14.35007732"><ele>219.0</ele></trkpt><trkpt lat="61.06524224" lon="14.35046898"><ele>218.0</ele></trkpt><trkpt lat="61.06502059" lon="14.35085975"><ele>217.0</ele></trkpt><trkpt lat="61.06479937" lon="14.35125142"><ele>216.0</ele></trkpt><trkpt lat="61.06448991" lon="14.35179939"><ele>216.0</ele></trkpt><trkpt lat="61.06428042" lon="14.35211649"><ele>216.0</ele></trkpt><trkpt lat="61.06407093" lon="14.35243360"><ele>217.0</ele></trkpt><trkpt lat="61.06386144" lon="14.35275160"><ele>217.0</ele></trkpt><trkpt lat="61.06345983" lon="14.35335976"><ele>217.0</ele></trkpt><trkpt lat="61.06328728" lon="14.35330856"><ele>218.0</ele></trkpt><trkpt lat="61.06308995" lon="14.35324927"><ele>219.0</ele></trkpt><trkpt lat="61.06292609" lon="14.35288725"><ele>220.0</ele></trkpt><trkpt lat="61.06276222" lon="14.35252523"><ele>221.0</ele></trkpt><trkpt lat="61.06246970" lon="14.35187934"><ele>225.0</ele></trkpt><trkpt lat="61.06235539" lon="14.35147779"><ele>228.0</ele></trkpt><trkpt lat="61.06224107" lon="14.35107714"><ele>230.0</ele></trkpt><trkpt lat="61.06209981" lon="14.35057948"><ele>234.0</ele></trkpt><trkpt lat="61.06190551" lon="14.35038185"><ele>235.0</ele></trkpt><trkpt lat="61.06151997" lon="14.34998928"><ele>238.0</ele></trkpt><trkpt lat="61.06138609" lon="14.34970991"><ele>239.0</ele></trkpt><trkpt lat="61.06119961" lon="14.34931914"><ele>239.0</ele></trkpt><trkpt lat="61.06101705" lon="14.34906851"><ele>238.0</ele></trkpt><trkpt lat="61.06083405" lon="14.34881698"><ele>238.0</ele></trkpt><trkpt lat="61.06063975" lon="14.34854928"><ele>238.0</ele></trkpt><trkpt lat="61.06038112" lon="14.34844149"><ele>239.0</ele></trkpt><trkpt lat="61.06012248" lon="14.34833279"><ele>239.0</ele></trkpt><trkpt lat="61.05986340" lon="14.34822409"><ele>240.0</ele></trkpt><trkpt lat="61.05960476" lon="14.34811540"><ele>240.0</ele></trkpt><trkpt lat="61.05927961" lon="14.34797975"><ele>240.0</ele></trkpt><trkpt lat="61.05913963" lon="14.34812977"><ele>241.0</ele></trkpt><trkpt lat="61.05905226" lon="14.34854749"><ele>241.0</ele></trkpt><trkpt lat="61.05896488" lon="14.34896520"><ele>240.0</ele></trkpt><trkpt lat="61.05886968" lon="14.34941975"><ele>240.0</ele></trkpt><trkpt lat="61.05875623" lon="14.34968476"><ele>239.0</ele></trkpt><trkpt lat="61.05862973" lon="14.34997940"><ele>238.0</ele></trkpt><trkpt lat="61.05846932" lon="14.35010696"><ele>238.0</ele></trkpt><trkpt lat="61.05828978" lon="14.35024980"><ele>238.0</ele></trkpt><trkpt lat="61.05812024" lon="14.35018781"><ele>239.0</ele></trkpt><trkpt lat="61.05792984" lon="14.35011954"><ele>239.0</ele></trkpt><trkpt lat="61.05772683" lon="14.35018961"><ele>240.0</ele></trkpt><trkpt lat="61.05737992" lon="14.35030998"><ele>239.0</ele></trkpt><trkpt lat="61.05713734" lon="14.35050582"><ele>239.0</ele></trkpt><trkpt lat="61.05689520" lon="14.35070165"><ele>237.0</ele></trkpt><trkpt lat="61.05665261" lon="14.35089748"><ele>236.0</ele></trkpt><trkpt lat="61.05617962" lon="14.35127926"><ele>228.0</ele></trkpt><trkpt lat="61.05597138" lon="14.35152989"><ele>222.0</ele></trkpt><trkpt lat="61.05576270" lon="14.35177963"><ele>219.0</ele></trkpt><trkpt lat="61.05537969" lon="14.35223956"><ele>216.0</ele></trkpt><trkpt lat="61.05517535" lon="14.35259350"><ele>215.0</ele></trkpt><trkpt lat="61.05497102" lon="14.35294744"><ele>214.0</ele></trkpt><trkpt lat="61.05476668" lon="14.35330137"><ele>214.0</ele></trkpt><trkpt lat="61.05456277" lon="14.35365531"><ele>213.0</ele></trkpt><trkpt lat="61.05425974" lon="14.35417992"><ele>212.0</ele></trkpt><trkpt lat="61.05406149" lon="14.35427694"><ele>212.0</ele></trkpt><trkpt lat="61.05372976" lon="14.35443954"><ele>212.0</ele></trkpt><trkpt lat="61.05352367" lon="14.35444672"><ele>212.0</ele></trkpt><trkpt lat="61.05316976" lon="14.35445930"><ele>212.0</ele></trkpt><trkpt lat="61.05300107" lon="14.35438025"><ele>213.0</ele></trkpt><trkpt lat="61.05280976" lon="14.35428952"><ele>213.0</ele></trkpt><trkpt lat="61.05264498" lon="14.35406225"><ele>214.0</ele></trkpt><trkpt lat="61.05238975" lon="14.35370921"><ele>214.0</ele></trkpt><trkpt lat="61.05220975" lon="14.35367956"><ele>214.0</ele></trkpt><trkpt lat="61.05199322" lon="14.35398589"><ele>213.0</ele></trkpt><trkpt lat="61.05177669" lon="14.35429221"><ele>213.0</ele></trkpt><trkpt lat="61.05156016" lon="14.35459854"><ele>212.0</ele></trkpt><trkpt lat="61.05134362" lon="14.35490487"><ele>212.0</ele></trkpt><trkpt lat="61.05109969" lon="14.35524982"><ele>211.0</ele></trkpt><trkpt lat="61.05085142" lon="14.35533426"><ele>211.0</ele></trkpt><trkpt lat="61.05060270" lon="14.35541780"><ele>212.0</ele></trkpt><trkpt lat="61.05035442" lon="14.35550225"><ele>212.0</ele></trkpt><trkpt lat="61.05000960" lon="14.35561992"><ele>212.0</ele></trkpt><trkpt lat="61.04985394" lon="14.35546811"><ele>213.0</ele></trkpt><trkpt lat="61.04967957" lon="14.35529923"><ele>213.0</ele></trkpt><trkpt lat="61.04949998" lon="14.35533965"><ele>214.0</ele></trkpt><trkpt lat="61.04933779" lon="14.35573671"><ele>214.0</ele></trkpt><trkpt lat="61.04917560" lon="14.35613466"><ele>214.0</ele></trkpt><trkpt lat="61.04901340" lon="14.35653171"><ele>214.0</ele></trkpt><trkpt lat="61.04878989" lon="14.35707969"><ele>214.0</ele></trkpt><trkpt lat="61.04864161" lon="14.35729079"><ele>214.0</ele></trkpt><trkpt lat="61.04845985" lon="14.35754951"><ele>214.0</ele></trkpt><trkpt lat="61.04838549" lon="14.35810017"><ele>214.0</ele></trkpt><trkpt lat="61.04831069" lon="14.35864994"><ele>214.0</ele></trkpt><trkpt lat="61.04823633" lon="14.35920061"><ele>213.0</ele></trkpt><trkpt lat="61.04816198" lon="14.35975038"><ele>213.0</ele></trkpt><trkpt lat="61.04808718" lon="14.36030105"><ele>212.0</ele></trkpt><trkpt lat="61.04796977" lon="14.36116972"><ele>212.0</ele></trkpt><trkpt lat="61.04780800" lon="14.36156497"><ele>211.0</ele></trkpt><trkpt lat="61.04764580" lon="14.36196023"><ele>210.0</ele></trkpt><trkpt lat="61.04748403" lon="14.36235639"><ele>210.0</ele></trkpt><trkpt lat="61.04726965" lon="14.36287921"><ele>209.0</ele></trkpt><trkpt lat="61.04711701" lon="14.36337418"><ele>208.0</ele></trkpt><trkpt lat="61.04696437" lon="14.36386826"><ele>207.0</ele></trkpt><trkpt lat="61.04681173" lon="14.36436323"><ele>207.0</ele></trkpt><trkpt lat="61.04665866" lon="14.36485730"><ele>206.0</ele></trkpt><trkpt lat="61.04650602" lon="14.36535137"><ele>206.0</ele></trkpt><trkpt lat="61.04635338" lon="14.36584635"><ele>205.0</ele></trkpt><trkpt lat="61.04608984" lon="14.36669975"><ele>204.0</ele></trkpt><trkpt lat="61.04588980" lon="14.36706536"><ele>204.0</ele></trkpt><trkpt lat="61.04568931" lon="14.36743187"><ele>204.0</ele></trkpt><trkpt lat="61.04548927" lon="14.36779749"><ele>204.0</ele></trkpt><trkpt lat="61.04528922" lon="14.36816400"><ele>204.0</ele></trkpt><trkpt lat="61.04497957" lon="14.36872994"><ele>204.0</ele></trkpt><trkpt lat="61.04479039" lon="14.36912699"><ele>205.0</ele></trkpt><trkpt lat="61.04460121" lon="14.36952495"><ele>205.0</ele></trkpt><trkpt lat="61.04441160" lon="14.36992290"><ele>205.0</ele></trkpt><trkpt lat="61.04422241" lon="14.37031996"><ele>205.0</ele></trkpt><trkpt lat="61.04387971" lon="14.37103951"><ele>206.0</ele></trkpt><trkpt lat="61.04375750" lon="14.37150483"><ele>206.0</ele></trkpt><trkpt lat="61.04363528" lon="14.37197016"><ele>206.0</ele></trkpt><trkpt lat="61.04351307" lon="14.37243549"><ele>205.0</ele></trkpt><trkpt lat="61.04330997" lon="14.37320984"><ele>205.0</ele></trkpt><trkpt lat="61.04307642" lon="14.37353592"><ele>206.0</ele></trkpt><trkpt lat="61.04284330" lon="14.37386201"><ele>206.0</ele></trkpt><trkpt lat="61.04260974" lon="14.37418810"><ele>206.0</ele></trkpt><trkpt lat="61.04237662" lon="14.37451419"><ele>207.0</ele></trkpt><trkpt lat="61.04214350" lon="14.37484028"><ele>207.0</ele></trkpt><trkpt lat="61.04190994" lon="14.37516637"><ele>207.0</ele></trkpt><trkpt lat="61.04159982" lon="14.37559935"><ele>207.0</ele></trkpt><trkpt lat="61.04143890" lon="14.37572242"><ele>208.0</ele></trkpt><trkpt lat="61.04125970" lon="14.37585987"><ele>208.0</ele></trkpt><trkpt lat="61.04107963" lon="14.37583920"><ele>208.0</ele></trkpt><trkpt lat="61.04084128" lon="14.37575925"><ele>208.0</ele></trkpt><trkpt lat="61.04060292" lon="14.37567841"><ele>209.0</ele></trkpt><trkpt lat="61.04015970" lon="14.37552929"><ele>210.0</ele></trkpt><trkpt lat="61.03989742" lon="14.37537657"><ele>211.0</ele></trkpt><trkpt lat="61.03963470" lon="14.37522476"><ele>211.0</ele></trkpt><trkpt lat="61.03937241" lon="14.37507204"><ele>212.0</ele></trkpt><trkpt lat="61.03910969" lon="14.37491933"><ele>212.0</ele></trkpt><trkpt lat="61.03884740" lon="14.37476662"><ele>213.0</ele></trkpt><trkpt lat="61.03855987" lon="14.37459953"><ele>213.0</ele></trkpt><trkpt lat="61.03833803" lon="14.37490675"><ele>213.0</ele></trkpt><trkpt lat="61.03811619" lon="14.37521398"><ele>213.0</ele></trkpt><trkpt lat="61.03789478" lon="14.37552120"><ele>214.0</ele></trkpt><trkpt lat="61.03767293" lon="14.37582842"><ele>214.0</ele></trkpt><trkpt lat="61.03733972" lon="14.37628926"><ele>214.0</ele></trkpt><trkpt lat="61.03713701" lon="14.37663242"><ele>214.0</ele></trkpt><trkpt lat="61.03693430" lon="14.37697468"><ele>215.0</ele></trkpt><trkpt lat="61.03673159" lon="14.37731693"><ele>215.0</ele></trkpt><trkpt lat="61.03652844" lon="14.37766009"><ele>216.0</ele></trkpt><trkpt lat="61.03630963" lon="14.37802930"><ele>216.0</ele></trkpt><trkpt lat="61.03607037" lon="14.37786491"><ele>216.0</ele></trkpt><trkpt lat="61.03583067" lon="14.37769962"><ele>217.0</ele></trkpt><trkpt lat="61.03559098" lon="14.37753433"><ele>217.0</ele></trkpt><trkpt lat="61.03524992" lon="14.37729987"><ele>218.0</ele></trkpt><trkpt lat="61.03504980" lon="14.37748671"><ele>218.0</ele></trkpt><trkpt lat="61.03485012" lon="14.37767267"><ele>218.0</ele></trkpt><trkpt lat="61.03464000" lon="14.37786940"><ele>218.0</ele></trkpt><trkpt lat="61.03445815" lon="14.37817303"><ele>219.0</ele></trkpt><trkpt lat="61.03427674" lon="14.37847666"><ele>219.0</ele></trkpt><trkpt lat="61.03399962" lon="14.37893929"><ele>219.0</ele></trkpt><trkpt lat="61.03386606" lon="14.37939294"><ele>219.0</ele></trkpt><trkpt lat="61.03373250" lon="14.37984659"><ele>219.0</ele></trkpt><trkpt lat="61.03359894" lon="14.38030024"><ele>219.0</ele></trkpt><trkpt lat="61.03336967" lon="14.38107998"><ele>220.0</ele></trkpt><trkpt lat="61.03320609" lon="14.38132342"><ele>220.0</ele></trkpt><trkpt lat="61.03293983" lon="14.38171958"><ele>220.0</ele></trkpt><trkpt lat="61.03277320" lon="14.38171958"><ele>220.0</ele></trkpt><trkpt lat="61.03259961" lon="14.38171958"><ele>220.0</ele></trkpt><trkpt lat="61.03238295" lon="14.38150757"><ele>219.0</ele></trkpt><trkpt lat="61.03216585" lon="14.38129647"><ele>219.0</ele></trkpt><trkpt lat="61.03177994" lon="14.38091918"><ele>219.0</ele></trkpt><trkpt lat="61.03157371" lon="14.38089402"><ele>219.0</ele></trkpt><trkpt lat="61.03121999" lon="14.38084911"><ele>219.0</ele></trkpt><trkpt lat="61.03096068" lon="14.38091379"><ele>219.0</ele></trkpt><trkpt lat="61.03070180" lon="14.38097847"><ele>219.0</ele></trkpt><trkpt lat="61.03044292" lon="14.38104225"><ele>219.0</ele></trkpt><trkpt lat="61.02992994" lon="14.38116981"><ele>219.0</ele></trkpt><trkpt lat="61.02968193" lon="14.38108896"><ele>219.0</ele></trkpt><trkpt lat="61.02943436" lon="14.38100721"><ele>219.0</ele></trkpt><trkpt lat="61.02918678" lon="14.38092636"><ele>220.0</ele></trkpt><trkpt lat="61.02885957" lon="14.38081946"><ele>220.0</ele></trkpt><trkpt lat="61.02869423" lon="14.38113837"><ele>220.0</ele></trkpt><trkpt lat="61.02852888" lon="14.38145727"><ele>219.0</ele></trkpt><trkpt lat="61.02831959" lon="14.38185971"><ele>219.0</ele></trkpt><trkpt lat="61.02808462" lon="14.38218940"><ele>219.0</ele></trkpt><trkpt lat="61.02784965" lon="14.38251818"><ele>219.0</ele></trkpt><trkpt lat="61.02761425" lon="14.38284786"><ele>220.0</ele></trkpt><trkpt lat="61.02737927" lon="14.38317754"><ele>220.0</ele></trkpt><trkpt lat="61.02714386" lon="14.38350722"><ele>220.0</ele></trkpt><trkpt lat="61.02690889" lon="14.38383601"><ele>220.0</ele></trkpt><trkpt lat="61.02649985" lon="14.38440913"><ele>219.0</ele></trkpt><trkpt lat="61.02636191" lon="14.38488165"><ele>219.0</ele></trkpt><trkpt lat="61.02622397" lon="14.38535416"><ele>219.0</ele></trkpt><trkpt lat="61.02608559" lon="14.38582578"><ele>219.0</ele></trkpt><trkpt lat="61.02594764" lon="14.38629829"><ele>219.0</ele></trkpt><trkpt lat="61.02573964" lon="14.38700976"><ele>219.0</ele></trkpt><trkpt lat="61.02553816" lon="14.38732057"><ele>219.0</ele></trkpt><trkpt lat="61.02533668" lon="14.38763229"><ele>219.0</ele></trkpt><trkpt lat="61.02513563" lon="14.38794400"><ele>219.0</ele></trkpt><trkpt lat="61.02485973" lon="14.38836980"><ele>220.0</ele></trkpt><trkpt lat="61.02458340" lon="14.38853150"><ele>220.0</ele></trkpt><trkpt lat="61.02430663" lon="14.38869410"><ele>220.0</ele></trkpt><trkpt lat="61.02403029" lon="14.38885579"><ele>220.0</ele></trkpt><trkpt lat="61.02375351" lon="14.38901839"><ele>220.0</ele></trkpt><trkpt lat="61.02347717" lon="14.38918009"><ele>220.0</ele></trkpt><trkpt lat="61.02320038" lon="14.38934268"><ele>220.0</ele></trkpt><trkpt lat="61.02292404" lon="14.38950438"><ele>219.0</ele></trkpt><trkpt lat="61.02253975" lon="14.38972985"><ele>219.0</ele></trkpt><trkpt lat="61.02230605" lon="14.38999486"><ele>219.0</ele></trkpt><trkpt lat="61.02207191" lon="14.39025896"><ele>219.0</ele></trkpt><trkpt lat="61.02183820" lon="14.39052396"><ele>219.0</ele></trkpt><trkpt lat="61.02160449" lon="14.39078897"><ele>219.0</ele></trkpt><trkpt lat="61.02125980" lon="14.39117973"><ele>219.0</ele></trkpt><trkpt lat="61.02112618" lon="14.39155254"><ele>219.0</ele></trkpt><trkpt lat="61.02099213" lon="14.39192623"><ele>219.0</ele></trkpt><trkpt lat="61.02082980" lon="14.39237988"><ele>219.0</ele></trkpt><trkpt lat="61.02072404" lon="14.39285060"><ele>219.0</ele></trkpt><trkpt lat="61.02061828" lon="14.39332132"><ele>219.0</ele></trkpt><trkpt lat="61.02051295" lon="14.39379204"><ele>218.0</ele></trkpt><trkpt lat="61.02036976" lon="14.39442984"><ele>218.0</ele></trkpt><trkpt lat="61.02038499" lon="14.39500117"><ele>218.0</ele></trkpt><trkpt lat="61.02039979" lon="14.39557250"><ele>218.0</ele></trkpt><trkpt lat="61.02041502" lon="14.39614383"><ele>218.0</ele></trkpt><trkpt lat="61.02042982" lon="14.39671605"><ele>218.0</ele></trkpt><trkpt lat="61.02044505" lon="14.39728738"><ele>218.0</ele></trkpt><trkpt lat="61.02046986" lon="14.39822971"><ele>218.0</ele></trkpt><trkpt lat="61.02044027" lon="14.39865192"><ele>218.0</ele></trkpt><trkpt lat="61.02038978" lon="14.39937956"><ele>218.0</ele></trkpt><trkpt lat="61.02020742" lon="14.39985477"><ele>218.0</ele></trkpt><trkpt lat="61.02002549" lon="14.40033087"><ele>218.0</ele></trkpt><trkpt lat="61.01984312" lon="14.40080608"><ele>218.0</ele></trkpt><trkpt lat="61.01966076" lon="14.40128219"><ele>218.0</ele></trkpt><trkpt lat="61.01947882" lon="14.40175740"><ele>218.0</ele></trkpt><trkpt lat="61.01929646" lon="14.40223261"><ele>218.0</ele></trkpt><trkpt lat="61.01911452" lon="14.40270871"><ele>218.0</ele></trkpt><trkpt lat="61.01893215" lon="14.40318392"><ele>218.0</ele></trkpt><trkpt lat="61.01856959" lon="14.40412985"><ele>218.0</ele></trkpt><trkpt lat="61.01843596" lon="14.40460955"><ele>218.0</ele></trkpt><trkpt lat="61.01830234" lon="14.40508925"><ele>218.0</ele></trkpt><trkpt lat="61.01816828" lon="14.40556895"><ele>218.0</ele></trkpt><trkpt lat="61.01803465" lon="14.40604865"><ele>218.0</ele></trkpt><trkpt lat="61.01781963" lon="14.40681940"><ele>218.0</ele></trkpt><trkpt lat="61.01786968" lon="14.40713920"><ele>218.0</ele></trkpt><trkpt lat="61.01803030" lon="14.40745451"><ele>218.0</ele></trkpt><trkpt lat="61.01819091" lon="14.40776892"><ele>218.0</ele></trkpt><trkpt lat="61.01836980" lon="14.40811927"><ele>218.0</ele></trkpt><trkpt lat="61.01834978" lon="14.40858998"><ele>218.0</ele></trkpt><trkpt lat="61.01822965" lon="14.40910921"><ele>218.0</ele></trkpt><trkpt lat="61.01806164" lon="14.40948291"><ele>218.0</ele></trkpt><trkpt lat="61.01789319" lon="14.40985571"><ele>218.0</ele></trkpt><trkpt lat="61.01772518" lon="14.41022851"><ele>218.0</ele></trkpt><trkpt lat="61.01753975" lon="14.41063994"><ele>218.0</ele></trkpt><trkpt lat="61.01737478" lon="14.41093638"><ele>218.0</ele></trkpt><trkpt lat="61.01720981" lon="14.41123283"><ele>218.0</ele></trkpt><trkpt lat="61.01703962" lon="14.41153915"><ele>218.0</ele></trkpt><trkpt lat="61.01680979" lon="14.41174936"><ele>218.0</ele></trkpt><trkpt lat="61.01663655" lon="14.41176373"><ele>217.0</ele></trkpt><trkpt lat="61.01643980" lon="14.41177990"><ele>217.0</ele></trkpt><trkpt lat="61.01627961" lon="14.41161910"><ele>216.0</ele></trkpt><trkpt lat="61.01615251" lon="14.41137925"><ele>216.0</ele></trkpt><trkpt lat="61.01600973" lon="14.41110976"><ele>215.0</ele></trkpt><trkpt lat="61.01590962" lon="14.41065970"><ele>214.0</ele></trkpt><trkpt lat="61.01573637" lon="14.41058155"><ele>214.0</ele></trkpt><trkpt lat="61.01552960" lon="14.41048992"><ele>214.0</ele></trkpt><trkpt lat="61.01552960" lon="14.41018988"><ele>214.0</ele></trkpt><trkpt lat="61.01536985" lon="14.41007939"><ele>213.0</ele></trkpt><trkpt lat="61.01516874" lon="14.41016114"><ele>213.0</ele></trkpt><trkpt lat="61.01482964" lon="14.41029948"><ele>212.0</ele></trkpt><trkpt lat="61.01487882" lon="14.41074145"><ele>212.0</ele></trkpt><trkpt lat="61.01492801" lon="14.41118342"><ele>212.0</ele></trkpt><trkpt lat="61.01497982" lon="14.41164965"><ele>212.0</ele></trkpt><trkpt lat="61.01473517" lon="14.41169366"><ele>212.0</ele></trkpt><trkpt lat="61.01449009" lon="14.41173858"><ele>211.0</ele></trkpt><trkpt lat="61.01424545" lon="14.41178349"><ele>211.0</ele></trkpt><trkpt lat="61.01398991" lon="14.41182931"><ele>210.0</ele></trkpt><trkpt lat="61.01398295" lon="14.41226858"><ele>209.0</ele></trkpt><trkpt lat="61.01396989" lon="14.41308964"><ele>208.0</ele></trkpt><trkpt lat="61.01389980" lon="14.41345975"><ele>207.0</ele></trkpt><trkpt lat="61.01395988" lon="14.41406971"><ele>207.0</ele></trkpt><trkpt lat="61.01386280" lon="14.41440298"><ele>206.0</ele></trkpt><trkpt lat="61.01372959" lon="14.41485933"><ele>205.0</ele></trkpt><trkpt lat="61.01367996" lon="14.41548994"><ele>204.0</ele></trkpt><trkpt lat="61.01377965" lon="14.41576932"><ele>203.0</ele></trkpt><trkpt lat="61.01395988" lon="14.41589508"><ele>203.0</ele></trkpt><trkpt lat="61.01420975" lon="14.41606936"><ele>204.0</ele></trkpt><trkpt lat="61.01444700" lon="14.41605049"><ele>205.0</ele></trkpt><trkpt lat="61.01468424" lon="14.41603163"><ele>206.0</ele></trkpt><trkpt lat="61.01507994" lon="14.41599929"><ele>208.0</ele></trkpt><trkpt lat="61.01516787" lon="14.41637389"><ele>208.0</ele></trkpt><trkpt lat="61.01530978" lon="14.41697935"><ele>208.0</ele></trkpt><trkpt lat="61.01531369" lon="14.41740156"><ele>208.0</ele></trkpt><trkpt lat="61.01531979" lon="14.41810943"><ele>207.0</ele></trkpt><trkpt lat="61.01536854" lon="14.41851816"><ele>207.0</ele></trkpt><trkpt lat="61.01544994" lon="14.41919999"><ele>207.0</ele></trkpt><trkpt lat="61.01541947" lon="14.41973269"><ele>207.0</ele></trkpt><trkpt lat="61.01538857" lon="14.42026539"><ele>206.0</ele></trkpt><trkpt lat="61.01535810" lon="14.42079809"><ele>206.0</ele></trkpt><trkpt lat="61.01529976" lon="14.42181947"><ele>206.0</ele></trkpt><trkpt lat="61.01523273" lon="14.42233780"><ele>205.0</ele></trkpt><trkpt lat="61.01516569" lon="14.42285703"><ele>204.0</ele></trkpt><trkpt lat="61.01509865" lon="14.42337535"><ele>204.0</ele></trkpt><trkpt lat="61.01496980" lon="14.42436979"><ele>204.0</ele></trkpt><trkpt lat="61.01495457" lon="14.42494830"><ele>205.0</ele></trkpt><trkpt lat="61.01493890" lon="14.42552682"><ele>205.0</ele></trkpt><trkpt lat="61.01492366" lon="14.42610533"><ele>206.0</ele></trkpt><trkpt lat="61.01490799" lon="14.42668385"><ele>206.0</ele></trkpt><trkpt lat="61.01489275" lon="14.42726236"><ele>207.0</ele></trkpt><trkpt lat="61.01487752" lon="14.42784088"><ele>208.0</ele></trkpt><trkpt lat="61.01485967" lon="14.42849935"><ele>209.0</ele></trkpt><trkpt lat="61.01478785" lon="14.42898444"><ele>210.0</ele></trkpt><trkpt lat="61.01471645" lon="14.42946953"><ele>211.0</ele></trkpt><trkpt lat="61.01464463" lon="14.42995462"><ele>213.0</ele></trkpt><trkpt lat="61.01456975" lon="14.43045947"><ele>215.0</ele></trkpt><trkpt lat="61.01452579" lon="14.43098319"><ele>217.0</ele></trkpt><trkpt lat="61.01448139" lon="14.43150780"><ele>217.0</ele></trkpt><trkpt lat="61.01443698" lon="14.43203152"><ele>215.0</ele></trkpt><trkpt lat="61.01435993" lon="14.43294960"><ele>207.0</ele></trkpt><trkpt lat="61.01425198" lon="14.43335923"><ele>203.0</ele></trkpt><trkpt lat="61.01414402" lon="14.43376886"><ele>201.0</ele></trkpt><trkpt lat="61.01400994" lon="14.43427911"><ele>200.0</ele></trkpt><trkpt lat="61.01387499" lon="14.43465550"><ele>200.0</ele></trkpt><trkpt lat="61.01374047" lon="14.43503189"><ele>200.0</ele></trkpt><trkpt lat="61.01356983" lon="14.43550980"><ele>200.0</ele></trkpt><trkpt lat="61.01338612" lon="14.43569305"><ele>200.0</ele></trkpt><trkpt lat="61.01307965" lon="14.43599938"><ele>200.0</ele></trkpt><trkpt lat="61.01291814" lon="14.43632906"><ele>200.0</ele></trkpt><trkpt lat="61.01275663" lon="14.43665784"><ele>200.0</ele></trkpt><trkpt lat="61.01254984" lon="14.43707915"><ele>200.0</ele></trkpt><trkpt lat="61.01234262" lon="14.43733338"><ele>200.0</ele></trkpt><trkpt lat="61.01213583" lon="14.43758760"><ele>199.0</ele></trkpt><trkpt lat="61.01175969" lon="14.43804933"><ele>199.0</ele></trkpt><trkpt lat="61.01162734" lon="14.43827661"><ele>199.0</ele></trkpt><trkpt lat="61.01147976" lon="14.43852993"><ele>199.0</ele></trkpt><trkpt lat="61.01132042" lon="14.43867007"><ele>199.0</ele></trkpt><trkpt lat="61.01113975" lon="14.43882997"><ele>199.0</ele></trkpt><trkpt lat="61.01093687" lon="14.43916864"><ele>199.0</ele></trkpt><trkpt lat="61.01073442" lon="14.43950820"><ele>198.0</ele></trkpt><trkpt lat="61.01053154" lon="14.43984686"><ele>198.0</ele></trkpt><trkpt lat="61.01012970" lon="14.44051970"><ele>198.0</ele></trkpt><trkpt lat="61.00989895" lon="14.44072721"><ele>198.0</ele></trkpt><trkpt lat="61.00966820" lon="14.44093562"><ele>198.0</ele></trkpt><trkpt lat="61.00943745" lon="14.44114313"><ele>198.0</ele></trkpt><trkpt lat="61.00911962" lon="14.44142970"><ele>198.0</ele></trkpt><trkpt lat="61.00899727" lon="14.44167943"><ele>197.0</ele></trkpt><trkpt lat="61.00885969" lon="14.44195970"><ele>197.0</ele></trkpt><trkpt lat="61.00877000" lon="14.44233789"><ele>197.0</ele></trkpt><trkpt lat="61.00861979" lon="14.44296941"><ele>197.0</ele></trkpt><trkpt lat="61.00862980" lon="14.44333951"><ele>197.0</ele></trkpt><trkpt lat="61.00871906" lon="14.44378867"><ele>197.0</ele></trkpt><trkpt lat="61.00880831" lon="14.44423873"><ele>197.0</ele></trkpt><trkpt lat="61.00894981" lon="14.44494929"><ele>197.0</ele></trkpt><trkpt lat="61.00889017" lon="14.44541642"><ele>196.0</ele></trkpt><trkpt lat="61.00883095" lon="14.44588354"><ele>196.0</ele></trkpt><trkpt lat="61.00873996" lon="14.44659950"><ele>196.0</ele></trkpt><trkpt lat="61.00874779" lon="14.44709717"><ele>196.0</ele></trkpt><trkpt lat="61.00875563" lon="14.44759393"><ele>196.0</ele></trkpt><trkpt lat="61.00877000" lon="14.44849944"><ele>195.0</ele></trkpt><trkpt lat="61.00873908" lon="14.44896117"><ele>195.0</ele></trkpt><trkpt lat="61.00870817" lon="14.44942380"><ele>195.0</ele></trkpt><trkpt lat="61.00866986" lon="14.44999962"><ele>195.0</ele></trkpt><trkpt lat="61.00872689" lon="14.45039937"><ele>195.0</ele></trkpt><trkpt lat="61.00881963" lon="14.45104975"><ele>195.0</ele></trkpt><trkpt lat="61.00894764" lon="14.45138572"><ele>195.0</ele></trkpt><trkpt lat="61.00916968" lon="14.45196963"><ele>195.0</ele></trkpt><trkpt lat="61.00919537" lon="14.45239363"><ele>195.0</ele></trkpt><trkpt lat="61.00923978" lon="14.45312935"><ele>195.0</ele></trkpt><trkpt lat="61.00922541" lon="14.45348419"><ele>195.0</ele></trkpt><trkpt lat="61.00920974" lon="14.45387945"><ele>195.0</ele></trkpt><trkpt lat="61.00910307" lon="14.45424416"><ele>196.0</ele></trkpt><trkpt lat="61.00891977" lon="14.45486939"><ele>196.0</ele></trkpt><trkpt lat="61.00876042" lon="14.45523860"><ele>196.0</ele></trkpt><trkpt lat="61.00860107" lon="14.45560870"><ele>196.0</ele></trkpt><trkpt lat="61.00831980" lon="14.45625998"><ele>197.0</ele></trkpt><trkpt lat="61.00819092" lon="14.45670555"><ele>197.0</ele></trkpt><trkpt lat="61.00806248" lon="14.45715111"><ele>197.0</ele></trkpt><trkpt lat="61.00793360" lon="14.45759668"><ele>198.0</ele></trkpt><trkpt lat="61.00775987" lon="14.45819944"><ele>198.0</ele></trkpt><trkpt lat="61.00773375" lon="14.45861986"><ele>198.0</ele></trkpt><trkpt lat="61.00768977" lon="14.45932953"><ele>199.0</ele></trkpt><trkpt lat="61.00759355" lon="14.45980923"><ele>199.0</ele></trkpt><trkpt lat="61.00749689" lon="14.46028893"><ele>200.0</ele></trkpt><trkpt lat="61.00740066" lon="14.46076863"><ele>200.0</ele></trkpt><trkpt lat="61.00726960" lon="14.46141991"><ele>200.0</ele></trkpt><trkpt lat="61.00712287" lon="14.46181337"><ele>200.0</ele></trkpt><trkpt lat="61.00697570" lon="14.46220683"><ele>200.0</ele></trkpt><trkpt lat="61.00670966" lon="14.46291919"><ele>200.0</ele></trkpt><trkpt lat="61.00660995" lon="14.46329020"><ele>200.0</ele></trkpt><trkpt lat="61.00643970" lon="14.46391992"><ele>200.0</ele></trkpt><trkpt lat="61.00636350" lon="14.46437716"><ele>200.0</ele></trkpt><trkpt lat="61.00628730" lon="14.46483440"><ele>200.0</ele></trkpt><trkpt lat="61.00616973" lon="14.46553958"><ele>200.0</ele></trkpt><trkpt lat="61.00599295" lon="14.46594292"><ele>200.0</ele></trkpt><trkpt lat="61.00581616" lon="14.46634716"><ele>200.0</ele></trkpt><trkpt lat="61.00563894" lon="14.46675051"><ele>200.0</ele></trkpt><trkpt lat="61.00546216" lon="14.46715475"><ele>200.0</ele></trkpt><trkpt lat="61.00524966" lon="14.46763984"><ele>200.0</ele></trkpt><trkpt lat="61.00513775" lon="14.46810427"><ele>200.0</ele></trkpt><trkpt lat="61.00502541" lon="14.46856960"><ele>199.0</ele></trkpt><trkpt lat="61.00491306" lon="14.46903403"><ele>199.0</ele></trkpt><trkpt lat="61.00475979" lon="14.46966913"><ele>199.0</ele></trkpt><trkpt lat="61.00480290" lon="14.47019824"><ele>199.0</ele></trkpt><trkpt lat="61.00484601" lon="14.47072645"><ele>199.0</ele></trkpt><trkpt lat="61.00488868" lon="14.47125466"><ele>199.0</ele></trkpt><trkpt lat="61.00496967" lon="14.47224999"><ele>199.0</ele></trkpt><trkpt lat="61.00491394" lon="14.47259046"><ele>199.0</ele></trkpt><trkpt lat="61.00484992" lon="14.47297943"><ele>199.0</ele></trkpt><trkpt lat="61.00484992" lon="14.47340433"><ele>199.0</ele></trkpt><trkpt lat="61.00484992" lon="14.47412927"><ele>198.0</ele></trkpt><trkpt lat="61.00491742" lon="14.47452722"><ele>198.0</ele></trkpt><trkpt lat="61.00502976" lon="14.47518928"><ele>198.0</ele></trkpt><trkpt lat="61.00503586" lon="14.47565641"><ele>198.0</ele></trkpt><trkpt lat="61.00504196" lon="14.47612263"><ele>198.0</ele></trkpt><trkpt lat="61.00504979" lon="14.47670923"><ele>198.0</ele></trkpt><trkpt lat="61.00495922" lon="14.47726619"><ele>198.0</ele></trkpt><trkpt lat="61.00486908" lon="14.47782224"><ele>198.0</ele></trkpt><trkpt lat="61.00477851" lon="14.47837830"><ele>198.0</ele></trkpt><trkpt lat="61.00468837" lon="14.47893526"><ele>198.0</ele></trkpt><trkpt lat="61.00459780" lon="14.47949131"><ele>198.0</ele></trkpt><trkpt lat="61.00450766" lon="14.48004737"><ele>198.0</ele></trkpt><trkpt lat="61.00434959" lon="14.48101935"><ele>197.0</ele></trkpt><trkpt lat="61.00438008" lon="14.48143437"><ele>197.0</ele></trkpt><trkpt lat="61.00442972" lon="14.48211978"><ele>198.0</ele></trkpt><trkpt lat="61.00451811" lon="14.48255187"><ele>198.0</ele></trkpt><trkpt lat="61.00460607" lon="14.48298396"><ele>198.0</ele></trkpt><trkpt lat="61.00471973" lon="14.48353912"><ele>198.0</ele></trkpt><trkpt lat="61.00450940" lon="14.48391192"><ele>198.0</ele></trkpt><trkpt lat="61.00429908" lon="14.48428383"><ele>197.0</ele></trkpt><trkpt lat="61.00408876" lon="14.48465663"><ele>197.0</ele></trkpt><trkpt lat="61.00387843" lon="14.48502853"><ele>196.0</ele></trkpt><trkpt lat="61.00366810" lon="14.48540133"><ele>195.0</ele></trkpt><trkpt lat="61.00332975" lon="14.48599961"><ele>195.0</ele></trkpt><trkpt lat="61.00327444" lon="14.48645326"><ele>194.0</ele></trkpt><trkpt lat="61.00321958" lon="14.48690601"><ele>194.0</ele></trkpt><trkpt lat="61.00314990" lon="14.48747913"><ele>194.0</ele></trkpt><trkpt lat="61.00311158" lon="14.48802441"><ele>193.0</ele></trkpt><trkpt lat="61.00307282" lon="14.48856879"><ele>192.0</ele></trkpt><trkpt lat="61.00303450" lon="14.48911407"><ele>191.0</ele></trkpt><trkpt lat="61.00299618" lon="14.48965845"><ele>190.0</ele></trkpt><trkpt lat="61.00293957" lon="14.49045974"><ele>189.0</ele></trkpt><trkpt lat="61.00305148" lon="14.49081368"><ele>189.0</ele></trkpt><trkpt lat="61.00323961" lon="14.49140926"><ele>187.0</ele></trkpt><trkpt lat="61.00342337" lon="14.49168505"><ele>187.0</ele></trkpt><trkpt lat="61.00360670" lon="14.49195993"><ele>186.0</ele></trkpt><trkpt lat="61.00383968" lon="14.49230937"><ele>186.0</ele></trkpt><trkpt lat="61.00387756" lon="14.49265792"><ele>185.0</ele></trkpt><trkpt lat="61.00391980" lon="14.49304959"><ele>184.0</ele></trkpt><trkpt lat="61.00403781" lon="14.49348257"><ele>183.0</ele></trkpt><trkpt lat="61.00415582" lon="14.49391556"><ele>181.0</ele></trkpt><trkpt lat="61.00436962" lon="14.49469979"><ele>180.0</ele></trkpt><trkpt lat="61.00454468" lon="14.49509685"><ele>180.0</ele></trkpt><trkpt lat="61.00471973" lon="14.49549300"><ele>180.0</ele></trkpt><trkpt lat="61.00489478" lon="14.49589006"><ele>180.0</ele></trkpt><trkpt lat="61.00522963" lon="14.49664914"><ele>179.0</ele></trkpt><trkpt lat="61.00528711" lon="14.49697972"><ele>179.0</ele></trkpt><trkpt lat="61.00534981" lon="14.49733994"><ele>179.0</ele></trkpt><trkpt lat="61.00532978" lon="14.49770915"><ele>179.0</ele></trkpt><trkpt lat="61.00519088" lon="14.49801727"><ele>179.0</ele></trkpt><trkpt lat="61.00495966" lon="14.49852931"><ele>179.0</ele></trkpt><trkpt lat="61.00487126" lon="14.49891379"><ele>179.0</ele></trkpt><trkpt lat="61.00471973" lon="14.49956956"><ele>179.0</ele></trkpt><trkpt lat="61.00465093" lon="14.50010226"><ele>179.0</ele></trkpt><trkpt lat="61.00458169" lon="14.50063496"><ele>180.0</ele></trkpt><trkpt lat="61.00451245" lon="14.50116676"><ele>180.0</ele></trkpt><trkpt lat="61.00444365" lon="14.50169946"><ele>180.0</ele></trkpt><trkpt lat="61.00433958" lon="14.50249986"><ele>180.0</ele></trkpt><trkpt lat="61.00425162" lon="14.50293195"><ele>180.0</ele></trkpt><trkpt lat="61.00416322" lon="14.50336314"><ele>180.0</ele></trkpt><trkpt lat="61.00404957" lon="14.50391920"><ele>180.0</ele></trkpt><trkpt lat="61.00400776" lon="14.50442944"><ele>180.0</ele></trkpt><trkpt lat="61.00396596" lon="14.50493879"><ele>180.0</ele></trkpt><trkpt lat="61.00392415" lon="14.50544813"><ele>180.0</ele></trkpt><trkpt lat="61.00386972" lon="14.50610929"><ele>180.0</ele></trkpt><trkpt lat="61.00398468" lon="14.50646143"><ele>180.0</ele></trkpt><trkpt lat="61.00417977" lon="14.50705971"><ele>180.0</ele></trkpt><trkpt lat="61.00419980" lon="14.50743970"><ele>180.0</ele></trkpt><trkpt lat="61.00416453" lon="14.50796791"><ele>180.0</ele></trkpt><trkpt lat="61.00412882" lon="14.50849702"><ele>180.0</ele></trkpt><trkpt lat="61.00409355" lon="14.50902523"><ele>180.0</ele></trkpt><trkpt lat="61.00402997" lon="14.50997924"><ele>180.0</ele></trkpt><trkpt lat="61.00404391" lon="14.51033138"><ele>180.0</ele></trkpt><trkpt lat="61.00405958" lon="14.51071945"><ele>180.0</ele></trkpt><trkpt lat="61.00415495" lon="14.51101410"><ele>180.0</ele></trkpt><trkpt lat="61.00425989" lon="14.51133929"><ele>180.0</ele></trkpt><trkpt lat="61.00446194" lon="14.51158632"><ele>179.0</ele></trkpt><trkpt lat="61.00466399" lon="14.51183336"><ele>179.0</ele></trkpt><trkpt lat="61.00497969" lon="14.51221963"><ele>179.0</ele></trkpt><trkpt lat="61.00508768" lon="14.51253045"><ele>179.0</ele></trkpt><trkpt lat="61.00522963" lon="14.51293919"><ele>178.0</ele></trkpt><trkpt lat="61.00533631" lon="14.51347009"><ele>178.0</ele></trkpt><trkpt lat="61.00544256" lon="14.51400099"><ele>178.0</ele></trkpt><trkpt lat="61.00554881" lon="14.51453100"><ele>177.0</ele></trkpt><trkpt lat="61.00565549" lon="14.51506190"><ele>176.0</ele></trkpt><trkpt lat="61.00576173" lon="14.51559191"><ele>176.0</ele></trkpt><trkpt lat="61.00594984" lon="14.51652975"><ele>175.0</ele></trkpt><trkpt lat="61.00597510" lon="14.51698789"><ele>174.0</ele></trkpt><trkpt lat="61.00600035" lon="14.51744513"><ele>173.0</ele></trkpt><trkpt lat="61.00602996" lon="14.51797963"><ele>173.0</ele></trkpt><trkpt lat="61.00609397" lon="14.51831920"><ele>173.0</ele></trkpt><trkpt lat="61.00616973" lon="14.51871984"><ele>172.0</ele></trkpt><trkpt lat="61.00631995" lon="14.51885998"><ele>172.0</ele></trkpt><trkpt lat="61.00659993" lon="14.51870996"><ele>171.0</ele></trkpt><trkpt lat="61.00676670" lon="14.51892466"><ele>171.0</ele></trkpt><trkpt lat="61.00701967" lon="14.51924985"><ele>170.0</ele></trkpt><trkpt lat="61.00731967" lon="14.51918966"><ele>169.0</ele></trkpt><trkpt lat="61.00756960" lon="14.51936933"><ele>168.0</ele></trkpt><trkpt lat="61.00763970" lon="14.51987957"><ele>167.0</ele></trkpt><trkpt lat="61.00763448" lon="14.52037724"><ele>167.0</ele></trkpt><trkpt lat="61.00762925" lon="14.52087400"><ele>167.0</ele></trkpt><trkpt lat="61.00761967" lon="14.52177951"><ele>167.0</ele></trkpt><trkpt lat="61.00767976" lon="14.52213973"><ele>167.0</ele></trkpt><trkpt lat="61.00783781" lon="14.52256643"><ele>166.0</ele></trkpt><trkpt lat="61.00799586" lon="14.52299403"><ele>166.0</ele></trkpt><trkpt lat="61.00815348" lon="14.52342163"><ele>165.0</ele></trkpt><trkpt lat="61.00846000" lon="14.52424987"><ele>165.0</ele></trkpt><trkpt lat="61.00847524" lon="14.52471340"><ele>165.0</ele></trkpt><trkpt lat="61.00849091" lon="14.52517783"><ele>165.0</ele></trkpt><trkpt lat="61.00850963" lon="14.52574916"><ele>165.0</ele></trkpt><trkpt lat="61.00857189" lon="14.52607794"><ele>165.0</ele></trkpt><trkpt lat="61.00863982" lon="14.52643997"><ele>165.0</ele></trkpt><trkpt lat="61.00886927" lon="14.52667353"><ele>165.0</ele></trkpt><trkpt lat="61.00909872" lon="14.52690709"><ele>165.0</ele></trkpt><trkpt lat="61.00932816" lon="14.52714065"><ele>164.0</ele></trkpt><trkpt lat="61.00969998" lon="14.52751974"><ele>164.0</ele></trkpt><trkpt lat="61.00979620" lon="14.52785571"><ele>164.0</ele></trkpt><trkpt lat="61.00992986" lon="14.52831924"><ele>163.0</ele></trkpt><trkpt lat="61.00992028" lon="14.52867408"><ele>163.0</ele></trkpt><trkpt lat="61.00990983" lon="14.52906933"><ele>163.0</ele></trkpt><trkpt lat="61.00984409" lon="14.52957329"><ele>163.0</ele></trkpt><trkpt lat="61.00977878" lon="14.53007724"><ele>163.0</ele></trkpt><trkpt lat="61.00971348" lon="14.53058030"><ele>163.0</ele></trkpt><trkpt lat="61.00961987" lon="14.53129985"><ele>162.0</ele></trkpt><trkpt lat="61.00958852" lon="14.53185860"><ele>162.0</ele></trkpt><trkpt lat="61.00955718" lon="14.53241736"><ele>162.0</ele></trkpt><trkpt lat="61.00952583" lon="14.53297611"><ele>162.0</ele></trkpt><trkpt lat="61.00949448" lon="14.53353486"><ele>162.0</ele></trkpt><trkpt lat="61.00946313" lon="14.53409451"><ele>162.0</ele></trkpt><trkpt lat="61.00942961" lon="14.53468919"><ele>162.0</ele></trkpt><trkpt lat="61.00922977" lon="14.53500720"><ele>162.0</ele></trkpt><trkpt lat="61.00902993" lon="14.53532520"><ele>162.0</ele></trkpt><trkpt lat="61.00883008" lon="14.53564321"><ele>162.0</ele></trkpt><trkpt lat="61.00854969" lon="14.53608967"><ele>162.0</ele></trkpt><trkpt lat="61.00837335" lon="14.53629987"><ele>162.0</ele></trkpt><trkpt lat="61.00807989" lon="14.53664932"><ele>162.0</ele></trkpt><trkpt lat="61.00783128" lon="14.53687030"><ele>162.0</ele></trkpt><trkpt lat="61.00758266" lon="14.53709129"><ele>163.0</ele></trkpt><trkpt lat="61.00733448" lon="14.53731317"><ele>163.0</ele></trkpt><trkpt lat="61.00708586" lon="14.53753416"><ele>164.0</ele></trkpt><trkpt lat="61.00662998" lon="14.53793930"><ele>164.0</ele></trkpt><trkpt lat="61.00666089" lon="14.53849985"><ele>165.0</ele></trkpt><trkpt lat="61.00669181" lon="14.53906040"><ele>165.0</ele></trkpt><trkpt lat="61.00672272" lon="14.53962095"><ele>165.0</ele></trkpt><trkpt lat="61.00675363" lon="14.54018060"><ele>164.0</ele></trkpt><trkpt lat="61.00678455" lon="14.54074114"><ele>164.0</ele></trkpt><trkpt lat="61.00681982" lon="14.54137985"><ele>164.0</ele></trkpt><trkpt lat="61.00687555" lon="14.54182990"><ele>164.0</ele></trkpt><trkpt lat="61.00693172" lon="14.54227996"><ele>164.0</ele></trkpt><trkpt lat="61.00699965" lon="14.54282973"><ele>164.0</ele></trkpt></trkseg></trk></gpx>