<?xml version='1.0' encoding='utf-8'?>
<gpx version="1.1" creator="Ultravasan route source cache" xmlns="http://www.topografix.com/GPX/1/1"><metadata><name>Trace de Trail ultravasan45-2024 · ITRA track 267130</name><desc>Coordinates transformed from the public map geometry on https://tracedetrail.fr/en/trace/267130. HTTP 200; content-type text/html; charset=UTF-8; fetched 2026-09-25T09:56:59+00:00; source-page SHA-256 f708e8570fa407d2a935a0e4f1b74f5518517c05a61f16a930273c525655a763. Candidate geometry only; see source audit before using as an edition route.</desc><link href="https://tracedetrail.fr/en/trace/267130"><text>Trace de Trail track 267130</text></link></metadata><trk><name>ultravasan45-2024 · Trace de Trail 267130</name><trkseg><trkpt lat="61.12629784" lon="14.17957438"><ele>199.0</ele></trkpt><trkpt lat="61.12612520" lon="14.17957798"><ele>199.0</ele></trkpt><trkpt lat="61.12593086" lon="14.17958247"><ele>199.0</ele></trkpt><trkpt lat="61.12575084" lon="14.17957887"><ele>199.0</ele></trkpt><trkpt lat="61.12568968" lon="14.17957079"><ele>199.0</ele></trkpt><trkpt lat="61.12550489" lon="14.17957259"><ele>199.0</ele></trkpt><trkpt lat="61.12530144" lon="14.17954923"><ele>199.0</ele></trkpt><trkpt lat="61.12496091" lon="14.17951060"><ele>199.0</ele></trkpt><trkpt lat="61.12479086" lon="14.17946030"><ele>199.0</ele></trkpt><trkpt lat="61.12460086" lon="14.17940370"><ele>199.0</ele></trkpt><trkpt lat="61.12442169" lon="14.17932016"><ele>199.0</ele></trkpt><trkpt lat="61.12425598" lon="14.17916924"><ele>199.0</ele></trkpt><trkpt lat="61.12411976" lon="14.17891143"><ele>199.0</ele></trkpt><trkpt lat="61.12400264" lon="14.17862217"><ele>199.0</ele></trkpt><trkpt lat="61.12389288" lon="14.17832393"><ele>199.0</ele></trkpt><trkpt lat="61.12379788" lon="14.17800143"><ele>199.0</ele></trkpt><trkpt lat="61.12370678" lon="14.17767175"><ele>200.0</ele></trkpt><trkpt lat="61.12362869" lon="14.17735375"><ele>200.0</ele></trkpt><trkpt lat="61.12354062" lon="14.17699622"><ele>200.0</ele></trkpt><trkpt lat="61.12343998" lon="14.17668450"><ele>201.0</ele></trkpt><trkpt lat="61.12332979" lon="14.17640872"><ele>201.0</ele></trkpt><trkpt lat="61.12320485" lon="14.17609521"><ele>201.0</ele></trkpt><trkpt lat="61.12308078" lon="14.17581853"><ele>201.0</ele></trkpt><trkpt lat="61.12293675" lon="14.17558946"><ele>201.0</ele></trkpt><trkpt lat="61.12279098" lon="14.17540171"><ele>201.0</ele></trkpt><trkpt lat="61.12262786" lon="14.17519240"><ele>201.0</ele></trkpt><trkpt lat="61.12247776" lon="14.17501543"><ele>200.0</ele></trkpt><trkpt lat="61.12230899" lon="14.17481691"><ele>200.0</ele></trkpt><trkpt lat="61.12226084" lon="14.17475313"><ele>200.0</ele></trkpt><trkpt lat="61.12214674" lon="14.17464892"><ele>200.0</ele></trkpt><trkpt lat="61.12207993" lon="14.17461389"><ele>200.0</ele></trkpt><trkpt lat="61.12196496" lon="14.17461029"><ele>200.0</ele></trkpt><trkpt lat="61.12179446" lon="14.17465162"><ele>200.0</ele></trkpt><trkpt lat="61.12160488" lon="14.17469743"><ele>200.0</ele></trkpt><trkpt lat="61.12142179" lon="14.17475043"><ele>200.0</ele></trkpt><trkpt lat="61.12124392" lon="14.17478457"><ele>200.0</ele></trkpt><trkpt lat="61.12105996" lon="14.17476390"><ele>200.0</ele></trkpt><trkpt lat="61.12089293" lon="14.17462287"><ele>200.0</ele></trkpt><trkpt lat="61.12075496" lon="14.17437314"><ele>200.0</ele></trkpt><trkpt lat="61.12064693" lon="14.17406591"><ele>200.0</ele></trkpt><trkpt lat="61.12056277" lon="14.17373174"><ele>200.0</ele></trkpt><trkpt lat="61.12052762" lon="14.17336433"><ele>200.0</ele></trkpt><trkpt lat="61.12054975" lon="14.17299512"><ele>200.0</ele></trkpt><trkpt lat="61.12057795" lon="14.17262591"><ele>200.0</ele></trkpt><trkpt lat="61.12059097" lon="14.17224144"><ele>200.0</ele></trkpt><trkpt lat="61.12058576" lon="14.17186953"><ele>200.0</ele></trkpt><trkpt lat="61.12058489" lon="14.17141319"><ele>200.0</ele></trkpt><trkpt lat="61.12058880" lon="14.17121915"><ele>200.0</ele></trkpt><trkpt lat="61.12063088" lon="14.17104757"><ele>200.0</ele></trkpt><trkpt lat="61.12077188" lon="14.17071430"><ele>200.0</ele></trkpt><trkpt lat="61.12082959" lon="14.17056159"><ele>200.0</ele></trkpt><trkpt lat="61.12092677" lon="14.17028850"><ele>200.0</ele></trkpt><trkpt lat="61.12108166" lon="14.16985192"><ele>200.0</ele></trkpt><trkpt lat="61.12115064" lon="14.16967136"><ele>201.0</ele></trkpt><trkpt lat="61.12122569" lon="14.16950427"><ele>201.0</ele></trkpt><trkpt lat="61.12130899" lon="14.16934617"><ele>201.0</ele></trkpt><trkpt lat="61.12142092" lon="14.16916291"><ele>201.0</ele></trkpt><trkpt lat="61.12157884" lon="14.16890419"><ele>201.0</ele></trkpt><trkpt lat="61.12175368" lon="14.16863650"><ele>201.0</ele></trkpt><trkpt lat="61.12192895" lon="14.16836790"><ele>202.0</ele></trkpt><trkpt lat="61.12210770" lon="14.16809391"><ele>203.0</ele></trkpt><trkpt lat="61.12225737" lon="14.16787383"><ele>204.0</ele></trkpt><trkpt lat="61.12245086" lon="14.16758996"><ele>204.0</ele></trkpt><trkpt lat="61.12270465" lon="14.16724141"><ele>205.0</ele></trkpt><trkpt lat="61.12288382" lon="14.16692521"><ele>206.0</ele></trkpt><trkpt lat="61.12296581" lon="14.16673027"><ele>206.0</ele></trkpt><trkpt lat="61.12302872" lon="14.16650929"><ele>206.0</ele></trkpt><trkpt lat="61.12307383" lon="14.16627662"><ele>206.0</ele></trkpt><trkpt lat="61.12310594" lon="14.16603318"><ele>207.0</ele></trkpt><trkpt lat="61.12311895" lon="14.16578165"><ele>207.0</ele></trkpt><trkpt lat="61.12312069" lon="14.16552563"><ele>207.0</ele></trkpt><trkpt lat="61.12311071" lon="14.16526692"><ele>207.0</ele></trkpt><trkpt lat="61.12309379" lon="14.16500371"><ele>207.0</ele></trkpt><trkpt lat="61.12304737" lon="14.16444226"><ele>207.0</ele></trkpt><trkpt lat="61.12300095" lon="14.16388082"><ele>207.0</ele></trkpt><trkpt lat="61.12295453" lon="14.16332027"><ele>207.0</ele></trkpt><trkpt lat="61.12290811" lon="14.16275882"><ele>206.0</ele></trkpt><trkpt lat="61.12286126" lon="14.16219737"><ele>205.0</ele></trkpt><trkpt lat="61.12279358" lon="14.16138080"><ele>204.0</ele></trkpt><trkpt lat="61.12276972" lon="14.16099992"><ele>204.0</ele></trkpt><trkpt lat="61.12276495" lon="14.16080768"><ele>204.0</ele></trkpt><trkpt lat="61.12277189" lon="14.16061634"><ele>204.0</ele></trkpt><trkpt lat="61.12278794" lon="14.16042949"><ele>204.0</ele></trkpt><trkpt lat="61.12283393" lon="14.16005220"><ele>206.0</ele></trkpt><trkpt lat="61.12289683" lon="14.15959136"><ele>206.0</ele></trkpt><trkpt lat="61.12296017" lon="14.15913052"><ele>206.0</ele></trkpt><trkpt lat="61.12305258" lon="14.15845589"><ele>207.0</ele></trkpt><trkpt lat="61.12311244" lon="14.15803188"><ele>207.0</ele></trkpt><trkpt lat="61.12322567" lon="14.15723059"><ele>208.0</ele></trkpt><trkpt lat="61.12324866" lon="14.15696918"><ele>208.0</ele></trkpt><trkpt lat="61.12325561" lon="14.15669250"><ele>208.0</ele></trkpt><trkpt lat="61.12324997" lon="14.15650026"><ele>208.0</ele></trkpt><trkpt lat="61.12323782" lon="14.15630083"><ele>208.0</ele></trkpt><trkpt lat="61.12320789" lon="14.15590737"><ele>208.0</ele></trkpt><trkpt lat="61.12316754" lon="14.15548067"><ele>207.0</ele></trkpt><trkpt lat="61.12309466" lon="14.15470542"><ele>207.0</ele></trkpt><trkpt lat="61.12305084" lon="14.15421135"><ele>207.0</ele></trkpt><trkpt lat="61.12300659" lon="14.15371638"><ele>207.0</ele></trkpt><trkpt lat="61.12292069" lon="14.15275698"><ele>207.0</ele></trkpt><trkpt lat="61.12286994" lon="14.15223955"><ele>206.0</ele></trkpt><trkpt lat="61.12283957" lon="14.15202575"><ele>206.0</ele></trkpt><trkpt lat="61.12283697" lon="14.15178590"><ele>206.0</ele></trkpt><trkpt lat="61.12284391" lon="14.15139423"><ele>206.0</ele></trkpt><trkpt lat="61.12285389" lon="14.15085345"><ele>206.0</ele></trkpt><trkpt lat="61.12286907" lon="14.15034680"><ele>206.0</ele></trkpt><trkpt lat="61.12288469" lon="14.14983925"><ele>206.0</ele></trkpt><trkpt lat="61.12290030" lon="14.14933260"><ele>206.0</ele></trkpt><trkpt lat="61.12291679" lon="14.14879271"><ele>206.0</ele></trkpt><trkpt lat="61.12293761" lon="14.14833188"><ele>206.0</ele></trkpt><trkpt lat="61.12295887" lon="14.14787104"><ele>206.0</ele></trkpt><trkpt lat="61.12298360" lon="14.14732217"><ele>207.0</ele></trkpt><trkpt lat="61.12300529" lon="14.14692601"><ele>207.0</ele></trkpt><trkpt lat="61.12303696" lon="14.14635289"><ele>208.0</ele></trkpt><trkpt lat="61.12305778" lon="14.14590014"><ele>208.0</ele></trkpt><trkpt lat="61.12307080" lon="14.14543481"><ele>209.0</ele></trkpt><trkpt lat="61.12307297" lon="14.14497936"><ele>209.0</ele></trkpt><trkpt lat="61.12306646" lon="14.14453110"><ele>209.0</ele></trkpt><trkpt lat="61.12305388" lon="14.14363459"><ele>211.0</ele></trkpt><trkpt lat="61.12305431" lon="14.14321148"><ele>212.0</ele></trkpt><trkpt lat="61.12305561" lon="14.14250091"><ele>212.0</ele></trkpt><trkpt lat="61.12304867" lon="14.14229250"><ele>212.0</ele></trkpt><trkpt lat="61.12303783" lon="14.14206253"><ele>212.0</ele></trkpt><trkpt lat="61.12301657" lon="14.14181460"><ele>213.0</ele></trkpt><trkpt lat="61.12298967" lon="14.14159271"><ele>212.0</ele></trkpt><trkpt lat="61.12295583" lon="14.14138880"><ele>213.0</ele></trkpt><trkpt lat="61.12291158" lon="14.14116242"><ele>212.0</ele></trkpt><trkpt lat="61.12285866" lon="14.14091898"><ele>212.0</ele></trkpt><trkpt lat="61.12279488" lon="14.14063781"><ele>212.0</ele></trkpt><trkpt lat="61.12269380" lon="14.14019224"><ele>211.0</ele></trkpt><trkpt lat="61.12261094" lon="14.13980776"><ele>211.0</ele></trkpt><trkpt lat="61.12254890" lon="14.13956791"><ele>211.0</ele></trkpt><trkpt lat="61.12240878" lon="14.13913672"><ele>211.0</ele></trkpt><trkpt lat="61.12233676" lon="14.13893819"><ele>211.0</ele></trkpt><trkpt lat="61.12226778" lon="14.13879087"><ele>210.0</ele></trkpt><trkpt lat="61.12220661" lon="14.13860671"><ele>211.0</ele></trkpt><trkpt lat="61.12217798" lon="14.13835698"><ele>210.0</ele></trkpt><trkpt lat="61.12216670" lon="14.13817013"><ele>210.0</ele></trkpt><trkpt lat="61.12216192" lon="14.13784225"><ele>211.0</ele></trkpt><trkpt lat="61.12218579" lon="14.13741016"><ele>212.0</ele></trkpt><trkpt lat="61.12221442" lon="14.13699244"><ele>214.0</ele></trkpt><trkpt lat="61.12226257" lon="14.13628816"><ele>216.0</ele></trkpt><trkpt lat="61.12229294" lon="14.13604652"><ele>216.0</ele></trkpt><trkpt lat="61.12231767" lon="14.13592614"><ele>217.0</ele></trkpt><trkpt lat="61.12242092" lon="14.13562161"><ele>219.0</ele></trkpt><trkpt lat="61.12251984" lon="14.13531080"><ele>220.0</ele></trkpt><trkpt lat="61.12260357" lon="14.13497752"><ele>222.0</ele></trkpt><trkpt lat="61.12266864" lon="14.13462987"><ele>222.0</ele></trkpt><trkpt lat="61.12268860" lon="14.13439272"><ele>222.0</ele></trkpt><trkpt lat="61.12268990" lon="14.13425528"><ele>222.0</ele></trkpt><trkpt lat="61.12268166" lon="14.13401812"><ele>222.0</ele></trkpt><trkpt lat="61.12266777" lon="14.13387529"><ele>222.0</ele></trkpt><trkpt lat="61.12260790" lon="14.13352045"><ele>222.0</ele></trkpt><trkpt lat="61.12254153" lon="14.13319347"><ele>222.0</ele></trkpt><trkpt lat="61.12246778" lon="14.13282965"><ele>221.0</ele></trkpt><trkpt lat="61.12243698" lon="14.13261316"><ele>221.0</ele></trkpt><trkpt lat="61.12239316" lon="14.13238049"><ele>219.0</ele></trkpt><trkpt lat="61.12234370" lon="14.13211729"><ele>219.0</ele></trkpt><trkpt lat="61.12229164" lon="14.13176065"><ele>216.0</ele></trkpt><trkpt lat="61.12222787" lon="14.13137168"><ele>216.0</ele></trkpt><trkpt lat="61.12217884" lon="14.13104290"><ele>214.0</ele></trkpt><trkpt lat="61.12213069" lon="14.13068178"><ele>214.0</ele></trkpt><trkpt lat="61.12208687" lon="14.13031976"><ele>213.0</ele></trkpt><trkpt lat="61.12205260" lon="14.12994516"><ele>212.0</ele></trkpt><trkpt lat="61.12202353" lon="14.12959571"><ele>212.0</ele></trkpt><trkpt lat="61.12199099" lon="14.12920585"><ele>211.0</ele></trkpt><trkpt lat="61.12196540" lon="14.12885281"><ele>211.0</ele></trkpt><trkpt lat="61.12193676" lon="14.12845485"><ele>212.0</ele></trkpt><trkpt lat="61.12192071" lon="14.12807846"><ele>213.0</ele></trkpt><trkpt lat="61.12193980" lon="14.12770566"><ele>213.0</ele></trkpt><trkpt lat="61.12192982" lon="14.12732837"><ele>214.0</ele></trkpt><trkpt lat="61.12190596" lon="14.12695736"><ele>215.0</ele></trkpt><trkpt lat="61.12186171" lon="14.12658995"><ele>215.0</ele></trkpt><trkpt lat="61.12178969" lon="14.12623781"><ele>214.0</ele></trkpt><trkpt lat="61.12169772" lon="14.12591532"><ele>213.0</ele></trkpt><trkpt lat="61.12161876" lon="14.12557036"><ele>213.0</ele></trkpt><trkpt lat="61.12158969" lon="14.12519217"><ele>211.0</ele></trkpt><trkpt lat="61.12159099" lon="14.12481129"><ele>211.0</ele></trkpt><trkpt lat="61.12159793" lon="14.12465947"><ele>211.0</ele></trkpt><trkpt lat="61.12163698" lon="14.12444567"><ele>213.0</ele></trkpt><trkpt lat="61.12174284" lon="14.12414025"><ele>215.0</ele></trkpt><trkpt lat="61.12182093" lon="14.12379799"><ele>217.0</ele></trkpt><trkpt lat="61.12181963" lon="14.12342339"><ele>217.0</ele></trkpt><trkpt lat="61.12178665" lon="14.12305598"><ele>217.0</ele></trkpt><trkpt lat="61.12174891" lon="14.12268228"><ele>219.0</ele></trkpt><trkpt lat="61.12170466" lon="14.12231487"><ele>219.0</ele></trkpt><trkpt lat="61.12165911" lon="14.12197351"><ele>219.0</ele></trkpt><trkpt lat="61.12160878" lon="14.12159532"><ele>219.0</ele></trkpt><trkpt lat="61.12160271" lon="14.12151447"><ele>219.0</ele></trkpt><trkpt lat="61.12161268" lon="14.12121353"><ele>219.0</ele></trkpt><trkpt lat="61.12164392" lon="14.12084522"><ele>219.0</ele></trkpt><trkpt lat="61.12163568" lon="14.12072844"><ele>219.0</ele></trkpt><trkpt lat="61.12158275" lon="14.12049398"><ele>217.0</ele></trkpt><trkpt lat="61.12152375" lon="14.12028018"><ele>217.0</ele></trkpt><trkpt lat="61.12150162" lon="14.12015173"><ele>217.0</ele></trkpt><trkpt lat="61.12149858" lon="14.11995949"><ele>214.0</ele></trkpt><trkpt lat="61.12153589" lon="14.11978072"><ele>217.0</ele></trkpt><trkpt lat="61.12159490" lon="14.11960824"><ele>216.0</ele></trkpt><trkpt lat="61.12162266" lon="14.11945014"><ele>217.0</ele></trkpt><trkpt lat="61.12164088" lon="14.11931539"><ele>217.0</ele></trkpt><trkpt lat="61.12158969" lon="14.11889588"><ele>213.0</ele></trkpt><trkpt lat="61.12153893" lon="14.11872430"><ele>213.0</ele></trkpt><trkpt lat="61.12144392" lon="14.11853476"><ele>211.0</ele></trkpt><trkpt lat="61.12133199" lon="14.11831018"><ele>209.0</ele></trkpt><trkpt lat="61.12127862" lon="14.11819340"><ele>207.0</ele></trkpt><trkpt lat="61.12125086" lon="14.11806494"><ele>207.0</ele></trkpt><trkpt lat="61.12123480" lon="14.11782419"><ele>207.0</ele></trkpt><trkpt lat="61.12122092" lon="14.11744330"><ele>207.0</ele></trkpt><trkpt lat="61.12118491" lon="14.11703727"><ele>207.0</ele></trkpt><trkpt lat="61.12106474" lon="14.11649289"><ele>207.0</ele></trkpt><trkpt lat="61.12103870" lon="14.11639317"><ele>207.0</ele></trkpt><trkpt lat="61.12101181" lon="14.11601588"><ele>208.0</ele></trkpt><trkpt lat="61.12100964" lon="14.11583622"><ele>209.0</ele></trkpt><trkpt lat="61.12098881" lon="14.11564039"><ele>208.0</ele></trkpt><trkpt lat="61.12091766" lon="14.11529364"><ele>209.0</ele></trkpt><trkpt lat="61.12084000" lon="14.11497563"><ele>209.0</ele></trkpt><trkpt lat="61.12075280" lon="14.11461810"><ele>209.0</ele></trkpt><trkpt lat="61.12066385" lon="14.11428213"><ele>209.0</ele></trkpt><trkpt lat="61.12055366" lon="14.11398120"><ele>208.0</ele></trkpt><trkpt lat="61.12050289" lon="14.11382669"><ele>208.0</ele></trkpt><trkpt lat="61.12046775" lon="14.11364792"><ele>207.0</ele></trkpt><trkpt lat="61.12045777" lon="14.11350329"><ele>207.0</ele></trkpt><trkpt lat="61.12047469" lon="14.11327243"><ele>207.0</ele></trkpt><trkpt lat="61.12050723" lon="14.11292298"><ele>209.0</ele></trkpt><trkpt lat="61.12054368" lon="14.11253042"><ele>210.0</ele></trkpt><trkpt lat="61.12057491" lon="14.11215852"><ele>210.0</ele></trkpt><trkpt lat="61.12057708" lon="14.11173631"><ele>211.0</ele></trkpt><trkpt lat="61.12058099" lon="14.11102484"><ele>213.0</ele></trkpt><trkpt lat="61.12059791" lon="14.11065384"><ele>213.0</ele></trkpt><trkpt lat="61.12062958" lon="14.11028553"><ele>216.0</ele></trkpt><trkpt lat="61.12062264" lon="14.10990464"><ele>216.0</ele></trkpt><trkpt lat="61.12060572" lon="14.10974564"><ele>216.0</ele></trkpt><trkpt lat="61.12057665" lon="14.10953723"><ele>215.0</ele></trkpt><trkpt lat="61.12050680" lon="14.10918240"><ele>215.0</ele></trkpt><trkpt lat="61.12047079" lon="14.10886799"><ele>214.0</ele></trkpt><trkpt lat="61.12045864" lon="14.10850147"><ele>214.0</ele></trkpt><trkpt lat="61.12044389" lon="14.10806399"><ele>214.0</ele></trkpt><trkpt lat="61.12042957" lon="14.10786637"><ele>214.0</ele></trkpt><trkpt lat="61.12039790" lon="14.10769748"><ele>212.0</ele></trkpt><trkpt lat="61.12030766" lon="14.10737678"><ele>212.0</ele></trkpt><trkpt lat="61.12018487" lon="14.10691325"><ele>210.0</ele></trkpt><trkpt lat="61.12008899" lon="14.10653237"><ele>209.0</ele></trkpt><trkpt lat="61.12004864" lon="14.10634462"><ele>209.0</ele></trkpt><trkpt lat="61.12002087" lon="14.10617753"><ele>209.0</ele></trkpt><trkpt lat="61.12000872" lon="14.10601045"><ele>209.0</ele></trkpt><trkpt lat="61.12001784" lon="14.10589456"><ele>209.0</ele></trkpt><trkpt lat="61.12003779" lon="14.10580383"><ele>209.0</ele></trkpt><trkpt lat="61.12013368" lon="14.10548044"><ele>211.0</ele></trkpt><trkpt lat="61.12023260" lon="14.10516783"><ele>213.0</ele></trkpt><trkpt lat="61.12032371" lon="14.10484174"><ele>214.0</ele></trkpt><trkpt lat="61.12033673" lon="14.10477796"><ele>214.0</ele></trkpt><trkpt lat="61.12037577" lon="14.10448151"><ele>214.0</ele></trkpt><trkpt lat="61.12038879" lon="14.10419495"><ele>214.0</ele></trkpt><trkpt lat="61.12038098" lon="14.10409883"><ele>214.0</ele></trkpt><trkpt lat="61.12034497" lon="14.10385000"><ele>214.0</ele></trkpt><trkpt lat="61.12029898" lon="14.10375567"><ele>212.0</ele></trkpt><trkpt lat="61.12025689" lon="14.10361284"><ele>212.0</ele></trkpt><trkpt lat="61.12021698" lon="14.10328855"><ele>212.0</ele></trkpt><trkpt lat="61.12024561" lon="14.10266422"><ele>212.0</ele></trkpt><trkpt lat="61.12036796" lon="14.10238844"><ele>213.0</ele></trkpt><trkpt lat="61.12051895" lon="14.10199947"><ele>216.0</ele></trkpt><trkpt lat="61.12061179" lon="14.10158984"><ele>216.0</ele></trkpt><trkpt lat="61.12066559" lon="14.10118739"><ele>216.0</ele></trkpt><trkpt lat="61.12069683" lon="14.10073913"><ele>216.0</ele></trkpt><trkpt lat="61.12076494" lon="14.10025764"><ele>216.0</ele></trkpt><trkpt lat="61.12083696" lon="14.09971236"><ele>216.0</ele></trkpt><trkpt lat="61.12091809" lon="14.09922637"><ele>216.0</ele></trkpt><trkpt lat="61.12099922" lon="14.09874128"><ele>216.0</ele></trkpt><trkpt lat="61.12108079" lon="14.09825529"><ele>216.0</ele></trkpt><trkpt lat="61.12117971" lon="14.09766240"><ele>217.0</ele></trkpt><trkpt lat="61.12123524" lon="14.09730847"><ele>218.0</ele></trkpt><trkpt lat="61.12130379" lon="14.09686919"><ele>219.0</ele></trkpt><trkpt lat="61.12138058" lon="14.09645866"><ele>219.0</ele></trkpt><trkpt lat="61.12145260" lon="14.09610742"><ele>219.0</ele></trkpt><trkpt lat="61.12152331" lon="14.09571755"><ele>220.0</ele></trkpt><trkpt lat="61.12163785" lon="14.09508783"><ele>221.0</ele></trkpt><trkpt lat="61.12171854" lon="14.09466293"><ele>221.0</ele></trkpt><trkpt lat="61.12179967" lon="14.09423802"><ele>221.0</ele></trkpt><trkpt lat="61.12188861" lon="14.09377090"><ele>223.0</ele></trkpt><trkpt lat="61.12192158" lon="14.09354632"><ele>225.0</ele></trkpt><trkpt lat="61.12194587" lon="14.09331456"><ele>225.0</ele></trkpt><trkpt lat="61.12195368" lon="14.09312411"><ele>225.0</ele></trkpt><trkpt lat="61.12195585" lon="14.09288336"><ele>225.0</ele></trkpt><trkpt lat="61.12194891" lon="14.09268124"><ele>224.0</ele></trkpt><trkpt lat="61.12192679" lon="14.09245487"><ele>224.0</ele></trkpt><trkpt lat="61.12188774" lon="14.09220783"><ele>220.0</ele></trkpt><trkpt lat="61.12183698" lon="14.09195361"><ele>220.0</ele></trkpt><trkpt lat="61.12179273" lon="14.09177395"><ele>218.0</ele></trkpt><trkpt lat="61.12176496" lon="14.09168861"><ele>218.0</ele></trkpt><trkpt lat="61.12172288" lon="14.09161045"><ele>218.0</ele></trkpt><trkpt lat="61.12171464" lon="14.09138857"><ele>218.0</ele></trkpt><trkpt lat="61.12177277" lon="14.09104721"><ele>218.0</ele></trkpt><trkpt lat="61.12185086" lon="14.09069237"><ele>220.0</ele></trkpt><trkpt lat="61.12194284" lon="14.09035281"><ele>223.0</ele></trkpt><trkpt lat="61.12205867" lon="14.08989736"><ele>227.0</ele></trkpt><trkpt lat="61.12217190" lon="14.08960092"><ele>229.0</ele></trkpt><trkpt lat="61.12228340" lon="14.08923890"><ele>232.0</ele></trkpt><trkpt lat="61.12247992" lon="14.08860199"><ele>235.0</ele></trkpt><trkpt lat="61.12261571" lon="14.08817260"><ele>237.0</ele></trkpt><trkpt lat="61.12272070" lon="14.08766685"><ele>238.0</ele></trkpt><trkpt lat="61.12279662" lon="14.08724644"><ele>238.0</ele></trkpt><trkpt lat="61.12285562" lon="14.08683950"><ele>238.0</ele></trkpt><trkpt lat="61.12266994" lon="14.08660414"><ele>235.0</ele></trkpt><trkpt lat="61.12255064" lon="14.08647658"><ele>234.0</ele></trkpt><trkpt lat="61.12244088" lon="14.08630231"><ele>233.0</ele></trkpt><trkpt lat="61.12234978" lon="14.08624571"><ele>232.0</ele></trkpt><trkpt lat="61.12226865" lon="14.08626278"><ele>232.0</ele></trkpt><trkpt lat="61.12222787" lon="14.08634093"><ele>232.0</ele></trkpt><trkpt lat="61.12213676" lon="14.08642358"><ele>231.0</ele></trkpt><trkpt lat="61.12206171" lon="14.08640921"><ele>230.0</ele></trkpt><trkpt lat="61.12192722" lon="14.08618373"><ele>229.0</ele></trkpt><trkpt lat="61.12170770" lon="14.08581542"><ele>228.0</ele></trkpt><trkpt lat="61.12154848" lon="14.08552796"><ele>228.0</ele></trkpt><trkpt lat="61.12125172" lon="14.08499256"><ele>227.0</ele></trkpt><trkpt lat="61.12105085" lon="14.08475451"><ele>227.0</ele></trkpt><trkpt lat="61.12100964" lon="14.08469792"><ele>227.0</ele></trkpt><trkpt lat="61.12102699" lon="14.08443561"><ele>228.0</ele></trkpt><trkpt lat="61.12105476" lon="14.08417330"><ele>229.0</ele></trkpt><trkpt lat="61.12105693" lon="14.08406640"><ele>229.0</ele></trkpt><trkpt lat="61.12103176" lon="14.08369899"><ele>230.0</ele></trkpt><trkpt lat="61.12106994" lon="14.08333338"><ele>230.0</ele></trkpt><trkpt lat="61.12109163" lon="14.08316270"><ele>231.0</ele></trkpt><trkpt lat="61.12111072" lon="14.08296327"><ele>231.0</ele></trkpt><trkpt lat="61.12110682" lon="14.08278450"><ele>231.0</ele></trkpt><trkpt lat="61.12108469" lon="14.08258688"><ele>232.0</ele></trkpt><trkpt lat="61.12102959" lon="14.08222396"><ele>232.0</ele></trkpt><trkpt lat="61.12099575" lon="14.08196973"><ele>233.0</ele></trkpt><trkpt lat="61.12099575" lon="14.08185385"><ele>233.0</ele></trkpt><trkpt lat="61.12105259" lon="14.08150171"><ele>233.0</ele></trkpt><trkpt lat="61.12113675" lon="14.08116574"><ele>234.0</ele></trkpt><trkpt lat="61.12120444" lon="14.08083786"><ele>235.0</ele></trkpt><trkpt lat="61.12128079" lon="14.08047044"><ele>235.0</ele></trkpt><trkpt lat="61.12136800" lon="14.08014256"><ele>235.0</ele></trkpt><trkpt lat="61.12145867" lon="14.07982186"><ele>235.0</ele></trkpt><trkpt lat="61.12158188" lon="14.07945265"><ele>235.0</ele></trkpt><trkpt lat="61.12161095" lon="14.07933318"><ele>235.0</ele></trkpt><trkpt lat="61.12163785" lon="14.07917418"><ele>236.0</ele></trkpt><trkpt lat="61.12162787" lon="14.07889480"><ele>236.0</ele></trkpt><trkpt lat="61.12163871" lon="14.07868819"><ele>236.0</ele></trkpt><trkpt lat="61.12171984" lon="14.07846361"><ele>236.0</ele></trkpt><trkpt lat="61.12174891" lon="14.07835581"><ele>236.0</ele></trkpt><trkpt lat="61.12183177" lon="14.07815818"><ele>235.0</ele></trkpt><trkpt lat="61.12189555" lon="14.07782850"><ele>235.0</ele></trkpt><trkpt lat="61.12196670" lon="14.07746019"><ele>236.0</ele></trkpt><trkpt lat="61.12200184" lon="14.07708649"><ele>236.0</ele></trkpt><trkpt lat="61.12200184" lon="14.07695983"><ele>236.0</ele></trkpt><trkpt lat="61.12194891" lon="14.07642623"><ele>236.0</ele></trkpt><trkpt lat="61.12195282" lon="14.07634628"><ele>236.0</ele></trkpt><trkpt lat="61.12198796" lon="14.07598156"><ele>236.0</ele></trkpt><trkpt lat="61.12205564" lon="14.07565547"><ele>236.0</ele></trkpt><trkpt lat="61.12213199" lon="14.07529166"><ele>236.0</ele></trkpt><trkpt lat="61.12220878" lon="14.07495299"><ele>236.0</ele></trkpt><trkpt lat="61.12230075" lon="14.07462960"><ele>236.0</ele></trkpt><trkpt lat="61.12237494" lon="14.07428465"><ele>237.0</ele></trkpt><trkpt lat="61.12239880" lon="14.07413283"><ele>237.0</ele></trkpt><trkpt lat="61.12242570" lon="14.07371332"><ele>237.0</ele></trkpt><trkpt lat="61.12243958" lon="14.07354982"><ele>237.0</ele></trkpt><trkpt lat="61.12246170" lon="14.07343394"><ele>237.0</ele></trkpt><trkpt lat="61.12252157" lon="14.07321565"><ele>237.0</ele></trkpt><trkpt lat="61.12258578" lon="14.07305126"><ele>237.0</ele></trkpt><trkpt lat="61.12265389" lon="14.07295065"><ele>237.0</ele></trkpt><trkpt lat="61.12280964" lon="14.07281590"><ele>237.0</ele></trkpt><trkpt lat="61.12285692" lon="14.07272876"><ele>237.0</ele></trkpt><trkpt lat="61.12289683" lon="14.07255449"><ele>237.0</ele></trkpt><trkpt lat="61.12290985" lon="14.07248173"><ele>237.0</ele></trkpt><trkpt lat="61.12296798" lon="14.07211791"><ele>237.0</ele></trkpt><trkpt lat="61.12297796" lon="14.07201640"><ele>237.0</ele></trkpt><trkpt lat="61.12297492" lon="14.07189243"><ele>237.0</ele></trkpt><trkpt lat="61.12293978" lon="14.07173073"><ele>237.0</ele></trkpt><trkpt lat="61.12287080" lon="14.07161216"><ele>238.0</ele></trkpt><trkpt lat="61.12278577" lon="14.07152772"><ele>238.0</ele></trkpt><trkpt lat="61.12272591" lon="14.07144327"><ele>238.0</ele></trkpt><trkpt lat="61.12268383" lon="14.07129865"><ele>239.0</ele></trkpt><trkpt lat="61.12267385" lon="14.07122139"><ele>239.0</ele></trkpt><trkpt lat="61.12267081" lon="14.07112527"><ele>239.0</ele></trkpt><trkpt lat="61.12269380" lon="14.07085218"><ele>239.0</ele></trkpt><trkpt lat="61.12277363" lon="14.07050813"><ele>239.0</ele></trkpt><trkpt lat="61.12285172" lon="14.07022875"><ele>239.0</ele></trkpt><trkpt lat="61.12287991" lon="14.07006346"><ele>239.0</ele></trkpt><trkpt lat="61.12289597" lon="14.06980744"><ele>239.0</ele></trkpt><trkpt lat="61.12289770" lon="14.06945890"><ele>240.0</ele></trkpt><trkpt lat="61.12289987" lon="14.06908430"><ele>240.0</ele></trkpt><trkpt lat="61.12291766" lon="14.06889745"><ele>240.0</ele></trkpt><trkpt lat="61.12294759" lon="14.06874743"><ele>240.0</ele></trkpt><trkpt lat="61.12296494" lon="14.06869533"><ele>240.0</ele></trkpt><trkpt lat="61.12301180" lon="14.06859292"><ele>239.0</ele></trkpt><trkpt lat="61.12310464" lon="14.06845817"><ele>239.0</ele></trkpt><trkpt lat="61.12317578" lon="14.06830726"><ele>239.0</ele></trkpt><trkpt lat="61.12320485" lon="14.06817071"><ele>238.0</ele></trkpt><trkpt lat="61.12320094" lon="14.06783025"><ele>238.0</ele></trkpt><trkpt lat="61.12318967" lon="14.06739547"><ele>240.0</ele></trkpt><trkpt lat="61.12316580" lon="14.06702895"><ele>240.0</ele></trkpt><trkpt lat="61.12315062" lon="14.06687085"><ele>240.0</ele></trkpt><trkpt lat="61.12312763" lon="14.06666154"><ele>240.0</ele></trkpt><trkpt lat="61.12307557" lon="14.06630581"><ele>240.0</ele></trkpt><trkpt lat="61.12301093" lon="14.06595726"><ele>240.0</ele></trkpt><trkpt lat="61.12292590" lon="14.06560422"><ele>240.0</ele></trkpt><trkpt lat="61.12291158" lon="14.06551080"><ele>240.0</ele></trkpt><trkpt lat="61.12290768" lon="14.06532126"><ele>240.0</ele></trkpt><trkpt lat="61.12294369" lon="14.06485862"><ele>240.0</ele></trkpt><trkpt lat="61.12295974" lon="14.06477957"><ele>240.0</ele></trkpt><trkpt lat="61.12299661" lon="14.06450199"><ele>240.0</ele></trkpt><trkpt lat="61.12306386" lon="14.06415524"><ele>240.0</ele></trkpt><trkpt lat="61.12311375" lon="14.06379592"><ele>240.0</ele></trkpt><trkpt lat="61.12315496" lon="14.06342491"><ele>240.0</ele></trkpt><trkpt lat="61.12318359" lon="14.06304672"><ele>240.0</ele></trkpt><trkpt lat="61.12320094" lon="14.06266943"><ele>242.0</ele></trkpt><trkpt lat="61.12323391" lon="14.06229663"><ele>246.0</ele></trkpt><trkpt lat="61.12327686" lon="14.06193281"><ele>249.0</ele></trkpt><trkpt lat="61.12329291" lon="14.06155282"><ele>252.0</ele></trkpt><trkpt lat="61.12328684" lon="14.06117284"><ele>254.0</ele></trkpt><trkpt lat="61.12326689" lon="14.06089975"><ele>255.0</ele></trkpt><trkpt lat="61.12325474" lon="14.06080453"><ele>256.0</ele></trkpt><trkpt lat="61.12319183" lon="14.06045149"><ele>256.0</ele></trkpt><trkpt lat="61.12315279" lon="14.06030596"><ele>257.0</ele></trkpt><trkpt lat="61.12309162" lon="14.06014067"><ele>256.0</ele></trkpt><trkpt lat="61.12302568" lon="14.06000233"><ele>257.0</ele></trkpt><trkpt lat="61.12298100" lon="14.05988824"><ele>256.0</ele></trkpt><trkpt lat="61.12294065" lon="14.05986489"><ele>256.0</ele></trkpt><trkpt lat="61.12277666" lon="14.06000592"><ele>254.0</ele></trkpt><trkpt lat="61.12264868" lon="14.06010025"><ele>253.0</ele></trkpt><trkpt lat="61.12251376" lon="14.06021164"><ele>252.0</ele></trkpt><trkpt lat="61.12244175" lon="14.06030776"><ele>251.0</ele></trkpt><trkpt lat="61.12229772" lon="14.06055390"><ele>250.0</ele></trkpt><trkpt lat="61.12215498" lon="14.06078386"><ele>249.0</ele></trkpt><trkpt lat="61.12203264" lon="14.06103180"><ele>249.0</ele></trkpt><trkpt lat="61.12189685" lon="14.06130848"><ele>249.0</ele></trkpt><trkpt lat="61.12174674" lon="14.06153126"><ele>249.0</ele></trkpt><trkpt lat="61.12158058" lon="14.06167589"><ele>251.0</ele></trkpt><trkpt lat="61.12146865" lon="14.06174327"><ele>251.0</ele></trkpt><trkpt lat="61.12140661" lon="14.06176662"><ele>251.0</ele></trkpt><trkpt lat="61.12128383" lon="14.06174327"><ele>253.0</ele></trkpt><trkpt lat="61.12122960" lon="14.06170284"><ele>253.0</ele></trkpt><trkpt lat="61.12106777" lon="14.06153755"><ele>254.0</ele></trkpt><trkpt lat="61.12089770" lon="14.06137945"><ele>255.0</ele></trkpt><trkpt lat="61.12071592" lon="14.06130040"><ele>256.0</ele></trkpt><trkpt lat="61.12053760" lon="14.06123662"><ele>258.0</ele></trkpt><trkpt lat="61.12035365" lon="14.06119889"><ele>259.0</ele></trkpt><trkpt lat="61.12016882" lon="14.06117733"><ele>260.0</ele></trkpt><trkpt lat="61.11998399" lon="14.06120697"><ele>261.0</ele></trkpt><trkpt lat="61.11980090" lon="14.06127345"><ele>262.0</ele></trkpt><trkpt lat="61.11951281" lon="14.06136597"><ele>263.0</ele></trkpt><trkpt lat="61.11943775" lon="14.06140550"><ele>264.0</ele></trkpt><trkpt lat="61.11926594" lon="14.06152677"><ele>265.0</ele></trkpt><trkpt lat="61.11909195" lon="14.06165433"><ele>266.0</ele></trkpt><trkpt lat="61.11892491" lon="14.06179986"><ele>267.0</ele></trkpt><trkpt lat="61.11875396" lon="14.06191664"><ele>268.0</ele></trkpt><trkpt lat="61.11860818" lon="14.06208912"><ele>269.0</ele></trkpt><trkpt lat="61.11845285" lon="14.06227237"><ele>270.0</ele></trkpt><trkpt lat="61.11843592" lon="14.06230561"><ele>270.0</ele></trkpt><trkpt lat="61.11829578" lon="14.06249246"><ele>271.0</ele></trkpt><trkpt lat="61.11812873" lon="14.06271614"><ele>272.0</ele></trkpt><trkpt lat="61.11798772" lon="14.06296497"><ele>274.0</ele></trkpt><trkpt lat="61.11787881" lon="14.06322459"><ele>275.0</ele></trkpt><trkpt lat="61.11786970" lon="14.06324884"><ele>275.0</ele></trkpt><trkpt lat="61.11779767" lon="14.06359739"><ele>275.0</ele></trkpt><trkpt lat="61.11776990" lon="14.06382556"><ele>275.0</ele></trkpt><trkpt lat="61.11776079" lon="14.06397288"><ele>275.0</ele></trkpt><trkpt lat="61.11775081" lon="14.06435377"><ele>275.0</ele></trkpt><trkpt lat="61.11774690" lon="14.06472567"><ele>275.0</ele></trkpt><trkpt lat="61.11774777" lon="14.06524041"><ele>275.0</ele></trkpt><trkpt lat="61.11773692" lon="14.06572729"><ele>275.0</ele></trkpt><trkpt lat="61.11772564" lon="14.06585396"><ele>275.0</ele></trkpt><trkpt lat="61.11768399" lon="14.06621688"><ele>276.0</ele></trkpt><trkpt lat="61.11768876" lon="14.06634713"><ele>276.0</ele></trkpt><trkpt lat="61.11769093" lon="14.06660315"><ele>276.0</ele></trkpt><trkpt lat="61.11776079" lon="14.06694631"><ele>275.0</ele></trkpt><trkpt lat="61.11785191" lon="14.06727329"><ele>275.0</ele></trkpt><trkpt lat="61.11791092" lon="14.06738828"><ele>274.0</ele></trkpt><trkpt lat="61.11799292" lon="14.06750416"><ele>274.0</ele></trkpt><trkpt lat="61.11812396" lon="14.06776647"><ele>273.0</ele></trkpt><trkpt lat="61.11815173" lon="14.06784193"><ele>273.0</ele></trkpt><trkpt lat="61.11818383" lon="14.06794613"><ele>273.0</ele></trkpt><trkpt lat="61.11822072" lon="14.06809795"><ele>272.0</ele></trkpt><trkpt lat="61.11825499" lon="14.06846895"><ele>272.0</ele></trkpt><trkpt lat="61.11830663" lon="14.06883367"><ele>270.0</ele></trkpt><trkpt lat="61.11833179" lon="14.06909867"><ele>270.0</ele></trkpt><trkpt lat="61.11835696" lon="14.06943734"><ele>270.0</ele></trkpt><trkpt lat="61.11835696" lon="14.06958376"><ele>269.0</ele></trkpt><trkpt lat="61.11834394" lon="14.06970144"><ele>269.0</ele></trkpt><trkpt lat="61.11828406" lon="14.06991973"><ele>269.0</ele></trkpt><trkpt lat="61.11821074" lon="14.07018743"><ele>269.0</ele></trkpt><trkpt lat="61.11814392" lon="14.07061143"><ele>268.0</ele></trkpt><trkpt lat="61.11812092" lon="14.07072462"><ele>268.0</ele></trkpt><trkpt lat="61.11805974" lon="14.07094291"><ele>268.0</ele></trkpt><trkpt lat="61.11800290" lon="14.07107586"><ele>268.0</ele></trkpt><trkpt lat="61.11792480" lon="14.07120253"><ele>268.0</ele></trkpt><trkpt lat="61.11775471" lon="14.07133548"><ele>268.0</ele></trkpt><trkpt lat="61.11759895" lon="14.07153221"><ele>269.0</ele></trkpt><trkpt lat="61.11745489" lon="14.07175768"><ele>270.0</ele></trkpt><trkpt lat="61.11731040" lon="14.07195082"><ele>270.0</ele></trkpt><trkpt lat="61.11714769" lon="14.07216821"><ele>270.0</ele></trkpt><trkpt lat="61.11701057" lon="14.07241615"><ele>270.0</ele></trkpt><trkpt lat="61.11689863" lon="14.07271349"><ele>270.0</ele></trkpt><trkpt lat="61.11685090" lon="14.07286261"><ele>269.0</ele></trkpt><trkpt lat="61.11675977" lon="14.07319768"><ele>268.0</ele></trkpt><trkpt lat="61.11672593" lon="14.07337375"><ele>267.0</ele></trkpt><trkpt lat="61.11670380" lon="14.07355791"><ele>267.0</ele></trkpt><trkpt lat="61.11668992" lon="14.07374655"><ele>266.0</ele></trkpt><trkpt lat="61.11668297" lon="14.07392532"><ele>265.0</ele></trkpt><trkpt lat="61.11668558" lon="14.07412385"><ele>264.0</ele></trkpt><trkpt lat="61.11669469" lon="14.07437448"><ele>264.0</ele></trkpt><trkpt lat="61.11672289" lon="14.07465475"><ele>262.0</ele></trkpt><trkpt lat="61.11675066" lon="14.07486136"><ele>262.0</ele></trkpt><trkpt lat="61.11680577" lon="14.07521620"><ele>261.0</ele></trkpt><trkpt lat="61.11683875" lon="14.07559349"><ele>260.0</ele></trkpt><trkpt lat="61.11683571" lon="14.07574351"><ele>260.0</ele></trkpt><trkpt lat="61.11682182" lon="14.07597438"><ele>259.0</ele></trkpt><trkpt lat="61.11678364" lon="14.07634987"><ele>259.0</ele></trkpt><trkpt lat="61.11673981" lon="14.07683766"><ele>257.0</ele></trkpt><trkpt lat="61.11669599" lon="14.07732544"><ele>257.0</ele></trkpt><trkpt lat="61.11661658" lon="14.07820130"><ele>256.0</ele></trkpt><trkpt lat="61.11657580" lon="14.07857051"><ele>255.0</ele></trkpt><trkpt lat="61.11652373" lon="14.07893972"><ele>255.0</ele></trkpt><trkpt lat="61.11646471" lon="14.07929365"><ele>255.0</ele></trkpt><trkpt lat="61.11642262" lon="14.07945175"><ele>254.0</ele></trkpt><trkpt lat="61.11636882" lon="14.07961615"><ele>254.0</ele></trkpt><trkpt lat="61.11625079" lon="14.07990091"><ele>254.0</ele></trkpt><trkpt lat="61.11612279" lon="14.08016771"><ele>254.0</ele></trkpt><trkpt lat="61.11606595" lon="14.08025934"><ele>254.0</ele></trkpt><trkpt lat="61.11608981" lon="14.08035995"><ele>254.0</ele></trkpt><trkpt lat="61.11616618" lon="14.08075701"><ele>254.0</ele></trkpt><trkpt lat="61.11624255" lon="14.08115406"><ele>254.0</ele></trkpt><trkpt lat="61.11637967" lon="14.08186912"><ele>252.0</ele></trkpt><trkpt lat="61.11652633" lon="14.08222665"><ele>251.0</ele></trkpt><trkpt lat="61.11667256" lon="14.08258328"><ele>250.0</ele></trkpt><trkpt lat="61.11685957" lon="14.08303963"><ele>249.0</ele></trkpt><trkpt lat="61.11694071" lon="14.08334954"><ele>248.0</ele></trkpt><trkpt lat="61.11702967" lon="14.08368911"><ele>247.0</ele></trkpt><trkpt lat="61.11705960" lon="14.08432961"><ele>246.0</ele></trkpt><trkpt lat="61.11701882" lon="14.08471858"><ele>246.0</ele></trkpt><trkpt lat="61.11695981" lon="14.08527913"><ele>246.0</ele></trkpt><trkpt lat="61.11696458" lon="14.08563216"><ele>244.0</ele></trkpt><trkpt lat="61.11696979" lon="14.08601934"><ele>243.0</ele></trkpt><trkpt lat="61.11704702" lon="14.08632836"><ele>241.0</ele></trkpt><trkpt lat="61.11712990" lon="14.08665984"><ele>239.0</ele></trkpt><trkpt lat="61.11734989" lon="14.08694999"><ele>238.0</ele></trkpt><trkpt lat="61.11740239" lon="14.08738747"><ele>236.0</ele></trkpt><trkpt lat="61.11745532" lon="14.08782585"><ele>235.0</ele></trkpt><trkpt lat="61.11751000" lon="14.08827950"><ele>233.0</ele></trkpt><trkpt lat="61.11733774" lon="14.08861547"><ele>232.0</ele></trkpt><trkpt lat="61.11716548" lon="14.08895144"><ele>232.0</ele></trkpt><trkpt lat="61.11687997" lon="14.08950929"><ele>232.0</ele></trkpt><trkpt lat="61.11688995" lon="14.08967997"><ele>232.0</ele></trkpt><trkpt lat="61.11699712" lon="14.08993420"><ele>231.0</ele></trkpt><trkpt lat="61.11715984" lon="14.09031957"><ele>229.0</ele></trkpt><trkpt lat="61.11716982" lon="14.09051990"><ele>228.0</ele></trkpt><trkpt lat="61.11701491" lon="14.09076424"><ele>228.0</ele></trkpt><trkpt lat="61.11686044" lon="14.09100858"><ele>228.0</ele></trkpt><trkpt lat="61.11666996" lon="14.09130952"><ele>228.0</ele></trkpt><trkpt lat="61.11656321" lon="14.09164099"><ele>228.0</ele></trkpt><trkpt lat="61.11640961" lon="14.09211980"><ele>227.0</ele></trkpt><trkpt lat="61.11652980" lon="14.09233988"><ele>226.0</ele></trkpt><trkpt lat="61.11674936" lon="14.09254290"><ele>224.0</ele></trkpt><trkpt lat="61.11696848" lon="14.09274682"><ele>223.0</ele></trkpt><trkpt lat="61.11736985" lon="14.09311962"><ele>220.0</ele></trkpt><trkpt lat="61.11744968" lon="14.09324988"><ele>219.0</ele></trkpt><trkpt lat="61.11747962" lon="14.09341966"><ele>219.0</ele></trkpt><trkpt lat="61.11738330" lon="14.09378168"><ele>219.0</ele></trkpt><trkpt lat="61.11722970" lon="14.09435930"><ele>219.0</ele></trkpt><trkpt lat="61.11705657" lon="14.09456771"><ele>220.0</ele></trkpt><trkpt lat="61.11677973" lon="14.09489918"><ele>220.0</ele></trkpt><trkpt lat="61.11662570" lon="14.09522078"><ele>220.0</ele></trkpt><trkpt lat="61.11647166" lon="14.09554238"><ele>220.0</ele></trkpt><trkpt lat="61.11630981" lon="14.09587925"><ele>220.0</ele></trkpt><trkpt lat="61.11624993" lon="14.09604993"><ele>219.0</ele></trkpt><trkpt lat="61.11623995" lon="14.09649998"><ele>217.0</ele></trkpt><trkpt lat="61.11619091" lon="14.09682787"><ele>216.0</ele></trkpt><trkpt lat="61.11613971" lon="14.09716923"><ele>215.0</ele></trkpt><trkpt lat="61.11600650" lon="14.09753035"><ele>215.0</ele></trkpt><trkpt lat="61.11587285" lon="14.09789147"><ele>215.0</ele></trkpt><trkpt lat="61.11572966" lon="14.09827954"><ele>215.0</ele></trkpt><trkpt lat="61.11559471" lon="14.09860384"><ele>214.0</ele></trkpt><trkpt lat="61.11535995" lon="14.09916978"><ele>214.0</ele></trkpt><trkpt lat="61.11518985" lon="14.09946891"><ele>214.0</ele></trkpt><trkpt lat="61.11501975" lon="14.09976716"><ele>213.0</ele></trkpt><trkpt lat="61.11481970" lon="14.10011929"><ele>212.0</ele></trkpt><trkpt lat="61.11469820" lon="14.10044179"><ele>212.0</ele></trkpt><trkpt lat="61.11450987" lon="14.10093946"><ele>209.0</ele></trkpt><trkpt lat="61.11437058" lon="14.10117302"><ele>208.0</ele></trkpt><trkpt lat="61.11419960" lon="14.10145958"><ele>207.0</ele></trkpt><trkpt lat="61.11404989" lon="14.10185933"><ele>207.0</ele></trkpt><trkpt lat="61.11395963" lon="14.10230939"><ele>208.0</ele></trkpt><trkpt lat="61.11395529" lon="14.10268758"><ele>209.0</ele></trkpt><trkpt lat="61.11394965" lon="14.10316997"><ele>209.0</ele></trkpt><trkpt lat="61.11388976" lon="14.10364967"><ele>213.0</ele></trkpt><trkpt lat="61.11378475" lon="14.10407817"><ele>215.0</ele></trkpt><trkpt lat="61.11367669" lon="14.10438629"><ele>218.0</ele></trkpt><trkpt lat="61.11356994" lon="14.10474652"><ele>220.0</ele></trkpt><trkpt lat="61.11347968" lon="14.10507620"><ele>222.0</ele></trkpt><trkpt lat="61.11339766" lon="14.10541935"><ele>222.0</ele></trkpt><trkpt lat="61.11334168" lon="14.10577868"><ele>222.0</ele></trkpt><trkpt lat="61.11329785" lon="14.10614160"><ele>222.0</ele></trkpt><trkpt lat="61.11321757" lon="14.10648566"><ele>222.0</ele></trkpt><trkpt lat="61.11315334" lon="14.10681534"><ele>223.0</ele></trkpt><trkpt lat="61.11308087" lon="14.10718544"><ele>224.0</ele></trkpt><trkpt lat="61.11299495" lon="14.10752411"><ele>224.0</ele></trkpt><trkpt lat="61.11291597" lon="14.10792116"><ele>224.0</ele></trkpt><trkpt lat="61.11287474" lon="14.10819425"><ele>224.0</ele></trkpt><trkpt lat="61.11280661" lon="14.10869371"><ele>224.0</ele></trkpt><trkpt lat="61.11274976" lon="14.10891829"><ele>224.0</ele></trkpt><trkpt lat="61.11264561" lon="14.10926864"><ele>225.0</ele></trkpt><trkpt lat="61.11260481" lon="14.10946267"><ele>224.0</ele></trkpt><trkpt lat="61.11257270" lon="14.10969354"><ele>225.0</ele></trkpt><trkpt lat="61.11255664" lon="14.10990195"><ele>224.0</ele></trkpt><trkpt lat="61.11254883" lon="14.11011215"><ele>224.0</ele></trkpt><trkpt lat="61.11254059" lon="14.11071941"><ele>223.0</ele></trkpt><trkpt lat="61.11251759" lon="14.11111467"><ele>223.0</ele></trkpt><trkpt lat="61.11250196" lon="14.11131500"><ele>223.0</ele></trkpt><trkpt lat="61.11247679" lon="14.11151263"><ele>223.0</ele></trkpt><trkpt lat="61.11244468" lon="14.11169319"><ele>223.0</ele></trkpt><trkpt lat="61.11242081" lon="14.11188183"><ele>223.0</ele></trkpt><trkpt lat="61.11241474" lon="14.11208126"><ele>223.0</ele></trkpt><trkpt lat="61.11243383" lon="14.11249538"><ele>224.0</ele></trkpt><trkpt lat="61.11245076" lon="14.11270828"><ele>224.0</ele></trkpt><trkpt lat="61.11249459" lon="14.11309815"><ele>225.0</ele></trkpt><trkpt lat="61.11257183" lon="14.11370362"><ele>225.0</ele></trkpt><trkpt lat="61.11259961" lon="14.11389586"><ele>225.0</ele></trkpt><trkpt lat="61.11263563" lon="14.11408540"><ele>225.0</ele></trkpt><trkpt lat="61.11266687" lon="14.11420937"><ele>226.0</ele></trkpt><trkpt lat="61.11271287" lon="14.11435041"><ele>225.0</ele></trkpt><trkpt lat="61.11273891" lon="14.11441419"><ele>226.0</ele></trkpt><trkpt lat="61.11280661" lon="14.11455522"><ele>225.0</ele></trkpt><trkpt lat="61.11288082" lon="14.11466661"><ele>225.0</ele></trkpt><trkpt lat="61.11295980" lon="14.11476363"><ele>225.0</ele></trkpt><trkpt lat="61.11304182" lon="14.11484628"><ele>225.0</ele></trkpt><trkpt lat="61.11307783" lon="14.11490197"><ele>225.0</ele></trkpt><trkpt lat="61.11314466" lon="14.11501516"><ele>224.0</ele></trkpt><trkpt lat="61.11322365" lon="14.11517147"><ele>224.0</ele></trkpt><trkpt lat="61.11338117" lon="14.11544276"><ele>224.0</ele></trkpt><trkpt lat="61.11364675" lon="14.11590090"><ele>223.0</ele></trkpt><trkpt lat="61.11377650" lon="14.11613176"><ele>223.0</ele></trkpt><trkpt lat="61.11392057" lon="14.11638958"><ele>222.0</ele></trkpt><trkpt lat="61.11406898" lon="14.11661596"><ele>222.0</ele></trkpt><trkpt lat="61.11424387" lon="14.11672825"><ele>220.0</ele></trkpt><trkpt lat="61.11442395" lon="14.11680820"><ele>218.0</ele></trkpt><trkpt lat="61.11454459" lon="14.11694923"><ele>217.0</ele></trkpt><trkpt lat="61.11457974" lon="14.11701122"><ele>217.0</ele></trkpt><trkpt lat="61.11461662" lon="14.11710015"><ele>216.0</ele></trkpt><trkpt lat="61.11468692" lon="14.11731844"><ele>217.0</ele></trkpt><trkpt lat="61.11474290" lon="14.11755290"><ele>216.0</ele></trkpt><trkpt lat="61.11476286" lon="14.11765890"><ele>217.0</ele></trkpt><trkpt lat="61.11477674" lon="14.11800026"><ele>219.0</ele></trkpt><trkpt lat="61.11475678" lon="14.11840271"><ele>221.0</ele></trkpt><trkpt lat="61.11475592" lon="14.11852847"><ele>221.0</ele></trkpt><trkpt lat="61.11478889" lon="14.11877730"><ele>222.0</ele></trkpt><trkpt lat="61.11482665" lon="14.11892463"><ele>221.0</ele></trkpt><trkpt lat="61.11488870" lon="14.11909620"><ele>222.0</ele></trkpt><trkpt lat="61.11501281" lon="14.11936570"><ele>219.0</ele></trkpt><trkpt lat="61.11506184" lon="14.11945912"><ele>220.0</ele></trkpt><trkpt lat="61.11512867" lon="14.11962531"><ele>218.0</ele></trkpt><trkpt lat="61.11516381" lon="14.11974479"><ele>218.0</ele></trkpt><trkpt lat="61.11518985" lon="14.12000171"><ele>218.0</ele></trkpt><trkpt lat="61.11519072" lon="14.12012118"><ele>218.0</ele></trkpt><trkpt lat="61.11520287" lon="14.12037720"><ele>218.0</ele></trkpt><trkpt lat="61.11518464" lon="14.12051195"><ele>218.0</ele></trkpt><trkpt lat="61.11512910" lon="14.12077785"><ele>218.0</ele></trkpt><trkpt lat="61.11506661" lon="14.12107430"><ele>218.0</ele></trkpt><trkpt lat="61.11503797" lon="14.12144530"><ele>218.0</ele></trkpt><trkpt lat="61.11505490" lon="14.12181720"><ele>218.0</ele></trkpt><trkpt lat="61.11508788" lon="14.12218192"><ele>217.0</ele></trkpt><trkpt lat="61.11515991" lon="14.12255292"><ele>215.0</ele></trkpt><trkpt lat="61.11521675" lon="14.12279637"><ele>213.0</ele></trkpt><trkpt lat="61.11521675" lon="14.12326978"><ele>213.0</ele></trkpt><trkpt lat="61.11517596" lon="14.12363360"><ele>213.0</ele></trkpt><trkpt lat="61.11517596" lon="14.12403155"><ele>213.0</ele></trkpt><trkpt lat="61.11516859" lon="14.12438638"><ele>213.0</ele></trkpt><trkpt lat="61.11520591" lon="14.12473762"><ele>213.0</ele></trkpt><trkpt lat="61.11524886" lon="14.12514097"><ele>213.0</ele></trkpt><trkpt lat="61.11532697" lon="14.12548233"><ele>212.0</ele></trkpt><trkpt lat="61.11537861" lon="14.12566379"><ele>213.0</ele></trkpt><trkpt lat="61.11542981" lon="14.12579494"><ele>212.0</ele></trkpt><trkpt lat="61.11546973" lon="14.12587579"><ele>213.0</ele></trkpt><trkpt lat="61.11555392" lon="14.12607252"><ele>212.0</ele></trkpt><trkpt lat="61.11565893" lon="14.12625668"><ele>212.0</ele></trkpt><trkpt lat="61.11575960" lon="14.12645071"><ele>212.0</ele></trkpt><trkpt lat="61.11582382" lon="14.12659265"><ele>211.0</ele></trkpt><trkpt lat="61.11586287" lon="14.12671392"><ele>212.0</ele></trkpt><trkpt lat="61.11589585" lon="14.12694029"><ele>213.0</ele></trkpt><trkpt lat="61.11587068" lon="14.12731130"><ele>215.0</ele></trkpt><trkpt lat="61.11582295" lon="14.12767422"><ele>216.0</ele></trkpt><trkpt lat="61.11576394" lon="14.12802995"><ele>219.0</ele></trkpt><trkpt lat="61.11569885" lon="14.12838389"><ele>221.0</ele></trkpt><trkpt lat="61.11562378" lon="14.12872884"><ele>222.0</ele></trkpt><trkpt lat="61.11559080" lon="14.12886089"><ele>223.0</ele></trkpt><trkpt lat="61.11552658" lon="14.12904684"><ele>223.0</ele></trkpt><trkpt lat="61.11540465" lon="14.12933161"><ele>225.0</ele></trkpt><trkpt lat="61.11528792" lon="14.12962536"><ele>227.0</ele></trkpt><trkpt lat="61.11514082" lon="14.13006374"><ele>229.0</ele></trkpt><trkpt lat="61.11506271" lon="14.13020747"><ele>230.0</ele></trkpt><trkpt lat="61.11497288" lon="14.13027754"><ele>231.0</ele></trkpt><trkpt lat="61.11488479" lon="14.13029640"><ele>232.0</ele></trkpt><trkpt lat="61.11473335" lon="14.13030359"><ele>233.0</ele></trkpt><trkpt lat="61.11452376" lon="14.13031347"><ele>236.0</ele></trkpt><trkpt lat="61.11434497" lon="14.13030628"><ele>238.0</ele></trkpt><trkpt lat="61.11416749" lon="14.13028742"><ele>240.0</ele></trkpt><trkpt lat="61.11395486" lon="14.13026496"><ele>241.0</ele></trkpt><trkpt lat="61.11388976" lon="14.13028652"><ele>241.0</ele></trkpt><trkpt lat="61.11380471" lon="14.13036557"><ele>241.0</ele></trkpt><trkpt lat="61.11376696" lon="14.13044372"><ele>242.0</ele></trkpt><trkpt lat="61.11373788" lon="14.13059195"><ele>242.0</ele></trkpt><trkpt lat="61.11373267" lon="14.13070962"><ele>242.0</ele></trkpt><trkpt lat="61.11370360" lon="14.13108512"><ele>242.0</ele></trkpt><trkpt lat="61.11368971" lon="14.13120370"><ele>242.0</ele></trkpt><trkpt lat="61.11364285" lon="14.13143816"><ele>242.0</ele></trkpt><trkpt lat="61.11355172" lon="14.13176964"><ele>242.0</ele></trkpt><trkpt lat="61.11344670" lon="14.13207866"><ele>242.0</ele></trkpt><trkpt lat="61.11332866" lon="14.13236432"><ele>242.0</ele></trkpt><trkpt lat="61.11320672" lon="14.13264190"><ele>242.0</ele></trkpt><trkpt lat="61.11315899" lon="14.13278563"><ele>242.0</ele></trkpt><trkpt lat="61.11311863" lon="14.13297158"><ele>241.0</ele></trkpt><trkpt lat="61.11308087" lon="14.13331654"><ele>241.0</ele></trkpt><trkpt lat="61.11305570" lon="14.13367317"><ele>241.0</ele></trkpt><trkpt lat="61.11302663" lon="14.13408190"><ele>241.0</ele></trkpt><trkpt lat="61.11301491" lon="14.13445380"><ele>241.0</ele></trkpt><trkpt lat="61.11301100" lon="14.13480774"><ele>241.0</ele></trkpt><trkpt lat="61.11300667" lon="14.13520030"><ele>241.0</ele></trkpt><trkpt lat="61.11299495" lon="14.13557041"><ele>242.0</ele></trkpt><trkpt lat="61.11298757" lon="14.13565844"><ele>242.0</ele></trkpt><trkpt lat="61.11292378" lon="14.13618575"><ele>242.0</ele></trkpt><trkpt lat="61.11291467" lon="14.13630882"><ele>243.0</ele></trkpt><trkpt lat="61.11290468" lon="14.13668252"><ele>243.0</ele></trkpt><trkpt lat="61.11290382" lon="14.13683883"><ele>243.0</ele></trkpt><trkpt lat="61.11289384" lon="14.13705712"><ele>244.0</ele></trkpt><trkpt lat="61.11286172" lon="14.13742274"><ele>245.0</ele></trkpt><trkpt lat="61.11285782" lon="14.13767965"><ele>245.0</ele></trkpt><trkpt lat="61.11286780" lon="14.13779464"><ele>245.0</ele></trkpt><trkpt lat="61.11292291" lon="14.13815127"><ele>244.0</ele></trkpt><trkpt lat="61.11296587" lon="14.13849622"><ele>244.0</ele></trkpt><trkpt lat="61.11301361" lon="14.13888340"><ele>244.0</ele></trkpt><trkpt lat="61.11307393" lon="14.13923554"><ele>244.0</ele></trkpt><trkpt lat="61.11314466" lon="14.13958947"><ele>243.0</ele></trkpt><trkpt lat="61.11323189" lon="14.13997754"><ele>242.0</ele></trkpt><trkpt lat="61.11338291" lon="14.14065128"><ele>241.0</ele></trkpt><trkpt lat="61.11344410" lon="14.14096659"><ele>240.0</ele></trkpt><trkpt lat="61.11350658" lon="14.14128819"><ele>239.0</ele></trkpt><trkpt lat="61.11357385" lon="14.14154960"><ele>239.0</ele></trkpt><trkpt lat="61.11367669" lon="14.14191072"><ele>238.0</ele></trkpt><trkpt lat="61.11369883" lon="14.14200594"><ele>238.0</ele></trkpt><trkpt lat="61.11377260" lon="14.14235359"><ele>238.0</ele></trkpt><trkpt lat="61.11385158" lon="14.14280634"><ele>239.0</ele></trkpt><trkpt lat="61.11396484" lon="14.14341629"><ele>239.0</ele></trkpt><trkpt lat="61.11401084" lon="14.14359686"><ele>239.0</ele></trkpt><trkpt lat="61.11405380" lon="14.14372442"><ele>239.0</ele></trkpt><trkpt lat="61.11411672" lon="14.14389061"><ele>239.0</ele></trkpt><trkpt lat="61.11420698" lon="14.14408644"><ele>239.0</ele></trkpt><trkpt lat="61.11430288" lon="14.14425981"><ele>239.0</ele></trkpt><trkpt lat="61.11438490" lon="14.14460297"><ele>239.0</ele></trkpt><trkpt lat="61.11445086" lon="14.14495241"><ele>239.0</ele></trkpt><trkpt lat="61.11454285" lon="14.14528030"><ele>239.0</ele></trkpt><trkpt lat="61.11464700" lon="14.14559291"><ele>238.0</ele></trkpt><trkpt lat="61.11473465" lon="14.14587768"><ele>238.0</ele></trkpt><trkpt lat="61.11479584" lon="14.14612741"><ele>238.0</ele></trkpt><trkpt lat="61.11482882" lon="14.14623970"><ele>238.0</ele></trkpt><trkpt lat="61.11495379" lon="14.14650919"><ele>237.0</ele></trkpt><trkpt lat="61.11510176" lon="14.14673557"><ele>236.0</ele></trkpt><trkpt lat="61.11523368" lon="14.14699339"><ele>235.0</ele></trkpt><trkpt lat="61.11534259" lon="14.14730330"><ele>234.0</ele></trkpt><trkpt lat="61.11542591" lon="14.14763658"><ele>233.0</ele></trkpt><trkpt lat="61.11549794" lon="14.14798692"><ele>233.0</ele></trkpt><trkpt lat="61.11555565" lon="14.14833727"><ele>232.0</ele></trkpt><trkpt lat="61.11560599" lon="14.14867952"><ele>231.0</ele></trkpt><trkpt lat="61.11566283" lon="14.14906490"><ele>231.0</ele></trkpt><trkpt lat="61.11570839" lon="14.14940626"><ele>230.0</ele></trkpt><trkpt lat="61.11575873" lon="14.14978445"><ele>230.0</ele></trkpt><trkpt lat="61.11582469" lon="14.15013390"><ele>228.0</ele></trkpt><trkpt lat="61.11591234" lon="14.15044022"><ele>227.0</ele></trkpt><trkpt lat="61.11601084" lon="14.15078338"><ele>226.0</ele></trkpt><trkpt lat="61.11609458" lon="14.15111665"><ele>225.0</ele></trkpt><trkpt lat="61.11617182" lon="14.15146161"><ele>224.0</ele></trkpt><trkpt lat="61.11626858" lon="14.15177781"><ele>222.0</ele></trkpt><trkpt lat="61.11639182" lon="14.15205090"><ele>221.0</ele></trkpt><trkpt lat="61.11647600" lon="14.15220541"><ele>220.0</ele></trkpt><trkpt lat="61.11652199" lon="14.15231590"><ele>219.0</ele></trkpt><trkpt lat="61.11656061" lon="14.15242280"><ele>219.0</ele></trkpt><trkpt lat="61.11661789" lon="14.15263930"><ele>218.0</ele></trkpt><trkpt lat="61.11664088" lon="14.15280638"><ele>218.0</ele></trkpt><trkpt lat="61.11664696" lon="14.15301569"><ele>218.0</ele></trkpt><trkpt lat="61.11661962" lon="14.15338670"><ele>218.0</ele></trkpt><trkpt lat="61.11659185" lon="14.15356636"><ele>218.0</ele></trkpt><trkpt lat="61.11655584" lon="14.15373973"><ele>218.0</ele></trkpt><trkpt lat="61.11646298" lon="14.15405864"><ele>218.0</ele></trkpt><trkpt lat="61.11644389" lon="14.15417093"><ele>217.0</ele></trkpt><trkpt lat="61.11643174" lon="14.15432993"><ele>217.0</ele></trkpt><trkpt lat="61.11643260" lon="14.15442695"><ele>217.0</ele></trkpt><trkpt lat="61.11645560" lon="14.15466769"><ele>217.0</ele></trkpt><trkpt lat="61.11653674" lon="14.15517524"><ele>216.0</ele></trkpt><trkpt lat="61.11657970" lon="14.15551840"><ele>215.0</ele></trkpt><trkpt lat="61.11659706" lon="14.15587323"><ele>215.0</ele></trkpt><trkpt lat="61.11661658" lon="14.15627298"><ele>214.0</ele></trkpt><trkpt lat="61.11662960" lon="14.15665028"><ele>214.0</ele></trkpt><trkpt lat="61.11663177" lon="14.15702218"><ele>213.0</ele></trkpt><trkpt lat="61.11664175" lon="14.15739588"><ele>213.0</ele></trkpt><trkpt lat="61.11664262" lon="14.15777317"><ele>212.0</ele></trkpt><trkpt lat="61.11666258" lon="14.15815316"><ele>212.0</ele></trkpt><trkpt lat="61.11667777" lon="14.15859333"><ele>212.0</ele></trkpt><trkpt lat="61.11666779" lon="14.15899937"><ele>212.0</ele></trkpt><trkpt lat="61.11659576" lon="14.15926617"><ele>212.0</ele></trkpt><trkpt lat="61.11655063" lon="14.15937487"><ele>212.0</ele></trkpt><trkpt lat="61.11645777" lon="14.15951051"><ele>212.0</ele></trkpt><trkpt lat="61.11628073" lon="14.15961741"><ele>212.0</ele></trkpt><trkpt lat="61.11610370" lon="14.15973779"><ele>213.0</ele></trkpt><trkpt lat="61.11597092" lon="14.15984468"><ele>213.0</ele></trkpt><trkpt lat="61.11585159" lon="14.15995697"><ele>214.0</ele></trkpt><trkpt lat="61.11577478" lon="14.16006747"><ele>214.0</ele></trkpt><trkpt lat="61.11561987" lon="14.16027228"><ele>214.0</ele></trkpt><trkpt lat="61.11547668" lon="14.16051573"><ele>215.0</ele></trkpt><trkpt lat="61.11535778" lon="14.16080049"><ele>215.0</ele></trkpt><trkpt lat="61.11524279" lon="14.16109873"><ele>216.0</ele></trkpt><trkpt lat="61.11512259" lon="14.16138979"><ele>216.0</ele></trkpt><trkpt lat="61.11500196" lon="14.16164760"><ele>216.0</ele></trkpt><trkpt lat="61.11487395" lon="14.16193776"><ele>217.0</ele></trkpt><trkpt lat="61.11493687" lon="14.16199256"><ele>216.0</ele></trkpt><trkpt lat="61.11485485" lon="14.16214168"><ele>217.0</ele></trkpt><trkpt lat="61.11482882" lon="14.16219827"><ele>217.0</ele></trkpt><trkpt lat="61.11478369" lon="14.16232314"><ele>217.0</ele></trkpt><trkpt lat="61.11476590" lon="14.16240129"><ele>217.0</ele></trkpt><trkpt lat="61.11475071" lon="14.16248663"><ele>217.0</ele></trkpt><trkpt lat="61.11473595" lon="14.16266090"><ele>216.0</ele></trkpt><trkpt lat="61.11472380" lon="14.16286123"><ele>216.0</ele></trkpt><trkpt lat="61.11472077" lon="14.16306964"><ele>216.0</ele></trkpt><trkpt lat="61.11470862" lon="14.16318642"><ele>216.0</ele></trkpt><trkpt lat="61.11469169" lon="14.16330320"><ele>217.0</ele></trkpt><trkpt lat="61.11459970" lon="14.16366791"><ele>217.0</ele></trkpt><trkpt lat="61.11455457" lon="14.16382332"><ele>218.0</ele></trkpt><trkpt lat="61.11452897" lon="14.16389878"><ele>218.0</ele></trkpt><trkpt lat="61.11447472" lon="14.16403173"><ele>218.0</ele></trkpt><trkpt lat="61.11442482" lon="14.16413414"><ele>219.0</ele></trkpt><trkpt lat="61.11438663" lon="14.16423385"><ele>219.0</ele></trkpt><trkpt lat="61.11432588" lon="14.16435423"><ele>219.0</ele></trkpt><trkpt lat="61.11428162" lon="14.16443058"><ele>219.0</ele></trkpt><trkpt lat="61.11421175" lon="14.16458060"><ele>219.0</ele></trkpt><trkpt lat="61.11405380" lon="14.16488334"><ele>222.0</ele></trkpt><trkpt lat="61.11399174" lon="14.16499473"><ele>223.0</ele></trkpt><trkpt lat="61.11389671" lon="14.16514564"><ele>224.0</ele></trkpt><trkpt lat="61.11371792" lon="14.16555617"><ele>225.0</ele></trkpt><trkpt lat="61.11366758" lon="14.16566038"><ele>227.0</ele></trkpt><trkpt lat="61.11355172" lon="14.16589214"><ele>228.0</ele></trkpt><trkpt lat="61.11348576" lon="14.16599635"><ele>229.0</ele></trkpt><trkpt lat="61.11340461" lon="14.16617781"><ele>230.0</ele></trkpt><trkpt lat="61.11325793" lon="14.16646617"><ele>232.0</ele></trkpt><trkpt lat="61.11318372" lon="14.16658924"><ele>233.0</ele></trkpt><trkpt lat="61.11308261" lon="14.16674285"><ele>234.0</ele></trkpt><trkpt lat="61.11300667" lon="14.16683897"><ele>234.0</ele></trkpt><trkpt lat="61.11297065" lon="14.16690095"><ele>235.0</ele></trkpt><trkpt lat="61.11290165" lon="14.16703929"><ele>235.0</ele></trkpt><trkpt lat="61.11286259" lon="14.16709319"><ele>236.0</ele></trkpt><trkpt lat="61.11279272" lon="14.16715967"><ele>237.0</ele></trkpt><trkpt lat="61.11261176" lon="14.16730340"><ele>239.0</ele></trkpt><trkpt lat="61.11257183" lon="14.16732765"><ele>241.0</ele></trkpt><trkpt lat="61.11250066" lon="14.16739143"><ele>241.0</ele></trkpt><trkpt lat="61.11243774" lon="14.16747677"><ele>243.0</ele></trkpt><trkpt lat="61.11240692" lon="14.16753786"><ele>243.0</ele></trkpt><trkpt lat="61.11240736" lon="14.16785317"><ele>243.0</ele></trkpt><trkpt lat="61.11240779" lon="14.16820890"><ele>243.0</ele></trkpt><trkpt lat="61.11253712" lon="14.16855475"><ele>241.0</ele></trkpt><trkpt lat="61.11277580" lon="14.16919345"><ele>238.0</ele></trkpt><trkpt lat="61.11283699" lon="14.16941893"><ele>237.0</ele></trkpt><trkpt lat="61.11288689" lon="14.16965249"><ele>237.0</ele></trkpt><trkpt lat="61.11292161" lon="14.16988336"><ele>235.0</ele></trkpt><trkpt lat="61.11296804" lon="14.17026065"><ele>235.0</ele></trkpt><trkpt lat="61.11301448" lon="14.17063704"><ele>234.0</ele></trkpt><trkpt lat="61.11307089" lon="14.17109429"><ele>234.0</ele></trkpt><trkpt lat="61.11313599" lon="14.17159645"><ele>232.0</ele></trkpt><trkpt lat="61.11319023" lon="14.17192792"><ele>231.0</ele></trkpt><trkpt lat="61.11324881" lon="14.17228455"><ele>230.0</ele></trkpt><trkpt lat="61.11330176" lon="14.17252351"><ele>229.0</ele></trkpt><trkpt lat="61.11336772" lon="14.17279120"><ele>229.0</ele></trkpt><trkpt lat="61.11346666" lon="14.17319455"><ele>227.0</ele></trkpt><trkpt lat="61.11352091" lon="14.17343350"><ele>226.0</ele></trkpt><trkpt lat="61.11356777" lon="14.17369581"><ele>226.0</ele></trkpt><trkpt lat="61.11359772" lon="14.17395093"><ele>226.0</ele></trkpt><trkpt lat="61.11362549" lon="14.17424019"><ele>225.0</ele></trkpt><trkpt lat="61.11366671" lon="14.17466599"><ele>225.0</ele></trkpt><trkpt lat="61.11371184" lon="14.17493189"><ele>224.0</ele></trkpt><trkpt lat="61.11382988" lon="14.17538015"><ele>223.0</ele></trkpt><trkpt lat="61.11390278" lon="14.17559125"><ele>222.0</ele></trkpt><trkpt lat="61.11399521" lon="14.17582841"><ele>222.0</ele></trkpt><trkpt lat="61.11413581" lon="14.17618863"><ele>220.0</ele></trkpt><trkpt lat="61.11433065" lon="14.17666743"><ele>219.0</ele></trkpt><trkpt lat="61.11438793" lon="14.17678152"><ele>219.0</ele></trkpt><trkpt lat="61.11444391" lon="14.17684800"><ele>218.0</ele></trkpt><trkpt lat="61.11451291" lon="14.17687225"><ele>218.0</ele></trkpt><trkpt lat="61.11456976" lon="14.17682823"><ele>218.0</ele></trkpt><trkpt lat="61.11473682" lon="14.17653538"><ele>217.0</ele></trkpt><trkpt lat="61.11495162" lon="14.17611228"><ele>216.0</ele></trkpt><trkpt lat="61.11505576" lon="14.17592363"><ele>216.0</ele></trkpt><trkpt lat="61.11516468" lon="14.17575744"><ele>215.0</ele></trkpt><trkpt lat="61.11522890" lon="14.17568647"><ele>215.0</ele></trkpt><trkpt lat="61.11534867" lon="14.17568198"><ele>214.0</ele></trkpt><trkpt lat="61.11539076" lon="14.17574666"><ele>214.0</ele></trkpt><trkpt lat="61.11540985" lon="14.17582841"><ele>213.0</ele></trkpt><trkpt lat="61.11541159" lon="14.17593351"><ele>214.0</ele></trkpt><trkpt lat="61.11525060" lon="14.17614192"><ele>214.0</ele></trkpt><trkpt lat="61.11502365" lon="14.17643387"><ele>215.0</ele></trkpt><trkpt lat="61.11487264" lon="14.17660545"><ele>216.0</ele></trkpt><trkpt lat="61.11470167" lon="14.17679949"><ele>216.0</ele></trkpt><trkpt lat="61.11454372" lon="14.17699532"><ele>217.0</ele></trkpt><trkpt lat="61.11437882" lon="14.17724685"><ele>219.0</ele></trkpt><trkpt lat="61.11409893" lon="14.17767265"><ele>220.0</ele></trkpt><trkpt lat="61.11396571" lon="14.17794035"><ele>221.0</ele></trkpt><trkpt lat="61.11392578" lon="14.17831764"><ele>221.0</ele></trkpt><trkpt lat="61.11392969" lon="14.17869942"><ele>220.0</ele></trkpt><trkpt lat="61.11392795" lon="14.17907492"><ele>220.0</ele></trkpt><trkpt lat="61.11391363" lon="14.17945311"><ele>220.0</ele></trkpt><trkpt lat="61.11389497" lon="14.17983759"><ele>220.0</ele></trkpt><trkpt lat="61.11386763" lon="14.18018973"><ele>219.0</ele></trkpt><trkpt lat="61.11383682" lon="14.18058768"><ele>218.0</ele></trkpt><trkpt lat="61.11379863" lon="14.18095869"><ele>218.0</ele></trkpt><trkpt lat="61.11377477" lon="14.18133328"><ele>217.0</ele></trkpt><trkpt lat="61.11374569" lon="14.18171417"><ele>217.0</ele></trkpt><trkpt lat="61.11370967" lon="14.18207978"><ele>217.0</ele></trkpt><trkpt lat="61.11366671" lon="14.18244989"><ele>218.0</ele></trkpt><trkpt lat="61.11361073" lon="14.18280652"><ele>218.0</ele></trkpt><trkpt lat="61.11354477" lon="14.18316225"><ele>219.0</ele></trkpt><trkpt lat="61.11348489" lon="14.18352248"><ele>220.0</ele></trkpt><trkpt lat="61.11343064" lon="14.18388360"><ele>220.0</ele></trkpt><trkpt lat="61.11338378" lon="14.18425640"><ele>220.0</ele></trkpt><trkpt lat="61.11334168" lon="14.18463729"><ele>220.0</ele></trkpt><trkpt lat="61.11331174" lon="14.18501458"><ele>220.0</ele></trkpt><trkpt lat="61.11330263" lon="14.18540445"><ele>219.0</ele></trkpt><trkpt lat="61.11331434" lon="14.18576288"><ele>218.0</ele></trkpt><trkpt lat="61.11332780" lon="14.18617071"><ele>218.0</ele></trkpt><trkpt lat="61.11333387" lon="14.18654980"><ele>218.0</ele></trkpt><trkpt lat="61.11331391" lon="14.18693248"><ele>218.0</ele></trkpt><trkpt lat="61.11326270" lon="14.18729271"><ele>219.0</ele></trkpt><trkpt lat="61.11318459" lon="14.18763766"><ele>220.0</ele></trkpt><trkpt lat="61.11309476" lon="14.18797543"><ele>221.0</ele></trkpt><trkpt lat="61.11300276" lon="14.18829613"><ele>221.0</ele></trkpt><trkpt lat="61.11290382" lon="14.18861593"><ele>221.0</ele></trkpt><trkpt lat="61.11282787" lon="14.18897076"><ele>222.0</ele></trkpt><trkpt lat="61.11278187" lon="14.18933099"><ele>222.0</ele></trkpt><trkpt lat="61.11274368" lon="14.18970199"><ele>221.0</ele></trkpt><trkpt lat="61.11270072" lon="14.19006850"><ele>221.0</ele></trkpt><trkpt lat="61.11262564" lon="14.19041974"><ele>221.0</ele></trkpt><trkpt lat="61.11252366" lon="14.19074314"><ele>221.0</ele></trkpt><trkpt lat="61.11243470" lon="14.19106743"><ele>221.0</ele></trkpt><trkpt lat="61.11232490" lon="14.19137555"><ele>221.0</ele></trkpt><trkpt lat="61.11222075" lon="14.19169086"><ele>221.0</ele></trkpt><trkpt lat="61.11211269" lon="14.19200168"><ele>221.0</ele></trkpt><trkpt lat="61.11199552" lon="14.19237448"><ele>221.0</ele></trkpt><trkpt lat="61.11176681" lon="14.19310121"><ele>220.0</ele></trkpt><trkpt lat="61.11165658" lon="14.19341652"><ele>220.0</ele></trkpt><trkpt lat="61.11153941" lon="14.19376417"><ele>219.0</ele></trkpt><trkpt lat="61.11133978" lon="14.19435616"><ele>218.0</ele></trkpt><trkpt lat="61.11123996" lon="14.19468315"><ele>218.0</ele></trkpt><trkpt lat="61.11113493" lon="14.19500744"><ele>219.0</ele></trkpt><trkpt lat="61.11103382" lon="14.19529490"><ele>219.0</ele></trkpt><trkpt lat="61.11092185" lon="14.19561470"><ele>220.0</ele></trkpt><trkpt lat="61.11079859" lon="14.19590486"><ele>222.0</ele></trkpt><trkpt lat="61.11062760" lon="14.19606296"><ele>223.0</ele></trkpt><trkpt lat="61.11045183" lon="14.19614022"><ele>226.0</ele></trkpt><trkpt lat="61.11029993" lon="14.19636749"><ele>229.0</ele></trkpt><trkpt lat="61.11021660" lon="14.19669897"><ele>232.0</ele></trkpt><trkpt lat="61.11018492" lon="14.19693253"><ele>235.0</ele></trkpt><trkpt lat="61.11017798" lon="14.19706638"><ele>236.0</ele></trkpt><trkpt lat="61.11019490" lon="14.19745086"><ele>237.0</ele></trkpt><trkpt lat="61.11019100" lon="14.19782545"><ele>239.0</ele></trkpt><trkpt lat="61.11018362" lon="14.19787935"><ele>239.0</ele></trkpt><trkpt lat="61.11010593" lon="14.19815963"><ele>241.0</ele></trkpt><trkpt lat="61.11000351" lon="14.19844978"><ele>243.0</ele></trkpt><trkpt lat="61.10988676" lon="14.19878036"><ele>247.0</ele></trkpt><trkpt lat="61.10978694" lon="14.19907232"><ele>250.0</ele></trkpt><trkpt lat="61.10967497" lon="14.19940020"><ele>253.0</ele></trkpt><trkpt lat="61.10957081" lon="14.19971731"><ele>256.0</ele></trkpt><trkpt lat="61.10947359" lon="14.20003711"><ele>259.0</ele></trkpt><trkpt lat="61.10935988" lon="14.20034882"><ele>262.0</ele></trkpt><trkpt lat="61.10926483" lon="14.20067491"><ele>265.0</ele></trkpt><trkpt lat="61.10916067" lon="14.20096686"><ele>267.0</ele></trkpt><trkpt lat="61.10903958" lon="14.20130643"><ele>270.0</ele></trkpt><trkpt lat="61.10891892" lon="14.20168372"><ele>272.0</ele></trkpt><trkpt lat="61.10879826" lon="14.20206011"><ele>276.0</ele></trkpt><trkpt lat="61.10867283" lon="14.20245268"><ele>277.0</ele></trkpt><trkpt lat="61.10851875" lon="14.20289914"><ele>279.0</ele></trkpt><trkpt lat="61.10842196" lon="14.20322074"><ele>279.0</ele></trkpt><trkpt lat="61.10830782" lon="14.20357288"><ele>279.0</ele></trkpt><trkpt lat="61.10811467" lon="14.20416846"><ele>279.0</ele></trkpt><trkpt lat="61.10801354" lon="14.20446131"><ele>279.0</ele></trkpt><trkpt lat="61.10789679" lon="14.20479818"><ele>279.0</ele></trkpt><trkpt lat="61.10779653" lon="14.20509462"><ele>279.0</ele></trkpt><trkpt lat="61.10768064" lon="14.20543868"><ele>278.0</ele></trkpt><trkpt lat="61.10754870" lon="14.20583843"><ele>277.0</ele></trkpt><trkpt lat="61.10741631" lon="14.20623728"><ele>275.0</ele></trkpt><trkpt lat="61.10721058" lon="14.20685891"><ele>273.0</ele></trkpt><trkpt lat="61.10716197" lon="14.20703768"><ele>273.0</ele></trkpt><trkpt lat="61.10705606" lon="14.20734670"><ele>273.0</ele></trkpt><trkpt lat="61.10684685" lon="14.20796025"><ele>269.0</ele></trkpt><trkpt lat="61.10674962" lon="14.20825759"><ele>267.0</ele></trkpt><trkpt lat="61.10663894" lon="14.20859446"><ele>266.0</ele></trkpt><trkpt lat="61.10654389" lon="14.20889270"><ele>264.0</ele></trkpt><trkpt lat="61.10643667" lon="14.20922777"><ele>262.0</ele></trkpt><trkpt lat="61.10633814" lon="14.20952152"><ele>260.0</ele></trkpt><trkpt lat="61.10622659" lon="14.20985479"><ele>259.0</ele></trkpt><trkpt lat="61.10610593" lon="14.21012968"><ele>258.0</ele></trkpt><trkpt lat="61.10601260" lon="14.21045667"><ele>256.0</ele></trkpt><trkpt lat="61.10591364" lon="14.21075401"><ele>255.0</ele></trkpt><trkpt lat="61.10579861" lon="14.21109716"><ele>255.0</ele></trkpt><trkpt lat="61.10570008" lon="14.21141607"><ele>252.0</ele></trkpt><trkpt lat="61.10557377" lon="14.21182211"><ele>252.0</ele></trkpt><trkpt lat="61.10550692" lon="14.21206016"><ele>251.0</ele></trkpt><trkpt lat="61.10540188" lon="14.21238355"><ele>251.0</ele></trkpt><trkpt lat="61.10529293" lon="14.21266383"><ele>251.0</ele></trkpt><trkpt lat="61.10516878" lon="14.21298453"><ele>250.0</ele></trkpt><trkpt lat="61.10506678" lon="14.21327378"><ele>250.0</ele></trkpt><trkpt lat="61.10495088" lon="14.21360346"><ele>249.0</ele></trkpt><trkpt lat="61.10484627" lon="14.21389093"><ele>249.0</ele></trkpt><trkpt lat="61.10472690" lon="14.21421881"><ele>248.0</ele></trkpt><trkpt lat="61.10457845" lon="14.21465898"><ele>247.0</ele></trkpt><trkpt lat="61.10442956" lon="14.21510006"><ele>245.0</ele></trkpt><trkpt lat="61.10428110" lon="14.21554113"><ele>245.0</ele></trkpt><trkpt lat="61.10399287" lon="14.21639633"><ele>244.0</ele></trkpt><trkpt lat="61.10388869" lon="14.21671882"><ele>243.0</ele></trkpt><trkpt lat="61.10380231" lon="14.21702874"><ele>242.0</ele></trkpt><trkpt lat="61.10370377" lon="14.21738268"><ele>241.0</ele></trkpt><trkpt lat="61.10360176" lon="14.21770966"><ele>239.0</ele></trkpt><trkpt lat="61.10348412" lon="14.21805641"><ele>238.0</ele></trkpt><trkpt lat="61.10328357" lon="14.21864661"><ele>235.0</ele></trkpt><trkpt lat="61.10318763" lon="14.21894305"><ele>233.0</ele></trkpt><trkpt lat="61.10307867" lon="14.21927633"><ele>231.0</ele></trkpt><trkpt lat="61.10297883" lon="14.21956738"><ele>229.0</ele></trkpt><trkpt lat="61.10286683" lon="14.21989437"><ele>227.0</ele></trkpt><trkpt lat="61.10276482" lon="14.22020339"><ele>225.0</ele></trkpt><trkpt lat="61.10265760" lon="14.22051420"><ele>223.0</ele></trkpt><trkpt lat="61.10254560" lon="14.22081244"><ele>222.0</ele></trkpt><trkpt lat="61.10245661" lon="14.22110799"><ele>221.0</ele></trkpt><trkpt lat="61.10233983" lon="14.22144127"><ele>220.0</ele></trkpt><trkpt lat="61.10224693" lon="14.22173861"><ele>219.0</ele></trkpt><trkpt lat="61.10214361" lon="14.22206739"><ele>218.0</ele></trkpt><trkpt lat="61.10203682" lon="14.22238719"><ele>218.0</ele></trkpt><trkpt lat="61.10197865" lon="14.22257853"><ele>218.0</ele></trkpt><trkpt lat="61.10188271" lon="14.22285521"><ele>219.0</ele></trkpt><trkpt lat="61.10171992" lon="14.22332593"><ele>219.0</ele></trkpt><trkpt lat="61.10162181" lon="14.22362237"><ele>219.0</ele></trkpt><trkpt lat="61.10150981" lon="14.22396284"><ele>219.0</ele></trkpt><trkpt lat="61.10141386" lon="14.22429521"><ele>220.0</ele></trkpt><trkpt lat="61.10137870" lon="14.22456111"><ele>220.0</ele></trkpt><trkpt lat="61.10137783" lon="14.22467790"><ele>220.0</ele></trkpt><trkpt lat="61.10139390" lon="14.22505339"><ele>220.0</ele></trkpt><trkpt lat="61.10143297" lon="14.22542260"><ele>220.0</ele></trkpt><trkpt lat="61.10145467" lon="14.22580348"><ele>221.0</ele></trkpt><trkpt lat="61.10144599" lon="14.22591577"><ele>221.0</ele></trkpt><trkpt lat="61.10140475" lon="14.22616461"><ele>221.0</ele></trkpt><trkpt lat="61.10131098" lon="14.22648171"><ele>222.0</ele></trkpt><trkpt lat="61.10119680" lon="14.22677187"><ele>223.0</ele></trkpt><trkpt lat="61.10105485" lon="14.22700992"><ele>223.0</ele></trkpt><trkpt lat="61.10100796" lon="14.22705484"><ele>223.0</ele></trkpt><trkpt lat="61.10088380" lon="14.22713389"><ele>224.0</ele></trkpt><trkpt lat="61.10070494" lon="14.22720396"><ele>224.0</ele></trkpt><trkpt lat="61.10051870" lon="14.22720036"><ele>225.0</ele></trkpt><trkpt lat="61.10036675" lon="14.22718150"><ele>226.0</ele></trkpt><trkpt lat="61.10026690" lon="14.22736745"><ele>227.0</ele></trkpt><trkpt lat="61.10024085" lon="14.22745728"><ele>227.0</ele></trkpt><trkpt lat="61.10015185" lon="14.22780224"><ele>227.0</ele></trkpt><trkpt lat="61.10011061" lon="14.22797920"><ele>227.0</ele></trkpt><trkpt lat="61.10004853" lon="14.22820109"><ele>228.0</ele></trkpt><trkpt lat="61.09998080" lon="14.22844273"><ele>228.0</ele></trkpt><trkpt lat="61.09990092" lon="14.22875176"><ele>228.0</ele></trkpt><trkpt lat="61.09987661" lon="14.22884877"><ele>228.0</ele></trkpt><trkpt lat="61.09978978" lon="14.22927996"><ele>229.0</ele></trkpt><trkpt lat="61.09975765" lon="14.22940573"><ele>229.0</ele></trkpt><trkpt lat="61.09970078" lon="14.22958629"><ele>229.0</ele></trkpt><trkpt lat="61.09953363" lon="14.23002736"><ele>229.0</ele></trkpt><trkpt lat="61.09946764" lon="14.23023038"><ele>230.0</ele></trkpt><trkpt lat="61.09937777" lon="14.23048281"><ele>230.0</ele></trkpt><trkpt lat="61.09923885" lon="14.23101820"><ele>230.0</ele></trkpt><trkpt lat="61.09918762" lon="14.23117092"><ele>230.0</ele></trkpt><trkpt lat="61.09912466" lon="14.23131914"><ele>230.0</ele></trkpt><trkpt lat="61.09908863" lon="14.23139011"><ele>231.0</ele></trkpt><trkpt lat="61.09892886" lon="14.23163086"><ele>231.0</ele></trkpt><trkpt lat="61.09879471" lon="14.23178716"><ele>231.0</ele></trkpt><trkpt lat="61.09858588" lon="14.23200635"><ele>231.0</ele></trkpt><trkpt lat="61.09849384" lon="14.23214290"><ele>232.0</ele></trkpt><trkpt lat="61.09838964" lon="14.23225788"><ele>232.0</ele></trkpt><trkpt lat="61.09829673" lon="14.23234322"><ele>232.0</ele></trkpt><trkpt lat="61.09824159" lon="14.23240790"><ele>232.0</ele></trkpt><trkpt lat="61.09818384" lon="14.23248875"><ele>232.0</ele></trkpt><trkpt lat="61.09802060" lon="14.23273938"><ele>232.0</ele></trkpt><trkpt lat="61.09783260" lon="14.23294150"><ele>232.0</ele></trkpt><trkpt lat="61.09771364" lon="14.23305019"><ele>232.0</ele></trkpt><trkpt lat="61.09761074" lon="14.23317775"><ele>232.0</ele></trkpt><trkpt lat="61.09749265" lon="14.23334215"><ele>233.0</ele></trkpt><trkpt lat="61.09736977" lon="14.23348767"><ele>233.0</ele></trkpt><trkpt lat="61.09731376" lon="14.23354157"><ele>233.0</ele></trkpt><trkpt lat="61.09717092" lon="14.23363949"><ele>234.0</ele></trkpt><trkpt lat="61.09712794" lon="14.23368081"><ele>234.0</ele></trkpt><trkpt lat="61.09705760" lon="14.23375986"><ele>234.0</ele></trkpt><trkpt lat="61.09700897" lon="14.23383352"><ele>234.0</ele></trkpt><trkpt lat="61.09696165" lon="14.23394492"><ele>234.0</ele></trkpt><trkpt lat="61.09693994" lon="14.23401858"><ele>234.0</ele></trkpt><trkpt lat="61.09692387" lon="14.23409943"><ele>234.0</ele></trkpt><trkpt lat="61.09690390" lon="14.23417668"><ele>234.0</ele></trkpt><trkpt lat="61.09682965" lon="14.23439138"><ele>234.0</ele></trkpt><trkpt lat="61.09672675" lon="14.23466267"><ele>235.0</ele></trkpt><trkpt lat="61.09665772" lon="14.23481089"><ele>235.0</ele></trkpt><trkpt lat="61.09659172" lon="14.23497618"><ele>235.0</ele></trkpt><trkpt lat="61.09647709" lon="14.23529239"><ele>236.0</ele></trkpt><trkpt lat="61.09631384" lon="14.23574065"><ele>237.0</ele></trkpt><trkpt lat="61.09628171" lon="14.23591672"><ele>237.0</ele></trkpt><trkpt lat="61.09625392" lon="14.23603619"><ele>237.0</ele></trkpt><trkpt lat="61.09624480" lon="14.23610447"><ele>237.0</ele></trkpt><trkpt lat="61.09623786" lon="14.23624550"><ele>237.0</ele></trkpt><trkpt lat="61.09623872" lon="14.23642067"><ele>237.0</ele></trkpt><trkpt lat="61.09624480" lon="14.23650062"><ele>237.0</ele></trkpt><trkpt lat="61.09628258" lon="14.23664974"><ele>237.0</ele></trkpt><trkpt lat="61.09631167" lon="14.23672161"><ele>237.0</ele></trkpt><trkpt lat="61.09634771" lon="14.23679437"><ele>237.0</ele></trkpt><trkpt lat="61.09646407" lon="14.23694888"><ele>236.0</ele></trkpt><trkpt lat="61.09658087" lon="14.23710339"><ele>236.0</ele></trkpt><trkpt lat="61.09663861" lon="14.23719412"><ele>236.0</ele></trkpt><trkpt lat="61.09669593" lon="14.23730641"><ele>236.0</ele></trkpt><trkpt lat="61.09673674" lon="14.23744026"><ele>236.0</ele></trkpt><trkpt lat="61.09675063" lon="14.23758938"><ele>236.0</ele></trkpt><trkpt lat="61.09674369" lon="14.23772592"><ele>236.0</ele></trkpt><trkpt lat="61.09669289" lon="14.23818676"><ele>239.0</ele></trkpt><trkpt lat="61.09663167" lon="14.23863682"><ele>242.0</ele></trkpt><trkpt lat="61.09662776" lon="14.23878684"><ele>243.0</ele></trkpt><trkpt lat="61.09663080" lon="14.23891889"><ele>245.0</ele></trkpt><trkpt lat="61.09663992" lon="14.23898716"><ele>245.0</ele></trkpt><trkpt lat="61.09667595" lon="14.23914526"><ele>246.0</ele></trkpt><trkpt lat="61.09675324" lon="14.23940667"><ele>247.0</ele></trkpt><trkpt lat="61.09686960" lon="14.23979924"><ele>249.0</ele></trkpt><trkpt lat="61.09693994" lon="14.24007682"><ele>249.0</ele></trkpt><trkpt lat="61.09697467" lon="14.24027265"><ele>250.0</ele></trkpt><trkpt lat="61.09701071" lon="14.24051340"><ele>251.0</ele></trkpt><trkpt lat="61.09703980" lon="14.24076672"><ele>252.0</ele></trkpt><trkpt lat="61.09708278" lon="14.24101915"><ele>254.0</ele></trkpt><trkpt lat="61.09709581" lon="14.24113773"><ele>254.0</ele></trkpt><trkpt lat="61.09714096" lon="14.24145753"><ele>254.0</ele></trkpt><trkpt lat="61.09716267" lon="14.24158688"><ele>254.0</ele></trkpt><trkpt lat="61.09719697" lon="14.24184740"><ele>256.0</ele></trkpt><trkpt lat="61.09719567" lon="14.24199292"><ele>256.0</ele></trkpt><trkpt lat="61.09718091" lon="14.24214743"><ele>257.0</ele></trkpt><trkpt lat="61.09715876" lon="14.24228937"><ele>258.0</ele></trkpt><trkpt lat="61.09709494" lon="14.24254089"><ele>261.0</ele></trkpt><trkpt lat="61.09705369" lon="14.24272954"><ele>262.0</ele></trkpt><trkpt lat="61.09703763" lon="14.24283015"><ele>263.0</ele></trkpt><trkpt lat="61.09702764" lon="14.24294244"><ele>263.0</ele></trkpt><trkpt lat="61.09702590" lon="14.24313378"><ele>264.0</ele></trkpt><trkpt lat="61.09702069" lon="14.24322541"><ele>264.0</ele></trkpt><trkpt lat="61.09698075" lon="14.24362965"><ele>267.0</ele></trkpt><trkpt lat="61.09698075" lon="14.24373835"><ele>268.0</ele></trkpt><trkpt lat="61.09692865" lon="14.24403300"><ele>268.0</ele></trkpt><trkpt lat="61.09690086" lon="14.24422883"><ele>268.0</ele></trkpt><trkpt lat="61.09687568" lon="14.24443993"><ele>270.0</ele></trkpt><trkpt lat="61.09686395" lon="14.24477411"><ele>270.0</ele></trkpt><trkpt lat="61.09683660" lon="14.24509840"><ele>270.0</ele></trkpt><trkpt lat="61.09681272" lon="14.24554396"><ele>269.0</ele></trkpt><trkpt lat="61.09680013" lon="14.24589071"><ele>269.0</ele></trkpt><trkpt lat="61.09678667" lon="14.24626261"><ele>269.0</ele></trkpt><trkpt lat="61.09671199" lon="14.24678543"><ele>270.0</ele></trkpt><trkpt lat="61.09666466" lon="14.24684113"><ele>270.0</ele></trkpt><trkpt lat="61.09658173" lon="14.24696150"><ele>271.0</ele></trkpt><trkpt lat="61.09642282" lon="14.24717081"><ele>273.0</ele></trkpt><trkpt lat="61.09638288" lon="14.24723190"><ele>275.0</ele></trkpt><trkpt lat="61.09630385" lon="14.24737563"><ele>275.0</ele></trkpt><trkpt lat="61.09626087" lon="14.24748971"><ele>277.0</ele></trkpt><trkpt lat="61.09624176" lon="14.24755888"><ele>277.0</ele></trkpt><trkpt lat="61.09622787" lon="14.24764872"><ele>277.0</ele></trkpt><trkpt lat="61.09621962" lon="14.24775292"><ele>277.0</ele></trkpt><trkpt lat="61.09618575" lon="14.24796133"><ele>278.0</ele></trkpt><trkpt lat="61.09614060" lon="14.24832874"><ele>279.0</ele></trkpt><trkpt lat="61.09607286" lon="14.24880844"><ele>279.0</ele></trkpt><trkpt lat="61.09600990" lon="14.24912914"><ele>280.0</ele></trkpt><trkpt lat="61.09592784" lon="14.24941390"><ele>281.0</ele></trkpt><trkpt lat="61.09583492" lon="14.24968250"><ele>283.0</ele></trkpt><trkpt lat="61.09576979" lon="14.24996637"><ele>282.0</ele></trkpt><trkpt lat="61.09570684" lon="14.25022149"><ele>283.0</ele></trkpt><trkpt lat="61.09564692" lon="14.25044248"><ele>283.0</ele></trkpt><trkpt lat="61.09557137" lon="14.25060238"><ele>285.0</ele></trkpt><trkpt lat="61.09549191" lon="14.25077216"><ele>290.0</ele></trkpt><trkpt lat="61.09536990" lon="14.25101470"><ele>293.0</ele></trkpt><trkpt lat="61.09530390" lon="14.25120335"><ele>293.0</ele></trkpt><trkpt lat="61.09527394" lon="14.25130845"><ele>297.0</ele></trkpt><trkpt lat="61.09519578" lon="14.25180342"><ele>295.0</ele></trkpt><trkpt lat="61.09510460" lon="14.25232175"><ele>296.0</ele></trkpt><trkpt lat="61.09505162" lon="14.25256879"><ele>297.0</ele></trkpt><trkpt lat="61.09498779" lon="14.25280235"><ele>298.0</ele></trkpt><trkpt lat="61.09487881" lon="14.25312125"><ele>296.0</ele></trkpt><trkpt lat="61.09482974" lon="14.25338626"><ele>296.0</ele></trkpt><trkpt lat="61.09473074" lon="14.25400070"><ele>289.0</ele></trkpt><trkpt lat="61.09464998" lon="14.25431960"><ele>289.0</ele></trkpt><trkpt lat="61.09461394" lon="14.25449388"><ele>288.0</ele></trkpt><trkpt lat="61.09455445" lon="14.25473642"><ele>288.0</ele></trkpt><trkpt lat="61.09448671" lon="14.25501580"><ele>287.0</ele></trkpt><trkpt lat="61.09441073" lon="14.25535626"><ele>283.0</ele></trkpt><trkpt lat="61.09436296" lon="14.25551347"><ele>284.0</ele></trkpt><trkpt lat="61.09430564" lon="14.25567337"><ele>283.0</ele></trkpt><trkpt lat="61.09424659" lon="14.25585752"><ele>283.0</ele></trkpt><trkpt lat="61.09418580" lon="14.25606773"><ele>283.0</ele></trkpt><trkpt lat="61.09412892" lon="14.25629051"><ele>280.0</ele></trkpt><trkpt lat="61.09405857" lon="14.25649532"><ele>279.0</ele></trkpt><trkpt lat="61.09399691" lon="14.25672529"><ele>277.0</ele></trkpt><trkpt lat="61.09393960" lon="14.25699658"><ele>272.0</ele></trkpt><trkpt lat="61.09383669" lon="14.25757240"><ele>262.0</ele></trkpt><trkpt lat="61.09378284" lon="14.25784819"><ele>261.0</ele></trkpt><trkpt lat="61.09365561" lon="14.25836113"><ele>257.0</ele></trkpt><trkpt lat="61.09358657" lon="14.25860547"><ele>255.0</ele></trkpt><trkpt lat="61.09344067" lon="14.25908517"><ele>251.0</ele></trkpt><trkpt lat="61.09334167" lon="14.25938251"><ele>248.0</ele></trkpt><trkpt lat="61.09322790" lon="14.25972477"><ele>243.0</ele></trkpt><trkpt lat="61.09311586" lon="14.26007421"><ele>240.0</ele></trkpt><trkpt lat="61.09301078" lon="14.26036527"><ele>237.0</ele></trkpt><trkpt lat="61.09295476" lon="14.26053235"><ele>235.0</ele></trkpt><trkpt lat="61.09283361" lon="14.26091324"><ele>229.0</ele></trkpt><trkpt lat="61.09278194" lon="14.26113333"><ele>228.0</ele></trkpt><trkpt lat="61.09274286" lon="14.26138755"><ele>225.0</ele></trkpt><trkpt lat="61.09269509" lon="14.26173699"><ele>222.0</ele></trkpt><trkpt lat="61.09263864" lon="14.26214663"><ele>218.0</ele></trkpt><trkpt lat="61.09260086" lon="14.26239456"><ele>217.0</ele></trkpt><trkpt lat="61.09255526" lon="14.26261734"><ele>216.0</ele></trkpt><trkpt lat="61.09250272" lon="14.26287696"><ele>215.0</ele></trkpt><trkpt lat="61.09244974" lon="14.26308896"><ele>215.0</ele></trkpt><trkpt lat="61.09233988" lon="14.26333869"><ele>214.0</ele></trkpt><trkpt lat="61.09226562" lon="14.26353273"><ele>214.0</ele></trkpt><trkpt lat="61.09221786" lon="14.26370790"><ele>214.0</ele></trkpt><trkpt lat="61.09216097" lon="14.26387858"><ele>213.0</ele></trkpt><trkpt lat="61.09205328" lon="14.26414717"><ele>212.0</ele></trkpt><trkpt lat="61.09186959" lon="14.26460621"><ele>211.0</ele></trkpt><trkpt lat="61.09170066" lon="14.26505717"><ele>210.0</ele></trkpt><trkpt lat="61.09162380" lon="14.26527725"><ele>210.0</ele></trkpt><trkpt lat="61.09154086" lon="14.26547129"><ele>209.0</ele></trkpt><trkpt lat="61.09149483" lon="14.26558987"><ele>210.0</ele></trkpt><trkpt lat="61.09145487" lon="14.26570934"><ele>209.0</ele></trkpt><trkpt lat="61.09134588" lon="14.26613874"><ele>209.0</ele></trkpt><trkpt lat="61.09129463" lon="14.26630493"><ele>209.0</ele></trkpt><trkpt lat="61.09124165" lon="14.26644327"><ele>209.0</ele></trkpt><trkpt lat="61.09115871" lon="14.26673971"><ele>209.0</ele></trkpt><trkpt lat="61.09107273" lon="14.26704694"><ele>209.0</ele></trkpt><trkpt lat="61.09099543" lon="14.26734697"><ele>209.0</ele></trkpt><trkpt lat="61.09091683" lon="14.26765240"><ele>209.0</ele></trkpt><trkpt lat="61.09087166" lon="14.26804137"><ele>209.0</ele></trkpt><trkpt lat="61.09079870" lon="14.26831536"><ele>209.0</ele></trkpt><trkpt lat="61.09075094" lon="14.26839710"><ele>209.0</ele></trkpt><trkpt lat="61.09069492" lon="14.26845549"><ele>209.0</ele></trkpt><trkpt lat="61.09063585" lon="14.26849412"><ele>209.0</ele></trkpt><trkpt lat="61.09051860" lon="14.26859024"><ele>209.0</ele></trkpt><trkpt lat="61.09043262" lon="14.26860551"><ele>209.0</ele></trkpt><trkpt lat="61.09035662" lon="14.26862977"><ele>210.0</ele></trkpt><trkpt lat="61.09020679" lon="14.26882290"><ele>209.0</ele></trkpt><trkpt lat="61.09007173" lon="14.26901694"><ele>209.0</ele></trkpt><trkpt lat="61.08981377" lon="14.26934483"><ele>209.0</ele></trkpt><trkpt lat="61.08964658" lon="14.26952269"><ele>210.0</ele></trkpt><trkpt lat="61.08949067" lon="14.26974278"><ele>210.0</ele></trkpt><trkpt lat="61.08935561" lon="14.27000149"><ele>210.0</ele></trkpt><trkpt lat="61.08921576" lon="14.27023955"><ele>209.0</ele></trkpt><trkpt lat="61.08906463" lon="14.27045335"><ele>209.0</ele></trkpt><trkpt lat="61.08890481" lon="14.27066086"><ele>209.0</ele></trkpt><trkpt lat="61.08874282" lon="14.27084232"><ele>209.0</ele></trkpt><trkpt lat="61.08858561" lon="14.27104893"><ele>208.0</ele></trkpt><trkpt lat="61.08844359" lon="14.27129866"><ele>208.0</ele></trkpt><trkpt lat="61.08831504" lon="14.27153941"><ele>207.0</ele></trkpt><trkpt lat="61.08816868" lon="14.27181250"><ele>207.0</ele></trkpt><trkpt lat="61.08804360" lon="14.27208289"><ele>207.0</ele></trkpt><trkpt lat="61.08794284" lon="14.27240179"><ele>206.0</ele></trkpt><trkpt lat="61.08790766" lon="14.27276741"><ele>206.0</ele></trkpt><trkpt lat="61.08782167" lon="14.27338814"><ele>206.0</ele></trkpt><trkpt lat="61.08772569" lon="14.27370884"><ele>206.0</ele></trkpt><trkpt lat="61.08764273" lon="14.27404751"><ele>205.0</ele></trkpt><trkpt lat="61.08753850" lon="14.27441222"><ele>205.0</ele></trkpt><trkpt lat="61.08736087" lon="14.27503296"><ele>206.0</ele></trkpt><trkpt lat="61.08728747" lon="14.27535456"><ele>206.0</ele></trkpt><trkpt lat="61.08720582" lon="14.27571568"><ele>206.0</ele></trkpt><trkpt lat="61.08711461" lon="14.27600853"><ele>206.0</ele></trkpt><trkpt lat="61.08710375" lon="14.27604177"><ele>206.0</ele></trkpt><trkpt lat="61.08697867" lon="14.27632563"><ele>206.0</ele></trkpt><trkpt lat="61.08684664" lon="14.27660232"><ele>206.0</ele></trkpt><trkpt lat="61.08672285" lon="14.27687540"><ele>206.0</ele></trkpt><trkpt lat="61.08661992" lon="14.27718622"><ele>206.0</ele></trkpt><trkpt lat="61.08650482" lon="14.27748536"><ele>206.0</ele></trkpt><trkpt lat="61.08637062" lon="14.27771263"><ele>206.0</ele></trkpt><trkpt lat="61.08621773" lon="14.27797045"><ele>207.0</ele></trkpt><trkpt lat="61.08605964" lon="14.27815999"><ele>207.0</ele></trkpt><trkpt lat="61.08591370" lon="14.27837469"><ele>207.0</ele></trkpt><trkpt lat="61.08576299" lon="14.27861095"><ele>207.0</ele></trkpt><trkpt lat="61.08559968" lon="14.27877983"><ele>207.0</ele></trkpt><trkpt lat="61.08543072" lon="14.27892895"><ele>207.0</ele></trkpt><trkpt lat="61.08527870" lon="14.27913916"><ele>208.0</ele></trkpt><trkpt lat="61.08513276" lon="14.27938440"><ele>208.0</ele></trkpt><trkpt lat="61.08498595" lon="14.27960179"><ele>208.0</ele></trkpt><trkpt lat="61.08481873" lon="14.27973833"><ele>208.0</ele></trkpt><trkpt lat="61.08462153" lon="14.27984434"><ele>209.0</ele></trkpt><trkpt lat="61.08429273" lon="14.28002040"><ele>210.0</ele></trkpt><trkpt lat="61.08423279" lon="14.28004286"><ele>210.0</ele></trkpt><trkpt lat="61.08421498" lon="14.28005634"><ele>210.0</ele></trkpt><trkpt lat="61.08409075" lon="14.28027283"><ele>210.0</ele></trkpt><trkpt lat="61.08395697" lon="14.28054233"><ele>210.0</ele></trkpt><trkpt lat="61.08379886" lon="14.28072558"><ele>211.0</ele></trkpt><trkpt lat="61.08364293" lon="14.28092231"><ele>211.0</ele></trkpt><trkpt lat="61.08350958" lon="14.28117833"><ele>211.0</ele></trkpt><trkpt lat="61.08340359" lon="14.28147837"><ele>211.0</ele></trkpt><trkpt lat="61.08326980" lon="14.28172720"><ele>210.0</ele></trkpt><trkpt lat="61.08310691" lon="14.28192483"><ele>210.0</ele></trkpt><trkpt lat="61.08292882" lon="14.28209282"><ele>210.0</ele></trkpt><trkpt lat="61.08277288" lon="14.28231291"><ele>210.0</ele></trkpt><trkpt lat="61.08259479" lon="14.28243867"><ele>210.0</ele></trkpt><trkpt lat="61.08241365" lon="14.28252491"><ele>210.0</ele></trkpt><trkpt lat="61.08223164" lon="14.28259228"><ele>210.0</ele></trkpt><trkpt lat="61.08215563" lon="14.28260845"><ele>210.0</ele></trkpt><trkpt lat="61.08204790" lon="14.28261743"><ele>210.0</ele></trkpt><trkpt lat="61.08186893" lon="14.28259677"><ele>210.0</ele></trkpt><trkpt lat="61.08169083" lon="14.28253569"><ele>210.0</ele></trkpt><trkpt lat="61.08151360" lon="14.28243957"><ele>210.0</ele></trkpt><trkpt lat="61.08136156" lon="14.28230482"><ele>210.0</ele></trkpt><trkpt lat="61.08120387" lon="14.28216558"><ele>210.0</ele></trkpt><trkpt lat="61.08116869" lon="14.28215750"><ele>211.0</ele></trkpt><trkpt lat="61.08110266" lon="14.28217995"><ele>211.0</ele></trkpt><trkpt lat="61.08099971" lon="14.28231111"><ele>210.0</ele></trkpt><trkpt lat="61.08098494" lon="14.28233716"><ele>210.0</ele></trkpt><trkpt lat="61.08088459" lon="14.28261294"><ele>210.0</ele></trkpt><trkpt lat="61.08079771" lon="14.28294712"><ele>210.0</ele></trkpt><trkpt lat="61.08073689" lon="14.28330734"><ele>209.0</ele></trkpt><trkpt lat="61.08069563" lon="14.28367295"><ele>208.0</ele></trkpt><trkpt lat="61.08067999" lon="14.28405833"><ele>208.0</ele></trkpt><trkpt lat="61.08067781" lon="14.28444640"><ele>208.0</ele></trkpt><trkpt lat="61.08066174" lon="14.28481741"><ele>208.0</ele></trkpt><trkpt lat="61.08061700" lon="14.28517673"><ele>209.0</ele></trkpt><trkpt lat="61.08050275" lon="14.28546869"><ele>209.0</ele></trkpt><trkpt lat="61.08034853" lon="14.28575076"><ele>210.0</ele></trkpt><trkpt lat="61.08008398" lon="14.28623585"><ele>211.0</ele></trkpt><trkpt lat="61.07993497" lon="14.28646133"><ele>211.0</ele></trkpt><trkpt lat="61.07977989" lon="14.28665985"><ele>212.0</ele></trkpt><trkpt lat="61.07961568" lon="14.28683413"><ele>212.0</ele></trkpt><trkpt lat="61.07944278" lon="14.28699043"><ele>213.0</ele></trkpt><trkpt lat="61.07928030" lon="14.28711350"><ele>213.0</ele></trkpt><trkpt lat="61.07909697" lon="14.28725274"><ele>214.0</ele></trkpt><trkpt lat="61.07892581" lon="14.28736323"><ele>214.0</ele></trkpt><trkpt lat="61.07880374" lon="14.28756446"><ele>215.0</ele></trkpt><trkpt lat="61.07872293" lon="14.28781868"><ele>215.0</ele></trkpt><trkpt lat="61.07870164" lon="14.28795253"><ele>215.0</ele></trkpt><trkpt lat="61.07862258" lon="14.28829838"><ele>215.0</ele></trkpt><trkpt lat="61.07852570" lon="14.28861638"><ele>215.0</ele></trkpt><trkpt lat="61.07836669" lon="14.28881042"><ele>216.0</ele></trkpt><trkpt lat="61.07829197" lon="14.28891912"><ele>216.0</ele></trkpt><trkpt lat="61.07823289" lon="14.28906285"><ele>216.0</ele></trkpt><trkpt lat="61.07812862" lon="14.28937816"><ele>217.0</ele></trkpt><trkpt lat="61.07795876" lon="14.28956950"><ele>217.0</ele></trkpt><trkpt lat="61.07778672" lon="14.28972850"><ele>218.0</ele></trkpt><trkpt lat="61.07764639" lon="14.28993691"><ele>218.0</ele></trkpt><trkpt lat="61.07748869" lon="14.29017047"><ele>219.0</ele></trkpt><trkpt lat="61.07733663" lon="14.29037079"><ele>219.0</ele></trkpt><trkpt lat="61.07717892" lon="14.29051542"><ele>220.0</ele></trkpt><trkpt lat="61.07700166" lon="14.29067712"><ele>220.0</ele></trkpt><trkpt lat="61.07685091" lon="14.29089271"><ele>220.0</ele></trkpt><trkpt lat="61.07673578" lon="14.29117748"><ele>220.0</ele></trkpt><trkpt lat="61.07664584" lon="14.29150447"><ele>220.0</ele></trkpt><trkpt lat="61.07653984" lon="14.29181618"><ele>220.0</ele></trkpt><trkpt lat="61.07638995" lon="14.29202549"><ele>220.0</ele></trkpt><trkpt lat="61.07621572" lon="14.29214227"><ele>220.0</ele></trkpt><trkpt lat="61.07604368" lon="14.29228151"><ele>220.0</ele></trkpt><trkpt lat="61.07588987" lon="14.29249980"><ele>220.0</ele></trkpt><trkpt lat="61.07575866" lon="14.29277828"><ele>220.0</ele></trkpt><trkpt lat="61.07563788" lon="14.29306215"><ele>220.0</ele></trkpt><trkpt lat="61.07551275" lon="14.29345112"><ele>220.0</ele></trkpt><trkpt lat="61.07538762" lon="14.29384009"><ele>220.0</ele></trkpt><trkpt lat="61.07522991" lon="14.29432967"><ele>220.0</ele></trkpt><trkpt lat="61.07513780" lon="14.29467013"><ele>220.0</ele></trkpt><trkpt lat="61.07507697" lon="14.29502047"><ele>221.0</ele></trkpt><trkpt lat="61.07499094" lon="14.29534926"><ele>221.0</ele></trkpt><trkpt lat="61.07488058" lon="14.29565828"><ele>221.0</ele></trkpt><trkpt lat="61.07480281" lon="14.29599515"><ele>221.0</ele></trkpt><trkpt lat="61.07472764" lon="14.29634190"><ele>222.0</ele></trkpt><trkpt lat="61.07467681" lon="14.29670571"><ele>223.0</ele></trkpt><trkpt lat="61.07467681" lon="14.29675961"><ele>223.0</ele></trkpt><trkpt lat="61.07472590" lon="14.29708390"><ele>223.0</ele></trkpt><trkpt lat="61.07480151" lon="14.29740370"><ele>223.0</ele></trkpt><trkpt lat="61.07488666" lon="14.29776393"><ele>223.0</ele></trkpt><trkpt lat="61.07496357" lon="14.29812056"><ele>223.0</ele></trkpt><trkpt lat="61.07503091" lon="14.29847270"><ele>222.0</ele></trkpt><trkpt lat="61.07510564" lon="14.29881496"><ele>222.0</ele></trkpt><trkpt lat="61.07516473" lon="14.29917069"><ele>223.0</ele></trkpt><trkpt lat="61.07519167" lon="14.29955697"><ele>224.0</ele></trkpt><trkpt lat="61.07518559" lon="14.29993785"><ele>225.0</ele></trkpt><trkpt lat="61.07516777" lon="14.30031155"><ele>227.0</ele></trkpt><trkpt lat="61.07514388" lon="14.30069693"><ele>229.0</ele></trkpt><trkpt lat="61.07514388" lon="14.30107063"><ele>231.0</ele></trkpt><trkpt lat="61.07516473" lon="14.30144612"><ele>233.0</ele></trkpt><trkpt lat="61.07522295" lon="14.30180814"><ele>235.0</ele></trkpt><trkpt lat="61.07530768" lon="14.30215220"><ele>237.0</ele></trkpt><trkpt lat="61.07541630" lon="14.30251512"><ele>239.0</ele></trkpt><trkpt lat="61.07560399" lon="14.30314214"><ele>240.0</ele></trkpt><trkpt lat="61.07569393" lon="14.30348171"><ele>240.0</ele></trkpt><trkpt lat="61.07572173" lon="14.30374761"><ele>240.0</ele></trkpt><trkpt lat="61.07571869" lon="14.30385091"><ele>240.0</ele></trkpt><trkpt lat="61.07568263" lon="14.30422461"><ele>239.0</ele></trkpt><trkpt lat="61.07563788" lon="14.30459382"><ele>239.0</ele></trkpt><trkpt lat="61.07559878" lon="14.30497291"><ele>239.0</ele></trkpt><trkpt lat="61.07555359" lon="14.30520288"><ele>239.0</ele></trkpt><trkpt lat="61.07551579" lon="14.30531068"><ele>239.0</ele></trkpt><trkpt lat="61.07538284" lon="14.30554424"><ele>239.0</ele></trkpt><trkpt lat="61.07522991" lon="14.30581283"><ele>239.0</ele></trkpt><trkpt lat="61.07510086" lon="14.30604909"><ele>239.0</ele></trkpt><trkpt lat="61.07495575" lon="14.30631499"><ele>240.0</ele></trkpt><trkpt lat="61.07480455" lon="14.30659976"><ele>240.0</ele></trkpt><trkpt lat="61.07454994" lon="14.30707946"><ele>241.0</ele></trkpt><trkpt lat="61.07443567" lon="14.30737051"><ele>242.0</ele></trkpt><trkpt lat="61.07442176" lon="14.30752053"><ele>243.0</ele></trkpt><trkpt lat="61.07446260" lon="14.30776038"><ele>244.0</ele></trkpt><trkpt lat="61.07457340" lon="14.30803167"><ele>244.0</ele></trkpt><trkpt lat="61.07469679" lon="14.30833440"><ele>244.0</ele></trkpt><trkpt lat="61.07478282" lon="14.30867756"><ele>245.0</ele></trkpt><trkpt lat="61.07485582" lon="14.30902970"><ele>245.0</ele></trkpt><trkpt lat="61.07497182" lon="14.30955252"><ele>246.0</ele></trkpt><trkpt lat="61.07499963" lon="14.30971691"><ele>246.0</ele></trkpt><trkpt lat="61.07498964" lon="14.30985256"><ele>246.0</ele></trkpt><trkpt lat="61.07495097" lon="14.30995227"><ele>246.0</ele></trkpt><trkpt lat="61.07475762" lon="14.31015978"><ele>249.0</ele></trkpt><trkpt lat="61.07456688" lon="14.31037628"><ele>252.0</ele></trkpt><trkpt lat="61.07448259" lon="14.31048048"><ele>254.0</ele></trkpt><trkpt lat="61.07442567" lon="14.31056043"><ele>254.0</ele></trkpt><trkpt lat="61.07441177" lon="14.31063319"><ele>254.0</ele></trkpt><trkpt lat="61.07441872" lon="14.31073380"><ele>254.0</ele></trkpt><trkpt lat="61.07449867" lon="14.31109672"><ele>254.0</ele></trkpt><trkpt lat="61.07457905" lon="14.31146054"><ele>253.0</ele></trkpt><trkpt lat="61.07466768" lon="14.31186478"><ele>251.0</ele></trkpt><trkpt lat="61.07472286" lon="14.31222411"><ele>249.0</ele></trkpt><trkpt lat="61.07479282" lon="14.31268045"><ele>249.0</ele></trkpt><trkpt lat="61.07484669" lon="14.31301822"><ele>248.0</ele></trkpt><trkpt lat="61.07490665" lon="14.31339641"><ele>246.0</ele></trkpt><trkpt lat="61.07496791" lon="14.31375214"><ele>246.0</ele></trkpt><trkpt lat="61.07501875" lon="14.31412135"><ele>246.0</ele></trkpt><trkpt lat="61.07499181" lon="14.31449415"><ele>246.0</ele></trkpt><trkpt lat="61.07495792" lon="14.31487234"><ele>246.0</ele></trkpt><trkpt lat="61.07494489" lon="14.31524694"><ele>246.0</ele></trkpt><trkpt lat="61.07494271" lon="14.31561974"><ele>245.0</ele></trkpt><trkpt lat="61.07494880" lon="14.31600063"><ele>244.0</ele></trkpt><trkpt lat="61.07496270" lon="14.31638241"><ele>243.0</ele></trkpt><trkpt lat="61.07495271" lon="14.31676779"><ele>242.0</ele></trkpt><trkpt lat="61.07491577" lon="14.31714778"><ele>241.0</ele></trkpt><trkpt lat="61.07486842" lon="14.31749363"><ele>241.0</ele></trkpt><trkpt lat="61.07481367" lon="14.31789158"><ele>240.0</ele></trkpt><trkpt lat="61.07479455" lon="14.31824642"><ele>240.0</ele></trkpt><trkpt lat="61.07477283" lon="14.31864796"><ele>238.0</ele></trkpt><trkpt lat="61.07476023" lon="14.31900280"><ele>236.0</ele></trkpt><trkpt lat="61.07474589" lon="14.31940165"><ele>234.0</ele></trkpt><trkpt lat="61.07477674" lon="14.31978253"><ele>234.0</ele></trkpt><trkpt lat="61.07478195" lon="14.32017779"><ele>233.0</ele></trkpt><trkpt lat="61.07478065" lon="14.32057036"><ele>231.0</ele></trkpt><trkpt lat="61.07474893" lon="14.32094765"><ele>230.0</ele></trkpt><trkpt lat="61.07474285" lon="14.32129979"><ele>229.0</ele></trkpt><trkpt lat="61.07473677" lon="14.32168786"><ele>229.0</ele></trkpt><trkpt lat="61.07471461" lon="14.32193130"><ele>228.0</ele></trkpt><trkpt lat="61.07468072" lon="14.32218553"><ele>230.0</ele></trkpt><trkpt lat="61.07463857" lon="14.32241639"><ele>229.0</ele></trkpt><trkpt lat="61.07458991" lon="14.32279369"><ele>230.0</ele></trkpt><trkpt lat="61.07451257" lon="14.32311259"><ele>230.0</ele></trkpt><trkpt lat="61.07442567" lon="14.32347012"><ele>232.0</ele></trkpt><trkpt lat="61.07433877" lon="14.32379890"><ele>233.0</ele></trkpt><trkpt lat="61.07428881" lon="14.32417080"><ele>232.0</ele></trkpt><trkpt lat="61.07423276" lon="14.32450767"><ele>232.0</ele></trkpt><trkpt lat="61.07416976" lon="14.32488676"><ele>232.0</ele></trkpt><trkpt lat="61.07410458" lon="14.32523261"><ele>229.0</ele></trkpt><trkpt lat="61.07402898" lon="14.32557577"><ele>229.0</ele></trkpt><trkpt lat="61.07394643" lon="14.32589018"><ele>229.0</ele></trkpt><trkpt lat="61.07385257" lon="14.32624681"><ele>229.0</ele></trkpt><trkpt lat="61.07374699" lon="14.32656571"><ele>230.0</ele></trkpt><trkpt lat="61.07362663" lon="14.32685677"><ele>231.0</ele></trkpt><trkpt lat="61.07357797" lon="14.32699421"><ele>233.0</ele></trkpt><trkpt lat="61.07352887" lon="14.32717747"><ele>231.0</ele></trkpt><trkpt lat="61.07344979" lon="14.32751074"><ele>231.0</ele></trkpt><trkpt lat="61.07336506" lon="14.32789522"><ele>230.0</ele></trkpt><trkpt lat="61.07322298" lon="14.32854291"><ele>226.0</ele></trkpt><trkpt lat="61.07313564" lon="14.32887169"><ele>224.0</ele></trkpt><trkpt lat="61.07306091" lon="14.32922113"><ele>222.0</ele></trkpt><trkpt lat="61.07298226" lon="14.32954093"><ele>221.0</ele></trkpt><trkpt lat="61.07289275" lon="14.32990385"><ele>220.0</ele></trkpt><trkpt lat="61.07282193" lon="14.33026318"><ele>218.0</ele></trkpt><trkpt lat="61.07276674" lon="14.33061712"><ele>217.0</ele></trkpt><trkpt lat="61.07269896" lon="14.33096656"><ele>217.0</ele></trkpt><trkpt lat="61.07267289" lon="14.33107076"><ele>216.0</ele></trkpt><trkpt lat="61.07259728" lon="14.33132768"><ele>216.0</ele></trkpt><trkpt lat="61.07251299" lon="14.33161514"><ele>215.0</ele></trkpt><trkpt lat="61.07243434" lon="14.33193494"><ele>215.0</ele></trkpt><trkpt lat="61.07234483" lon="14.33229966"><ele>215.0</ele></trkpt><trkpt lat="61.07225488" lon="14.33263473"><ele>215.0</ele></trkpt><trkpt lat="61.07215190" lon="14.33293926"><ele>215.0</ele></trkpt><trkpt lat="61.07204240" lon="14.33321953"><ele>214.0</ele></trkpt><trkpt lat="61.07191682" lon="14.33354113"><ele>214.0</ele></trkpt><trkpt lat="61.07179472" lon="14.33381691"><ele>214.0</ele></trkpt><trkpt lat="61.07165698" lon="14.33405587"><ele>214.0</ele></trkpt><trkpt lat="61.07153661" lon="14.33434153"><ele>214.0</ele></trkpt><trkpt lat="61.07142407" lon="14.33469906"><ele>215.0</ele></trkpt><trkpt lat="61.07122896" lon="14.33531890"><ele>215.0</ele></trkpt><trkpt lat="61.07108165" lon="14.33579950"><ele>216.0</ele></trkpt><trkpt lat="61.07100691" lon="14.33614175"><ele>216.0</ele></trkpt><trkpt lat="61.07092087" lon="14.33647233"><ele>217.0</ele></trkpt><trkpt lat="61.07081572" lon="14.33679034"><ele>217.0</ele></trkpt><trkpt lat="61.07072490" lon="14.33709576"><ele>217.0</ele></trkpt><trkpt lat="61.07062191" lon="14.33744251"><ele>217.0</ele></trkpt><trkpt lat="61.07053761" lon="14.33778747"><ele>217.0</ele></trkpt><trkpt lat="61.07046069" lon="14.33818003"><ele>217.0</ele></trkpt><trkpt lat="61.07033077" lon="14.33884119"><ele>216.0</ele></trkpt><trkpt lat="61.07026863" lon="14.33912775"><ele>216.0</ele></trkpt><trkpt lat="61.07017563" lon="14.33951493"><ele>216.0</ele></trkpt><trkpt lat="61.07005092" lon="14.33980419"><ele>216.0</ele></trkpt><trkpt lat="61.06992794" lon="14.34005482"><ele>216.0</ele></trkpt><trkpt lat="61.06978975" lon="14.34033689"><ele>216.0</ele></trkpt><trkpt lat="61.06971196" lon="14.34047343"><ele>216.0</ele></trkpt><trkpt lat="61.06965069" lon="14.34059650"><ele>216.0</ele></trkpt><trkpt lat="61.06952163" lon="14.34087228"><ele>217.0</ele></trkpt><trkpt lat="61.06940517" lon="14.34113908"><ele>218.0</ele></trkpt><trkpt lat="61.06927176" lon="14.34144451"><ele>218.0</ele></trkpt><trkpt lat="61.06915573" lon="14.34174095"><ele>218.0</ele></trkpt><trkpt lat="61.06905100" lon="14.34205536"><ele>218.0</ele></trkpt><trkpt lat="61.06891368" lon="14.34230330"><ele>217.0</ele></trkpt><trkpt lat="61.06879591" lon="14.34260873"><ele>217.0</ele></trkpt><trkpt lat="61.06869813" lon="14.34290517"><ele>217.0</ele></trkpt><trkpt lat="61.06858688" lon="14.34324383"><ele>217.0</ele></trkpt><trkpt lat="61.06845564" lon="14.34349716"><ele>217.0</ele></trkpt><trkpt lat="61.06831093" lon="14.34374689"><ele>217.0</ele></trkpt><trkpt lat="61.06817490" lon="14.34400740"><ele>218.0</ele></trkpt><trkpt lat="61.06804757" lon="14.34426971"><ele>218.0</ele></trkpt><trkpt lat="61.06792893" lon="14.34455717"><ele>218.0</ele></trkpt><trkpt lat="61.06778813" lon="14.34492189"><ele>219.0</ele></trkpt><trkpt lat="61.06764732" lon="14.34528571"><ele>219.0</ele></trkpt><trkpt lat="61.06747175" lon="14.34573935"><ele>221.0</ele></trkpt><trkpt lat="61.06737093" lon="14.34605017"><ele>222.0</ele></trkpt><trkpt lat="61.06726532" lon="14.34633404"><ele>223.0</ele></trkpt><trkpt lat="61.06714581" lon="14.34665384"><ele>224.0</ele></trkpt><trkpt lat="61.06704281" lon="14.34696017"><ele>224.0</ele></trkpt><trkpt lat="61.06693547" lon="14.34723954"><ele>224.0</ele></trkpt><trkpt lat="61.06681465" lon="14.34755395"><ele>223.0</ele></trkpt><trkpt lat="61.06670035" lon="14.34781895"><ele>223.0</ele></trkpt><trkpt lat="61.06657258" lon="14.34811540"><ele>223.0</ele></trkpt><trkpt lat="61.06644568" lon="14.34838040"><ele>223.0</ele></trkpt><trkpt lat="61.06631182" lon="14.34865169"><ele>223.0</ele></trkpt><trkpt lat="61.06617492" lon="14.34889873"><ele>222.0</ele></trkpt><trkpt lat="61.06603193" lon="14.34912870"><ele>222.0</ele></trkpt><trkpt lat="61.06587895" lon="14.34933711"><ele>221.0</ele></trkpt><trkpt lat="61.06572858" lon="14.34955450"><ele>221.0</ele></trkpt><trkpt lat="61.06558863" lon="14.34979076"><ele>220.0</ele></trkpt><trkpt lat="61.06543826" lon="14.35007732"><ele>219.0</ele></trkpt><trkpt lat="61.06518487" lon="14.35055971"><ele>217.0</ele></trkpt><trkpt lat="61.06505232" lon="14.35078968"><ele>217.0</ele></trkpt><trkpt lat="61.06490194" lon="14.35105019"><ele>216.0</ele></trkpt><trkpt lat="61.06474721" lon="14.35132867"><ele>216.0</ele></trkpt><trkpt lat="61.06448557" lon="14.35179849"><ele>216.0</ele></trkpt><trkpt lat="61.06433171" lon="14.35202936"><ele>216.0</ele></trkpt><trkpt lat="61.06419523" lon="14.35224495"><ele>216.0</ele></trkpt><trkpt lat="61.06404398" lon="14.35248391"><ele>217.0</ele></trkpt><trkpt lat="61.06388708" lon="14.35275340"><ele>217.0</ele></trkpt><trkpt lat="61.06362586" lon="14.35320346"><ele>217.0</ele></trkpt><trkpt lat="61.06345983" lon="14.35335527"><ele>217.0</ele></trkpt><trkpt lat="61.06327989" lon="14.35335258"><ele>218.0</ele></trkpt><trkpt lat="61.06309473" lon="14.35324747"><ele>219.0</ele></trkpt><trkpt lat="61.06295999" lon="14.35299954"><ele>219.0</ele></trkpt><trkpt lat="61.06285263" lon="14.35269052"><ele>221.0</ele></trkpt><trkpt lat="61.06273571" lon="14.35239587"><ele>221.0</ele></trkpt><trkpt lat="61.06259488" lon="14.35216411"><ele>223.0</ele></trkpt><trkpt lat="61.06246579" lon="14.35188293"><ele>225.0</ele></trkpt><trkpt lat="61.06236365" lon="14.35156493"><ele>227.0</ele></trkpt><trkpt lat="61.06226976" lon="14.35124154"><ele>229.0</ele></trkpt><trkpt lat="61.06220891" lon="14.35087951"><ele>231.0</ele></trkpt><trkpt lat="61.06210068" lon="14.35057499"><ele>233.0</ele></trkpt><trkpt lat="61.06194290" lon="14.35038724"><ele>235.0</ele></trkpt><trkpt lat="61.06177685" lon="14.35022554"><ele>237.0</ele></trkpt><trkpt lat="61.06160473" lon="14.35009798"><ele>237.0</ele></trkpt><trkpt lat="61.06151692" lon="14.34998839"><ele>238.0</ele></trkpt><trkpt lat="61.06145564" lon="14.34986442"><ele>238.0</ele></trkpt><trkpt lat="61.06132784" lon="14.34953114"><ele>239.0</ele></trkpt><trkpt lat="61.06119657" lon="14.34931555"><ele>239.0</ele></trkpt><trkpt lat="61.06102488" lon="14.34918080"><ele>238.0</ele></trkpt><trkpt lat="61.06087969" lon="14.34895083"><ele>238.0</ele></trkpt><trkpt lat="61.06074494" lon="14.34868763"><ele>238.0</ele></trkpt><trkpt lat="61.06063671" lon="14.34854569"><ele>238.0</ele></trkpt><trkpt lat="61.06058368" lon="14.34849628"><ele>238.0</ele></trkpt><trkpt lat="61.06040676" lon="14.34841454"><ele>238.0</ele></trkpt><trkpt lat="61.06020159" lon="14.34839028"><ele>239.0</ele></trkpt><trkpt lat="61.06003511" lon="14.34834447"><ele>239.0</ele></trkpt><trkpt lat="61.05985688" lon="14.34829596"><ele>240.0</ele></trkpt><trkpt lat="61.05967388" lon="14.34821511"><ele>240.0</ele></trkpt><trkpt lat="61.05948870" lon="14.34808396"><ele>241.0</ele></trkpt><trkpt lat="61.05930873" lon="14.34797975"><ele>241.0</ele></trkpt><trkpt lat="61.05928091" lon="14.34797796"><ele>242.0</ele></trkpt><trkpt lat="61.05916963" lon="14.34807587"><ele>241.0</ele></trkpt><trkpt lat="61.05914485" lon="14.34813336"><ele>241.0</ele></trkpt><trkpt lat="61.05905400" lon="14.34846215"><ele>241.0</ele></trkpt><trkpt lat="61.05899792" lon="14.34881519"><ele>240.0</ele></trkpt><trkpt lat="61.05891185" lon="14.34905234"><ele>240.0</ele></trkpt><trkpt lat="61.05886664" lon="14.34941436"><ele>240.0</ele></trkpt><trkpt lat="61.05875883" lon="14.34972698"><ele>239.0</ele></trkpt><trkpt lat="61.05862494" lon="14.34998120"><ele>238.0</ele></trkpt><trkpt lat="61.05846454" lon="14.35010786"><ele>238.0</ele></trkpt><trkpt lat="61.05828674" lon="14.35024890"><ele>238.0</ele></trkpt><trkpt lat="61.05810677" lon="14.35017074"><ele>239.0</ele></trkpt><trkpt lat="61.05792593" lon="14.35011774"><ele>239.0</ele></trkpt><trkpt lat="61.05773682" lon="14.35013032"><ele>240.0</ele></trkpt><trkpt lat="61.05756815" lon="14.35021476"><ele>241.0</ele></trkpt><trkpt lat="61.05737687" lon="14.35031088"><ele>241.0</ele></trkpt><trkpt lat="61.05719994" lon="14.35044383"><ele>240.0</ele></trkpt><trkpt lat="61.05704170" lon="14.35058487"><ele>239.0</ele></trkpt><trkpt lat="61.05686476" lon="14.35074387"><ele>237.0</ele></trkpt><trkpt lat="61.05669478" lon="14.35088221"><ele>236.0</ele></trkpt><trkpt lat="61.05653306" lon="14.35100708"><ele>232.0</ele></trkpt><trkpt lat="61.05635091" lon="14.35114631"><ele>230.0</ele></trkpt><trkpt lat="61.05618397" lon="14.35128286"><ele>228.0</ele></trkpt><trkpt lat="61.05601268" lon="14.35144815"><ele>224.0</ele></trkpt><trkpt lat="61.05586182" lon="14.35162601"><ele>220.0</ele></trkpt><trkpt lat="61.05568879" lon="14.35182993"><ele>219.0</ele></trkpt><trkpt lat="61.05554359" lon="14.35202127"><ele>217.0</ele></trkpt><trkpt lat="61.05538186" lon="14.35223417"><ele>216.0</ele></trkpt><trkpt lat="61.05522970" lon="14.35246324"><ele>215.0</ele></trkpt><trkpt lat="61.05508883" lon="14.35270579"><ele>215.0</ele></trkpt><trkpt lat="61.05495058" lon="14.35295552"><ele>214.0</ele></trkpt><trkpt lat="61.05480711" lon="14.35325556"><ele>214.0</ele></trkpt><trkpt lat="61.05456582" lon="14.35375951"><ele>213.0</ele></trkpt><trkpt lat="61.05441887" lon="14.35400116"><ele>212.0</ele></trkpt><trkpt lat="61.05432278" lon="14.35411884"><ele>212.0</ele></trkpt><trkpt lat="61.05425670" lon="14.35417454"><ele>212.0</ele></trkpt><trkpt lat="61.05408975" lon="14.35426437"><ele>212.0</ele></trkpt><trkpt lat="61.05390280" lon="14.35436588"><ele>212.0</ele></trkpt><trkpt lat="61.05372671" lon="14.35443864"><ele>212.0</ele></trkpt><trkpt lat="61.05353976" lon="14.35447098"><ele>212.0</ele></trkpt><trkpt lat="61.05335498" lon="14.35448984"><ele>212.0</ele></trkpt><trkpt lat="61.05317063" lon="14.35445661"><ele>212.0</ele></trkpt><trkpt lat="61.05298585" lon="14.35440630"><ele>213.0</ele></trkpt><trkpt lat="61.05280498" lon="14.35428413"><ele>213.0</ele></trkpt><trkpt lat="61.05264889" lon="14.35408381"><ele>214.0</ele></trkpt><trkpt lat="61.05250193" lon="14.35386012"><ele>214.0</ele></trkpt><trkpt lat="61.05238497" lon="14.35371011"><ele>214.0</ele></trkpt><trkpt lat="61.05233888" lon="14.35367777"><ele>214.0</ele></trkpt><trkpt lat="61.05220757" lon="14.35367956"><ele>214.0</ele></trkpt><trkpt lat="61.05215670" lon="14.35371280"><ele>214.0</ele></trkpt><trkpt lat="61.05199583" lon="14.35390414"><ele>213.0</ele></trkpt><trkpt lat="61.05185756" lon="14.35412513"><ele>213.0</ele></trkpt><trkpt lat="61.05169799" lon="14.35437845"><ele>213.0</ele></trkpt><trkpt lat="61.05156972" lon="14.35465244"><ele>212.0</ele></trkpt><trkpt lat="61.05142493" lon="14.35489139"><ele>212.0</ele></trkpt><trkpt lat="61.05127188" lon="14.35508633"><ele>212.0</ele></trkpt><trkpt lat="61.05110187" lon="14.35524892"><ele>211.0</ele></trkpt><trkpt lat="61.05092099" lon="14.35535582"><ele>211.0</ele></trkpt><trkpt lat="61.05074576" lon="14.35543757"><ele>211.0</ele></trkpt><trkpt lat="61.05056661" lon="14.35548428"><ele>212.0</ele></trkpt><trkpt lat="61.05038181" lon="14.35554626"><ele>212.0</ele></trkpt><trkpt lat="61.05019397" lon="14.35558938"><ele>212.0</ele></trkpt><trkpt lat="61.05000960" lon="14.35562262"><ele>212.0</ele></trkpt><trkpt lat="61.04984176" lon="14.35547889"><ele>213.0</ele></trkpt><trkpt lat="61.04970088" lon="14.35531270"><ele>213.0</ele></trkpt><trkpt lat="61.04968261" lon="14.35529923"><ele>213.0</ele></trkpt><trkpt lat="61.04951694" lon="14.35531719"><ele>214.0</ele></trkpt><trkpt lat="61.04949868" lon="14.35533785"><ele>214.0</ele></trkpt><trkpt lat="61.04936084" lon="14.35559118"><ele>214.0</ele></trkpt><trkpt lat="61.04925169" lon="14.35590020"><ele>214.0</ele></trkpt><trkpt lat="61.04914690" lon="14.35621641"><ele>213.0</ele></trkpt><trkpt lat="61.04903732" lon="14.35649129"><ele>213.0</ele></trkpt><trkpt lat="61.04891469" lon="14.35679941"><ele>214.0</ele></trkpt><trkpt lat="61.04878468" lon="14.35707969"><ele>214.0</ele></trkpt><trkpt lat="61.04863596" lon="14.35731954"><ele>214.0</ele></trkpt><trkpt lat="61.04848072" lon="14.35750728"><ele>214.0</ele></trkpt><trkpt lat="61.04845767" lon="14.35755040"><ele>215.0</ele></trkpt><trkpt lat="61.04841984" lon="14.35777858"><ele>214.0</ele></trkpt><trkpt lat="61.04841680" lon="14.35786392"><ele>214.0</ele></trkpt><trkpt lat="61.04838549" lon="14.35819629"><ele>214.0</ele></trkpt><trkpt lat="61.04834592" lon="14.35861940"><ele>214.0</ele></trkpt><trkpt lat="61.04829547" lon="14.35903173"><ele>214.0</ele></trkpt><trkpt lat="61.04820981" lon="14.35973511"><ele>213.0</ele></trkpt><trkpt lat="61.04815589" lon="14.36010342"><ele>212.0</ele></trkpt><trkpt lat="61.04809196" lon="14.36045735"><ele>212.0</ele></trkpt><trkpt lat="61.04803500" lon="14.36081758"><ele>212.0</ele></trkpt><trkpt lat="61.04797281" lon="14.36117061"><ele>212.0</ele></trkpt><trkpt lat="61.04787497" lon="14.36148772"><ele>211.0</ele></trkpt><trkpt lat="61.04775974" lon="14.36177249"><ele>211.0</ele></trkpt><trkpt lat="61.04762493" lon="14.36202581"><ele>210.0</ele></trkpt><trkpt lat="61.04749665" lon="14.36228812"><ele>210.0</ele></trkpt><trkpt lat="61.04737662" lon="14.36256480"><ele>209.0</ele></trkpt><trkpt lat="61.04726660" lon="14.36287472"><ele>209.0</ele></trkpt><trkpt lat="61.04717702" lon="14.36317655"><ele>208.0</ele></trkpt><trkpt lat="61.04707657" lon="14.36351252"><ele>208.0</ele></trkpt><trkpt lat="61.04697481" lon="14.36379998"><ele>207.0</ele></trkpt><trkpt lat="61.04685957" lon="14.36412428"><ele>207.0</ele></trkpt><trkpt lat="61.04675694" lon="14.36442880"><ele>207.0</ele></trkpt><trkpt lat="61.04666257" lon="14.36474411"><ele>206.0</ele></trkpt><trkpt lat="61.04657473" lon="14.36506930"><ele>206.0</ele></trkpt><trkpt lat="61.04648645" lon="14.36538012"><ele>206.0</ele></trkpt><trkpt lat="61.04638469" lon="14.36573765"><ele>205.0</ele></trkpt><trkpt lat="61.04627553" lon="14.36609518"><ele>205.0</ele></trkpt><trkpt lat="61.04609158" lon="14.36669795"><ele>205.0</ele></trkpt><trkpt lat="61.04596460" lon="14.36697463"><ele>204.0</ele></trkpt><trkpt lat="61.04580804" lon="14.36724951"><ele>204.0</ele></trkpt><trkpt lat="61.04553971" lon="14.36771933"><ele>204.0</ele></trkpt><trkpt lat="61.04540403" lon="14.36794840"><ele>204.0</ele></trkpt><trkpt lat="61.04524573" lon="14.36821520"><ele>204.0</ele></trkpt><trkpt lat="61.04511874" lon="14.36845595"><ele>204.0</ele></trkpt><trkpt lat="61.04497566" lon="14.36872634"><ele>204.0</ele></trkpt><trkpt lat="61.04485911" lon="14.36899404"><ele>205.0</ele></trkpt><trkpt lat="61.04472559" lon="14.36929947"><ele>205.0</ele></trkpt><trkpt lat="61.04460295" lon="14.36956986"><ele>205.0</ele></trkpt><trkpt lat="61.04438594" lon="14.36996243"><ele>205.0</ele></trkpt><trkpt lat="61.04425286" lon="14.37024001"><ele>205.0</ele></trkpt><trkpt lat="61.04406889" lon="14.37062359"><ele>206.0</ele></trkpt><trkpt lat="61.04388058" lon="14.37103591"><ele>206.0</ele></trkpt><trkpt lat="61.04382665" lon="14.37118324"><ele>206.0</ele></trkpt><trkpt lat="61.04374271" lon="14.37151112"><ele>206.0</ele></trkpt><trkpt lat="61.04366573" lon="14.37186955"><ele>206.0</ele></trkpt><trkpt lat="61.04358570" lon="14.37220821"><ele>205.0</ele></trkpt><trkpt lat="61.04350351" lon="14.37252532"><ele>205.0</ele></trkpt><trkpt lat="61.04341000" lon="14.37288734"><ele>205.0</ele></trkpt><trkpt lat="61.04330475" lon="14.37320984"><ele>205.0</ele></trkpt><trkpt lat="61.04312991" lon="14.37348831"><ele>206.0</ele></trkpt><trkpt lat="61.04297986" lon="14.37371649"><ele>206.0</ele></trkpt><trkpt lat="61.04283373" lon="14.37395454"><ele>206.0</ele></trkpt><trkpt lat="61.04267672" lon="14.37416924"><ele>206.0</ele></trkpt><trkpt lat="61.04251884" lon="14.37436327"><ele>206.0</ele></trkpt><trkpt lat="61.04235661" lon="14.37454833"><ele>207.0</ele></trkpt><trkpt lat="61.04220395" lon="14.37474236"><ele>207.0</ele></trkpt><trkpt lat="61.04203737" lon="14.37498760"><ele>208.0</ele></trkpt><trkpt lat="61.04175771" lon="14.37539813"><ele>208.0</ele></trkpt><trkpt lat="61.04160200" lon="14.37559666"><ele>208.0</ele></trkpt><trkpt lat="61.04143194" lon="14.37574758"><ele>208.0</ele></trkpt><trkpt lat="61.04125970" lon="14.37585987"><ele>208.0</ele></trkpt><trkpt lat="61.04107963" lon="14.37583651"><ele>208.0</ele></trkpt><trkpt lat="61.04090087" lon="14.37572961"><ele>208.0</ele></trkpt><trkpt lat="61.04072167" lon="14.37563978"><ele>209.0</ele></trkpt><trkpt lat="61.04054725" lon="14.37561642"><ele>209.0</ele></trkpt><trkpt lat="61.04034586" lon="14.37558947"><ele>210.0</ele></trkpt><trkpt lat="61.04016057" lon="14.37553288"><ele>210.0</ele></trkpt><trkpt lat="61.03998180" lon="14.37544395"><ele>211.0</ele></trkpt><trkpt lat="61.03980260" lon="14.37532986"><ele>211.0</ele></trkpt><trkpt lat="61.03962382" lon="14.37522566"><ele>211.0</ele></trkpt><trkpt lat="61.03945680" lon="14.37514481"><ele>211.0</ele></trkpt><trkpt lat="61.03927193" lon="14.37505498"><ele>212.0</ele></trkpt><trkpt lat="61.03909185" lon="14.37494358"><ele>212.0</ele></trkpt><trkpt lat="61.03892743" lon="14.37482231"><ele>212.0</ele></trkpt><trkpt lat="61.03873865" lon="14.37468397"><ele>213.0</ele></trkpt><trkpt lat="61.03855770" lon="14.37459683"><ele>213.0</ele></trkpt><trkpt lat="61.03838066" lon="14.37473158"><ele>213.0</ele></trkpt><trkpt lat="61.03822537" lon="14.37501006"><ele>213.0</ele></trkpt><trkpt lat="61.03796090" lon="14.37548437"><ele>214.0</ele></trkpt><trkpt lat="61.03781865" lon="14.37572063"><ele>214.0</ele></trkpt><trkpt lat="61.03766075" lon="14.37591826"><ele>214.0</ele></trkpt><trkpt lat="61.03749763" lon="14.37609253"><ele>214.0</ele></trkpt><trkpt lat="61.03734277" lon="14.37628836"><ele>214.0</ele></trkpt><trkpt lat="61.03719182" lon="14.37652192"><ele>215.0</ele></trkpt><trkpt lat="61.03706698" lon="14.37676537"><ele>215.0</ele></trkpt><trkpt lat="61.03692865" lon="14.37703666"><ele>215.0</ele></trkpt><trkpt lat="61.03678988" lon="14.37728370"><ele>215.0</ele></trkpt><trkpt lat="61.03664285" lon="14.37751456"><ele>216.0</ele></trkpt><trkpt lat="61.03642665" lon="14.37788377"><ele>216.0</ele></trkpt><trkpt lat="61.03630571" lon="14.37802570"><ele>216.0</ele></trkpt><trkpt lat="61.03624786" lon="14.37803020"><ele>216.0</ele></trkpt><trkpt lat="61.03619174" lon="14.37799157"><ele>216.0</ele></trkpt><trkpt lat="61.03608298" lon="14.37789365"><ele>216.0</ele></trkpt><trkpt lat="61.03602774" lon="14.37785682"><ele>216.0</ele></trkpt><trkpt lat="61.03585373" lon="14.37776070"><ele>217.0</ele></trkpt><trkpt lat="61.03573671" lon="14.37768794"><ele>217.0</ele></trkpt><trkpt lat="61.03556879" lon="14.37756487"><ele>217.0</ele></trkpt><trkpt lat="61.03546177" lon="14.37746875"><ele>217.0</ele></trkpt><trkpt lat="61.03535389" lon="14.37736095"><ele>217.0</ele></trkpt><trkpt lat="61.03529864" lon="14.37731514"><ele>218.0</ele></trkpt><trkpt lat="61.03524687" lon="14.37729627"><ele>218.0</ele></trkpt><trkpt lat="61.03519075" lon="14.37730436"><ele>218.0</ele></trkpt><trkpt lat="61.03513376" lon="14.37732861"><ele>218.0</ele></trkpt><trkpt lat="61.03507982" lon="14.37736634"><ele>218.0</ele></trkpt><trkpt lat="61.03502588" lon="14.37741485"><ele>218.0</ele></trkpt><trkpt lat="61.03486883" lon="14.37758643"><ele>218.0</ele></trkpt><trkpt lat="61.03463478" lon="14.37787389"><ele>218.0</ele></trkpt><trkpt lat="61.03444467" lon="14.37812362"><ele>219.0</ele></trkpt><trkpt lat="61.03440682" lon="14.37818920"><ele>219.0</ele></trkpt><trkpt lat="61.03434765" lon="14.37827633"><ele>219.0</ele></trkpt><trkpt lat="61.03426152" lon="14.37842635"><ele>219.0</ele></trkpt><trkpt lat="61.03416668" lon="14.37859164"><ele>219.0</ele></trkpt><trkpt lat="61.03407880" lon="14.37876142"><ele>219.0</ele></trkpt><trkpt lat="61.03399570" lon="14.37893660"><ele>219.0</ele></trkpt><trkpt lat="61.03383561" lon="14.37944145"><ele>219.0</ele></trkpt><trkpt lat="61.03370988" lon="14.37995079"><ele>219.0</ele></trkpt><trkpt lat="61.03361939" lon="14.38024275"><ele>219.0</ele></trkpt><trkpt lat="61.03352368" lon="14.38055267"><ele>220.0</ele></trkpt><trkpt lat="61.03349583" lon="14.38065867"><ele>220.0</ele></trkpt><trkpt lat="61.03336793" lon="14.38108357"><ele>220.0</ele></trkpt><trkpt lat="61.03332660" lon="14.38118238"><ele>220.0</ele></trkpt><trkpt lat="61.03324785" lon="14.38133150"><ele>220.0</ele></trkpt><trkpt lat="61.03300987" lon="14.38165130"><ele>220.0</ele></trkpt><trkpt lat="61.03294288" lon="14.38171778"><ele>220.0</ele></trkpt><trkpt lat="61.03279234" lon="14.38171958"><ele>220.0</ele></trkpt><trkpt lat="61.03260092" lon="14.38172227"><ele>220.0</ele></trkpt><trkpt lat="61.03242863" lon="14.38158842"><ele>219.0</ele></trkpt><trkpt lat="61.03225982" lon="14.38143571"><ele>219.0</ele></trkpt><trkpt lat="61.03211364" lon="14.38122281"><ele>219.0</ele></trkpt><trkpt lat="61.03195571" lon="14.38101081"><ele>219.0</ele></trkpt><trkpt lat="61.03177776" lon="14.38091469"><ele>219.0</ele></trkpt><trkpt lat="61.03160547" lon="14.38088684"><ele>219.0</ele></trkpt><trkpt lat="61.03141099" lon="14.38085540"><ele>219.0</ele></trkpt><trkpt lat="61.03122173" lon="14.38085360"><ele>219.0</ele></trkpt><trkpt lat="61.03103900" lon="14.38087965"><ele>219.0</ele></trkpt><trkpt lat="61.03085191" lon="14.38091918"><ele>219.0</ele></trkpt><trkpt lat="61.03066787" lon="14.38096859"><ele>219.0</ele></trkpt><trkpt lat="61.03046555" lon="14.38104315"><ele>219.0</ele></trkpt><trkpt lat="61.03012095" lon="14.38117071"><ele>219.0</ele></trkpt><trkpt lat="61.02993473" lon="14.38116891"><ele>219.0</ele></trkpt><trkpt lat="61.02975198" lon="14.38112759"><ele>219.0</ele></trkpt><trkpt lat="61.02957272" lon="14.38105752"><ele>219.0</ele></trkpt><trkpt lat="61.02939085" lon="14.38097218"><ele>219.0</ele></trkpt><trkpt lat="61.02922289" lon="14.38090391"><ele>220.0</ele></trkpt><trkpt lat="61.02903797" lon="14.38082755"><ele>220.0</ele></trkpt><trkpt lat="61.02885783" lon="14.38082216"><ele>220.0</ele></trkpt><trkpt lat="61.02870772" lon="14.38105662"><ele>220.0</ele></trkpt><trkpt lat="61.02859589" lon="14.38135217"><ele>219.0</ele></trkpt><trkpt lat="61.02846492" lon="14.38162166"><ele>219.0</ele></trkpt><trkpt lat="61.02831872" lon="14.38185792"><ele>219.0</ele></trkpt><trkpt lat="61.02817165" lon="14.38207621"><ele>219.0</ele></trkpt><trkpt lat="61.02801457" lon="14.38228462"><ele>219.0</ele></trkpt><trkpt lat="61.02787533" lon="14.38249033"><ele>219.0</ele></trkpt><trkpt lat="61.02772085" lon="14.38271850"><ele>219.0</ele></trkpt><trkpt lat="61.02758422" lon="14.38293949"><ele>220.0</ele></trkpt><trkpt lat="61.02742888" lon="14.38318922"><ele>220.0</ele></trkpt><trkpt lat="61.02728659" lon="14.38339314"><ele>220.0</ele></trkpt><trkpt lat="61.02712689" lon="14.38362221"><ele>220.0</ele></trkpt><trkpt lat="61.02697372" lon="14.38382613"><ele>220.0</ele></trkpt><trkpt lat="61.02682142" lon="14.38400130"><ele>220.0</ele></trkpt><trkpt lat="61.02664693" lon="14.38420072"><ele>220.0</ele></trkpt><trkpt lat="61.02649681" lon="14.38440913"><ele>220.0</ele></trkpt><trkpt lat="61.02636887" lon="14.38469210"><ele>219.0</ele></trkpt><trkpt lat="61.02622788" lon="14.38518168"><ele>219.0</ele></trkpt><trkpt lat="61.02619481" lon="14.38536763"><ele>219.0</ele></trkpt><trkpt lat="61.02609690" lon="14.38570091"><ele>219.0</ele></trkpt><trkpt lat="61.02600987" lon="14.38603059"><ele>219.0</ele></trkpt><trkpt lat="61.02593459" lon="14.38634860"><ele>219.0</ele></trkpt><trkpt lat="61.02585191" lon="14.38670073"><ele>219.0</ele></trkpt><trkpt lat="61.02574268" lon="14.38701245"><ele>219.0</ele></trkpt><trkpt lat="61.02559081" lon="14.38725769"><ele>219.0</ele></trkpt><trkpt lat="61.02542763" lon="14.38742927"><ele>219.0</ele></trkpt><trkpt lat="61.02533059" lon="14.38754066"><ele>219.0</ele></trkpt><trkpt lat="61.02527793" lon="14.38762780"><ele>219.0</ele></trkpt><trkpt lat="61.02514477" lon="14.38789999"><ele>219.0</ele></trkpt><trkpt lat="61.02500987" lon="14.38815870"><ele>220.0</ele></trkpt><trkpt lat="61.02485669" lon="14.38837070"><ele>220.0</ele></trkpt><trkpt lat="61.02467957" lon="14.38852521"><ele>220.0</ele></trkpt><trkpt lat="61.02449985" lon="14.38861954"><ele>220.0</ele></trkpt><trkpt lat="61.02433013" lon="14.38869050"><ele>220.0</ele></trkpt><trkpt lat="61.02413865" lon="14.38877135"><ele>220.0</ele></trkpt><trkpt lat="61.02397241" lon="14.38887825"><ele>220.0</ele></trkpt><trkpt lat="61.02378267" lon="14.38899952"><ele>220.0</ele></trkpt><trkpt lat="61.02358553" lon="14.38911990"><ele>220.0</ele></trkpt><trkpt lat="61.02325000" lon="14.38932561"><ele>220.0</ele></trkpt><trkpt lat="61.02305068" lon="14.38942712"><ele>219.0</ele></trkpt><trkpt lat="61.02271383" lon="14.38959870"><ele>219.0</ele></trkpt><trkpt lat="61.02254498" lon="14.38972896"><ele>219.0</ele></trkpt><trkpt lat="61.02237873" lon="14.38988886"><ele>219.0</ele></trkpt><trkpt lat="61.02221379" lon="14.39003798"><ele>219.0</ele></trkpt><trkpt lat="61.02204667" lon="14.39020147"><ele>219.0</ele></trkpt><trkpt lat="61.02187998" lon="14.39038652"><ele>219.0</ele></trkpt><trkpt lat="61.02172591" lon="14.39058685"><ele>219.0</ele></trkpt><trkpt lat="61.02156271" lon="14.39076561"><ele>219.0</ele></trkpt><trkpt lat="61.02141822" lon="14.39096144"><ele>219.0</ele></trkpt><trkpt lat="61.02125588" lon="14.39118153"><ele>219.0</ele></trkpt><trkpt lat="61.02111966" lon="14.39141150"><ele>219.0</ele></trkpt><trkpt lat="61.02101694" lon="14.39171872"><ele>219.0</ele></trkpt><trkpt lat="61.02092990" lon="14.39202774"><ele>219.0</ele></trkpt><trkpt lat="61.02083197" lon="14.39237539"><ele>219.0</ele></trkpt><trkpt lat="61.02074580" lon="14.39270328"><ele>219.0</ele></trkpt><trkpt lat="61.02067355" lon="14.39302937"><ele>219.0</ele></trkpt><trkpt lat="61.02059086" lon="14.39340127"><ele>219.0</ele></trkpt><trkpt lat="61.02051382" lon="14.39372287"><ele>218.0</ele></trkpt><trkpt lat="61.02042677" lon="14.39408758"><ele>218.0</ele></trkpt><trkpt lat="61.02039370" lon="14.39424748"><ele>218.0</ele></trkpt><trkpt lat="61.02036671" lon="14.39443074"><ele>218.0</ele></trkpt><trkpt lat="61.02034582" lon="14.39481252"><ele>218.0</ele></trkpt><trkpt lat="61.02034582" lon="14.39520059"><ele>218.0</ele></trkpt><trkpt lat="61.02035365" lon="14.39557250"><ele>218.0</ele></trkpt><trkpt lat="61.02036715" lon="14.39592643"><ele>218.0</ele></trkpt><trkpt lat="61.02038194" lon="14.39632169"><ele>218.0</ele></trkpt><trkpt lat="61.02040414" lon="14.39674390"><ele>218.0</ele></trkpt><trkpt lat="61.02044157" lon="14.39746615"><ele>218.0</ele></trkpt><trkpt lat="61.02045680" lon="14.39783715"><ele>218.0</ele></trkpt><trkpt lat="61.02046769" lon="14.39822522"><ele>218.0</ele></trkpt><trkpt lat="61.02046290" lon="14.39860970"><ele>218.0</ele></trkpt><trkpt lat="61.02044157" lon="14.39899957"><ele>218.0</ele></trkpt><trkpt lat="61.02038673" lon="14.39938225"><ele>218.0</ele></trkpt><trkpt lat="61.02028968" lon="14.39972361"><ele>218.0</ele></trkpt><trkpt lat="61.02018000" lon="14.40002814"><ele>218.0</ele></trkpt><trkpt lat="61.02003767" lon="14.40027428"><ele>218.0</ele></trkpt><trkpt lat="61.01990580" lon="14.40053569"><ele>218.0</ele></trkpt><trkpt lat="61.01979089" lon="14.40081686"><ele>218.0</ele></trkpt><trkpt lat="61.01968078" lon="14.40111151"><ele>218.0</ele></trkpt><trkpt lat="61.01956674" lon="14.40140166"><ele>218.0</ele></trkpt><trkpt lat="61.01941963" lon="14.40179602"><ele>218.0</ele></trkpt><trkpt lat="61.01927252" lon="14.40219039"><ele>218.0</ele></trkpt><trkpt lat="61.01900397" lon="14.40291263"><ele>218.0</ele></trkpt><trkpt lat="61.01889820" lon="14.40321896"><ele>218.0</ele></trkpt><trkpt lat="61.01876458" lon="14.40360793"><ele>218.0</ele></trkpt><trkpt lat="61.01857263" lon="14.40413344"><ele>218.0</ele></trkpt><trkpt lat="61.01848253" lon="14.40443797"><ele>218.0</ele></trkpt><trkpt lat="61.01838068" lon="14.40477933"><ele>218.0</ele></trkpt><trkpt lat="61.01828971" lon="14.40511799"><ele>218.0</ele></trkpt><trkpt lat="61.01820266" lon="14.40545935"><ele>218.0</ele></trkpt><trkpt lat="61.01811300" lon="14.40576748"><ele>218.0</ele></trkpt><trkpt lat="61.01800984" lon="14.40612051"><ele>217.0</ele></trkpt><trkpt lat="61.01791278" lon="14.40643852"><ele>217.0</ele></trkpt><trkpt lat="61.01783791" lon="14.40671071"><ele>218.0</ele></trkpt><trkpt lat="61.01781484" lon="14.40681940"><ele>218.0</ele></trkpt><trkpt lat="61.01781484" lon="14.40687420"><ele>218.0</ele></trkpt><trkpt lat="61.01786664" lon="14.40713741"><ele>218.0</ele></trkpt><trkpt lat="61.01796588" lon="14.40730180"><ele>218.0</ele></trkpt><trkpt lat="61.01801376" lon="14.40736917"><ele>218.0</ele></trkpt><trkpt lat="61.01816088" lon="14.40760184"><ele>218.0</ele></trkpt><trkpt lat="61.01829276" lon="14.40785875"><ele>218.0</ele></trkpt><trkpt lat="61.01836458" lon="14.40811927"><ele>218.0</ele></trkpt><trkpt lat="61.01837067" lon="14.40821089"><ele>218.0</ele></trkpt><trkpt lat="61.01835761" lon="14.40849836"><ele>218.0</ele></trkpt><trkpt lat="61.01834586" lon="14.40859358"><ele>218.0</ele></trkpt><trkpt lat="61.01827492" lon="14.40893494"><ele>219.0</ele></trkpt><trkpt lat="61.01822660" lon="14.40910651"><ele>219.0</ele></trkpt><trkpt lat="61.01816871" lon="14.40923587"><ele>219.0</ele></trkpt><trkpt lat="61.01807774" lon="14.40947572"><ele>218.0</ele></trkpt><trkpt lat="61.01794063" lon="14.40987098"><ele>218.0</ele></trkpt><trkpt lat="61.01779047" lon="14.41015665"><ele>218.0</ele></trkpt><trkpt lat="61.01753888" lon="14.41063724"><ele>218.0</ele></trkpt><trkpt lat="61.01739959" lon="14.41089057"><ele>218.0</ele></trkpt><trkpt lat="61.01726683" lon="14.41114479"><ele>218.0</ele></trkpt><trkpt lat="61.01713059" lon="14.41138554"><ele>218.0</ele></trkpt><trkpt lat="61.01703875" lon="14.41153556"><ele>218.0</ele></trkpt><trkpt lat="61.01698086" lon="14.41160922"><ele>218.0</ele></trkpt><trkpt lat="61.01681066" lon="14.41175385"><ele>218.0</ele></trkpt><trkpt lat="61.01670097" lon="14.41180236"><ele>218.0</ele></trkpt><trkpt lat="61.01662784" lon="14.41182122"><ele>217.0</ele></trkpt><trkpt lat="61.01644198" lon="14.41178080"><ele>217.0</ele></trkpt><trkpt lat="61.01627874" lon="14.41162359"><ele>216.0</ele></trkpt><trkpt lat="61.01622259" lon="14.41153286"><ele>216.0</ele></trkpt><trkpt lat="61.01620083" lon="14.41150771"><ele>216.0</ele></trkpt><trkpt lat="61.01613379" lon="14.41138554"><ele>216.0</ele></trkpt><trkpt lat="61.01601278" lon="14.41110527"><ele>215.0</ele></trkpt><trkpt lat="61.01592093" lon="14.41078457"><ele>214.0</ele></trkpt><trkpt lat="61.01590570" lon="14.41065880"><ele>214.0</ele></trkpt><trkpt lat="61.01569284" lon="14.41057436"><ele>214.0</ele></trkpt><trkpt lat="61.01552482" lon="14.41048453"><ele>214.0</ele></trkpt><trkpt lat="61.01553178" lon="14.41019168"><ele>214.0</ele></trkpt><trkpt lat="61.01537290" lon="14.41007939"><ele>213.0</ele></trkpt><trkpt lat="61.01521183" lon="14.41010634"><ele>213.0</ele></trkpt><trkpt lat="61.01501595" lon="14.41019887"><ele>213.0</ele></trkpt><trkpt lat="61.01482485" lon="14.41029768"><ele>212.0</ele></trkpt><trkpt lat="61.01493280" lon="14.41089776"><ele>212.0</ele></trkpt><trkpt lat="61.01495979" lon="14.41117444"><ele>212.0</ele></trkpt><trkpt lat="61.01498765" lon="14.41137835"><ele>212.0</ele></trkpt><trkpt lat="61.01498286" lon="14.41146549"><ele>212.0</ele></trkpt><trkpt lat="61.01498373" lon="14.41165414"><ele>212.0</ele></trkpt><trkpt lat="61.01484879" lon="14.41168737"><ele>212.0</ele></trkpt><trkpt lat="61.01468772" lon="14.41172690"><ele>211.0</ele></trkpt><trkpt lat="61.01469034" lon="14.41220840"><ele>211.0</ele></trkpt><trkpt lat="61.01472951" lon="14.41256323"><ele>211.0</ele></trkpt><trkpt lat="61.01477522" lon="14.41298095"><ele>210.0</ele></trkpt><trkpt lat="61.01477261" lon="14.41324865"><ele>210.0</ele></trkpt><trkpt lat="61.01487012" lon="14.41329446"><ele>210.0</ele></trkpt><trkpt lat="61.01495674" lon="14.41342112"><ele>210.0</ele></trkpt><trkpt lat="61.01507907" lon="14.41369691"><ele>210.0</ele></trkpt><trkpt lat="61.01509691" lon="14.41405983"><ele>210.0</ele></trkpt><trkpt lat="61.01510127" lon="14.41456109"><ele>210.0</ele></trkpt><trkpt lat="61.01508603" lon="14.41496623"><ele>209.0</ele></trkpt><trkpt lat="61.01506252" lon="14.41558157"><ele>208.0</ele></trkpt><trkpt lat="61.01508385" lon="14.41599749"><ele>208.0</ele></trkpt><trkpt lat="61.01515524" lon="14.41631100"><ele>208.0</ele></trkpt><trkpt lat="61.01523099" lon="14.41664158"><ele>208.0</ele></trkpt><trkpt lat="61.01528366" lon="14.41684460"><ele>208.0</ele></trkpt><trkpt lat="61.01531195" lon="14.41697755"><ele>208.0</ele></trkpt><trkpt lat="61.01532762" lon="14.41736473"><ele>208.0</ele></trkpt><trkpt lat="61.01532197" lon="14.41771866"><ele>207.0</ele></trkpt><trkpt lat="61.01531587" lon="14.41811033"><ele>207.0</ele></trkpt><trkpt lat="61.01535374" lon="14.41846965"><ele>207.0</ele></trkpt><trkpt lat="61.01543993" lon="14.41880922"><ele>207.0</ele></trkpt><trkpt lat="61.01544777" lon="14.41919729"><ele>207.0</ele></trkpt><trkpt lat="61.01542948" lon="14.41961860"><ele>207.0</ele></trkpt><trkpt lat="61.01539858" lon="14.42032468"><ele>206.0</ele></trkpt><trkpt lat="61.01537290" lon="14.42069568"><ele>206.0</ele></trkpt><trkpt lat="61.01535461" lon="14.42106758"><ele>206.0</ele></trkpt><trkpt lat="61.01532371" lon="14.42144128"><ele>206.0</ele></trkpt><trkpt lat="61.01529976" lon="14.42181588"><ele>206.0</ele></trkpt><trkpt lat="61.01525580" lon="14.42219317"><ele>205.0</ele></trkpt><trkpt lat="61.01519312" lon="14.42263963"><ele>204.0</ele></trkpt><trkpt lat="61.01513043" lon="14.42308610"><ele>204.0</ele></trkpt><trkpt lat="61.01505382" lon="14.42363048"><ele>205.0</ele></trkpt><trkpt lat="61.01500768" lon="14.42400418"><ele>205.0</ele></trkpt><trkpt lat="61.01497198" lon="14.42436979"><ele>205.0</ele></trkpt><trkpt lat="61.01494760" lon="14.42475157"><ele>205.0</ele></trkpt><trkpt lat="61.01493716" lon="14.42510551"><ele>205.0</ele></trkpt><trkpt lat="61.01492584" lon="14.42549897"><ele>205.0</ele></trkpt><trkpt lat="61.01491887" lon="14.42591938"><ele>206.0</ele></trkpt><trkpt lat="61.01490799" lon="14.42662366"><ele>206.0</ele></trkpt><trkpt lat="61.01490320" lon="14.42706204"><ele>207.0</ele></trkpt><trkpt lat="61.01489493" lon="14.42787951"><ele>208.0</ele></trkpt><trkpt lat="61.01488797" lon="14.42813373"><ele>208.0</ele></trkpt><trkpt lat="61.01486098" lon="14.42850384"><ele>209.0</ele></trkpt><trkpt lat="61.01480308" lon="14.42883891"><ele>209.0</ele></trkpt><trkpt lat="61.01473866" lon="14.42921530"><ele>210.0</ele></trkpt><trkpt lat="61.01468859" lon="14.42957643"><ele>211.0</ele></trkpt><trkpt lat="61.01464289" lon="14.42994384"><ele>213.0</ele></trkpt><trkpt lat="61.01456758" lon="14.43045857"><ele>215.0</ele></trkpt><trkpt lat="61.01452971" lon="14.43080173"><ele>217.0</ele></trkpt><trkpt lat="61.01449358" lon="14.43118621"><ele>217.0</ele></trkpt><trkpt lat="61.01445396" lon="14.43155991"><ele>217.0</ele></trkpt><trkpt lat="61.01445962" lon="14.43222376"><ele>214.0</ele></trkpt><trkpt lat="61.01441348" lon="14.43256602"><ele>211.0</ele></trkpt><trkpt lat="61.01436168" lon="14.43294870"><ele>207.0</ele></trkpt><trkpt lat="61.01428158" lon="14.43329096"><ele>204.0</ele></trkpt><trkpt lat="61.01419277" lon="14.43362334"><ele>202.0</ele></trkpt><trkpt lat="61.01410658" lon="14.43393325"><ele>200.0</ele></trkpt><trkpt lat="61.01400863" lon="14.43428360"><ele>200.0</ele></trkpt><trkpt lat="61.01390067" lon="14.43459352"><ele>200.0</ele></trkpt><trkpt lat="61.01380273" lon="14.43491062"><ele>200.0</ele></trkpt><trkpt lat="61.01370783" lon="14.43523851"><ele>200.0</ele></trkpt><trkpt lat="61.01357070" lon="14.43550890"><ele>200.0</ele></trkpt><trkpt lat="61.01340397" lon="14.43566521"><ele>200.0</ele></trkpt><trkpt lat="61.01323680" lon="14.43581253"><ele>200.0</ele></trkpt><trkpt lat="61.01307965" lon="14.43599668"><ele>200.0</ele></trkpt><trkpt lat="61.01293860" lon="14.43625091"><ele>200.0</ele></trkpt><trkpt lat="61.01282149" lon="14.43651591"><ele>200.0</ele></trkpt><trkpt lat="61.01268784" lon="14.43681954"><ele>200.0</ele></trkpt><trkpt lat="61.01255289" lon="14.43708185"><ele>200.0</ele></trkpt><trkpt lat="61.01240879" lon="14.43726690"><ele>200.0</ele></trkpt><trkpt lat="61.01222595" lon="14.43746094"><ele>200.0</ele></trkpt><trkpt lat="61.01213757" lon="14.43756514"><ele>199.0</ele></trkpt><trkpt lat="61.01203004" lon="14.43769809"><ele>199.0</ele></trkpt><trkpt lat="61.01190858" lon="14.43784721"><ele>199.0</ele></trkpt><trkpt lat="61.01175490" lon="14.43804664"><ele>199.0</ele></trkpt><trkpt lat="61.01162386" lon="14.43830625"><ele>199.0</ele></trkpt><trkpt lat="61.01147758" lon="14.43853173"><ele>199.0</ele></trkpt><trkpt lat="61.01131955" lon="14.43867277"><ele>199.0</ele></trkpt><trkpt lat="61.01114279" lon="14.43883177"><ele>199.0</ele></trkpt><trkpt lat="61.01100957" lon="14.43906713"><ele>199.0</ele></trkpt><trkpt lat="61.01085458" lon="14.43934111"><ele>199.0</ele></trkpt><trkpt lat="61.01070961" lon="14.43957467"><ele>198.0</ele></trkpt><trkpt lat="61.01057682" lon="14.43980464"><ele>198.0</ele></trkpt><trkpt lat="61.01042575" lon="14.44006695"><ele>198.0</ele></trkpt><trkpt lat="61.01028469" lon="14.44029872"><ele>198.0</ele></trkpt><trkpt lat="61.01013361" lon="14.44052240"><ele>198.0</ele></trkpt><trkpt lat="61.00997470" lon="14.44072362"><ele>198.0</ele></trkpt><trkpt lat="61.00981057" lon="14.44090238"><ele>198.0</ele></trkpt><trkpt lat="61.00964599" lon="14.44106139"><ele>198.0</ele></trkpt><trkpt lat="61.00946966" lon="14.44117457"><ele>198.0</ele></trkpt><trkpt lat="61.00928767" lon="14.44126980"><ele>198.0</ele></trkpt><trkpt lat="61.00920582" lon="14.44133088"><ele>198.0</ele></trkpt><trkpt lat="61.00912266" lon="14.44143239"><ele>198.0</ele></trkpt><trkpt lat="61.00898377" lon="14.44167134"><ele>197.0</ele></trkpt><trkpt lat="61.00886099" lon="14.44196150"><ele>197.0</ele></trkpt><trkpt lat="61.00875781" lon="14.44228399"><ele>197.0</ele></trkpt><trkpt lat="61.00868989" lon="14.44260918"><ele>197.0</ele></trkpt><trkpt lat="61.00861500" lon="14.44297120"><ele>197.0</ele></trkpt><trkpt lat="61.00862588" lon="14.44333592"><ele>197.0</ele></trkpt><trkpt lat="61.00868989" lon="14.44368986"><ele>197.0</ele></trkpt><trkpt lat="61.00878393" lon="14.44402672"><ele>197.0</ele></trkpt><trkpt lat="61.00886186" lon="14.44438246"><ele>197.0</ele></trkpt><trkpt lat="61.00892500" lon="14.44475077"><ele>197.0</ele></trkpt><trkpt lat="61.00894459" lon="14.44494929"><ele>197.0</ele></trkpt><trkpt lat="61.00894198" lon="14.44513884"><ele>196.0</ele></trkpt><trkpt lat="61.00890584" lon="14.44551523"><ele>196.0</ele></trkpt><trkpt lat="61.00885054" lon="14.44585480"><ele>196.0</ele></trkpt><trkpt lat="61.00878785" lon="14.44623928"><ele>196.0</ele></trkpt><trkpt lat="61.00873778" lon="14.44659411"><ele>196.0</ele></trkpt><trkpt lat="61.00873299" lon="14.44696871"><ele>196.0</ele></trkpt><trkpt lat="61.00876477" lon="14.44734959"><ele>196.0</ele></trkpt><trkpt lat="61.00877783" lon="14.44773317"><ele>196.0</ele></trkpt><trkpt lat="61.00877392" lon="14.44809160"><ele>196.0</ele></trkpt><trkpt lat="61.00877000" lon="14.44849944"><ele>195.0</ele></trkpt><trkpt lat="61.00875781" lon="14.44888212"><ele>195.0</ele></trkpt><trkpt lat="61.00873778" lon="14.44926660"><ele>195.0</ele></trkpt><trkpt lat="61.00870382" lon="14.44964030"><ele>195.0</ele></trkpt><trkpt lat="61.00866463" lon="14.45000322"><ele>195.0</ele></trkpt><trkpt lat="61.00869598" lon="14.45053951"><ele>195.0</ele></trkpt><trkpt lat="61.00881484" lon="14.45104975"><ele>195.0</ele></trkpt><trkpt lat="61.00893458" lon="14.45136416"><ele>195.0</ele></trkpt><trkpt lat="61.00905561" lon="14.45165522"><ele>195.0</ele></trkpt><trkpt lat="61.00916881" lon="14.45196783"><ele>195.0</ele></trkpt><trkpt lat="61.00921584" lon="14.45236758"><ele>195.0</ele></trkpt><trkpt lat="61.00922846" lon="14.45272421"><ele>195.0</ele></trkpt><trkpt lat="61.00924283" lon="14.45312846"><ele>195.0</ele></trkpt><trkpt lat="61.00921061" lon="14.45349497"><ele>195.0</ele></trkpt><trkpt lat="61.00920582" lon="14.45388214"><ele>195.0</ele></trkpt><trkpt lat="61.00916490" lon="14.45417679"><ele>196.0</ele></trkpt><trkpt lat="61.00914487" lon="14.45425045"><ele>196.0</ele></trkpt><trkpt lat="61.00903689" lon="14.45456127"><ele>196.0</ele></trkpt><trkpt lat="61.00892369" lon="14.45487029"><ele>196.0</ele></trkpt><trkpt lat="61.00880047" lon="14.45511822"><ele>196.0</ele></trkpt><trkpt lat="61.00866376" lon="14.45539221"><ele>196.0</ele></trkpt><trkpt lat="61.00854969" lon="14.45566081"><ele>196.0</ele></trkpt><trkpt lat="61.00842081" lon="14.45596354"><ele>197.0</ele></trkpt><trkpt lat="61.00831588" lon="14.45626268"><ele>197.0</ele></trkpt><trkpt lat="61.00823882" lon="14.45661033"><ele>197.0</ele></trkpt><trkpt lat="61.00815565" lon="14.45694360"><ele>197.0</ele></trkpt><trkpt lat="61.00806074" lon="14.45726071"><ele>197.0</ele></trkpt><trkpt lat="61.00795885" lon="14.45754906"><ele>198.0</ele></trkpt><trkpt lat="61.00784391" lon="14.45787336"><ele>198.0</ele></trkpt><trkpt lat="61.00775857" lon="14.45819944"><ele>198.0</ele></trkpt><trkpt lat="61.00772591" lon="14.45857494"><ele>198.0</ele></trkpt><trkpt lat="61.00772765" lon="14.45899266"><ele>199.0</ele></trkpt><trkpt lat="61.00768977" lon="14.45932953"><ele>199.0</ele></trkpt><trkpt lat="61.00761575" lon="14.45967178"><ele>199.0</ele></trkpt><trkpt lat="61.00755088" lon="14.46000057"><ele>199.0</ele></trkpt><trkpt lat="61.00747860" lon="14.46036618"><ele>200.0</ele></trkpt><trkpt lat="61.00741590" lon="14.46069856"><ele>200.0</ele></trkpt><trkpt lat="61.00734493" lon="14.46107226"><ele>200.0</ele></trkpt><trkpt lat="61.00727265" lon="14.46142260"><ele>200.0</ele></trkpt><trkpt lat="61.00716597" lon="14.46172443"><ele>200.0</ele></trkpt><trkpt lat="61.00704798" lon="14.46200471"><ele>200.0</ele></trkpt><trkpt lat="61.00693477" lon="14.46231642"><ele>200.0</ele></trkpt><trkpt lat="61.00682766" lon="14.46259939"><ele>200.0</ele></trkpt><trkpt lat="61.00670574" lon="14.46292279"><ele>200.0</ele></trkpt><trkpt lat="61.00662344" lon="14.46323630"><ele>200.0</ele></trkpt><trkpt lat="61.00653070" lon="14.46358844"><ele>200.0</ele></trkpt><trkpt lat="61.00643795" lon="14.46391812"><ele>200.0</ele></trkpt><trkpt lat="61.00637090" lon="14.46417594"><ele>200.0</ele></trkpt><trkpt lat="61.00635566" lon="14.46425229"><ele>200.0</ele></trkpt><trkpt lat="61.00630167" lon="14.46461521"><ele>200.0</ele></trkpt><trkpt lat="61.00626204" lon="14.46496017"><ele>200.0</ele></trkpt><trkpt lat="61.00621763" lon="14.46534375"><ele>200.0</ele></trkpt><trkpt lat="61.00617191" lon="14.46553688"><ele>200.0</ele></trkpt><trkpt lat="61.00611182" lon="14.46566983"><ele>200.0</ele></trkpt><trkpt lat="61.00597989" lon="14.46593484"><ele>200.0</ele></trkpt><trkpt lat="61.00584969" lon="14.46621511"><ele>200.0</ele></trkpt><trkpt lat="61.00572734" lon="14.46646844"><ele>200.0</ele></trkpt><trkpt lat="61.00558887" lon="14.46675320"><ele>200.0</ele></trkpt><trkpt lat="61.00546999" lon="14.46704695"><ele>200.0</ele></trkpt><trkpt lat="61.00536375" lon="14.46734429"><ele>200.0</ele></trkpt><trkpt lat="61.00525184" lon="14.46764254"><ele>200.0</ele></trkpt><trkpt lat="61.00515822" lon="14.46794437"><ele>200.0</ele></trkpt><trkpt lat="61.00505197" lon="14.46828842"><ele>200.0</ele></trkpt><trkpt lat="61.00497272" lon="14.46862529"><ele>199.0</ele></trkpt><trkpt lat="61.00489390" lon="14.46901606"><ele>199.0</ele></trkpt><trkpt lat="61.00476066" lon="14.46967363"><ele>199.0</ele></trkpt><trkpt lat="61.00474498" lon="14.46990988"><ele>199.0</ele></trkpt><trkpt lat="61.00475195" lon="14.47003924"><ele>199.0</ele></trkpt><trkpt lat="61.00478287" lon="14.47041563"><ele>199.0</ele></trkpt><trkpt lat="61.00482859" lon="14.47078394"><ele>199.0</ele></trkpt><trkpt lat="61.00485297" lon="14.47113429"><ele>199.0</ele></trkpt><trkpt lat="61.00487997" lon="14.47152146"><ele>199.0</ele></trkpt><trkpt lat="61.00493876" lon="14.47187450"><ele>199.0</ele></trkpt><trkpt lat="61.00496575" lon="14.47225089"><ele>199.0</ele></trkpt><trkpt lat="61.00490871" lon="14.47261830"><ele>199.0</ele></trkpt><trkpt lat="61.00486168" lon="14.47287612"><ele>199.0</ele></trkpt><trkpt lat="61.00484862" lon="14.47298032"><ele>199.0</ele></trkpt><trkpt lat="61.00484905" lon="14.47338187"><ele>199.0</ele></trkpt><trkpt lat="61.00484992" lon="14.47412837"><ele>198.0</ele></trkpt><trkpt lat="61.00491219" lon="14.47445805"><ele>198.0</ele></trkpt><trkpt lat="61.00498099" lon="14.47482187"><ele>198.0</ele></trkpt><trkpt lat="61.00503194" lon="14.47518659"><ele>198.0</ele></trkpt><trkpt lat="61.00503978" lon="14.47557286"><ele>198.0</ele></trkpt><trkpt lat="61.00505371" lon="14.47578486"><ele>198.0</ele></trkpt><trkpt lat="61.00505894" lon="14.47595015"><ele>198.0</ele></trkpt><trkpt lat="61.00506373" lon="14.47633643"><ele>198.0</ele></trkpt><trkpt lat="61.00505066" lon="14.47670743"><ele>198.0</ele></trkpt><trkpt lat="61.00502280" lon="14.47708563"><ele>198.0</ele></trkpt><trkpt lat="61.00497359" lon="14.47746112"><ele>198.0</ele></trkpt><trkpt lat="61.00491394" lon="14.47779350"><ele>198.0</ele></trkpt><trkpt lat="61.00484775" lon="14.47816271"><ele>198.0</ele></trkpt><trkpt lat="61.00477459" lon="14.47850227"><ele>198.0</ele></trkpt><trkpt lat="61.00470971" lon="14.47885980"><ele>198.0</ele></trkpt><trkpt lat="61.00464483" lon="14.47919307"><ele>198.0</ele></trkpt><trkpt lat="61.00457080" lon="14.47957486"><ele>198.0</ele></trkpt><trkpt lat="61.00449895" lon="14.47997012"><ele>198.0</ele></trkpt><trkpt lat="61.00437790" lon="14.48063397"><ele>197.0</ele></trkpt><trkpt lat="61.00434872" lon="14.48101665"><ele>197.0</ele></trkpt><trkpt lat="61.00435482" lon="14.48139125"><ele>197.0</ele></trkpt><trkpt lat="61.00438182" lon="14.48176046"><ele>197.0</ele></trkpt><trkpt lat="61.00443364" lon="14.48211978"><ele>198.0</ele></trkpt><trkpt lat="61.00449765" lon="14.48246564"><ele>198.0</ele></trkpt><trkpt lat="61.00457211" lon="14.48278723"><ele>198.0</ele></trkpt><trkpt lat="61.00465572" lon="14.48314925"><ele>198.0</ele></trkpt><trkpt lat="61.00472190" lon="14.48350049"><ele>198.0</ele></trkpt><trkpt lat="61.00472190" lon="14.48354092"><ele>198.0</ele></trkpt><trkpt lat="61.00469273" lon="14.48369633"><ele>198.0</ele></trkpt><trkpt lat="61.00461783" lon="14.48382928"><ele>198.0</ele></trkpt><trkpt lat="61.00444888" lon="14.48404398"><ele>198.0</ele></trkpt><trkpt lat="61.00429473" lon="14.48425149"><ele>197.0</ele></trkpt><trkpt lat="61.00416583" lon="14.48451379"><ele>197.0</ele></trkpt><trkpt lat="61.00403128" lon="14.48474197"><ele>197.0</ele></trkpt><trkpt lat="61.00387800" lon="14.48500338"><ele>196.0</ele></trkpt><trkpt lat="61.00374866" lon="14.48524233"><ele>196.0</ele></trkpt><trkpt lat="61.00360278" lon="14.48551362"><ele>195.0</ele></trkpt><trkpt lat="61.00345778" lon="14.48574449"><ele>195.0</ele></trkpt><trkpt lat="61.00332888" lon="14.48600230"><ele>195.0</ele></trkpt><trkpt lat="61.00327967" lon="14.48634636"><ele>194.0</ele></trkpt><trkpt lat="61.00322393" lon="14.48673533"><ele>194.0</ele></trkpt><trkpt lat="61.00320695" lon="14.48694643"><ele>194.0</ele></trkpt><trkpt lat="61.00318300" lon="14.48711352"><ele>194.0</ele></trkpt><trkpt lat="61.00314685" lon="14.48747464"><ele>194.0</ele></trkpt><trkpt lat="61.00312334" lon="14.48782768"><ele>193.0</ele></trkpt><trkpt lat="61.00309677" lon="14.48822474"><ele>193.0</ele></trkpt><trkpt lat="61.00307979" lon="14.48864515"><ele>192.0</ele></trkpt><trkpt lat="61.00305061" lon="14.48935392"><ele>191.0</ele></trkpt><trkpt lat="61.00302797" lon="14.48972582"><ele>190.0</ele></trkpt><trkpt lat="61.00296178" lon="14.49008784"><ele>190.0</ele></trkpt><trkpt lat="61.00294175" lon="14.49045974"><ele>189.0</ele></trkpt><trkpt lat="61.00300881" lon="14.49081458"><ele>189.0</ele></trkpt><trkpt lat="61.00310897" lon="14.49113797"><ele>188.0</ele></trkpt><trkpt lat="61.00323699" lon="14.49140567"><ele>187.0</ele></trkpt><trkpt lat="61.00339071" lon="14.49162845"><ele>187.0</ele></trkpt><trkpt lat="61.00353485" lon="14.49186291"><ele>186.0</ele></trkpt><trkpt lat="61.00369467" lon="14.49205515"><ele>186.0</ele></trkpt><trkpt lat="61.00383489" lon="14.49230578"><ele>186.0</ele></trkpt><trkpt lat="61.00389977" lon="14.49267229"><ele>185.0</ele></trkpt><trkpt lat="61.00389977" lon="14.49280524"><ele>184.0</ele></trkpt><trkpt lat="61.00391457" lon="14.49305228"><ele>184.0</ele></trkpt><trkpt lat="61.00400471" lon="14.49338196"><ele>183.0</ele></trkpt><trkpt lat="61.00411358" lon="14.49369637"><ele>182.0</ele></trkpt><trkpt lat="61.00421373" lon="14.49402067"><ele>181.0</ele></trkpt><trkpt lat="61.00430387" lon="14.49434675"><ele>181.0</ele></trkpt><trkpt lat="61.00436571" lon="14.49469440"><ele>180.0</ele></trkpt><trkpt lat="61.00447892" lon="14.49498725"><ele>180.0</ele></trkpt><trkpt lat="61.00459083" lon="14.49529627"><ele>180.0</ele></trkpt><trkpt lat="61.00471798" lon="14.49555948"><ele>180.0</ele></trkpt><trkpt lat="61.00483468" lon="14.49584874"><ele>180.0</ele></trkpt><trkpt lat="61.00495966" lon="14.49612721"><ele>180.0</ele></trkpt><trkpt lat="61.00510074" lon="14.49638144"><ele>180.0</ele></trkpt><trkpt lat="61.00523399" lon="14.49664554"><ele>179.0</ele></trkpt><trkpt lat="61.00532891" lon="14.49696894"><ele>179.0</ele></trkpt><trkpt lat="61.00535068" lon="14.49733814"><ele>179.0</ele></trkpt><trkpt lat="61.00532891" lon="14.49770915"><ele>179.0</ele></trkpt><trkpt lat="61.00521657" lon="14.49800559"><ele>179.0</ele></trkpt><trkpt lat="61.00508289" lon="14.49826341"><ele>179.0</ele></trkpt><trkpt lat="61.00495791" lon="14.49853021"><ele>179.0</ele></trkpt><trkpt lat="61.00488171" lon="14.49885360"><ele>179.0</ele></trkpt><trkpt lat="61.00479462" lon="14.49922371"><ele>179.0</ele></trkpt><trkpt lat="61.00472365" lon="14.49956597"><ele>179.0</ele></trkpt><trkpt lat="61.00465963" lon="14.49991541"><ele>179.0</ele></trkpt><trkpt lat="61.00460085" lon="14.50026845"><ele>179.0</ele></trkpt><trkpt lat="61.00455295" lon="14.50061610"><ele>180.0</ele></trkpt><trkpt lat="61.00449765" lon="14.50101674"><ele>180.0</ele></trkpt><trkpt lat="61.00446891" lon="14.50140033"><ele>180.0</ele></trkpt><trkpt lat="61.00441099" lon="14.50176324"><ele>180.0</ele></trkpt><trkpt lat="61.00437398" lon="14.50212886"><ele>180.0</ele></trkpt><trkpt lat="61.00436962" lon="14.50220072"><ele>180.0</ele></trkpt><trkpt lat="61.00433566" lon="14.50249447"><ele>180.0</ele></trkpt><trkpt lat="61.00430779" lon="14.50264180"><ele>180.0</ele></trkpt><trkpt lat="61.00425075" lon="14.50289961"><ele>180.0</ele></trkpt><trkpt lat="61.00418673" lon="14.50319067"><ele>180.0</ele></trkpt><trkpt lat="61.00411576" lon="14.50354550"><ele>180.0</ele></trkpt><trkpt lat="61.00405174" lon="14.50392369"><ele>180.0</ele></trkpt><trkpt lat="61.00402474" lon="14.50429380"><ele>180.0</ele></trkpt><trkpt lat="61.00400689" lon="14.50466480"><ele>180.0</ele></trkpt><trkpt lat="61.00397641" lon="14.50507623"><ele>180.0</ele></trkpt><trkpt lat="61.00392677" lon="14.50574548"><ele>180.0</ele></trkpt><trkpt lat="61.00387800" lon="14.50597994"><ele>180.0</ele></trkpt><trkpt lat="61.00386972" lon="14.50610750"><ele>180.0</ele></trkpt><trkpt lat="61.00394157" lon="14.50646952"><ele>180.0</ele></trkpt><trkpt lat="61.00405131" lon="14.50674710"><ele>180.0</ele></trkpt><trkpt lat="61.00417585" lon="14.50706151"><ele>180.0</ele></trkpt><trkpt lat="61.00420285" lon="14.50743431"><ele>180.0</ele></trkpt><trkpt lat="61.00418891" lon="14.50780891"><ele>180.0</ele></trkpt><trkpt lat="61.00418064" lon="14.50818530"><ele>180.0</ele></trkpt><trkpt lat="61.00416017" lon="14.50852576"><ele>180.0</ele></trkpt><trkpt lat="61.00413883" lon="14.50887611"><ele>180.0</ele></trkpt><trkpt lat="61.00409660" lon="14.50925070"><ele>180.0</ele></trkpt><trkpt lat="61.00406394" lon="14.50959835"><ele>180.0</ele></trkpt><trkpt lat="61.00402779" lon="14.50998283"><ele>180.0</ele></trkpt><trkpt lat="61.00401299" lon="14.51035473"><ele>180.0</ele></trkpt><trkpt lat="61.00405479" lon="14.51071765"><ele>180.0</ele></trkpt><trkpt lat="61.00413274" lon="14.51105093"><ele>180.0</ele></trkpt><trkpt lat="61.00425597" lon="14.51133659"><ele>180.0</ele></trkpt><trkpt lat="61.00440925" lon="14.51154590"><ele>179.0</ele></trkpt><trkpt lat="61.00460782" lon="14.51181629"><ele>179.0</ele></trkpt><trkpt lat="61.00464570" lon="14.51186121"><ele>179.0</ele></trkpt><trkpt lat="61.00484688" lon="14.51202021"><ele>179.0</ele></trkpt><trkpt lat="61.00489565" lon="14.51207590"><ele>179.0</ele></trkpt><trkpt lat="61.00494093" lon="14.51214328"><ele>179.0</ele></trkpt><trkpt lat="61.00498361" lon="14.51222323"><ele>179.0</ele></trkpt><trkpt lat="61.00506373" lon="14.51240199"><ele>179.0</ele></trkpt><trkpt lat="61.00513166" lon="14.51258615"><ele>178.0</ele></trkpt><trkpt lat="61.00523399" lon="14.51293649"><ele>178.0</ele></trkpt><trkpt lat="61.00532281" lon="14.51330660"><ele>178.0</ele></trkpt><trkpt lat="61.00537986" lon="14.51356262"><ele>178.0</ele></trkpt><trkpt lat="61.00543385" lon="14.51383211"><ele>178.0</ele></trkpt><trkpt lat="61.00550657" lon="14.51423456"><ele>177.0</ele></trkpt><trkpt lat="61.00555098" lon="14.51454897"><ele>177.0</ele></trkpt><trkpt lat="61.00561761" lon="14.51495141"><ele>176.0</ele></trkpt><trkpt lat="61.00569468" lon="14.51527570"><ele>176.0</ele></trkpt><trkpt lat="61.00579091" lon="14.51572396"><ele>176.0</ele></trkpt><trkpt lat="61.00584098" lon="14.51604286"><ele>175.0</ele></trkpt><trkpt lat="61.00588278" lon="14.51623510"><ele>175.0</ele></trkpt><trkpt lat="61.00590978" lon="14.51633931"><ele>175.0</ele></trkpt><trkpt lat="61.00594679" lon="14.51652616"><ele>175.0</ele></trkpt><trkpt lat="61.00595594" lon="14.51661689"><ele>174.0</ele></trkpt><trkpt lat="61.00596465" lon="14.51687830"><ele>174.0</ele></trkpt><trkpt lat="61.00597161" lon="14.51696993"><ele>174.0</ele></trkpt><trkpt lat="61.00602082" lon="14.51744783"><ele>173.0</ele></trkpt><trkpt lat="61.00602865" lon="14.51790328"><ele>173.0</ele></trkpt><trkpt lat="61.00603257" lon="14.51797784"><ele>173.0</ele></trkpt><trkpt lat="61.00612096" lon="14.51851952"><ele>172.0</ele></trkpt><trkpt lat="61.00617060" lon="14.51872254"><ele>172.0</ele></trkpt><trkpt lat="61.00619063" lon="14.51877015"><ele>172.0</ele></trkpt><trkpt lat="61.00621371" lon="14.51881147"><ele>172.0</ele></trkpt><trkpt lat="61.00626291" lon="14.51884381"><ele>172.0</ele></trkpt><trkpt lat="61.00631865" lon="14.51885818"><ele>172.0</ele></trkpt><trkpt lat="61.00660298" lon="14.51871086"><ele>171.0</ele></trkpt><trkpt lat="61.00682983" lon="14.51895880"><ele>170.0</ele></trkpt><trkpt lat="61.00695393" lon="14.51915643"><ele>170.0</ele></trkpt><trkpt lat="61.00701663" lon="14.51924536"><ele>170.0</ele></trkpt><trkpt lat="61.00712766" lon="14.51926782"><ele>169.0</ele></trkpt><trkpt lat="61.00732185" lon="14.51919236"><ele>169.0</ele></trkpt><trkpt lat="61.00746989" lon="14.51922649"><ele>168.0</ele></trkpt><trkpt lat="61.00748382" lon="14.51923727"><ele>168.0</ele></trkpt><trkpt lat="61.00757091" lon="14.51936933"><ele>168.0</ele></trkpt><trkpt lat="61.00760966" lon="14.51951755"><ele>167.0</ele></trkpt><trkpt lat="61.00763665" lon="14.51980231"><ele>167.0</ele></trkpt><trkpt lat="61.00763970" lon="14.51988226"><ele>167.0</ele></trkpt><trkpt lat="61.00764144" lon="14.52022273"><ele>167.0</ele></trkpt><trkpt lat="61.00764362" lon="14.52065032"><ele>167.0</ele></trkpt><trkpt lat="61.00763273" lon="14.52103121"><ele>167.0</ele></trkpt><trkpt lat="61.00761575" lon="14.52140581"><ele>167.0</ele></trkpt><trkpt lat="61.00762185" lon="14.52177681"><ele>167.0</ele></trkpt><trkpt lat="61.00767976" lon="14.52214063"><ele>167.0</ele></trkpt><trkpt lat="61.00779253" lon="14.52241192"><ele>167.0</ele></trkpt><trkpt lat="61.00791967" lon="14.52271735"><ele>166.0</ele></trkpt><trkpt lat="61.00802982" lon="14.52301289"><ele>166.0</ele></trkpt><trkpt lat="61.00813388" lon="14.52329766"><ele>165.0</ele></trkpt><trkpt lat="61.00825057" lon="14.52361926"><ele>165.0</ele></trkpt><trkpt lat="61.00835768" lon="14.52392648"><ele>165.0</ele></trkpt><trkpt lat="61.00845477" lon="14.52424538"><ele>165.0</ele></trkpt><trkpt lat="61.00849396" lon="14.52444391"><ele>165.0</ele></trkpt><trkpt lat="61.00850876" lon="14.52459842"><ele>165.0</ele></trkpt><trkpt lat="61.00848960" lon="14.52523173"><ele>165.0</ele></trkpt><trkpt lat="61.00849091" lon="14.52537097"><ele>165.0</ele></trkpt><trkpt lat="61.00850963" lon="14.52574916"><ele>165.0</ele></trkpt><trkpt lat="61.00852574" lon="14.52589199"><ele>165.0</ele></trkpt><trkpt lat="61.00855970" lon="14.52612286"><ele>165.0</ele></trkpt><trkpt lat="61.00863459" lon="14.52643727"><ele>165.0</ele></trkpt><trkpt lat="61.00864286" lon="14.52645254"><ele>165.0</ele></trkpt><trkpt lat="61.00880788" lon="14.52663490"><ele>165.0</ele></trkpt><trkpt lat="61.00896679" lon="14.52677144"><ele>165.0</ele></trkpt><trkpt lat="61.00914487" lon="14.52692326"><ele>165.0</ele></trkpt><trkpt lat="61.00932294" lon="14.52712089"><ele>164.0</ele></trkpt><trkpt lat="61.00961378" lon="14.52744249"><ele>164.0</ele></trkpt><trkpt lat="61.00969998" lon="14.52751615"><ele>164.0</ele></trkpt><trkpt lat="61.00976572" lon="14.52764820"><ele>164.0</ele></trkpt><trkpt lat="61.00987283" lon="14.52795183"><ele>164.0</ele></trkpt><trkpt lat="61.00992899" lon="14.52831924"><ele>163.0</ele></trkpt><trkpt lat="61.00994597" lon="14.52869923"><ele>163.0</ele></trkpt><trkpt lat="61.00990983" lon="14.52906484"><ele>163.0</ele></trkpt><trkpt lat="61.00982885" lon="14.52941069"><ele>163.0</ele></trkpt><trkpt lat="61.00977095" lon="14.52978350"><ele>163.0</ele></trkpt><trkpt lat="61.00973089" lon="14.53020121"><ele>163.0</ele></trkpt><trkpt lat="61.00966167" lon="14.53091986"><ele>162.0</ele></trkpt><trkpt lat="61.00962074" lon="14.53129446"><ele>162.0</ele></trkpt><trkpt lat="61.00959288" lon="14.53166726"><ele>162.0</ele></trkpt><trkpt lat="61.00958112" lon="14.53202210"><ele>162.0</ele></trkpt><trkpt lat="61.00956762" lon="14.53241646"><ele>162.0</ele></trkpt><trkpt lat="61.00954411" lon="14.53283777"><ele>162.0</ele></trkpt><trkpt lat="61.00950362" lon="14.53355552"><ele>162.0</ele></trkpt><trkpt lat="61.00948708" lon="14.53391305"><ele>162.0</ele></trkpt><trkpt lat="61.00946792" lon="14.53432178"><ele>162.0</ele></trkpt><trkpt lat="61.00942569" lon="14.53469369"><ele>162.0</ele></trkpt><trkpt lat="61.00930770" lon="14.53497486"><ele>162.0</ele></trkpt><trkpt lat="61.00911091" lon="14.53526412"><ele>162.0</ele></trkpt><trkpt lat="61.00891411" lon="14.53555337"><ele>162.0</ele></trkpt><trkpt lat="61.00855099" lon="14.53608877"><ele>162.0</ele></trkpt><trkpt lat="61.00833896" lon="14.53633042"><ele>162.0</ele></trkpt><trkpt lat="61.00822967" lon="14.53647145"><ele>162.0</ele></trkpt><trkpt lat="61.00808077" lon="14.53664662"><ele>162.0</ele></trkpt><trkpt lat="61.00789180" lon="14.53676161"><ele>162.0</ele></trkpt><trkpt lat="61.00772199" lon="14.53692330"><ele>163.0</ele></trkpt><trkpt lat="61.00756176" lon="14.53708770"><ele>163.0</ele></trkpt><trkpt lat="61.00745291" lon="14.53721526"><ele>163.0</ele></trkpt><trkpt lat="61.00739282" lon="14.53730060"><ele>163.0</ele></trkpt><trkpt lat="61.00733796" lon="14.53736797"><ele>163.0</ele></trkpt><trkpt lat="61.00728397" lon="14.53741558"><ele>163.0</ele></trkpt><trkpt lat="61.00716597" lon="14.53749912"><ele>163.0</ele></trkpt><trkpt lat="61.00702098" lon="14.53762489"><ele>164.0</ele></trkpt><trkpt lat="61.00694174" lon="14.53768238"><ele>164.0</ele></trkpt><trkpt lat="61.00681198" lon="14.53776592"><ele>164.0</ele></trkpt><trkpt lat="61.00666263" lon="14.53786115"><ele>164.0</ele></trkpt><trkpt lat="61.00663564" lon="14.53789169"><ele>164.0</ele></trkpt><trkpt lat="61.00662475" lon="14.53794199"><ele>164.0</ele></trkpt><trkpt lat="61.00664173" lon="14.53842169"><ele>165.0</ele></trkpt><trkpt lat="61.00666089" lon="14.53879450"><ele>165.0</ele></trkpt><trkpt lat="61.00668876" lon="14.53921131"><ele>165.0</ele></trkpt><trkpt lat="61.00673491" lon="14.53990212"><ele>164.0</ele></trkpt><trkpt lat="61.00674362" lon="14.54027222"><ele>164.0</ele></trkpt><trkpt lat="61.00677323" lon="14.54068904"><ele>164.0</ele></trkpt><trkpt lat="61.00682200" lon="14.54138254"><ele>164.0</ele></trkpt><trkpt lat="61.00684986" lon="14.54174187"><ele>164.0</ele></trkpt><trkpt lat="61.00689689" lon="14.54210928"><ele>164.0</ele></trkpt><trkpt lat="61.00693172" lon="14.54247759"><ele>164.0</ele></trkpt><trkpt lat="61.00699660" lon="14.54282524"><ele>164.0</ele></trkpt></trkseg></trk></gpx>