<?xml version='1.0' encoding='utf-8'?>
<gpx version="1.1" creator="Ultravasan route source cache" xmlns="http://www.topografix.com/GPX/1/1"><metadata><name>Trace de Trail ultravasan90-2018 · ITRA track 51602</name><desc>Coordinates transformed from the public map geometry on https://tracedetrail.fr/en/trace/51602. HTTP 200; content-type text/html; charset=UTF-8; fetched 2026-09-25T09:56:51+00:00; source-page SHA-256 6b8f12abab8761ce9480e6cb74788d3aca05428e275ae0782f541f073b7b20aa. Candidate geometry only; see source audit before using as an edition route.</desc><link href="https://tracedetrail.fr/en/trace/51602"><text>Trace de Trail track 51602</text></link></metadata><trk><name>ultravasan90-2018 · Trace de Trail 51602</name><trkseg><trkpt lat="61.10964285" lon="13.29641278"><ele>353.0</ele></trkpt><trkpt lat="61.10964285" lon="13.29641278"><ele>353.0</ele></trkpt><trkpt lat="61.10973269" lon="13.29628342"><ele>353.0</ele></trkpt><trkpt lat="61.10984770" lon="13.29612262"><ele>353.0</ele></trkpt><trkpt lat="61.10992669" lon="13.29601932"><ele>353.0</ele></trkpt><trkpt lat="61.11003997" lon="13.29590074"><ele>355.0</ele></trkpt><trkpt lat="61.11014499" lon="13.29591691"><ele>355.0</ele></trkpt><trkpt lat="61.11018362" lon="13.29618012"><ele>355.0</ele></trkpt><trkpt lat="61.11014673" lon="13.29643973"><ele>356.0</ele></trkpt><trkpt lat="61.11004257" lon="13.29664185"><ele>356.0</ele></trkpt><trkpt lat="61.10993364" lon="13.29681343"><ele>356.0</ele></trkpt><trkpt lat="61.10982383" lon="13.29698051"><ele>356.0</ele></trkpt><trkpt lat="61.10971880" lon="13.29715389"><ele>356.0</ele></trkpt><trkpt lat="61.10961160" lon="13.29730750"><ele>356.0</ele></trkpt><trkpt lat="61.10950484" lon="13.29745662"><ele>356.0</ele></trkpt><trkpt lat="61.10940892" lon="13.29760664"><ele>356.0</ele></trkpt><trkpt lat="61.10931995" lon="13.29774678"><ele>356.0</ele></trkpt><trkpt lat="61.10923184" lon="13.29788691"><ele>356.0</ele></trkpt><trkpt lat="61.10913983" lon="13.29801448"><ele>358.0</ele></trkpt><trkpt lat="61.10906171" lon="13.29814653"><ele>358.0</ele></trkpt><trkpt lat="61.10897881" lon="13.29826241"><ele>358.0</ele></trkpt><trkpt lat="61.10889461" lon="13.29839087"><ele>359.0</ele></trkpt><trkpt lat="61.10880868" lon="13.29854628"><ele>359.0</ele></trkpt><trkpt lat="61.10871970" lon="13.29870887"><ele>359.0</ele></trkpt><trkpt lat="61.10863984" lon="13.29888045"><ele>359.0</ele></trkpt><trkpt lat="61.10856476" lon="13.29904664"><ele>361.0</ele></trkpt><trkpt lat="61.10849184" lon="13.29919576"><ele>361.0</ele></trkpt><trkpt lat="61.10841979" lon="13.29934398"><ele>361.0</ele></trkpt><trkpt lat="61.10833169" lon="13.29949759"><ele>364.0</ele></trkpt><trkpt lat="61.10824879" lon="13.29965660"><ele>364.0</ele></trkpt><trkpt lat="61.10816893" lon="13.29983087"><ele>364.0</ele></trkpt><trkpt lat="61.10809558" lon="13.29998448"><ele>364.0</ele></trkpt><trkpt lat="61.10802787" lon="13.30015067"><ele>364.0</ele></trkpt><trkpt lat="61.10798273" lon="13.30033932"><ele>364.0</ele></trkpt><trkpt lat="61.10797969" lon="13.30053245"><ele>364.0</ele></trkpt><trkpt lat="61.10804393" lon="13.30075973"><ele>366.0</ele></trkpt><trkpt lat="61.10811988" lon="13.30092592"><ele>366.0</ele></trkpt><trkpt lat="61.10818759" lon="13.30110648"><ele>367.0</ele></trkpt><trkpt lat="61.10823490" lon="13.30130590"><ele>369.0</ele></trkpt><trkpt lat="61.10824966" lon="13.30150982"><ele>370.0</ele></trkpt><trkpt lat="61.10823664" lon="13.30171823"><ele>370.0</ele></trkpt><trkpt lat="61.10820582" lon="13.30192754"><ele>371.0</ele></trkpt><trkpt lat="61.10816372" lon="13.30213325"><ele>371.0</ele></trkpt><trkpt lat="61.10811771" lon="13.30232549"><ele>371.0</ele></trkpt><trkpt lat="61.10806693" lon="13.30250785"><ele>372.0</ele></trkpt><trkpt lat="61.10801398" lon="13.30269111"><ele>372.0</ele></trkpt><trkpt lat="61.10795973" lon="13.30287167"><ele>372.0</ele></trkpt><trkpt lat="61.10791198" lon="13.30304594"><ele>372.0</ele></trkpt><trkpt lat="61.10785599" lon="13.30322111"><ele>374.0</ele></trkpt><trkpt lat="61.10779957" lon="13.30339988"><ele>374.0</ele></trkpt><trkpt lat="61.10774575" lon="13.30358313"><ele>374.0</ele></trkpt><trkpt lat="61.10768976" lon="13.30376998"><ele>376.0</ele></trkpt><trkpt lat="61.10762682" lon="13.30400175"><ele>376.0</ele></trkpt><trkpt lat="61.10757083" lon="13.30416973"><ele>376.0</ele></trkpt><trkpt lat="61.10751571" lon="13.30433592"><ele>378.0</ele></trkpt><trkpt lat="61.10746276" lon="13.30450121"><ele>378.0</ele></trkpt><trkpt lat="61.10740373" lon="13.30467998"><ele>378.0</ele></trkpt><trkpt lat="61.10734774" lon="13.30485515"><ele>378.0</ele></trkpt><trkpt lat="61.10728871" lon="13.30503122"><ele>380.0</ele></trkpt><trkpt lat="61.10721362" lon="13.30524322"><ele>381.0</ele></trkpt><trkpt lat="61.10715372" lon="13.30539414"><ele>381.0</ele></trkpt><trkpt lat="61.10706778" lon="13.30558278"><ele>382.0</ele></trkpt><trkpt lat="61.10698271" lon="13.30577143"><ele>382.0</ele></trkpt><trkpt lat="61.10690197" lon="13.30594840"><ele>384.0</ele></trkpt><trkpt lat="61.10681777" lon="13.30611189"><ele>384.0</ele></trkpt><trkpt lat="61.10673487" lon="13.30629694"><ele>384.0</ele></trkpt><trkpt lat="61.10665587" lon="13.30647930"><ele>385.0</ele></trkpt><trkpt lat="61.10657080" lon="13.30668322"><ele>385.0</ele></trkpt><trkpt lat="61.10650178" lon="13.30684042"><ele>388.0</ele></trkpt><trkpt lat="61.10643581" lon="13.30700571"><ele>388.0</ele></trkpt><trkpt lat="61.10635681" lon="13.30721412"><ele>389.0</ele></trkpt><trkpt lat="61.10629170" lon="13.30738121"><ele>390.0</ele></trkpt><trkpt lat="61.10622790" lon="13.30756536"><ele>390.0</ele></trkpt><trkpt lat="61.10616496" lon="13.30775221"><ele>390.0</ele></trkpt><trkpt lat="61.10610766" lon="13.30791840"><ele>390.0</ele></trkpt><trkpt lat="61.10604993" lon="13.30808190"><ele>390.0</ele></trkpt><trkpt lat="61.10598396" lon="13.30824539"><ele>390.0</ele></trkpt><trkpt lat="61.10591581" lon="13.30841787"><ele>390.0</ele></trkpt><trkpt lat="61.10584593" lon="13.30859034"><ele>392.0</ele></trkpt><trkpt lat="61.10577865" lon="13.30876461"><ele>392.0</ele></trkpt><trkpt lat="61.10569270" lon="13.30895775"><ele>394.0</ele></trkpt><trkpt lat="61.10561587" lon="13.30915628"><ele>395.0</ele></trkpt><trkpt lat="61.10552776" lon="13.30936199"><ele>396.0</ele></trkpt><trkpt lat="61.10545483" lon="13.30951111"><ele>396.0</ele></trkpt><trkpt lat="61.10538799" lon="13.30966832"><ele>397.0</ele></trkpt><trkpt lat="61.10530682" lon="13.30985247"><ele>397.0</ele></trkpt><trkpt lat="61.10523563" lon="13.31001417"><ele>397.0</ele></trkpt><trkpt lat="61.10515793" lon="13.31017856"><ele>398.0</ele></trkpt><trkpt lat="61.10508067" lon="13.31034475"><ele>398.0</ele></trkpt><trkpt lat="61.10499863" lon="13.31049028"><ele>398.0</ele></trkpt><trkpt lat="61.10491485" lon="13.31062413"><ele>400.0</ele></trkpt><trkpt lat="61.10483195" lon="13.31075438"><ele>400.0</ele></trkpt><trkpt lat="61.10475294" lon="13.31088015"><ele>400.0</ele></trkpt><trkpt lat="61.10467177" lon="13.31100950"><ele>402.0</ele></trkpt><trkpt lat="61.10459190" lon="13.31114425"><ele>402.0</ele></trkpt><trkpt lat="61.10450769" lon="13.31127990"><ele>402.0</ele></trkpt><trkpt lat="61.10442565" lon="13.31141824"><ele>402.0</ele></trkpt><trkpt lat="61.10434187" lon="13.31155388"><ele>403.0</ele></trkpt><trkpt lat="61.10426374" lon="13.31168594"><ele>403.0</ele></trkpt><trkpt lat="61.10418864" lon="13.31181260"><ele>403.0</ele></trkpt><trkpt lat="61.10411094" lon="13.31194285"><ele>405.0</ele></trkpt><trkpt lat="61.10404366" lon="13.31207491"><ele>405.0</ele></trkpt><trkpt lat="61.10397073" lon="13.31220786"><ele>405.0</ele></trkpt><trkpt lat="61.10390084" lon="13.31234081"><ele>407.0</ele></trkpt><trkpt lat="61.10383660" lon="13.31248274"><ele>407.0</ele></trkpt><trkpt lat="61.10376497" lon="13.31267947"><ele>407.0</ele></trkpt><trkpt lat="61.10371766" lon="13.31285464"><ele>409.0</ele></trkpt><trkpt lat="61.10368380" lon="13.31303880"><ele>409.0</ele></trkpt><trkpt lat="61.10366557" lon="13.31322834"><ele>410.0</ele></trkpt><trkpt lat="61.10364864" lon="13.31342328"><ele>410.0</ele></trkpt><trkpt lat="61.10363171" lon="13.31362450"><ele>410.0</ele></trkpt><trkpt lat="61.10362780" lon="13.31381045"><ele>410.0</ele></trkpt><trkpt lat="61.10362390" lon="13.31400628"><ele>410.0</ele></trkpt><trkpt lat="61.10361695" lon="13.31420930"><ele>412.0</ele></trkpt><trkpt lat="61.10360957" lon="13.31441232"><ele>412.0</ele></trkpt><trkpt lat="61.10360262" lon="13.31460456"><ele>412.0</ele></trkpt><trkpt lat="61.10359959" lon="13.31479411"><ele>414.0</ele></trkpt><trkpt lat="61.10359481" lon="13.31500341"><ele>414.0</ele></trkpt><trkpt lat="61.10358960" lon="13.31521991"><ele>414.0</ele></trkpt><trkpt lat="61.10358700" lon="13.31542113"><ele>414.0</ele></trkpt><trkpt lat="61.10357962" lon="13.31562146"><ele>415.0</ele></trkpt><trkpt lat="61.10357180" lon="13.31582268"><ele>415.0</ele></trkpt><trkpt lat="61.10356182" lon="13.31605893"><ele>416.0</ele></trkpt><trkpt lat="61.10355965" lon="13.31625477"><ele>419.0</ele></trkpt><trkpt lat="61.10355965" lon="13.31645689"><ele>420.0</ele></trkpt><trkpt lat="61.10356399" lon="13.31667338"><ele>420.0</ele></trkpt><trkpt lat="61.10358396" lon="13.31688179"><ele>421.0</ele></trkpt><trkpt lat="61.10359394" lon="13.31709290"><ele>421.0</ele></trkpt><trkpt lat="61.10361999" lon="13.31729412"><ele>421.0</ele></trkpt><trkpt lat="61.10365775" lon="13.31746570"><ele>422.0</ele></trkpt><trkpt lat="61.10372200" lon="13.31762021"><ele>422.0</ele></trkpt><trkpt lat="61.10378972" lon="13.31776214"><ele>422.0</ele></trkpt><trkpt lat="61.10386568" lon="13.31787353"><ele>422.0</ele></trkpt><trkpt lat="61.10396596" lon="13.31797055"><ele>424.0</ele></trkpt><trkpt lat="61.10404973" lon="13.31801097"><ele>424.0</ele></trkpt><trkpt lat="61.10414567" lon="13.31805140"><ele>425.0</ele></trkpt><trkpt lat="61.10424985" lon="13.31806038"><ele>428.0</ele></trkpt><trkpt lat="61.10434882" lon="13.31805319"><ele>428.0</ele></trkpt><trkpt lat="61.10444258" lon="13.31801996"><ele>428.0</ele></trkpt><trkpt lat="61.10453460" lon="13.31797414"><ele>429.0</ele></trkpt><trkpt lat="61.10463097" lon="13.31792384"><ele>429.0</ele></trkpt><trkpt lat="61.10472994" lon="13.31787623"><ele>429.0</ele></trkpt><trkpt lat="61.10482891" lon="13.31784389"><ele>431.0</ele></trkpt><trkpt lat="61.10493265" lon="13.31783760"><ele>431.0</ele></trkpt><trkpt lat="61.10504594" lon="13.31785377"><ele>431.0</ele></trkpt><trkpt lat="61.10515186" lon="13.31791216"><ele>431.0</ele></trkpt><trkpt lat="61.10524475" lon="13.31798852"><ele>433.0</ele></trkpt><trkpt lat="61.10533286" lon="13.31807925"><ele>433.0</ele></trkpt><trkpt lat="61.10541664" lon="13.31818255"><ele>433.0</ele></trkpt><trkpt lat="61.10549477" lon="13.31829664"><ele>434.0</ele></trkpt><trkpt lat="61.10557768" lon="13.31842240"><ele>434.0</ele></trkpt><trkpt lat="61.10565884" lon="13.31855086"><ele>434.0</ele></trkpt><trkpt lat="61.10572960" lon="13.31869100"><ele>437.0</ele></trkpt><trkpt lat="61.10580382" lon="13.31886168"><ele>437.0</ele></trkpt><trkpt lat="61.10585678" lon="13.31906021"><ele>438.0</ele></trkpt><trkpt lat="61.10590192" lon="13.31927221"><ele>438.0</ele></trkpt><trkpt lat="61.10592883" lon="13.31946714"><ele>439.0</ele></trkpt><trkpt lat="61.10596182" lon="13.31967555"><ele>439.0</ele></trkpt><trkpt lat="61.10598786" lon="13.31988486"><ele>439.0</ele></trkpt><trkpt lat="61.10600262" lon="13.32009686"><ele>440.0</ele></trkpt><trkpt lat="61.10602563" lon="13.32029629"><ele>440.0</ele></trkpt><trkpt lat="61.10605384" lon="13.32051548"><ele>440.0</ele></trkpt><trkpt lat="61.10607294" lon="13.32072478"><ele>441.0</ele></trkpt><trkpt lat="61.10609290" lon="13.32093319"><ele>441.0</ele></trkpt><trkpt lat="61.10610679" lon="13.32114430"><ele>441.0</ele></trkpt><trkpt lat="61.10611591" lon="13.32134013"><ele>441.0</ele></trkpt><trkpt lat="61.10611765" lon="13.32156022"><ele>443.0</ele></trkpt><trkpt lat="61.10611157" lon="13.32177581"><ele>443.0</ele></trkpt><trkpt lat="61.10609594" lon="13.32199051"><ele>443.0</ele></trkpt><trkpt lat="61.10607598" lon="13.32219622"><ele>445.0</ele></trkpt><trkpt lat="61.10605080" lon="13.32241272"><ele>445.0</ele></trkpt><trkpt lat="61.10602693" lon="13.32261933"><ele>445.0</ele></trkpt><trkpt lat="61.10599698" lon="13.32282684"><ele>446.0</ele></trkpt><trkpt lat="61.10596269" lon="13.32303435"><ele>446.0</ele></trkpt><trkpt lat="61.10593057" lon="13.32323917"><ele>446.0</ele></trkpt><trkpt lat="61.10590062" lon="13.32344398"><ele>446.0</ele></trkpt><trkpt lat="61.10586980" lon="13.32358682"><ele>447.0</ele></trkpt><trkpt lat="61.10582900" lon="13.32379523"><ele>447.0</ele></trkpt><trkpt lat="61.10580382" lon="13.32393716"><ele>447.0</ele></trkpt><trkpt lat="61.10578168" lon="13.32408179"><ele>447.0</ele></trkpt><trkpt lat="61.10575564" lon="13.32422642"><ele>447.0</ele></trkpt><trkpt lat="61.10571397" lon="13.32443393"><ele>447.0</ele></trkpt><trkpt lat="61.10568272" lon="13.32464413"><ele>447.0</ele></trkpt><trkpt lat="61.10564495" lon="13.32483997"><ele>447.0</ele></trkpt><trkpt lat="61.10559677" lon="13.32502861"><ele>449.0</ele></trkpt><trkpt lat="61.10553470" lon="13.32520468"><ele>449.0</ele></trkpt><trkpt lat="61.10545570" lon="13.32537985"><ele>449.0</ele></trkpt><trkpt lat="61.10537887" lon="13.32553077"><ele>450.0</ele></trkpt><trkpt lat="61.10529380" lon="13.32566462"><ele>450.0</ele></trkpt><trkpt lat="61.10520872" lon="13.32579488"><ele>450.0</ele></trkpt><trkpt lat="61.10512191" lon="13.32594130"><ele>451.0</ele></trkpt><trkpt lat="61.10503379" lon="13.32611018"><ele>451.0</ele></trkpt><trkpt lat="61.10494697" lon="13.32627458"><ele>451.0</ele></trkpt><trkpt lat="61.10488186" lon="13.32643178"><ele>451.0</ele></trkpt><trkpt lat="61.10481198" lon="13.32665546"><ele>451.0</ele></trkpt><trkpt lat="61.10475468" lon="13.32683333"><ele>451.0</ele></trkpt><trkpt lat="61.10470172" lon="13.32702197"><ele>451.0</ele></trkpt><trkpt lat="61.10465658" lon="13.32721960"><ele>452.0</ele></trkpt><trkpt lat="61.10462576" lon="13.32742172"><ele>452.0</ele></trkpt><trkpt lat="61.10460883" lon="13.32764091"><ele>452.0</ele></trkpt><trkpt lat="61.10460189" lon="13.32785471"><ele>454.0</ele></trkpt><trkpt lat="61.10461274" lon="13.32811253"><ele>454.0</ele></trkpt><trkpt lat="61.10466873" lon="13.32834160"><ele>454.0</ele></trkpt><trkpt lat="61.10474600" lon="13.32850779"><ele>456.0</ele></trkpt><trkpt lat="61.10482977" lon="13.32867577"><ele>456.0</ele></trkpt><trkpt lat="61.10490096" lon="13.32882489"><ele>456.0</ele></trkpt><trkpt lat="61.10496694" lon="13.32897222"><ele>458.0</ele></trkpt><trkpt lat="61.10504681" lon="13.32914200"><ele>458.0</ele></trkpt><trkpt lat="61.10511800" lon="13.32931897"><ele>458.0</ele></trkpt><trkpt lat="61.10518658" lon="13.32947797"><ele>459.0</ele></trkpt><trkpt lat="61.10525690" lon="13.32963967"><ele>459.0</ele></trkpt><trkpt lat="61.10531463" lon="13.32980945"><ele>459.0</ele></trkpt><trkpt lat="61.10537366" lon="13.33000169"><ele>459.0</ele></trkpt><trkpt lat="61.10542879" lon="13.33018943"><ele>460.0</ele></trkpt><trkpt lat="61.10548392" lon="13.33039335"><ele>460.0</ele></trkpt><trkpt lat="61.10552776" lon="13.33060176"><ele>460.0</ele></trkpt><trkpt lat="61.10556769" lon="13.33080658"><ele>463.0</ele></trkpt><trkpt lat="61.10559981" lon="13.33100780"><ele>463.0</ele></trkpt><trkpt lat="61.10564582" lon="13.33121351"><ele>464.0</ele></trkpt><trkpt lat="61.10569965" lon="13.33142282"><ele>465.0</ele></trkpt><trkpt lat="61.10574696" lon="13.33163842"><ele>465.0</ele></trkpt><trkpt lat="61.10578863" lon="13.33185761"><ele>465.0</ele></trkpt><trkpt lat="61.10582900" lon="13.33206781"><ele>465.0</ele></trkpt><trkpt lat="61.10586676" lon="13.33228251"><ele>465.0</ele></trkpt><trkpt lat="61.10589063" lon="13.33251787"><ele>465.0</ele></trkpt><trkpt lat="61.10591798" lon="13.33275772"><ele>465.0</ele></trkpt><trkpt lat="61.10592970" lon="13.33299936"><ele>465.0</ele></trkpt><trkpt lat="61.10594880" lon="13.33322933"><ele>465.0</ele></trkpt><trkpt lat="61.10595661" lon="13.33343325"><ele>465.0</ele></trkpt><trkpt lat="61.10596486" lon="13.33365873"><ele>465.0</ele></trkpt><trkpt lat="61.10597658" lon="13.33389319"><ele>465.0</ele></trkpt><trkpt lat="61.10599785" lon="13.33411867"><ele>465.0</ele></trkpt><trkpt lat="61.10600696" lon="13.33433336"><ele>465.0</ele></trkpt><trkpt lat="61.10601694" lon="13.33455165"><ele>466.0</ele></trkpt><trkpt lat="61.10602389" lon="13.33475377"><ele>466.0</ele></trkpt><trkpt lat="61.10603691" lon="13.33496218"><ele>466.0</ele></trkpt><trkpt lat="61.10607467" lon="13.33522180"><ele>468.0</ele></trkpt><trkpt lat="61.10610896" lon="13.33542482"><ele>468.0</ele></trkpt><trkpt lat="61.10615367" lon="13.33563233"><ele>468.0</ele></trkpt><trkpt lat="61.10621487" lon="13.33587397"><ele>469.0</ele></trkpt><trkpt lat="61.10625567" lon="13.33607699"><ele>469.0</ele></trkpt><trkpt lat="61.10632165" lon="13.33630876"><ele>469.0</ele></trkpt><trkpt lat="61.10638068" lon="13.33648034"><ele>470.0</ele></trkpt><trkpt lat="61.10644970" lon="13.33669414"><ele>470.0</ele></trkpt><trkpt lat="61.10651177" lon="13.33688637"><ele>470.0</ele></trkpt><trkpt lat="61.10656559" lon="13.33707143"><ele>471.0</ele></trkpt><trkpt lat="61.10664762" lon="13.33725199"><ele>471.0</ele></trkpt><trkpt lat="61.10673096" lon="13.33742177"><ele>471.0</ele></trkpt><trkpt lat="61.10680258" lon="13.33760233"><ele>471.0</ele></trkpt><trkpt lat="61.10687680" lon="13.33778200"><ele>471.0</ele></trkpt><trkpt lat="61.10693757" lon="13.33796256"><ele>471.0</ele></trkpt><trkpt lat="61.10700398" lon="13.33812515"><ele>471.0</ele></trkpt><trkpt lat="61.10706778" lon="13.33828864"><ele>471.0</ele></trkpt><trkpt lat="61.10715285" lon="13.33844675"><ele>471.0</ele></trkpt><trkpt lat="61.10725095" lon="13.33860485"><ele>471.0</ele></trkpt><trkpt lat="61.10734991" lon="13.33875757"><ele>473.0</ele></trkpt><trkpt lat="61.10744887" lon="13.33890938"><ele>473.0</ele></trkpt><trkpt lat="61.10754479" lon="13.33905670"><ele>473.0</ele></trkpt><trkpt lat="61.10763463" lon="13.33917079"><ele>475.0</ele></trkpt><trkpt lat="61.10772665" lon="13.33931093"><ele>475.0</ele></trkpt><trkpt lat="61.10781780" lon="13.33945196"><ele>475.0</ele></trkpt><trkpt lat="61.10790764" lon="13.33959390"><ele>475.0</ele></trkpt><trkpt lat="61.10800400" lon="13.33973583"><ele>475.0</ele></trkpt><trkpt lat="61.10809775" lon="13.33988495"><ele>475.0</ele></trkpt><trkpt lat="61.10815981" lon="13.33998556"><ele>475.0</ele></trkpt><trkpt lat="61.10824792" lon="13.34013917"><ele>476.0</ele></trkpt><trkpt lat="61.10830391" lon="13.34024428"><ele>476.0</ele></trkpt><trkpt lat="61.10835599" lon="13.34036645"><ele>476.0</ele></trkpt><trkpt lat="61.10840287" lon="13.34049670"><ele>476.0</ele></trkpt><trkpt lat="61.10847492" lon="13.34069343"><ele>476.0</ele></trkpt><trkpt lat="61.10854957" lon="13.34089915"><ele>477.0</ele></trkpt><trkpt lat="61.10861988" lon="13.34109678"><ele>477.0</ele></trkpt><trkpt lat="61.10868759" lon="13.34130339"><ele>477.0</ele></trkpt><trkpt lat="61.10873272" lon="13.34144173"><ele>478.0</ele></trkpt><trkpt lat="61.10877699" lon="13.34158097"><ele>478.0</ele></trkpt><trkpt lat="61.10884166" lon="13.34178399"><ele>478.0</ele></trkpt><trkpt lat="61.10890069" lon="13.34197892"><ele>478.0</ele></trkpt><trkpt lat="61.10896058" lon="13.34217655"><ele>477.0</ele></trkpt><trkpt lat="61.10901874" lon="13.34238586"><ele>477.0</ele></trkpt><trkpt lat="61.10907994" lon="13.34259517"><ele>477.0</ele></trkpt><trkpt lat="61.10913766" lon="13.34280358"><ele>477.0</ele></trkpt><trkpt lat="61.10920190" lon="13.34301738"><ele>477.0</ele></trkpt><trkpt lat="61.10926179" lon="13.34323567"><ele>477.0</ele></trkpt><trkpt lat="61.10932559" lon="13.34344857"><ele>477.0</ele></trkpt><trkpt lat="61.10939286" lon="13.34366237"><ele>478.0</ele></trkpt><trkpt lat="61.10944494" lon="13.34387527"><ele>478.0</ele></trkpt><trkpt lat="61.10949876" lon="13.34409715"><ele>478.0</ele></trkpt><trkpt lat="61.10955692" lon="13.34431275"><ele>478.0</ele></trkpt><trkpt lat="61.10961464" lon="13.34451666"><ele>478.0</ele></trkpt><trkpt lat="61.10966976" lon="13.34470890"><ele>478.0</ele></trkpt><trkpt lat="61.10972661" lon="13.34492091"><ele>478.0</ele></trkpt><trkpt lat="61.10976958" lon="13.34513471"><ele>478.0</ele></trkpt><trkpt lat="61.10981559" lon="13.34534311"><ele>478.0</ele></trkpt><trkpt lat="61.10987461" lon="13.34555063"><ele>478.0</ele></trkpt><trkpt lat="61.10993971" lon="13.34575185"><ele>478.0</ele></trkpt><trkpt lat="61.11000394" lon="13.34595577"><ele>478.0</ele></trkpt><trkpt lat="61.11005689" lon="13.34617316"><ele>478.0</ele></trkpt><trkpt lat="61.11010463" lon="13.34638336"><ele>479.0</ele></trkpt><trkpt lat="61.11015194" lon="13.34659716"><ele>479.0</ele></trkpt><trkpt lat="61.11020489" lon="13.34679749"><ele>479.0</ele></trkpt><trkpt lat="61.11026174" lon="13.34700140"><ele>479.0</ele></trkpt><trkpt lat="61.11031599" lon="13.34722598"><ele>479.0</ele></trkpt><trkpt lat="61.11036590" lon="13.34743529"><ele>479.0</ele></trkpt><trkpt lat="61.11041494" lon="13.34764550"><ele>479.0</ele></trkpt><trkpt lat="61.11047180" lon="13.34786199"><ele>479.0</ele></trkpt><trkpt lat="61.11053169" lon="13.34807579"><ele>479.0</ele></trkpt><trkpt lat="61.11059375" lon="13.34828330"><ele>479.0</ele></trkpt><trkpt lat="61.11065798" lon="13.34848991"><ele>480.0</ele></trkpt><trkpt lat="61.11070398" lon="13.34869383"><ele>480.0</ele></trkpt><trkpt lat="61.11074695" lon="13.34890314"><ele>480.0</ele></trkpt><trkpt lat="61.11078557" lon="13.34913131"><ele>479.0</ele></trkpt><trkpt lat="61.11081161" lon="13.34928133"><ele>479.0</ele></trkpt><trkpt lat="61.11083895" lon="13.34943943"><ele>479.0</ele></trkpt><trkpt lat="61.11087584" lon="13.34966311"><ele>479.0</ele></trkpt><trkpt lat="61.11090883" lon="13.34989129"><ele>480.0</ele></trkpt><trkpt lat="61.11094485" lon="13.35010778"><ele>480.0</ele></trkpt><trkpt lat="61.11098391" lon="13.35031978"><ele>480.0</ele></trkpt><trkpt lat="61.11102774" lon="13.35053717"><ele>480.0</ele></trkpt><trkpt lat="61.11106159" lon="13.35068270"><ele>480.0</ele></trkpt><trkpt lat="61.11112365" lon="13.35088752"><ele>480.0</ele></trkpt><trkpt lat="61.11118658" lon="13.35108335"><ele>480.0</ele></trkpt><trkpt lat="61.11124690" lon="13.35126571"><ele>481.0</ele></trkpt><trkpt lat="61.11131157" lon="13.35144986"><ele>481.0</ele></trkpt><trkpt lat="61.11138665" lon="13.35162683"><ele>481.0</ele></trkpt><trkpt lat="61.11146389" lon="13.35179571"><ele>481.0</ele></trkpt><trkpt lat="61.11152161" lon="13.35191339"><ele>481.0</ele></trkpt><trkpt lat="61.11158281" lon="13.35202658"><ele>481.0</ele></trkpt><trkpt lat="61.11164096" lon="13.35213977"><ele>481.0</ele></trkpt><trkpt lat="61.11169477" lon="13.35225475"><ele>481.0</ele></trkpt><trkpt lat="61.11175076" lon="13.35236794"><ele>481.0</ele></trkpt><trkpt lat="61.11180761" lon="13.35247125"><ele>481.0</ele></trkpt><trkpt lat="61.11186793" lon="13.35258623"><ele>481.0</ele></trkpt><trkpt lat="61.11192478" lon="13.35270391"><ele>481.0</ele></trkpt><trkpt lat="61.11198163" lon="13.35281530"><ele>481.0</ele></trkpt><trkpt lat="61.11206192" lon="13.35297340"><ele>481.0</ele></trkpt><trkpt lat="61.11211790" lon="13.35308480"><ele>481.0</ele></trkpt><trkpt lat="61.11217562" lon="13.35319439"><ele>481.0</ele></trkpt><trkpt lat="61.11223290" lon="13.35330129"><ele>481.0</ele></trkpt><trkpt lat="61.11228585" lon="13.35341268"><ele>481.0</ele></trkpt><trkpt lat="61.11234487" lon="13.35351419"><ele>481.0</ele></trkpt><trkpt lat="61.11239868" lon="13.35362648"><ele>481.0</ele></trkpt><trkpt lat="61.11247896" lon="13.35379357"><ele>481.0</ele></trkpt><trkpt lat="61.11256576" lon="13.35396065"><ele>481.0</ele></trkpt><trkpt lat="61.11265993" lon="13.35412684"><ele>481.0</ele></trkpt><trkpt lat="61.11271765" lon="13.35423374"><ele>481.0</ele></trkpt><trkpt lat="61.11280791" lon="13.35440622"><ele>481.0</ele></trkpt><trkpt lat="61.11288689" lon="13.35460115"><ele>480.0</ele></trkpt><trkpt lat="61.11293680" lon="13.35472781"><ele>480.0</ele></trkpt><trkpt lat="61.11298974" lon="13.35484999"><ele>480.0</ele></trkpt><trkpt lat="61.11304485" lon="13.35496856"><ele>480.0</ele></trkpt><trkpt lat="61.11309866" lon="13.35509523"><ele>480.0</ele></trkpt><trkpt lat="61.11314770" lon="13.35521470"><ele>480.0</ele></trkpt><trkpt lat="61.11319761" lon="13.35533418"><ele>480.0</ele></trkpt><trkpt lat="61.11324665" lon="13.35545635"><ele>480.0</ele></trkpt><trkpt lat="61.11329395" lon="13.35557223"><ele>480.0</ele></trkpt><trkpt lat="61.11338074" lon="13.35581028"><ele>480.0</ele></trkpt><trkpt lat="61.11342587" lon="13.35593874"><ele>480.0</ele></trkpt><trkpt lat="61.11346579" lon="13.35607529"><ele>480.0</ele></trkpt><trkpt lat="61.11351266" lon="13.35621542"><ele>480.0</ele></trkpt><trkpt lat="61.11355996" lon="13.35634658"><ele>480.0</ele></trkpt><trkpt lat="61.11360466" lon="13.35648222"><ele>480.0</ele></trkpt><trkpt lat="61.11365283" lon="13.35661877"><ele>480.0</ele></trkpt><trkpt lat="61.11370360" lon="13.35676160"><ele>480.0</ele></trkpt><trkpt lat="61.11377086" lon="13.35696731"><ele>480.0</ele></trkpt><trkpt lat="61.11381990" lon="13.35711194"><ele>480.0</ele></trkpt><trkpt lat="61.11386286" lon="13.35726286"><ele>480.0</ele></trkpt><trkpt lat="61.11391276" lon="13.35740929"><ele>480.0</ele></trkpt><trkpt lat="61.11395963" lon="13.35755032"><ele>480.0</ele></trkpt><trkpt lat="61.11400086" lon="13.35769136"><ele>480.0</ele></trkpt><trkpt lat="61.11404165" lon="13.35782341"><ele>480.0</ele></trkpt><trkpt lat="61.11408374" lon="13.35795816"><ele>480.0</ele></trkpt><trkpt lat="61.11413061" lon="13.35809919"><ele>480.0</ele></trkpt><trkpt lat="61.11418181" lon="13.35823663"><ele>480.0</ele></trkpt><trkpt lat="61.11423085" lon="13.35836240"><ele>480.0</ele></trkpt><trkpt lat="61.11426383" lon="13.35849715"><ele>480.0</ele></trkpt><trkpt lat="61.11430592" lon="13.35863189"><ele>480.0</ele></trkpt><trkpt lat="61.11438663" lon="13.35888342"><ele>480.0</ele></trkpt><trkpt lat="61.11446865" lon="13.35912417"><ele>480.0</ele></trkpt><trkpt lat="61.11455977" lon="13.35934516"><ele>481.0</ele></trkpt><trkpt lat="61.11461185" lon="13.35944487"><ele>481.0</ele></trkpt><trkpt lat="61.11467173" lon="13.35952751"><ele>481.0</ele></trkpt><trkpt lat="61.11473769" lon="13.35959489"><ele>481.0</ele></trkpt><trkpt lat="61.11480972" lon="13.35965328"><ele>481.0</ele></trkpt><trkpt lat="61.11488262" lon="13.35970628"><ele>481.0</ele></trkpt><trkpt lat="61.11498590" lon="13.35975389"><ele>481.0</ele></trkpt><trkpt lat="61.11508657" lon="13.35976467"><ele>481.0</ele></trkpt><trkpt lat="61.11518898" lon="13.35976736"><ele>483.0</ele></trkpt><trkpt lat="61.11528965" lon="13.35976916"><ele>483.0</ele></trkpt><trkpt lat="61.11539987" lon="13.35977545"><ele>483.0</ele></trkpt><trkpt lat="61.11551964" lon="13.35979072"><ele>485.0</ele></trkpt><trkpt lat="61.11563159" lon="13.35981048"><ele>485.0</ele></trkpt><trkpt lat="61.11575179" lon="13.35982935"><ele>485.0</ele></trkpt><trkpt lat="61.11586981" lon="13.35987247"><ele>485.0</ele></trkpt><trkpt lat="61.11594662" lon="13.35990660"><ele>487.0</ele></trkpt><trkpt lat="61.11602169" lon="13.35995242"><ele>487.0</ele></trkpt><trkpt lat="61.11609892" lon="13.36001171"><ele>487.0</ele></trkpt><trkpt lat="61.11617269" lon="13.36007189"><ele>487.0</ele></trkpt><trkpt lat="61.11624081" lon="13.36013118"><ele>487.0</ele></trkpt><trkpt lat="61.11630894" lon="13.36020754"><ele>487.0</ele></trkpt><trkpt lat="61.11638097" lon="13.36029557"><ele>487.0</ele></trkpt><trkpt lat="61.11644866" lon="13.36037912"><ele>487.0</ele></trkpt><trkpt lat="61.11651461" lon="13.36045727"><ele>487.0</ele></trkpt><trkpt lat="61.11658361" lon="13.36053632"><ele>486.0</ele></trkpt><trkpt lat="61.11665477" lon="13.36061986"><ele>486.0</ele></trkpt><trkpt lat="61.11672680" lon="13.36070970"><ele>486.0</ele></trkpt><trkpt lat="61.11679666" lon="13.36079773"><ele>486.0</ele></trkpt><trkpt lat="61.11686565" lon="13.36088846"><ele>486.0</ele></trkpt><trkpt lat="61.11693594" lon="13.36098997"><ele>486.0</ele></trkpt><trkpt lat="61.11700276" lon="13.36109058"><ele>486.0</ele></trkpt><trkpt lat="61.11707089" lon="13.36117233"><ele>486.0</ele></trkpt><trkpt lat="61.11719976" lon="13.36131875"><ele>486.0</ele></trkpt><trkpt lat="61.11726267" lon="13.36139511"><ele>486.0</ele></trkpt><trkpt lat="61.11732993" lon="13.36147147"><ele>486.0</ele></trkpt><trkpt lat="61.11739588" lon="13.36154154"><ele>486.0</ele></trkpt><trkpt lat="61.11746270" lon="13.36161789"><ele>486.0</ele></trkpt><trkpt lat="61.11756076" lon="13.36172928"><ele>486.0</ele></trkpt><trkpt lat="61.11765188" lon="13.36184517"><ele>486.0</ele></trkpt><trkpt lat="61.11771783" lon="13.36192512"><ele>486.0</ele></trkpt><trkpt lat="61.11781199" lon="13.36204100"><ele>486.0</ele></trkpt><trkpt lat="61.11788185" lon="13.36212724"><ele>486.0</ele></trkpt><trkpt lat="61.11797991" lon="13.36225210"><ele>486.0</ele></trkpt><trkpt lat="61.11804195" lon="13.36233744"><ele>486.0</ele></trkpt><trkpt lat="61.11813177" lon="13.36248117"><ele>486.0</ele></trkpt><trkpt lat="61.11820987" lon="13.36266443"><ele>486.0</ele></trkpt><trkpt lat="61.11828493" lon="13.36285577"><ele>487.0</ele></trkpt><trkpt lat="61.11834264" lon="13.36307945"><ele>487.0</ele></trkpt><trkpt lat="61.11839297" lon="13.36331751"><ele>487.0</ele></trkpt><trkpt lat="61.11843766" lon="13.36355825"><ele>488.0</ele></trkpt><trkpt lat="61.11847758" lon="13.36380529"><ele>488.0</ele></trkpt><trkpt lat="61.11850187" lon="13.36404694"><ele>488.0</ele></trkpt><trkpt lat="61.11852487" lon="13.36430026"><ele>488.0</ele></trkpt><trkpt lat="61.11854873" lon="13.36453742"><ele>488.0</ele></trkpt><trkpt lat="61.11857390" lon="13.36477996"><ele>488.0</ele></trkpt><trkpt lat="61.11860557" lon="13.36501083"><ele>487.0</ele></trkpt><trkpt lat="61.11861989" lon="13.36525876"><ele>487.0</ele></trkpt><trkpt lat="61.11862987" lon="13.36542855"><ele>487.0</ele></trkpt><trkpt lat="61.11865590" lon="13.36566660"><ele>487.0</ele></trkpt><trkpt lat="61.11867760" lon="13.36589747"><ele>486.0</ele></trkpt><trkpt lat="61.11869582" lon="13.36614181"><ele>486.0</ele></trkpt><trkpt lat="61.11872099" lon="13.36638525"><ele>486.0</ele></trkpt><trkpt lat="61.11874485" lon="13.36662241"><ele>486.0</ele></trkpt><trkpt lat="61.11875873" lon="13.36685058"><ele>486.0</ele></trkpt><trkpt lat="61.11877262" lon="13.36708594"><ele>486.0</ele></trkpt><trkpt lat="61.11878260" lon="13.36731860"><ele>486.0</ele></trkpt><trkpt lat="61.11879561" lon="13.36755755"><ele>487.0</ele></trkpt><trkpt lat="61.11881384" lon="13.36780369"><ele>487.0</ele></trkpt><trkpt lat="61.11882165" lon="13.36804354"><ele>487.0</ele></trkpt><trkpt lat="61.11882859" lon="13.36821332"><ele>487.0</ele></trkpt><trkpt lat="61.11883380" lon="13.36838850"><ele>488.0</ele></trkpt><trkpt lat="61.11884074" lon="13.36855289"><ele>488.0</ele></trkpt><trkpt lat="61.11884378" lon="13.36870740"><ele>488.0</ele></trkpt><trkpt lat="61.11884768" lon="13.36886999"><ele>488.0</ele></trkpt><trkpt lat="61.11884898" lon="13.36903079"><ele>488.0</ele></trkpt><trkpt lat="61.11885072" lon="13.36926795"><ele>488.0</ele></trkpt><trkpt lat="61.11885679" lon="13.36950959"><ele>488.0</ele></trkpt><trkpt lat="61.11885766" lon="13.36973866"><ele>488.0</ele></trkpt><trkpt lat="61.11885159" lon="13.36996953"><ele>488.0</ele></trkpt><trkpt lat="61.11882989" lon="13.37019770"><ele>488.0</ele></trkpt><trkpt lat="61.11879258" lon="13.37041689"><ele>488.0</ele></trkpt><trkpt lat="61.11874181" lon="13.37063249"><ele>488.0</ele></trkpt><trkpt lat="61.11868194" lon="13.37084090"><ele>488.0</ele></trkpt><trkpt lat="61.11862293" lon="13.37104032"><ele>488.0</ele></trkpt><trkpt lat="61.11856088" lon="13.37123975"><ele>487.0</ele></trkpt><trkpt lat="61.11848886" lon="13.37143917"><ele>487.0</ele></trkpt><trkpt lat="61.11841987" lon="13.37166555"><ele>487.0</ele></trkpt><trkpt lat="61.11836477" lon="13.37182186"><ele>487.0</ele></trkpt><trkpt lat="61.11831487" lon="13.37196738"><ele>486.0</ele></trkpt><trkpt lat="61.11825890" lon="13.37220184"><ele>486.0</ele></trkpt><trkpt lat="61.11821594" lon="13.37241924"><ele>486.0</ele></trkpt><trkpt lat="61.11817689" lon="13.37263753"><ele>486.0</ele></trkpt><trkpt lat="61.11814565" lon="13.37284144"><ele>486.0</ele></trkpt><trkpt lat="61.11810877" lon="13.37305973"><ele>486.0</ele></trkpt><trkpt lat="61.11807276" lon="13.37328342"><ele>486.0</ele></trkpt><trkpt lat="61.11804976" lon="13.37351338"><ele>486.0</ele></trkpt><trkpt lat="61.11804369" lon="13.37374156"><ele>487.0</ele></trkpt><trkpt lat="61.11803197" lon="13.37398590"><ele>487.0</ele></trkpt><trkpt lat="61.11803197" lon="13.37424551"><ele>487.0</ele></trkpt><trkpt lat="61.11802763" lon="13.37449794"><ele>487.0</ele></trkpt><trkpt lat="61.11802286" lon="13.37472791"><ele>488.0</ele></trkpt><trkpt lat="61.11803197" lon="13.37495338"><ele>488.0</ele></trkpt><trkpt lat="61.11803284" lon="13.37518335"><ele>488.0</ele></trkpt><trkpt lat="61.11801896" lon="13.37543398"><ele>488.0</ele></trkpt><trkpt lat="61.11802460" lon="13.37566575"><ele>488.0</ele></trkpt><trkpt lat="61.11804195" lon="13.37591278"><ele>486.0</ele></trkpt><trkpt lat="61.11805887" lon="13.37614365"><ele>486.0</ele></trkpt><trkpt lat="61.11808794" lon="13.37638620"><ele>486.0</ele></trkpt><trkpt lat="61.11810877" lon="13.37662155"><ele>486.0</ele></trkpt><trkpt lat="61.11811485" lon="13.37685781"><ele>486.0</ele></trkpt><trkpt lat="61.11813567" lon="13.37709587"><ele>486.0</ele></trkpt><trkpt lat="61.11815997" lon="13.37732943"><ele>486.0</ele></trkpt><trkpt lat="61.11817776" lon="13.37756658"><ele>488.0</ele></trkpt><trkpt lat="61.11819381" lon="13.37780464"><ele>488.0</ele></trkpt><trkpt lat="61.11820857" lon="13.37802832"><ele>488.0</ele></trkpt><trkpt lat="61.11822375" lon="13.37819091"><ele>488.0</ele></trkpt><trkpt lat="61.11824371" lon="13.37834991"><ele>488.0</ele></trkpt><trkpt lat="61.11826280" lon="13.37851161"><ele>488.0</ele></trkpt><trkpt lat="61.11829578" lon="13.37874787"><ele>488.0</ele></trkpt><trkpt lat="61.11832875" lon="13.37897694"><ele>488.0</ele></trkpt><trkpt lat="61.11836694" lon="13.37919253"><ele>488.0</ele></trkpt><trkpt lat="61.11842681" lon="13.37939645"><ele>488.0</ele></trkpt><trkpt lat="61.11848973" lon="13.37957881"><ele>488.0</ele></trkpt><trkpt lat="61.11855871" lon="13.37974230"><ele>488.0</ele></trkpt><trkpt lat="61.11862597" lon="13.37993544"><ele>488.0</ele></trkpt><trkpt lat="61.11869278" lon="13.38017349"><ele>490.0</ele></trkpt><trkpt lat="61.11874789" lon="13.38040256"><ele>490.0</ele></trkpt><trkpt lat="61.11880690" lon="13.38063613"><ele>490.0</ele></trkpt><trkpt lat="61.11886590" lon="13.38087687"><ele>490.0</ele></trkpt><trkpt lat="61.11890365" lon="13.38111852"><ele>492.0</ele></trkpt><trkpt lat="61.11893359" lon="13.38138532"><ele>492.0</ele></trkpt><trkpt lat="61.11893880" lon="13.38163954"><ele>492.0</ele></trkpt><trkpt lat="61.11894270" lon="13.38188928"><ele>492.0</ele></trkpt><trkpt lat="61.11892882" lon="13.38213452"><ele>493.0</ele></trkpt><trkpt lat="61.11891493" lon="13.38229891"><ele>493.0</ele></trkpt><trkpt lat="61.11890886" lon="13.38252259"><ele>493.0</ele></trkpt><trkpt lat="61.11889888" lon="13.38274627"><ele>493.0</ele></trkpt><trkpt lat="61.11889975" lon="13.38295647"><ele>493.0</ele></trkpt><trkpt lat="61.11889758" lon="13.38317387"><ele>494.0</ele></trkpt><trkpt lat="61.11889584" lon="13.38338138"><ele>495.0</ele></trkpt><trkpt lat="61.11889063" lon="13.38359967"><ele>495.0</ele></trkpt><trkpt lat="61.11888673" lon="13.38382065"><ele>495.0</ele></trkpt><trkpt lat="61.11887892" lon="13.38403445"><ele>498.0</ele></trkpt><trkpt lat="61.11888760" lon="13.38426891"><ele>498.0</ele></trkpt><trkpt lat="61.11890061" lon="13.38450337"><ele>499.0</ele></trkpt><trkpt lat="61.11891059" lon="13.38472436"><ele>499.0</ele></trkpt><trkpt lat="61.11892274" lon="13.38495253"><ele>499.0</ele></trkpt><trkpt lat="61.11893663" lon="13.38517711"><ele>499.0</ele></trkpt><trkpt lat="61.11893880" lon="13.38541157"><ele>499.0</ele></trkpt><trkpt lat="61.11893966" lon="13.38563345"><ele>500.0</ele></trkpt><trkpt lat="61.11895962" lon="13.38586522"><ele>500.0</ele></trkpt><trkpt lat="61.11897481" lon="13.38608531"><ele>500.0</ele></trkpt><trkpt lat="61.11898869" lon="13.38630360"><ele>500.0</ele></trkpt><trkpt lat="61.11900388" lon="13.38654794"><ele>500.0</ele></trkpt><trkpt lat="61.11901559" lon="13.38680665"><ele>500.0</ele></trkpt><trkpt lat="61.11902861" lon="13.38705639"><ele>500.0</ele></trkpt><trkpt lat="61.11903598" lon="13.38729713"><ele>500.0</ele></trkpt><trkpt lat="61.11904596" lon="13.38752710"><ele>500.0</ele></trkpt><trkpt lat="61.11905898" lon="13.38776336"><ele>500.0</ele></trkpt><trkpt lat="61.11907200" lon="13.38800321"><ele>500.0</ele></trkpt><trkpt lat="61.11908458" lon="13.38824036"><ele>500.0</ele></trkpt><trkpt lat="61.11909759" lon="13.38847123"><ele>500.0</ele></trkpt><trkpt lat="61.11911669" lon="13.38869851"><ele>500.0</ele></trkpt><trkpt lat="61.11912970" lon="13.38892758"><ele>500.0</ele></trkpt><trkpt lat="61.11914792" lon="13.38916653"><ele>500.0</ele></trkpt><trkpt lat="61.11916398" lon="13.38940728"><ele>500.0</ele></trkpt><trkpt lat="61.11917396" lon="13.38964084"><ele>501.0</ele></trkpt><trkpt lat="61.11919088" lon="13.38987260"><ele>501.0</ele></trkpt><trkpt lat="61.11920259" lon="13.39010078"><ele>501.0</ele></trkpt><trkpt lat="61.11921170" lon="13.39032625"><ele>503.0</ele></trkpt><trkpt lat="61.11921995" lon="13.39047447"><ele>503.0</ele></trkpt><trkpt lat="61.11922472" lon="13.39062719"><ele>503.0</ele></trkpt><trkpt lat="61.11923296" lon="13.39079068"><ele>503.0</ele></trkpt><trkpt lat="61.11923991" lon="13.39101257"><ele>504.0</ele></trkpt><trkpt lat="61.11925466" lon="13.39124433"><ele>504.0</ele></trkpt><trkpt lat="61.11926767" lon="13.39149316"><ele>504.0</ele></trkpt><trkpt lat="61.11927982" lon="13.39173661"><ele>504.0</ele></trkpt><trkpt lat="61.11929197" lon="13.39196747"><ele>504.0</ele></trkpt><trkpt lat="61.11930499" lon="13.39219924"><ele>504.0</ele></trkpt><trkpt lat="61.11932364" lon="13.39243640"><ele>504.0</ele></trkpt><trkpt lat="61.11933579" lon="13.39266097"><ele>505.0</ele></trkpt><trkpt lat="61.11934794" lon="13.39290082"><ele>505.0</ele></trkpt><trkpt lat="61.11935792" lon="13.39315235"><ele>505.0</ele></trkpt><trkpt lat="61.11936573" lon="13.39340478"><ele>505.0</ele></trkpt><trkpt lat="61.11938265" lon="13.39367338"><ele>505.0</ele></trkpt><trkpt lat="61.11939263" lon="13.39392670"><ele>505.0</ele></trkpt><trkpt lat="61.11941085" lon="13.39416386"><ele>505.0</ele></trkpt><trkpt lat="61.11941693" lon="13.39438754"><ele>505.0</ele></trkpt><trkpt lat="61.11943168" lon="13.39460044"><ele>505.0</ele></trkpt><trkpt lat="61.11944166" lon="13.39480256"><ele>505.0</ele></trkpt><trkpt lat="61.11947767" lon="13.39500737"><ele>506.0</ele></trkpt><trkpt lat="61.11953364" lon="13.39520051"><ele>506.0</ele></trkpt><trkpt lat="61.11958961" lon="13.39539994"><ele>506.0</ele></trkpt><trkpt lat="61.11964558" lon="13.39557691"><ele>508.0</ele></trkpt><trkpt lat="61.11972367" lon="13.39574220"><ele>508.0</ele></trkpt><trkpt lat="61.11981088" lon="13.39588682"><ele>508.0</ele></trkpt><trkpt lat="61.11990677" lon="13.39604133"><ele>508.0</ele></trkpt><trkpt lat="61.11999397" lon="13.39618866"><ele>508.0</ele></trkpt><trkpt lat="61.12007294" lon="13.39633059"><ele>508.0</ele></trkpt><trkpt lat="61.12016882" lon="13.39647253"><ele>508.0</ele></trkpt><trkpt lat="61.12026470" lon="13.39663243"><ele>507.0</ele></trkpt><trkpt lat="61.12034974" lon="13.39676089"><ele>507.0</ele></trkpt><trkpt lat="61.12043391" lon="13.39690821"><ele>507.0</ele></trkpt><trkpt lat="61.12051678" lon="13.39707530"><ele>506.0</ele></trkpt><trkpt lat="61.12061700" lon="13.39722082"><ele>506.0</ele></trkpt><trkpt lat="61.12072069" lon="13.39736994"><ele>506.0</ele></trkpt><trkpt lat="61.12082481" lon="13.39753613"><ele>505.0</ele></trkpt><trkpt lat="61.12088469" lon="13.39764123"><ele>504.0</ele></trkpt><trkpt lat="61.12097797" lon="13.39779395"><ele>504.0</ele></trkpt><trkpt lat="61.12107862" lon="13.39795744"><ele>504.0</ele></trkpt><trkpt lat="61.12117580" lon="13.39811285"><ele>504.0</ele></trkpt><trkpt lat="61.12127081" lon="13.39826556"><ele>504.0</ele></trkpt><trkpt lat="61.12137364" lon="13.39844343"><ele>504.0</ele></trkpt><trkpt lat="61.12146474" lon="13.39863747"><ele>503.0</ele></trkpt><trkpt lat="61.12154284" lon="13.39888360"><ele>503.0</ele></trkpt><trkpt lat="61.12159967" lon="13.39915669"><ele>503.0</ele></trkpt><trkpt lat="61.12163394" lon="13.39934624"><ele>503.0</ele></trkpt><trkpt lat="61.12167299" lon="13.39961393"><ele>502.0</ele></trkpt><trkpt lat="61.12169772" lon="13.39987624"><ele>502.0</ele></trkpt><trkpt lat="61.12168774" lon="13.40014125"><ele>502.0</ele></trkpt><trkpt lat="61.12164869" lon="13.40039727"><ele>502.0</ele></trkpt><trkpt lat="61.12159099" lon="13.40062723"><ele>502.0</ele></trkpt><trkpt lat="61.12152158" lon="13.40084193"><ele>502.0</ele></trkpt><trkpt lat="61.12145390" lon="13.40104854"><ele>502.0</ele></trkpt><trkpt lat="61.12138275" lon="13.40125516"><ele>500.0</ele></trkpt><trkpt lat="61.12130769" lon="13.40147255"><ele>500.0</ele></trkpt><trkpt lat="61.12123090" lon="13.40170521"><ele>500.0</ele></trkpt><trkpt lat="61.12116062" lon="13.40192440"><ele>498.0</ele></trkpt><trkpt lat="61.12111376" lon="13.40214000"><ele>498.0</ele></trkpt><trkpt lat="61.12107471" lon="13.40236997"><ele>498.0</ele></trkpt><trkpt lat="61.12104998" lon="13.40260982"><ele>498.0</ele></trkpt><trkpt lat="61.12104695" lon="13.40278050"><ele>498.0</ele></trkpt><trkpt lat="61.12106170" lon="13.40302753"><ele>498.0</ele></trkpt><trkpt lat="61.12109163" lon="13.40326469"><ele>498.0</ele></trkpt><trkpt lat="61.12112287" lon="13.40349555"><ele>497.0</ele></trkpt><trkpt lat="61.12116495" lon="13.40371654"><ele>497.0</ele></trkpt><trkpt lat="61.12121268" lon="13.40393483"><ele>497.0</ele></trkpt><trkpt lat="61.12126084" lon="13.40412438"><ele>497.0</ele></trkpt><trkpt lat="61.12130682" lon="13.40434626"><ele>497.0</ele></trkpt><trkpt lat="61.12133980" lon="13.40456814"><ele>497.0</ele></trkpt><trkpt lat="61.12137060" lon="13.40479452"><ele>497.0</ele></trkpt><trkpt lat="61.12140574" lon="13.40502539"><ele>497.0</ele></trkpt><trkpt lat="61.12145173" lon="13.40527063"><ele>497.0</ele></trkpt><trkpt lat="61.12147776" lon="13.40543142"><ele>497.0</ele></trkpt><trkpt lat="61.12150683" lon="13.40558324"><ele>497.0</ele></trkpt><trkpt lat="61.12154457" lon="13.40580782"><ele>497.0</ele></trkpt><trkpt lat="61.12157060" lon="13.40595065"><ele>497.0</ele></trkpt><trkpt lat="61.12159576" lon="13.40617972"><ele>497.0</ele></trkpt><trkpt lat="61.12161789" lon="13.40632794"><ele>497.0</ele></trkpt><trkpt lat="61.12164696" lon="13.40649683"><ele>497.0</ele></trkpt><trkpt lat="61.12168383" lon="13.40673218"><ele>497.0</ele></trkpt><trkpt lat="61.12172982" lon="13.40696485"><ele>497.0</ele></trkpt><trkpt lat="61.12177581" lon="13.40720739"><ele>497.0</ele></trkpt><trkpt lat="61.12182180" lon="13.40746790"><ele>497.0</ele></trkpt><trkpt lat="61.12186171" lon="13.40770686"><ele>497.0</ele></trkpt><trkpt lat="61.12189295" lon="13.40786945"><ele>497.0</ele></trkpt><trkpt lat="61.12192679" lon="13.40811829"><ele>497.0</ele></trkpt><trkpt lat="61.12194457" lon="13.40828897"><ele>497.0</ele></trkpt><trkpt lat="61.12195976" lon="13.40846324"><ele>497.0</ele></trkpt><trkpt lat="61.12197364" lon="13.40864919"><ele>497.0</ele></trkpt><trkpt lat="61.12198492" lon="13.40883155"><ele>497.0</ele></trkpt><trkpt lat="61.12198969" lon="13.40900672"><ele>496.0</ele></trkpt><trkpt lat="61.12198188" lon="13.40925286"><ele>496.0</ele></trkpt><trkpt lat="61.12196366" lon="13.40950259"><ele>496.0</ele></trkpt><trkpt lat="61.12192679" lon="13.40973974"><ele>495.0</ele></trkpt><trkpt lat="61.12188991" lon="13.40997151"><ele>494.0</ele></trkpt><trkpt lat="61.12184696" lon="13.41019699"><ele>494.0</ele></trkpt><trkpt lat="61.12179880" lon="13.41040719"><ele>494.0</ele></trkpt><trkpt lat="61.12174761" lon="13.41062279"><ele>494.0</ele></trkpt><trkpt lat="61.12169598" lon="13.41085276"><ele>494.0</ele></trkpt><trkpt lat="61.12165260" lon="13.41108722"><ele>494.0</ele></trkpt><trkpt lat="61.12160357" lon="13.41133336"><ele>493.0</ele></trkpt><trkpt lat="61.12155672" lon="13.41157410"><ele>493.0</ele></trkpt><trkpt lat="61.12151160" lon="13.41181845"><ele>493.0</ele></trkpt><trkpt lat="61.12145173" lon="13.41205111"><ele>493.0</ele></trkpt><trkpt lat="61.12140878" lon="13.41225593"><ele>493.0</ele></trkpt><trkpt lat="61.12136496" lon="13.41249128"><ele>493.0</ele></trkpt><trkpt lat="61.12132288" lon="13.41272215"><ele>493.0</ele></trkpt><trkpt lat="61.12127862" lon="13.41293954"><ele>494.0</ele></trkpt><trkpt lat="61.12123394" lon="13.41316861"><ele>494.0</ele></trkpt><trkpt lat="61.12117971" lon="13.41341475"><ele>494.0</ele></trkpt><trkpt lat="61.12112461" lon="13.41364113"><ele>493.0</ele></trkpt><trkpt lat="61.12108079" lon="13.41386211"><ele>493.0</ele></trkpt><trkpt lat="61.12103957" lon="13.41408400"><ele>493.0</ele></trkpt><trkpt lat="61.12100183" lon="13.41430229"><ele>493.0</ele></trkpt><trkpt lat="61.12095888" lon="13.41452058"><ele>493.0</ele></trkpt><trkpt lat="61.12090161" lon="13.41475863"><ele>493.0</ele></trkpt><trkpt lat="61.12083783" lon="13.41500387"><ele>493.0</ele></trkpt><trkpt lat="61.12077275" lon="13.41523115"><ele>493.0</ele></trkpt><trkpt lat="61.12072373" lon="13.41545393"><ele>493.0</ele></trkpt><trkpt lat="61.12068598" lon="13.41568839"><ele>493.0</ele></trkpt><trkpt lat="61.12064563" lon="13.41591297"><ele>493.0</ele></trkpt><trkpt lat="61.12059661" lon="13.41614743"><ele>493.0</ele></trkpt><trkpt lat="61.12054585" lon="13.41636931"><ele>493.0</ele></trkpt><trkpt lat="61.12048858" lon="13.41660736"><ele>493.0</ele></trkpt><trkpt lat="61.12043868" lon="13.41683823"><ele>493.0</ele></trkpt><trkpt lat="61.12038792" lon="13.41705832"><ele>493.0</ele></trkpt><trkpt lat="61.12033759" lon="13.41728919"><ele>493.0</ele></trkpt><trkpt lat="61.12029074" lon="13.41752814"><ele>492.0</ele></trkpt><trkpt lat="61.12023694" lon="13.41775361"><ele>492.0</ele></trkpt><trkpt lat="61.12017489" lon="13.41798897"><ele>492.0</ele></trkpt><trkpt lat="61.12010895" lon="13.41830249"><ele>491.0</ele></trkpt><trkpt lat="61.12005471" lon="13.41853515"><ele>491.0</ele></trkpt><trkpt lat="61.12001870" lon="13.41869056"><ele>491.0</ele></trkpt><trkpt lat="61.11998660" lon="13.41884597"><ele>491.0</ele></trkpt><trkpt lat="61.11995362" lon="13.41899688"><ele>491.0</ele></trkpt><trkpt lat="61.11992195" lon="13.41914780"><ele>491.0</ele></trkpt><trkpt lat="61.11990677" lon="13.41923045"><ele>491.0</ele></trkpt><trkpt lat="61.11985687" lon="13.41946131"><ele>491.0</ele></trkpt><trkpt lat="61.11982260" lon="13.41961942"><ele>491.0</ele></trkpt><trkpt lat="61.11978789" lon="13.41977572"><ele>491.0</ele></trkpt><trkpt lat="61.11975491" lon="13.41992844"><ele>491.0</ele></trkpt><trkpt lat="61.11972584" lon="13.42007935"><ele>491.0</ele></trkpt><trkpt lat="61.11969677" lon="13.42022578"><ele>491.0</ele></trkpt><trkpt lat="61.11967985" lon="13.42029854"><ele>491.0</ele></trkpt><trkpt lat="61.11964558" lon="13.42045036"><ele>491.0</ele></trkpt><trkpt lat="61.11961694" lon="13.42060936"><ele>491.0</ele></trkpt><trkpt lat="61.11958961" lon="13.42076297"><ele>491.0</ele></trkpt><trkpt lat="61.11956271" lon="13.42091838"><ele>491.0</ele></trkpt><trkpt lat="61.11953060" lon="13.42107289"><ele>491.0</ele></trkpt><trkpt lat="61.11949763" lon="13.42122471"><ele>491.0</ele></trkpt><trkpt lat="61.11947073" lon="13.42138820"><ele>491.0</ele></trkpt><trkpt lat="61.11944166" lon="13.42155529"><ele>491.0</ele></trkpt><trkpt lat="61.11941476" lon="13.42172147"><ele>491.0</ele></trkpt><trkpt lat="61.11939784" lon="13.42188766"><ele>491.0</ele></trkpt><trkpt lat="61.11939263" lon="13.42205295"><ele>490.0</ele></trkpt><trkpt lat="61.11939393" lon="13.42222543"><ele>489.0</ele></trkpt><trkpt lat="61.11939567" lon="13.42239521"><ele>489.0</ele></trkpt><trkpt lat="61.11940261" lon="13.42256050"><ele>489.0</ele></trkpt><trkpt lat="61.11942864" lon="13.42280394"><ele>489.0</ele></trkpt><trkpt lat="61.11945858" lon="13.42297013"><ele>488.0</ele></trkpt><trkpt lat="61.11948895" lon="13.42312554"><ele>488.0</ele></trkpt><trkpt lat="61.11952192" lon="13.42327286"><ele>488.0</ele></trkpt><trkpt lat="61.11956097" lon="13.42341031"><ele>488.0</ele></trkpt><trkpt lat="61.11960176" lon="13.42355134"><ele>488.0</ele></trkpt><trkpt lat="61.11964297" lon="13.42368339"><ele>487.0</ele></trkpt><trkpt lat="61.11969374" lon="13.42380556"><ele>487.0</ele></trkpt><trkpt lat="61.11974884" lon="13.42392684"><ele>487.0</ele></trkpt><trkpt lat="61.11980177" lon="13.42404092"><ele>487.0</ele></trkpt><trkpt lat="61.11986295" lon="13.42414782"><ele>487.0</ele></trkpt><trkpt lat="61.11993280" lon="13.42424215"><ele>487.0</ele></trkpt><trkpt lat="61.12000178" lon="13.42432749"><ele>487.0</ele></trkpt><trkpt lat="61.12007294" lon="13.42440474"><ele>487.0</ele></trkpt><trkpt lat="61.12014800" lon="13.42447661"><ele>487.0</ele></trkpt><trkpt lat="61.12022088" lon="13.42454488"><ele>487.0</ele></trkpt><trkpt lat="61.12029768" lon="13.42460417"><ele>486.0</ele></trkpt><trkpt lat="61.12037664" lon="13.42465537"><ele>486.0</ele></trkpt><trkpt lat="61.12045300" lon="13.42469759"><ele>486.0</ele></trkpt><trkpt lat="61.12053066" lon="13.42473083"><ele>486.0</ele></trkpt><trkpt lat="61.12061179" lon="13.42475419"><ele>486.0</ele></trkpt><trkpt lat="61.12069292" lon="13.42477395"><ele>487.0</ele></trkpt><trkpt lat="61.12077058" lon="13.42477844"><ele>487.0</ele></trkpt><trkpt lat="61.12085085" lon="13.42477664"><ele>487.0</ele></trkpt><trkpt lat="61.12093068" lon="13.42476676"><ele>487.0</ele></trkpt><trkpt lat="61.12101571" lon="13.42474251"><ele>487.0</ele></trkpt><trkpt lat="61.12110074" lon="13.42471735"><ele>487.0</ele></trkpt><trkpt lat="61.12118187" lon="13.42468681"><ele>487.0</ele></trkpt><trkpt lat="61.12129381" lon="13.42462752"><ele>487.0</ele></trkpt><trkpt lat="61.12140487" lon="13.42456913"><ele>487.0</ele></trkpt><trkpt lat="61.12150466" lon="13.42453140"><ele>487.0</ele></trkpt><trkpt lat="61.12161876" lon="13.42447930"><ele>487.0</ele></trkpt><trkpt lat="61.12173763" lon="13.42442271"><ele>487.0</ele></trkpt><trkpt lat="61.12184696" lon="13.42438588"><ele>487.0</ele></trkpt><trkpt lat="61.12196670" lon="13.42437959"><ele>487.0</ele></trkpt><trkpt lat="61.12209078" lon="13.42440564"><ele>488.0</ele></trkpt><trkpt lat="61.12221572" lon="13.42446852"><ele>487.0</ele></trkpt><trkpt lat="61.12229468" lon="13.42453230"><ele>487.0</ele></trkpt><trkpt lat="61.12236496" lon="13.42460237"><ele>487.0</ele></trkpt><trkpt lat="61.12246257" lon="13.42471376"><ele>487.0</ele></trkpt><trkpt lat="61.12254977" lon="13.42484851"><ele>487.0</ele></trkpt><trkpt lat="61.12261268" lon="13.42495721"><ele>487.0</ele></trkpt><trkpt lat="61.12269988" lon="13.42507758"><ele>487.0</ele></trkpt><trkpt lat="61.12278057" lon="13.42518987"><ele>487.0</ele></trkpt><trkpt lat="61.12287861" lon="13.42521682"><ele>488.0</ele></trkpt><trkpt lat="61.12299358" lon="13.42521233"><ele>488.0</ele></trkpt><trkpt lat="61.12310290" lon="13.42519885"><ele>488.0</ele></trkpt><trkpt lat="61.12321092" lon="13.42519616"><ele>488.0</ele></trkpt><trkpt lat="61.12332458" lon="13.42515483"><ele>489.0</ele></trkpt><trkpt lat="61.12341959" lon="13.42508117"><ele>489.0</ele></trkpt><trkpt lat="61.12353195" lon="13.42499673"><ele>489.0</ele></trkpt><trkpt lat="61.12364170" lon="13.42490870"><ele>490.0</ele></trkpt><trkpt lat="61.12377185" lon="13.42488444"><ele>490.0</ele></trkpt><trkpt lat="61.12387857" lon="13.42494822"><ele>490.0</ele></trkpt><trkpt lat="61.12393887" lon="13.42508836"><ele>490.0</ele></trkpt><trkpt lat="61.12397878" lon="13.42525814"><ele>490.0</ele></trkpt><trkpt lat="61.12400697" lon="13.42541714"><ele>490.0</ele></trkpt><trkpt lat="61.12403257" lon="13.42557075"><ele>490.0</ele></trkpt><trkpt lat="61.12405599" lon="13.42572796"><ele>490.0</ele></trkpt><trkpt lat="61.12408463" lon="13.42587798"><ele>490.0</ele></trkpt><trkpt lat="61.12411890" lon="13.42601722"><ele>490.0</ele></trkpt><trkpt lat="61.12416358" lon="13.42613939"><ele>490.0</ele></trkpt><trkpt lat="61.12425381" lon="13.42638283"><ele>490.0</ele></trkpt><trkpt lat="61.12426899" lon="13.42653375"><ele>490.0</ele></trkpt><trkpt lat="61.12423472" lon="13.42667119"><ele>490.0</ele></trkpt><trkpt lat="61.12414579" lon="13.42675114"><ele>490.0</ele></trkpt><trkpt lat="61.12405990" lon="13.42679156"><ele>490.0</ele></trkpt><trkpt lat="61.12397487" lon="13.42683379"><ele>490.0</ele></trkpt><trkpt lat="61.12388074" lon="13.42686343"><ele>490.0</ele></trkpt><trkpt lat="61.12379397" lon="13.42688948"><ele>490.0</ele></trkpt><trkpt lat="61.12372066" lon="13.42692631"><ele>490.0</ele></trkpt><trkpt lat="61.12364995" lon="13.42698470"><ele>490.0</ele></trkpt><trkpt lat="61.12355190" lon="13.42705836"><ele>490.0</ele></trkpt><trkpt lat="61.12346471" lon="13.42712933"><ele>490.0</ele></trkpt><trkpt lat="61.12335669" lon="13.42725599"><ele>490.0</ele></trkpt><trkpt lat="61.12326298" lon="13.42739074"><ele>490.0</ele></trkpt><trkpt lat="61.12317969" lon="13.42751471"><ele>491.0</ele></trkpt><trkpt lat="61.12310594" lon="13.42765485"><ele>491.0</ele></trkpt><trkpt lat="61.12303783" lon="13.42781744"><ele>491.0</ele></trkpt><trkpt lat="61.12298577" lon="13.42800249"><ele>492.0</ele></trkpt><trkpt lat="61.12294065" lon="13.42820461"><ele>492.0</ele></trkpt><trkpt lat="61.12288599" lon="13.42841752"><ele>492.0</ele></trkpt><trkpt lat="61.12283089" lon="13.42862143"><ele>491.0</ele></trkpt><trkpt lat="61.12277883" lon="13.42881367"><ele>491.0</ele></trkpt><trkpt lat="61.12272981" lon="13.42902927"><ele>491.0</ele></trkpt><trkpt lat="61.12269684" lon="13.42925564"><ele>490.0</ele></trkpt><trkpt lat="61.12266257" lon="13.42940926"><ele>490.0</ele></trkpt><trkpt lat="61.12260487" lon="13.42954939"><ele>490.0</ele></trkpt><trkpt lat="61.12254977" lon="13.42969492"><ele>490.0</ele></trkpt><trkpt lat="61.12250899" lon="13.42982967"><ele>490.0</ele></trkpt><trkpt lat="61.12246257" lon="13.43001562"><ele>490.0</ele></trkpt><trkpt lat="61.12242570" lon="13.43016115"><ele>490.0</ele></trkpt><trkpt lat="61.12239272" lon="13.43032284"><ele>490.0</ele></trkpt><trkpt lat="61.12235758" lon="13.43048544"><ele>490.0</ele></trkpt><trkpt lat="61.12231984" lon="13.43064085"><ele>490.0</ele></trkpt><trkpt lat="61.12228557" lon="13.43077559"><ele>490.0</ele></trkpt><trkpt lat="61.12223264" lon="13.43089597"><ele>490.0</ele></trkpt><trkpt lat="61.12213199" lon="13.43095975"><ele>490.0</ele></trkpt><trkpt lat="61.12204262" lon="13.43105138"><ele>490.0</ele></trkpt><trkpt lat="61.12199663" lon="13.43118163"><ele>492.0</ele></trkpt><trkpt lat="61.12195759" lon="13.43134423"><ele>492.0</ele></trkpt><trkpt lat="61.12193893" lon="13.43150682"><ele>492.0</ele></trkpt><trkpt lat="61.12191594" lon="13.43174398"><ele>492.0</ele></trkpt><trkpt lat="61.12189989" lon="13.43192364"><ele>491.0</ele></trkpt><trkpt lat="61.12188774" lon="13.43210240"><ele>490.0</ele></trkpt><trkpt lat="61.12186995" lon="13.43227578"><ele>490.0</ele></trkpt><trkpt lat="61.12184869" lon="13.43244287"><ele>490.0</ele></trkpt><trkpt lat="61.12183481" lon="13.43260097"><ele>490.0</ele></trkpt><trkpt lat="61.12181876" lon="13.43276177"><ele>490.0</ele></trkpt><trkpt lat="61.12180791" lon="13.43291897"><ele>491.0</ele></trkpt><trkpt lat="61.12179360" lon="13.43313996"><ele>491.0</ele></trkpt><trkpt lat="61.12176670" lon="13.43335286"><ele>491.0</ele></trkpt><trkpt lat="61.12174457" lon="13.43351096"><ele>492.0</ele></trkpt><trkpt lat="61.12172678" lon="13.43365829"><ele>494.0</ele></trkpt><trkpt lat="61.12170596" lon="13.43382987"><ele>494.0</ele></trkpt><trkpt lat="61.12169078" lon="13.43399246"><ele>494.0</ele></trkpt><trkpt lat="61.12166865" lon="13.43423321"><ele>494.0</ele></trkpt><trkpt lat="61.12165173" lon="13.43440479"><ele>493.0</ele></trkpt><trkpt lat="61.12163698" lon="13.43458894"><ele>493.0</ele></trkpt><trkpt lat="61.12163481" lon="13.43476591"><ele>493.0</ele></trkpt><trkpt lat="61.12163698" lon="13.43493030"><ele>493.0</ele></trkpt><trkpt lat="61.12163698" lon="13.43509918"><ele>493.0</ele></trkpt><trkpt lat="61.12163698" lon="13.43526537"><ele>493.0</ele></trkpt><trkpt lat="61.12165173" lon="13.43543156"><ele>493.0</ele></trkpt><trkpt lat="61.12167472" lon="13.43559685"><ele>493.0</ele></trkpt><trkpt lat="61.12170986" lon="13.43576484"><ele>493.0</ele></trkpt><trkpt lat="61.12174891" lon="13.43593462"><ele>493.0</ele></trkpt><trkpt lat="61.12179793" lon="13.43610889"><ele>491.0</ele></trkpt><trkpt lat="61.12183177" lon="13.43626789"><ele>491.0</ele></trkpt><trkpt lat="61.12186258" lon="13.43641791"><ele>491.0</ele></trkpt><trkpt lat="61.12189381" lon="13.43655535"><ele>491.0</ele></trkpt><trkpt lat="61.12193676" lon="13.43675478"><ele>490.0</ele></trkpt><trkpt lat="61.12198275" lon="13.43695331"><ele>489.0</ele></trkpt><trkpt lat="61.12201659" lon="13.43709524"><ele>489.0</ele></trkpt><trkpt lat="61.12205477" lon="13.43723358"><ele>489.0</ele></trkpt><trkpt lat="61.12209772" lon="13.43743031"><ele>489.0</ele></trkpt><trkpt lat="61.12215065" lon="13.43763782"><ele>490.0</ele></trkpt><trkpt lat="61.12219490" lon="13.43777796"><ele>490.0</ele></trkpt><trkpt lat="61.12223264" lon="13.43792259"><ele>490.0</ele></trkpt><trkpt lat="61.12226691" lon="13.43806812"><ele>490.0</ele></trkpt><trkpt lat="61.12229685" lon="13.43821275"><ele>493.0</ele></trkpt><trkpt lat="61.12231897" lon="13.43836995"><ele>493.0</ele></trkpt><trkpt lat="61.12234197" lon="13.43852356"><ele>493.0</ele></trkpt><trkpt lat="61.12236062" lon="13.43866819"><ele>493.0</ele></trkpt><trkpt lat="61.12238492" lon="13.43881462"><ele>493.0</ele></trkpt><trkpt lat="61.12242179" lon="13.43910118"><ele>493.0</ele></trkpt><trkpt lat="61.12246170" lon="13.43944164"><ele>493.0</ele></trkpt><trkpt lat="61.12247992" lon="13.43957998"><ele>494.0</ele></trkpt><trkpt lat="61.12249988" lon="13.43975964"><ele>497.0</ele></trkpt><trkpt lat="61.12251463" lon="13.43994021"><ele>499.0</ele></trkpt><trkpt lat="61.12253068" lon="13.44010280"><ele>499.0</ele></trkpt><trkpt lat="61.12255194" lon="13.44028516"><ele>501.0</ele></trkpt><trkpt lat="61.12256886" lon="13.44062832"><ele>503.0</ele></trkpt><trkpt lat="61.12257797" lon="13.44092656"><ele>504.0</ele></trkpt><trkpt lat="61.12256973" lon="13.44121581"><ele>504.0</ele></trkpt><trkpt lat="61.12255975" lon="13.44135236"><ele>505.0</ele></trkpt><trkpt lat="61.12254066" lon="13.44164341"><ele>505.0</ele></trkpt><trkpt lat="61.12251593" lon="13.44191470"><ele>505.0</ele></trkpt><trkpt lat="61.12249988" lon="13.44205664"><ele>505.0</ele></trkpt><trkpt lat="61.12247689" lon="13.44219947"><ele>505.0</ele></trkpt><trkpt lat="61.12245476" lon="13.44234859"><ele>507.0</ele></trkpt><trkpt lat="61.12242483" lon="13.44250669"><ele>507.0</ele></trkpt><trkpt lat="61.12237364" lon="13.44273666"><ele>507.0</ele></trkpt><trkpt lat="61.12234283" lon="13.44289926"><ele>507.0</ele></trkpt><trkpt lat="61.12231463" lon="13.44305826"><ele>506.0</ele></trkpt><trkpt lat="61.12227082" lon="13.44328823"><ele>506.0</ele></trkpt><trkpt lat="61.12223394" lon="13.44344723"><ele>506.0</ele></trkpt><trkpt lat="61.12219663" lon="13.44360264"><ele>506.0</ele></trkpt><trkpt lat="61.12216192" lon="13.44375625"><ele>506.0</ele></trkpt><trkpt lat="61.12211984" lon="13.44391345"><ele>504.0</ele></trkpt><trkpt lat="61.12207299" lon="13.44406796"><ele>504.0</ele></trkpt><trkpt lat="61.12202180" lon="13.44421349"><ele>504.0</ele></trkpt><trkpt lat="61.12194978" lon="13.44442370"><ele>504.0</ele></trkpt><trkpt lat="61.12190379" lon="13.44456833"><ele>504.0</ele></trkpt><trkpt lat="61.12185997" lon="13.44469858"><ele>504.0</ele></trkpt><trkpt lat="61.12181572" lon="13.44483333"><ele>504.0</ele></trkpt><trkpt lat="61.12176887" lon="13.44496538"><ele>504.0</ele></trkpt><trkpt lat="61.12172071" lon="13.44508665"><ele>504.0</ele></trkpt><trkpt lat="61.12167776" lon="13.44520613"><ele>504.0</ele></trkpt><trkpt lat="61.12163177" lon="13.44533639"><ele>504.0</ele></trkpt><trkpt lat="61.12158362" lon="13.44545945"><ele>504.0</ele></trkpt><trkpt lat="61.12152461" lon="13.44556815"><ele>504.0</ele></trkpt><trkpt lat="61.12145780" lon="13.44565080"><ele>504.0</ele></trkpt><trkpt lat="61.12137797" lon="13.44570919"><ele>504.0</ele></trkpt><trkpt lat="61.12130899" lon="13.44576488"><ele>504.0</ele></trkpt><trkpt lat="61.12117580" lon="13.44586010"><ele>504.0</ele></trkpt><trkpt lat="61.12110899" lon="13.44591670"><ele>504.0</ele></trkpt><trkpt lat="61.12104174" lon="13.44597688"><ele>505.0</ele></trkpt><trkpt lat="61.12091896" lon="13.44610534"><ele>508.0</ele></trkpt><trkpt lat="61.12078794" lon="13.44620236"><ele>509.0</ele></trkpt><trkpt lat="61.12071895" lon="13.44624548"><ele>509.0</ele></trkpt><trkpt lat="61.12062264" lon="13.44631016"><ele>510.0</ele></trkpt><trkpt lat="61.12055192" lon="13.44635957"><ele>510.0</ele></trkpt><trkpt lat="61.12041482" lon="13.44646287"><ele>510.0</ele></trkpt><trkpt lat="61.12034367" lon="13.44651228"><ele>510.0</ele></trkpt><trkpt lat="61.12027295" lon="13.44655270"><ele>511.0</ele></trkpt><trkpt lat="61.12017489" lon="13.44663086"><ele>511.0</ele></trkpt><trkpt lat="61.12007467" lon="13.44670542"><ele>511.0</ele></trkpt><trkpt lat="61.11998573" lon="13.44676650"><ele>511.0</ele></trkpt><trkpt lat="61.11989158" lon="13.44684466"><ele>511.0</ele></trkpt><trkpt lat="61.11978094" lon="13.44692551"><ele>512.0</ele></trkpt><trkpt lat="61.11970458" lon="13.44697761"><ele>512.0</ele></trkpt><trkpt lat="61.11962562" lon="13.44702612"><ele>512.0</ele></trkpt><trkpt lat="61.11954969" lon="13.44708630"><ele>512.0</ele></trkpt><trkpt lat="61.11947593" lon="13.44715997"><ele>512.0</ele></trkpt><trkpt lat="61.11940087" lon="13.44723093"><ele>512.0</ele></trkpt><trkpt lat="61.11929978" lon="13.44734592"><ele>513.0</ele></trkpt><trkpt lat="61.11919175" lon="13.44742946"><ele>513.0</ele></trkpt><trkpt lat="61.11911669" lon="13.44749683"><ele>513.0</ele></trkpt><trkpt lat="61.11900865" lon="13.44758667"><ele>513.0</ele></trkpt><trkpt lat="61.11890365" lon="13.44768548"><ele>511.0</ele></trkpt><trkpt lat="61.11882078" lon="13.44775914"><ele>511.0</ele></trkpt><trkpt lat="61.11870493" lon="13.44785436"><ele>511.0</ele></trkpt><trkpt lat="61.11860384" lon="13.44794869"><ele>511.0</ele></trkpt><trkpt lat="61.11849363" lon="13.44804660"><ele>511.0</ele></trkpt><trkpt lat="61.11838776" lon="13.44815171"><ele>511.0</ele></trkpt><trkpt lat="61.11828667" lon="13.44824333"><ele>511.0</ele></trkpt><trkpt lat="61.11818470" lon="13.44836191"><ele>510.0</ele></trkpt><trkpt lat="61.11808578" lon="13.44851013"><ele>510.0</ele></trkpt><trkpt lat="61.11801679" lon="13.44860536"><ele>510.0</ele></trkpt><trkpt lat="61.11794259" lon="13.44870237"><ele>510.0</ele></trkpt><trkpt lat="61.11787577" lon="13.44879849"><ele>508.0</ele></trkpt><trkpt lat="61.11777858" lon="13.44893683"><ele>508.0</ele></trkpt><trkpt lat="61.11765665" lon="13.44906080"><ele>506.0</ele></trkpt><trkpt lat="61.11754861" lon="13.44916141"><ele>506.0</ele></trkpt><trkpt lat="61.11744665" lon="13.44925933"><ele>506.0</ele></trkpt><trkpt lat="61.11733991" lon="13.44935994"><ele>506.0</ele></trkpt><trkpt lat="61.11723881" lon="13.44948121"><ele>506.0</ele></trkpt><trkpt lat="61.11714986" lon="13.44964111"><ele>508.0</ele></trkpt><trkpt lat="61.11708564" lon="13.44983515"><ele>508.0</ele></trkpt><trkpt lat="61.11702359" lon="13.45003996"><ele>508.0</ele></trkpt><trkpt lat="61.11698194" lon="13.45018369"><ele>508.0</ele></trkpt><trkpt lat="61.11691859" lon="13.45038941"><ele>509.0</ele></trkpt><trkpt lat="61.11687172" lon="13.45051427"><ele>509.0</ele></trkpt><trkpt lat="61.11682573" lon="13.45064273"><ele>509.0</ele></trkpt><trkpt lat="61.11677279" lon="13.45075952"><ele>509.0</ele></trkpt><trkpt lat="61.11671769" lon="13.45088528"><ele>508.0</ele></trkpt><trkpt lat="61.11665390" lon="13.45100296"><ele>508.0</ele></trkpt><trkpt lat="61.11659185" lon="13.45111165"><ele>508.0</ele></trkpt><trkpt lat="61.11652069" lon="13.45120688"><ele>508.0</ele></trkpt><trkpt lat="61.11642696" lon="13.45133893"><ele>508.0</ele></trkpt><trkpt lat="61.11635060" lon="13.45139283"><ele>508.0</ele></trkpt><trkpt lat="61.11624472" lon="13.45147547"><ele>508.0</ele></trkpt><trkpt lat="61.11616878" lon="13.45155632"><ele>508.0</ele></trkpt><trkpt lat="61.11608591" lon="13.45163358"><ele>508.0</ele></trkpt><trkpt lat="61.11601084" lon="13.45171622"><ele>508.0</ele></trkpt><trkpt lat="61.11594098" lon="13.45180156"><ele>508.0</ele></trkpt><trkpt lat="61.11584985" lon="13.45192194"><ele>508.0</ele></trkpt><trkpt lat="61.11575482" lon="13.45203422"><ele>508.0</ele></trkpt><trkpt lat="61.11566283" lon="13.45215190"><ele>506.0</ele></trkpt><trkpt lat="61.11556259" lon="13.45225521"><ele>506.0</ele></trkpt><trkpt lat="61.11545889" lon="13.45237828"><ele>506.0</ele></trkpt><trkpt lat="61.11534693" lon="13.45251213"><ele>505.0</ele></trkpt><trkpt lat="61.11522500" lon="13.45267113"><ele>505.0</ele></trkpt><trkpt lat="61.11509872" lon="13.45277893"><ele>505.0</ele></trkpt><trkpt lat="61.11496594" lon="13.45274479"><ele>503.0</ele></trkpt><trkpt lat="61.11486787" lon="13.45269988"><ele>500.0</ele></trkpt><trkpt lat="61.11476893" lon="13.45266484"><ele>500.0</ele></trkpt><trkpt lat="61.11465958" lon="13.45263340"><ele>500.0</ele></trkpt><trkpt lat="61.11455196" lon="13.45259118"><ele>500.0</ele></trkpt><trkpt lat="61.11445389" lon="13.45255525"><ele>499.0</ele></trkpt><trkpt lat="61.11436060" lon="13.45252650"><ele>498.0</ele></trkpt><trkpt lat="61.11423866" lon="13.45248967"><ele>497.0</ele></trkpt><trkpt lat="61.11412279" lon="13.45245733"><ele>497.0</ele></trkpt><trkpt lat="61.11400389" lon="13.45246811"><ele>496.0</ele></trkpt><trkpt lat="61.11390669" lon="13.45253189"><ele>496.0</ele></trkpt><trkpt lat="61.11379169" lon="13.45261094"><ele>496.0</ele></trkpt><trkpt lat="61.11369362" lon="13.45267113"><ele>498.0</ele></trkpt><trkpt lat="61.11358470" lon="13.45274839"><ele>498.0</ele></trkpt><trkpt lat="61.11347794" lon="13.45280318"><ele>498.0</ele></trkpt><trkpt lat="61.11338074" lon="13.45287684"><ele>499.0</ele></trkpt><trkpt lat="61.11328093" lon="13.45292625"><ele>501.0</ele></trkpt><trkpt lat="61.11317287" lon="13.45301968"><ele>501.0</ele></trkpt><trkpt lat="61.11309085" lon="13.45318766"><ele>502.0</ele></trkpt><trkpt lat="61.11297499" lon="13.45330444"><ele>502.0</ele></trkpt><trkpt lat="61.11283395" lon="13.45336732"><ele>502.0</ele></trkpt><trkpt lat="61.11273457" lon="13.45346883"><ele>503.0</ele></trkpt><trkpt lat="61.11265993" lon="13.45355956"><ele>503.0</ele></trkpt><trkpt lat="61.11258659" lon="13.45366646"><ele>503.0</ele></trkpt><trkpt lat="61.11251281" lon="13.45376168"><ele>504.0</ele></trkpt><trkpt lat="61.11241864" lon="13.45383175"><ele>506.0</ele></trkpt><trkpt lat="61.11231579" lon="13.45388296"><ele>507.0</ele></trkpt><trkpt lat="61.11219862" lon="13.45395931"><ele>507.0</ele></trkpt><trkpt lat="61.11209967" lon="13.45409496"><ele>507.0</ele></trkpt><trkpt lat="61.11199769" lon="13.45422342"><ele>507.0</ele></trkpt><trkpt lat="61.11189484" lon="13.45432493"><ele>507.0</ele></trkpt><trkpt lat="61.11179068" lon="13.45441925"><ele>505.0</ele></trkpt><trkpt lat="61.11170692" lon="13.45454861"><ele>505.0</ele></trkpt><trkpt lat="61.11160667" lon="13.45467976"><ele>505.0</ele></trkpt><trkpt lat="61.11149688" lon="13.45474175"><ele>505.0</ele></trkpt><trkpt lat="61.11138361" lon="13.45470671"><ele>506.0</ele></trkpt><trkpt lat="61.11126600" lon="13.45462856"><ele>506.0</ele></trkpt><trkpt lat="61.11115967" lon="13.45470312"><ele>506.0</ele></trkpt><trkpt lat="61.11105899" lon="13.45477229"><ele>506.0</ele></trkpt><trkpt lat="61.11096568" lon="13.45481361"><ele>506.0</ele></trkpt><trkpt lat="61.11086977" lon="13.45486212"><ele>505.0</ele></trkpt><trkpt lat="61.11078861" lon="13.45498968"><ele>505.0</ele></trkpt><trkpt lat="61.11068662" lon="13.45516665"><ele>505.0</ele></trkpt><trkpt lat="61.11060460" lon="13.45529960"><ele>504.0</ele></trkpt><trkpt lat="61.11052561" lon="13.45549364"><ele>504.0</ele></trkpt><trkpt lat="61.11046181" lon="13.45566342"><ele>504.0</ele></trkpt><trkpt lat="61.11040670" lon="13.45583769"><ele>504.0</ele></trkpt><trkpt lat="61.11032771" lon="13.45602364"><ele>504.0</ele></trkpt><trkpt lat="61.11025263" lon="13.45618264"><ele>504.0</ele></trkpt><trkpt lat="61.11016496" lon="13.45638477"><ele>504.0</ele></trkpt><trkpt lat="61.11007989" lon="13.45655994"><ele>504.0</ele></trkpt><trkpt lat="61.11001957" lon="13.45669648"><ele>503.0</ele></trkpt><trkpt lat="61.10993884" lon="13.45687794"><ele>503.0</ele></trkpt><trkpt lat="61.10987157" lon="13.45705221"><ele>503.0</ele></trkpt><trkpt lat="61.10977175" lon="13.45720133"><ele>501.0</ele></trkpt><trkpt lat="61.10967367" lon="13.45727320"><ele>501.0</ele></trkpt><trkpt lat="61.10955388" lon="13.45724445"><ele>501.0</ele></trkpt><trkpt lat="61.10941977" lon="13.45715732"><ele>499.0</ele></trkpt><trkpt lat="61.10928783" lon="13.45699742"><ele>498.0</ele></trkpt><trkpt lat="61.10919669" lon="13.45691387"><ele>497.0</ele></trkpt><trkpt lat="61.10906475" lon="13.45678541"><ele>496.0</ele></trkpt><trkpt lat="61.10894366" lon="13.45674499"><ele>496.0</ele></trkpt><trkpt lat="61.10884166" lon="13.45674319"><ele>496.0</ele></trkpt><trkpt lat="61.10874184" lon="13.45672523"><ele>496.0</ele></trkpt><trkpt lat="61.10864288" lon="13.45671085"><ele>496.0</ele></trkpt><trkpt lat="61.10853698" lon="13.45671714"><ele>497.0</ele></trkpt><trkpt lat="61.10841589" lon="13.45677733"><ele>497.0</ele></trkpt><trkpt lat="61.10832170" lon="13.45687794"><ele>497.0</ele></trkpt><trkpt lat="61.10823099" lon="13.45705311"><ele>498.0</ele></trkpt><trkpt lat="61.10813985" lon="13.45724266"><ele>498.0</ele></trkpt><trkpt lat="61.10804697" lon="13.45738369"><ele>498.0</ele></trkpt><trkpt lat="61.10796884" lon="13.45753820"><ele>498.0</ele></trkpt><trkpt lat="61.10792457" lon="13.45776188"><ele>498.0</ele></trkpt><trkpt lat="61.10790981" lon="13.45792717"><ele>498.0</ele></trkpt><trkpt lat="61.10790200" lon="13.45816253"><ele>498.0</ele></trkpt><trkpt lat="61.10789462" lon="13.45833680"><ele>498.0</ele></trkpt><trkpt lat="61.10790200" lon="13.45850389"><ele>498.0</ele></trkpt><trkpt lat="61.10791198" lon="13.45866559"><ele>498.0</ele></trkpt><trkpt lat="61.10791762" lon="13.45882639"><ele>498.0</ele></trkpt><trkpt lat="61.10792196" lon="13.45898090"><ele>498.0</ele></trkpt><trkpt lat="61.10793195" lon="13.45927914"><ele>500.0</ele></trkpt><trkpt lat="61.10793065" lon="13.45943544"><ele>500.0</ele></trkpt><trkpt lat="61.10793759" lon="13.45959894"><ele>500.0</ele></trkpt><trkpt lat="61.10794584" lon="13.45976153"><ele>500.0</ele></trkpt><trkpt lat="61.10794887" lon="13.45991335"><ele>500.0</ele></trkpt><trkpt lat="61.10795365" lon="13.46007325"><ele>500.0</ele></trkpt><trkpt lat="61.10795495" lon="13.46023854"><ele>500.0</ele></trkpt><trkpt lat="61.10795278" lon="13.46040113"><ele>500.0</ele></trkpt><trkpt lat="61.10795886" lon="13.46055385"><ele>500.0</ele></trkpt><trkpt lat="61.10795799" lon="13.46071195"><ele>501.0</ele></trkpt><trkpt lat="61.10795886" lon="13.46086197"><ele>502.0</ele></trkpt><trkpt lat="61.10795669" lon="13.46108116"><ele>502.0</ele></trkpt><trkpt lat="61.10796190" lon="13.46130124"><ele>502.0</ele></trkpt><trkpt lat="61.10795973" lon="13.46153391"><ele>503.0</ele></trkpt><trkpt lat="61.10796059" lon="13.46175939"><ele>503.0</ele></trkpt><trkpt lat="61.10795582" lon="13.46192018"><ele>503.0</ele></trkpt><trkpt lat="61.10795886" lon="13.46208547"><ele>503.0</ele></trkpt><trkpt lat="61.10796884" lon="13.46245917"><ele>504.0</ele></trkpt><trkpt lat="61.10796884" lon="13.46267477"><ele>504.0</ele></trkpt><trkpt lat="61.10796059" lon="13.46282928"><ele>504.0</ele></trkpt><trkpt lat="61.10795973" lon="13.46305655"><ele>505.0</ele></trkpt><trkpt lat="61.10795061" lon="13.46328113"><ele>505.0</ele></trkpt><trkpt lat="61.10794757" lon="13.46343924"><ele>505.0</ele></trkpt><trkpt lat="61.10794280" lon="13.46367190"><ele>505.0</ele></trkpt><trkpt lat="61.10794670" lon="13.46390097"><ele>506.0</ele></trkpt><trkpt lat="61.10794974" lon="13.46406267"><ele>506.0</ele></trkpt><trkpt lat="61.10794497" lon="13.46422436"><ele>506.0</ele></trkpt><trkpt lat="61.10793672" lon="13.46438786"><ele>506.0</ele></trkpt><trkpt lat="61.10793499" lon="13.46454686"><ele>506.0</ele></trkpt><trkpt lat="61.10792761" lon="13.46470496"><ele>506.0</ele></trkpt><trkpt lat="61.10792978" lon="13.46486666"><ele>506.0</ele></trkpt><trkpt lat="61.10792978" lon="13.46503374"><ele>506.0</ele></trkpt><trkpt lat="61.10793499" lon="13.46519275"><ele>506.0</ele></trkpt><trkpt lat="61.10794280" lon="13.46536163"><ele>507.0</ele></trkpt><trkpt lat="61.10793759" lon="13.46552782"><ele>507.0</ele></trkpt><trkpt lat="61.10793759" lon="13.46568952"><ele>507.0</ele></trkpt><trkpt lat="61.10793976" lon="13.46592847"><ele>507.0</ele></trkpt><trkpt lat="61.10793368" lon="13.46608477"><ele>507.0</ele></trkpt><trkpt lat="61.10793368" lon="13.46624378"><ele>507.0</ele></trkpt><trkpt lat="61.10793759" lon="13.46640727"><ele>507.0</ele></trkpt><trkpt lat="61.10794280" lon="13.46664083"><ele>507.0</ele></trkpt><trkpt lat="61.10795061" lon="13.46687349"><ele>507.0</ele></trkpt><trkpt lat="61.10794280" lon="13.46709358"><ele>507.0</ele></trkpt><trkpt lat="61.10793282" lon="13.46731636"><ele>508.0</ele></trkpt><trkpt lat="61.10793368" lon="13.46754993"><ele>508.0</ele></trkpt><trkpt lat="61.10793065" lon="13.46777361"><ele>509.0</ele></trkpt><trkpt lat="61.10793889" lon="13.46793351"><ele>509.0</ele></trkpt><trkpt lat="61.10794584" lon="13.46816258"><ele>509.0</ele></trkpt><trkpt lat="61.10794367" lon="13.46839524"><ele>509.0</ele></trkpt><trkpt lat="61.10793759" lon="13.46861533"><ele>511.0</ele></trkpt><trkpt lat="61.10794063" lon="13.46882553"><ele>511.0</ele></trkpt><trkpt lat="61.10793889" lon="13.46905820"><ele>511.0</ele></trkpt><trkpt lat="61.10794584" lon="13.46929984"><ele>511.0</ele></trkpt><trkpt lat="61.10794193" lon="13.46953430"><ele>511.0</ele></trkpt><trkpt lat="61.10793889" lon="13.46969510"><ele>511.0</ele></trkpt><trkpt lat="61.10793282" lon="13.46986488"><ele>511.0</ele></trkpt><trkpt lat="61.10792891" lon="13.47002299"><ele>512.0</ele></trkpt><trkpt lat="61.10793282" lon="13.47017929"><ele>512.0</ele></trkpt><trkpt lat="61.10793282" lon="13.47034189"><ele>512.0</ele></trkpt><trkpt lat="61.10792674" lon="13.47049191"><ele>512.0</ele></trkpt><trkpt lat="61.10792674" lon="13.47065091"><ele>512.0</ele></trkpt><trkpt lat="61.10791893" lon="13.47080452"><ele>512.0</ele></trkpt><trkpt lat="61.10791589" lon="13.47096442"><ele>512.0</ele></trkpt><trkpt lat="61.10791372" lon="13.47112792"><ele>512.0</ele></trkpt><trkpt lat="61.10791589" lon="13.47128782"><ele>512.0</ele></trkpt><trkpt lat="61.10791589" lon="13.47144592"><ele>512.0</ele></trkpt><trkpt lat="61.10791589" lon="13.47160133"><ele>512.0</ele></trkpt><trkpt lat="61.10791372" lon="13.47175674"><ele>512.0</ele></trkpt><trkpt lat="61.10791372" lon="13.47191933"><ele>512.0</ele></trkpt><trkpt lat="61.10791372" lon="13.47208372"><ele>512.0</ele></trkpt><trkpt lat="61.10790591" lon="13.47225530"><ele>512.0</ele></trkpt><trkpt lat="61.10790591" lon="13.47242868"><ele>512.0</ele></trkpt><trkpt lat="61.10790591" lon="13.47259486"><ele>512.0</ele></trkpt><trkpt lat="61.10790374" lon="13.47275656"><ele>512.0</ele></trkpt><trkpt lat="61.10790374" lon="13.47292634"><ele>513.0</ele></trkpt><trkpt lat="61.10790200" lon="13.47309343"><ele>513.0</ele></trkpt><trkpt lat="61.10789766" lon="13.47326052"><ele>513.0</ele></trkpt><trkpt lat="61.10789766" lon="13.47342670"><ele>513.0</ele></trkpt><trkpt lat="61.10789766" lon="13.47359469"><ele>513.0</ele></trkpt><trkpt lat="61.10789766" lon="13.47376267"><ele>513.0</ele></trkpt><trkpt lat="61.10789983" lon="13.47392976"><ele>513.0</ele></trkpt><trkpt lat="61.10789983" lon="13.47409325"><ele>514.0</ele></trkpt><trkpt lat="61.10789983" lon="13.47425585"><ele>514.0</ele></trkpt><trkpt lat="61.10789896" lon="13.47441395"><ele>514.0</ele></trkpt><trkpt lat="61.10790591" lon="13.47457385"><ele>514.0</ele></trkpt><trkpt lat="61.10791198" lon="13.47472747"><ele>514.0</ele></trkpt><trkpt lat="61.10791198" lon="13.47488018"><ele>514.0</ele></trkpt><trkpt lat="61.10791068" lon="13.47505535"><ele>514.0</ele></trkpt><trkpt lat="61.10791068" lon="13.47521974"><ele>514.0</ele></trkpt><trkpt lat="61.10789679" lon="13.47537515"><ele>514.0</ele></trkpt><trkpt lat="61.10788681" lon="13.47559793"><ele>514.0</ele></trkpt><trkpt lat="61.10788768" lon="13.47579197"><ele>515.0</ele></trkpt><trkpt lat="61.10794887" lon="13.47598780"><ele>515.0</ele></trkpt><trkpt lat="61.10802960" lon="13.47616567"><ele>516.0</ele></trkpt><trkpt lat="61.10813985" lon="13.47630940"><ele>516.0</ele></trkpt><trkpt lat="61.10824575" lon="13.47641181"><ele>516.0</ele></trkpt><trkpt lat="61.10832995" lon="13.47650343"><ele>516.0</ele></trkpt><trkpt lat="61.10841589" lon="13.47662381"><ele>517.0</ele></trkpt><trkpt lat="61.10847795" lon="13.47679539"><ele>517.0</ele></trkpt><trkpt lat="61.10852570" lon="13.47700559"><ele>517.0</ele></trkpt><trkpt lat="61.10855564" lon="13.47723197"><ele>519.0</ele></trkpt><trkpt lat="61.10856563" lon="13.47742960"><ele>519.0</ele></trkpt><trkpt lat="61.10859297" lon="13.47762992"><ele>519.0</ele></trkpt><trkpt lat="61.10863767" lon="13.47783564"><ele>522.0</ele></trkpt><trkpt lat="61.10866372" lon="13.47799015"><ele>522.0</ele></trkpt><trkpt lat="61.10871189" lon="13.47818957"><ele>522.0</ele></trkpt><trkpt lat="61.10875573" lon="13.47839079"><ele>522.0</ele></trkpt><trkpt lat="61.10878177" lon="13.47860459"><ele>524.0</ele></trkpt><trkpt lat="61.10882387" lon="13.47876449"><ele>524.0</ele></trkpt><trkpt lat="61.10886293" lon="13.47895943"><ele>524.0</ele></trkpt><trkpt lat="61.10888463" lon="13.47911124"><ele>523.0</ele></trkpt><trkpt lat="61.10888897" lon="13.47927743"><ele>523.0</ele></trkpt><trkpt lat="61.10887378" lon="13.47951818"><ele>523.0</ele></trkpt><trkpt lat="61.10885772" lon="13.47976252"><ele>523.0</ele></trkpt><trkpt lat="61.10883863" lon="13.47992871"><ele>522.0</ele></trkpt><trkpt lat="61.10878871" lon="13.48008053"><ele>522.0</ele></trkpt><trkpt lat="61.10872665" lon="13.48021078"><ele>522.0</ele></trkpt><trkpt lat="61.10864983" lon="13.48029343"><ele>522.0</ele></trkpt><trkpt lat="61.10856389" lon="13.48038775"><ele>522.0</ele></trkpt><trkpt lat="61.10848880" lon="13.48047489"><ele>522.0</ele></trkpt><trkpt lat="61.10837596" lon="13.48055034"><ele>522.0</ele></trkpt><trkpt lat="61.10825573" lon="13.48059975"><ele>522.0</ele></trkpt><trkpt lat="61.10814072" lon="13.48064467"><ele>522.0</ele></trkpt><trkpt lat="61.10804176" lon="13.48071384"><ele>522.0</ele></trkpt><trkpt lat="61.10794584" lon="13.48077223"><ele>522.0</ele></trkpt><trkpt lat="61.10785773" lon="13.48084769"><ele>522.0</ele></trkpt><trkpt lat="61.10775877" lon="13.48097165"><ele>522.0</ele></trkpt><trkpt lat="61.10767891" lon="13.48105520"><ele>522.0</ele></trkpt><trkpt lat="61.10760078" lon="13.48112257"><ele>522.0</ele></trkpt><trkpt lat="61.10752569" lon="13.48118276"><ele>522.0</ele></trkpt><trkpt lat="61.10745494" lon="13.48122947"><ele>522.0</ele></trkpt><trkpt lat="61.10736076" lon="13.48130044"><ele>522.0</ele></trkpt><trkpt lat="61.10729174" lon="13.48135164"><ele>522.0</ele></trkpt><trkpt lat="61.10721796" lon="13.48139386"><ele>522.0</ele></trkpt><trkpt lat="61.10713766" lon="13.48142800"><ele>522.0</ele></trkpt><trkpt lat="61.10704998" lon="13.48145585"><ele>522.0</ele></trkpt><trkpt lat="61.10697359" lon="13.48149088"><ele>522.0</ele></trkpt><trkpt lat="61.10690067" lon="13.48153580"><ele>522.0</ele></trkpt><trkpt lat="61.10682688" lon="13.48155825"><ele>522.0</ele></trkpt><trkpt lat="61.10675093" lon="13.48157173"><ele>522.0</ele></trkpt><trkpt lat="61.10667280" lon="13.48159149"><ele>521.0</ele></trkpt><trkpt lat="61.10659293" lon="13.48161485"><ele>521.0</ele></trkpt><trkpt lat="61.10651263" lon="13.48165168"><ele>521.0</ele></trkpt><trkpt lat="61.10641367" lon="13.48172534"><ele>521.0</ele></trkpt><trkpt lat="61.10632165" lon="13.48180260"><ele>520.0</ele></trkpt><trkpt lat="61.10622659" lon="13.48180080"><ele>520.0</ele></trkpt><trkpt lat="61.10612893" lon="13.48179810"><ele>520.0</ele></trkpt><trkpt lat="61.10600783" lon="13.48181966"><ele>520.0</ele></trkpt><trkpt lat="61.10589063" lon="13.48183763"><ele>520.0</ele></trkpt><trkpt lat="61.10581467" lon="13.48185560"><ele>520.0</ele></trkpt><trkpt lat="61.10573871" lon="13.48187895"><ele>520.0</ele></trkpt><trkpt lat="61.10562759" lon="13.48191039"><ele>520.0</ele></trkpt><trkpt lat="61.10551387" lon="13.48196519"><ele>518.0</ele></trkpt><trkpt lat="61.10541360" lon="13.48203616"><ele>518.0</ele></trkpt><trkpt lat="61.10532158" lon="13.48214845"><ele>518.0</ele></trkpt><trkpt lat="61.10522261" lon="13.48226074"><ele>519.0</ele></trkpt><trkpt lat="61.10515359" lon="13.48235237"><ele>519.0</ele></trkpt><trkpt lat="61.10508197" lon="13.48244220"><ele>519.0</ele></trkpt><trkpt lat="61.10500774" lon="13.48253382"><ele>519.0</ele></trkpt><trkpt lat="61.10493873" lon="13.48261916"><ele>519.0</ele></trkpt><trkpt lat="61.10486971" lon="13.48269732"><ele>519.0</ele></trkpt><trkpt lat="61.10480590" lon="13.48279254"><ele>519.0</ele></trkpt><trkpt lat="61.10471475" lon="13.48301442"><ele>519.0</ele></trkpt><trkpt lat="61.10468696" lon="13.48316085"><ele>519.0</ele></trkpt><trkpt lat="61.10466266" lon="13.48330368"><ele>519.0</ele></trkpt><trkpt lat="61.10464095" lon="13.48345639"><ele>519.0</ele></trkpt><trkpt lat="61.10461361" lon="13.48360282"><ele>519.0</ele></trkpt><trkpt lat="61.10457888" lon="13.48375553"><ele>519.0</ele></trkpt><trkpt lat="61.10450682" lon="13.48401245"><ele>519.0</ele></trkpt><trkpt lat="61.10447991" lon="13.48412923"><ele>519.0</ele></trkpt><trkpt lat="61.10444866" lon="13.48431069"><ele>519.0</ele></trkpt><trkpt lat="61.10441393" lon="13.48450832"><ele>519.0</ele></trkpt><trkpt lat="61.10437269" lon="13.48472212"><ele>519.0</ele></trkpt><trkpt lat="61.10435099" lon="13.48486765"><ele>519.0</ele></trkpt><trkpt lat="61.10433666" lon="13.48510121"><ele>519.0</ele></trkpt><trkpt lat="61.10431366" lon="13.48530513"><ele>519.0</ele></trkpt><trkpt lat="61.10429195" lon="13.48549737"><ele>519.0</ele></trkpt><trkpt lat="61.10428457" lon="13.48572284"><ele>519.0</ele></trkpt><trkpt lat="61.10427068" lon="13.48593754"><ele>519.0</ele></trkpt><trkpt lat="61.10424681" lon="13.48613517"><ele>520.0</ele></trkpt><trkpt lat="61.10422076" lon="13.48632382"><ele>520.0</ele></trkpt><trkpt lat="61.10416867" lon="13.48648462"><ele>520.0</ele></trkpt><trkpt lat="61.10412396" lon="13.48667416"><ele>520.0</ele></trkpt><trkpt lat="61.10407969" lon="13.48689335"><ele>520.0</ele></trkpt><trkpt lat="61.10400763" lon="13.48710355"><ele>520.0</ele></trkpt><trkpt lat="61.10394165" lon="13.48729400"><ele>520.0</ele></trkpt><trkpt lat="61.10388174" lon="13.48749522"><ele>521.0</ele></trkpt><trkpt lat="61.10383486" lon="13.48768027"><ele>521.0</ele></trkpt><trkpt lat="61.10378798" lon="13.48785455"><ele>521.0</ele></trkpt><trkpt lat="61.10374284" lon="13.48803690"><ele>522.0</ele></trkpt><trkpt lat="61.10368467" lon="13.48819231"><ele>522.0</ele></trkpt><trkpt lat="61.10361391" lon="13.48835760"><ele>522.0</ele></trkpt><trkpt lat="61.10354489" lon="13.48854715"><ele>522.0</ele></trkpt><trkpt lat="61.10347370" lon="13.48872142"><ele>522.0</ele></trkpt><trkpt lat="61.10341683" lon="13.48887863"><ele>522.0</ele></trkpt><trkpt lat="61.10334391" lon="13.48903583"><ele>522.0</ele></trkpt><trkpt lat="61.10327185" lon="13.48920561"><ele>524.0</ele></trkpt><trkpt lat="61.10319675" lon="13.48936911"><ele>524.0</ele></trkpt><trkpt lat="61.10313771" lon="13.48956224"><ele>524.0</ele></trkpt><trkpt lat="61.10306782" lon="13.48973742"><ele>524.0</ele></trkpt><trkpt lat="61.10299185" lon="13.48990360"><ele>524.0</ele></trkpt><trkpt lat="61.10292066" lon="13.49006261"><ele>524.0</ele></trkpt><trkpt lat="61.10285294" lon="13.49023059"><ele>525.0</ele></trkpt><trkpt lat="61.10278392" lon="13.49038959"><ele>525.0</ele></trkpt><trkpt lat="61.10270969" lon="13.49053692"><ele>525.0</ele></trkpt><trkpt lat="61.10265195" lon="13.49070670"><ele>525.0</ele></trkpt><trkpt lat="61.10256774" lon="13.49084055"><ele>526.0</ele></trkpt><trkpt lat="61.10248569" lon="13.49096990"><ele>526.0</ele></trkpt><trkpt lat="61.10237890" lon="13.49110196"><ele>526.0</ele></trkpt><trkpt lat="61.10229468" lon="13.49126725"><ele>526.0</ele></trkpt><trkpt lat="61.10223478" lon="13.49139840"><ele>526.0</ele></trkpt><trkpt lat="61.10214795" lon="13.49157088"><ele>526.0</ele></trkpt><trkpt lat="61.10209282" lon="13.49173527"><ele>526.0</ele></trkpt><trkpt lat="61.10201468" lon="13.49191044"><ele>526.0</ele></trkpt><trkpt lat="61.10194566" lon="13.49205148"><ele>526.0</ele></trkpt><trkpt lat="61.10187273" lon="13.49222216"><ele>527.0</ele></trkpt><trkpt lat="61.10180761" lon="13.49243775"><ele>527.0</ele></trkpt><trkpt lat="61.10173294" lon="13.49254914"><ele>527.0</ele></trkpt><trkpt lat="61.10166392" lon="13.49265514"><ele>527.0</ele></trkpt><trkpt lat="61.10159185" lon="13.49281235"><ele>528.0</ele></trkpt><trkpt lat="61.10150677" lon="13.49297135"><ele>528.0</ele></trkpt><trkpt lat="61.10140692" lon="13.49314113"><ele>528.0</ele></trkpt><trkpt lat="61.10132487" lon="13.49329025"><ele>528.0</ele></trkpt><trkpt lat="61.10125367" lon="13.49343937"><ele>528.0</ele></trkpt><trkpt lat="61.10116381" lon="13.49358580"><ele>528.0</ele></trkpt><trkpt lat="61.10108480" lon="13.49372683"><ele>528.0</ele></trkpt><trkpt lat="61.10101577" lon="13.49387865"><ele>529.0</ele></trkpt><trkpt lat="61.10094588" lon="13.49405831"><ele>529.0</ele></trkpt><trkpt lat="61.10087295" lon="13.49422270"><ele>529.0</ele></trkpt><trkpt lat="61.10078959" lon="13.49436194"><ele>529.0</ele></trkpt><trkpt lat="61.10070494" lon="13.49450298"><ele>529.0</ele></trkpt><trkpt lat="61.10062158" lon="13.49463144"><ele>529.0</ele></trkpt><trkpt lat="61.10052998" lon="13.49474822"><ele>528.0</ele></trkpt><trkpt lat="61.10041971" lon="13.49483535"><ele>528.0</ele></trkpt><trkpt lat="61.10033593" lon="13.49496651"><ele>528.0</ele></trkpt><trkpt lat="61.10026169" lon="13.49512551"><ele>528.0</ele></trkpt><trkpt lat="61.10017399" lon="13.49529799"><ele>529.0</ele></trkpt><trkpt lat="61.10008673" lon="13.49546328"><ele>529.0</ele></trkpt><trkpt lat="61.09999686" lon="13.49561330"><ele>529.0</ele></trkpt><trkpt lat="61.09991177" lon="13.49575164"><ele>529.0</ele></trkpt><trkpt lat="61.09982885" lon="13.49587920"><ele>529.0</ele></trkpt><trkpt lat="61.09975288" lon="13.49600766"><ele>529.0</ele></trkpt><trkpt lat="61.09967386" lon="13.49614150"><ele>530.0</ele></trkpt><trkpt lat="61.09958182" lon="13.49624122"><ele>530.0</ele></trkpt><trkpt lat="61.09948197" lon="13.49636339"><ele>530.0</ele></trkpt><trkpt lat="61.09937387" lon="13.49654395"><ele>530.0</ele></trkpt><trkpt lat="61.09925578" lon="13.49666343"><ele>530.0</ele></trkpt><trkpt lat="61.09917893" lon="13.49675955"><ele>530.0</ele></trkpt><trkpt lat="61.09909992" lon="13.49690956"><ele>530.0</ele></trkpt><trkpt lat="61.09900788" lon="13.49705958"><ele>529.0</ele></trkpt><trkpt lat="61.09892495" lon="13.49713324"><ele>529.0</ele></trkpt><trkpt lat="61.09884767" lon="13.49722577"><ele>529.0</ele></trkpt><trkpt lat="61.09878689" lon="13.49732369"><ele>529.0</ele></trkpt><trkpt lat="61.09870267" lon="13.49746113"><ele>529.0</ele></trkpt><trkpt lat="61.09863971" lon="13.49764528"><ele>530.0</ele></trkpt><trkpt lat="61.09857285" lon="13.49782585"><ele>530.0</ele></trkpt><trkpt lat="61.09850860" lon="13.49800731"><ele>530.0</ele></trkpt><trkpt lat="61.09843566" lon="13.49821122"><ele>529.0</ele></trkpt><trkpt lat="61.09837878" lon="13.49837472"><ele>529.0</ele></trkpt><trkpt lat="61.09833059" lon="13.49855168"><ele>529.0</ele></trkpt><trkpt lat="61.09826286" lon="13.49875291"><ele>530.0</ele></trkpt><trkpt lat="61.09818862" lon="13.49894784"><ele>530.0</ele></trkpt><trkpt lat="61.09810700" lon="13.49912840"><ele>530.0</ele></trkpt><trkpt lat="61.09804578" lon="13.49930088"><ele>530.0</ele></trkpt><trkpt lat="61.09798673" lon="13.49950570"><ele>531.0</ele></trkpt><trkpt lat="61.09792986" lon="13.49967997"><ele>531.0</ele></trkpt><trkpt lat="61.09784997" lon="13.49986862"><ele>531.0</ele></trkpt><trkpt lat="61.09775879" lon="13.50005097"><ele>531.0</ele></trkpt><trkpt lat="61.09766458" lon="13.50019291"><ele>531.0</ele></trkpt><trkpt lat="61.09756168" lon="13.50029531"><ele>531.0</ele></trkpt><trkpt lat="61.09745878" lon="13.50040491"><ele>531.0</ele></trkpt><trkpt lat="61.09735371" lon="13.50051720"><ele>531.0</ele></trkpt><trkpt lat="61.09724777" lon="13.50065913"><ele>531.0</ele></trkpt><trkpt lat="61.09717092" lon="13.50081095"><ele>532.0</ele></trkpt><trkpt lat="61.09709060" lon="13.50095019"><ele>532.0</ele></trkpt><trkpt lat="61.09700593" lon="13.50108583"><ele>532.0</ele></trkpt><trkpt lat="61.09692170" lon="13.50121519"><ele>532.0</ele></trkpt><trkpt lat="61.09684876" lon="13.50135892"><ele>532.0</ele></trkpt><trkpt lat="61.09678363" lon="13.50152511"><ele>532.0</ele></trkpt><trkpt lat="61.09671981" lon="13.50174430"><ele>532.0</ele></trkpt><trkpt lat="61.09666597" lon="13.50194283"><ele>532.0</ele></trkpt><trkpt lat="61.09659693" lon="13.50212788"><ele>532.0</ele></trkpt><trkpt lat="61.09648882" lon="13.50227341"><ele>532.0</ele></trkpt><trkpt lat="61.09641197" lon="13.50248271"><ele>532.0</ele></trkpt><trkpt lat="61.09639460" lon="13.50274143"><ele>532.0</ele></trkpt><trkpt lat="61.09638592" lon="13.50296421"><ele>532.0</ele></trkpt><trkpt lat="61.09635682" lon="13.50318789"><ele>532.0</ele></trkpt><trkpt lat="61.09635682" lon="13.50341247"><ele>532.0</ele></trkpt><trkpt lat="61.09635986" lon="13.50361818"><ele>532.0</ele></trkpt><trkpt lat="61.09637897" lon="13.50383019"><ele>532.0</ele></trkpt><trkpt lat="61.09639894" lon="13.50404848"><ele>532.0</ele></trkpt><trkpt lat="61.09643758" lon="13.50428473"><ele>531.0</ele></trkpt><trkpt lat="61.09648187" lon="13.50450931"><ele>531.0</ele></trkpt><trkpt lat="61.09651183" lon="13.50468179"><ele>531.0</ele></trkpt><trkpt lat="61.09656567" lon="13.50489828"><ele>531.0</ele></trkpt><trkpt lat="61.09661169" lon="13.50513184"><ele>531.0</ele></trkpt><trkpt lat="61.09665164" lon="13.50536541"><ele>531.0</ele></trkpt><trkpt lat="61.09668290" lon="13.50558190"><ele>531.0</ele></trkpt><trkpt lat="61.09670895" lon="13.50579750"><ele>531.0</ele></trkpt><trkpt lat="61.09675280" lon="13.50599782"><ele>531.0</ele></trkpt><trkpt lat="61.09679666" lon="13.50621791"><ele>531.0</ele></trkpt><trkpt lat="61.09679970" lon="13.50644338"><ele>531.0</ele></trkpt><trkpt lat="61.09678667" lon="13.50669940"><ele>531.0</ele></trkpt><trkpt lat="61.09676192" lon="13.50693386"><ele>531.0</ele></trkpt><trkpt lat="61.09674369" lon="13.50718719"><ele>531.0</ele></trkpt><trkpt lat="61.09670591" lon="13.50745129"><ele>531.0</ele></trkpt><trkpt lat="61.09666683" lon="13.50770372"><ele>531.0</ele></trkpt><trkpt lat="61.09660475" lon="13.50787350"><ele>531.0</ele></trkpt><trkpt lat="61.09650966" lon="13.50799118"><ele>533.0</ele></trkpt><trkpt lat="61.09642065" lon="13.50812144"><ele>533.0</ele></trkpt><trkpt lat="61.09631688" lon="13.50826517"><ele>533.0</ele></trkpt><trkpt lat="61.09622396" lon="13.50839363"><ele>533.0</ele></trkpt><trkpt lat="61.09615058" lon="13.50848975"><ele>534.0</ele></trkpt><trkpt lat="61.09608068" lon="13.50857778"><ele>534.0</ele></trkpt><trkpt lat="61.09602076" lon="13.50867121"><ele>534.0</ele></trkpt><trkpt lat="61.09595693" lon="13.50876194"><ele>534.0</ele></trkpt><trkpt lat="61.09586966" lon="13.50886973"><ele>532.0</ele></trkpt><trkpt lat="61.09579064" lon="13.50897214"><ele>532.0</ele></trkpt><trkpt lat="61.09571378" lon="13.50912036"><ele>532.0</ele></trkpt><trkpt lat="61.09565777" lon="13.50922726"><ele>532.0</ele></trkpt><trkpt lat="61.09560957" lon="13.50935752"><ele>532.0</ele></trkpt><trkpt lat="61.09556181" lon="13.50949047"><ele>532.0</ele></trkpt><trkpt lat="61.09552100" lon="13.50962971"><ele>532.0</ele></trkpt><trkpt lat="61.09547063" lon="13.50985069"><ele>532.0</ele></trkpt><trkpt lat="61.09543893" lon="13.51004743"><ele>533.0</ele></trkpt><trkpt lat="61.09541375" lon="13.51027021"><ele>533.0</ele></trkpt><trkpt lat="61.09541288" lon="13.51050646"><ele>533.0</ele></trkpt><trkpt lat="61.09539291" lon="13.51076428"><ele>532.0</ele></trkpt><trkpt lat="61.09537771" lon="13.51097898"><ele>531.0</ele></trkpt><trkpt lat="61.09536686" lon="13.51119188"><ele>531.0</ele></trkpt><trkpt lat="61.09531171" lon="13.51137873"><ele>531.0</ele></trkpt><trkpt lat="61.09523486" lon="13.51154132"><ele>530.0</ele></trkpt><trkpt lat="61.09516191" lon="13.51172548"><ele>530.0</ele></trkpt><trkpt lat="61.09506074" lon="13.51186921"><ele>530.0</ele></trkpt><trkpt lat="61.09495479" lon="13.51199767"><ele>532.0</ele></trkpt><trkpt lat="61.09486187" lon="13.51213242"><ele>532.0</ele></trkpt><trkpt lat="61.09477199" lon="13.51225728"><ele>532.0</ele></trkpt><trkpt lat="61.09468689" lon="13.51236149"><ele>532.0</ele></trkpt><trkpt lat="61.09461871" lon="13.51251061"><ele>533.0</ele></trkpt><trkpt lat="61.09453578" lon="13.51266512"><ele>533.0</ele></trkpt><trkpt lat="61.09444069" lon="13.51279627"><ele>533.0</ele></trkpt><trkpt lat="61.09435688" lon="13.51292563"><ele>533.0</ele></trkpt><trkpt lat="61.09424876" lon="13.51305948"><ele>533.0</ele></trkpt><trkpt lat="61.09415671" lon="13.51317087"><ele>533.0</ele></trkpt><trkpt lat="61.09406161" lon="13.51328585"><ele>532.0</ele></trkpt><trkpt lat="61.09396565" lon="13.51339365"><ele>532.0</ele></trkpt><trkpt lat="61.09386187" lon="13.51351133"><ele>532.0</ele></trkpt><trkpt lat="61.09375766" lon="13.51361284"><ele>531.0</ele></trkpt><trkpt lat="61.09368080" lon="13.51368021"><ele>531.0</ele></trkpt><trkpt lat="61.09360959" lon="13.51376286"><ele>531.0</ele></trkpt><trkpt lat="61.09353099" lon="13.51383023"><ele>531.0</ele></trkpt><trkpt lat="61.09346976" lon="13.51391916"><ele>531.0</ele></trkpt><trkpt lat="61.09340159" lon="13.51410062"><ele>532.0</ele></trkpt><trkpt lat="61.09335165" lon="13.51430813"><ele>532.0</ele></trkpt><trkpt lat="61.09330172" lon="13.51450666"><ele>532.0</ele></trkpt><trkpt lat="61.09327479" lon="13.51470160"><ele>532.0</ele></trkpt><trkpt lat="61.09326871" lon="13.51491629"><ele>532.0</ele></trkpt><trkpt lat="61.09327957" lon="13.51513458"><ele>532.0</ele></trkpt><trkpt lat="61.09329781" lon="13.51535737"><ele>531.0</ele></trkpt><trkpt lat="61.09332299" lon="13.51557476"><ele>531.0</ele></trkpt><trkpt lat="61.09336859" lon="13.51577239"><ele>531.0</ele></trkpt><trkpt lat="61.09343980" lon="13.51597092"><ele>531.0</ele></trkpt><trkpt lat="61.09350580" lon="13.51614878"><ele>532.0</ele></trkpt><trkpt lat="61.09356790" lon="13.51633563"><ele>532.0</ele></trkpt><trkpt lat="61.09362478" lon="13.51652338"><ele>532.0</ele></trkpt><trkpt lat="61.09368558" lon="13.51671382"><ele>532.0</ele></trkpt><trkpt lat="61.09374289" lon="13.51692762"><ele>532.0</ele></trkpt><trkpt lat="61.09376678" lon="13.51714412"><ele>532.0</ele></trkpt><trkpt lat="61.09377068" lon="13.51738217"><ele>531.0</ele></trkpt><trkpt lat="61.09379761" lon="13.51762471"><ele>531.0</ele></trkpt><trkpt lat="61.09380759" lon="13.51786546"><ele>531.0</ele></trkpt><trkpt lat="61.09381671" lon="13.51810352"><ele>531.0</ele></trkpt><trkpt lat="61.09380499" lon="13.51835055"><ele>532.0</ele></trkpt><trkpt lat="61.09378371" lon="13.51859040"><ele>532.0</ele></trkpt><trkpt lat="61.09377068" lon="13.51881858"><ele>532.0</ele></trkpt><trkpt lat="61.09375158" lon="13.51905393"><ele>533.0</ele></trkpt><trkpt lat="61.09374376" lon="13.51928660"><ele>533.0</ele></trkpt><trkpt lat="61.09375288" lon="13.51952914"><ele>533.0</ele></trkpt><trkpt lat="61.09378197" lon="13.51976271"><ele>531.0</ele></trkpt><trkpt lat="61.09378458" lon="13.51998100"><ele>530.0</ele></trkpt><trkpt lat="61.09378675" lon="13.52022713"><ele>530.0</ele></trkpt><trkpt lat="61.09380282" lon="13.52046070"><ele>530.0</ele></trkpt><trkpt lat="61.09383191" lon="13.52068438"><ele>531.0</ele></trkpt><trkpt lat="61.09385970" lon="13.52092333"><ele>531.0</ele></trkpt><trkpt lat="61.09386665" lon="13.52117665"><ele>531.0</ele></trkpt><trkpt lat="61.09388184" lon="13.52143986"><ele>529.0</ele></trkpt><trkpt lat="61.09388879" lon="13.52168151"><ele>529.0</ele></trkpt><trkpt lat="61.09386578" lon="13.52192226"><ele>529.0</ele></trkpt><trkpt lat="61.09384494" lon="13.52213785"><ele>529.0</ele></trkpt><trkpt lat="61.09382192" lon="13.52234985"><ele>529.0</ele></trkpt><trkpt lat="61.09378588" lon="13.52257084"><ele>529.0</ele></trkpt><trkpt lat="61.09372987" lon="13.52279632"><ele>529.0</ele></trkpt><trkpt lat="61.09364476" lon="13.52296340"><ele>529.0</ele></trkpt><trkpt lat="61.09357094" lon="13.52312869"><ele>529.0</ele></trkpt><trkpt lat="61.09353273" lon="13.52335776"><ele>529.0</ele></trkpt><trkpt lat="61.09349799" lon="13.52359222"><ele>529.0</ele></trkpt><trkpt lat="61.09347758" lon="13.52381141"><ele>529.0</ele></trkpt><trkpt lat="61.09344197" lon="13.52405396"><ele>529.0</ele></trkpt><trkpt lat="61.09339681" lon="13.52427315"><ele>528.0</ele></trkpt><trkpt lat="61.09333993" lon="13.52446988"><ele>528.0</ele></trkpt><trkpt lat="61.09329477" lon="13.52466841"><ele>528.0</ele></trkpt><trkpt lat="61.09325569" lon="13.52487142"><ele>528.0</ele></trkpt><trkpt lat="61.09320271" lon="13.52508343"><ele>530.0</ele></trkpt><trkpt lat="61.09315060" lon="13.52529094"><ele>530.0</ele></trkpt><trkpt lat="61.09311500" lon="13.52551013"><ele>530.0</ele></trkpt><trkpt lat="61.09309980" lon="13.52572572"><ele>531.0</ele></trkpt><trkpt lat="61.09311196" lon="13.52594581"><ele>531.0</ele></trkpt><trkpt lat="61.09312585" lon="13.52617488"><ele>531.0</ele></trkpt><trkpt lat="61.09314192" lon="13.52641024"><ele>530.0</ele></trkpt><trkpt lat="61.09316493" lon="13.52665278"><ele>530.0</ele></trkpt><trkpt lat="61.09319576" lon="13.52687916"><ele>530.0</ele></trkpt><trkpt lat="61.09322269" lon="13.52712440"><ele>530.0</ele></trkpt><trkpt lat="61.09322877" lon="13.52737323"><ele>529.0</ele></trkpt><trkpt lat="61.09323398" lon="13.52758973"><ele>529.0</ele></trkpt><trkpt lat="61.09323962" lon="13.52781251"><ele>529.0</ele></trkpt><trkpt lat="61.09321096" lon="13.52803260"><ele>529.0</ele></trkpt><trkpt lat="61.09312368" lon="13.52820867"><ele>529.0</ele></trkpt><trkpt lat="61.09302077" lon="13.52828323"><ele>529.0</ele></trkpt><trkpt lat="61.09292697" lon="13.52836318"><ele>529.0</ele></trkpt><trkpt lat="61.09282797" lon="13.52851050"><ele>529.0</ele></trkpt><trkpt lat="61.09270768" lon="13.52862548"><ele>529.0</ele></trkpt><trkpt lat="61.09262561" lon="13.52874316"><ele>529.0</ele></trkpt><trkpt lat="61.09254875" lon="13.52888959"><ele>529.0</ele></trkpt><trkpt lat="61.09245973" lon="13.52902523"><ele>529.0</ele></trkpt><trkpt lat="61.09236593" lon="13.52913213"><ele>529.0</ele></trkpt><trkpt lat="61.09227474" lon="13.52925341"><ele>529.0</ele></trkpt><trkpt lat="61.09215967" lon="13.52938815"><ele>529.0</ele></trkpt><trkpt lat="61.09207672" lon="13.52952380"><ele>529.0</ele></trkpt><trkpt lat="61.09198466" lon="13.52965226"><ele>529.0</ele></trkpt><trkpt lat="61.09190997" lon="13.52979779"><ele>529.0</ele></trkpt><trkpt lat="61.09182660" lon="13.52994331"><ele>529.0</ele></trkpt><trkpt lat="61.09175190" lon="13.53008884"><ele>530.0</ele></trkpt><trkpt lat="61.09167070" lon="13.53021730"><ele>530.0</ele></trkpt><trkpt lat="61.09158689" lon="13.53037361"><ele>530.0</ele></trkpt><trkpt lat="61.09149265" lon="13.53051464"><ele>530.0</ele></trkpt><trkpt lat="61.09140797" lon="13.53066196"><ele>530.0</ele></trkpt><trkpt lat="61.09131157" lon="13.53080839"><ele>530.0</ele></trkpt><trkpt lat="61.09120691" lon="13.53090631"><ele>530.0</ele></trkpt><trkpt lat="61.09110660" lon="13.53099254"><ele>530.0</ele></trkpt><trkpt lat="61.09100281" lon="13.53104734"><ele>530.0</ele></trkpt><trkpt lat="61.09091161" lon="13.53111022"><ele>530.0</ele></trkpt><trkpt lat="61.09082259" lon="13.53120545"><ele>529.0</ele></trkpt><trkpt lat="61.09072271" lon="13.53132133"><ele>529.0</ele></trkpt><trkpt lat="61.09062587" lon="13.53142463"><ele>529.0</ele></trkpt><trkpt lat="61.09053163" lon="13.53152435"><ele>528.0</ele></trkpt><trkpt lat="61.09044695" lon="13.53170850"><ele>528.0</ele></trkpt><trkpt lat="61.09034967" lon="13.53190613"><ele>528.0</ele></trkpt><trkpt lat="61.09025500" lon="13.53206064"><ele>529.0</ele></trkpt><trkpt lat="61.09014296" lon="13.53218641"><ele>529.0</ele></trkpt><trkpt lat="61.09002874" lon="13.53226186"><ele>529.0</ele></trkpt><trkpt lat="61.08992582" lon="13.53233642"><ele>528.0</ele></trkpt><trkpt lat="61.08982289" lon="13.53240470"><ele>528.0</ele></trkpt><trkpt lat="61.08973169" lon="13.53248554"><ele>528.0</ele></trkpt><trkpt lat="61.08963876" lon="13.53254933"><ele>528.0</ele></trkpt><trkpt lat="61.08954278" lon="13.53262389"><ele>528.0</ele></trkpt><trkpt lat="61.08943465" lon="13.53266251"><ele>528.0</ele></trkpt><trkpt lat="61.08932390" lon="13.53268048"><ele>528.0</ele></trkpt><trkpt lat="61.08923096" lon="13.53276582"><ele>526.0</ele></trkpt><trkpt lat="61.08923487" lon="13.53303711"><ele>526.0</ele></trkpt><trkpt lat="61.08926093" lon="13.53327696"><ele>526.0</ele></trkpt><trkpt lat="61.08928873" lon="13.53351232"><ele>528.0</ele></trkpt><trkpt lat="61.08931087" lon="13.53374139"><ele>528.0</ele></trkpt><trkpt lat="61.08934388" lon="13.53396687"><ele>528.0</ele></trkpt><trkpt lat="61.08937298" lon="13.53419324"><ele>528.0</ele></trkpt><trkpt lat="61.08938774" lon="13.53441423"><ele>528.0</ele></trkpt><trkpt lat="61.08940294" lon="13.53464240"><ele>528.0</ele></trkpt><trkpt lat="61.08941380" lon="13.53490830"><ele>529.0</ele></trkpt><trkpt lat="61.08941771" lon="13.53513557"><ele>529.0</ele></trkpt><trkpt lat="61.08943378" lon="13.53536375"><ele>529.0</ele></trkpt><trkpt lat="61.08946678" lon="13.53558294"><ele>529.0</ele></trkpt><trkpt lat="61.08949067" lon="13.53578326"><ele>529.0</ele></trkpt><trkpt lat="61.08954278" lon="13.53602491"><ele>529.0</ele></trkpt><trkpt lat="61.08960358" lon="13.53620816"><ele>528.0</ele></trkpt><trkpt lat="61.08966091" lon="13.53640669"><ele>528.0</ele></trkpt><trkpt lat="61.08971172" lon="13.53661061"><ele>528.0</ele></trkpt><trkpt lat="61.08975775" lon="13.53679836"><ele>528.0</ele></trkpt><trkpt lat="61.08982463" lon="13.53702653"><ele>525.0</ele></trkpt><trkpt lat="61.08986762" lon="13.53725470"><ele>524.0</ele></trkpt><trkpt lat="61.08984765" lon="13.53750892"><ele>524.0</ele></trkpt><trkpt lat="61.08983288" lon="13.53773530"><ele>523.0</ele></trkpt><trkpt lat="61.08983158" lon="13.53795000"><ele>524.0</ele></trkpt><trkpt lat="61.08980379" lon="13.53818625"><ele>524.0</ele></trkpt><trkpt lat="61.08977686" lon="13.53842071"><ele>523.0</ele></trkpt><trkpt lat="61.08974081" lon="13.53862373"><ele>522.0</ele></trkpt><trkpt lat="61.08968479" lon="13.53880968"><ele>522.0</ele></trkpt><trkpt lat="61.08962573" lon="13.53898755"><ele>522.0</ele></trkpt><trkpt lat="61.08955277" lon="13.53913847"><ele>521.0</ele></trkpt><trkpt lat="61.08948198" lon="13.53933700"><ele>521.0</ele></trkpt><trkpt lat="61.08942987" lon="13.53953732"><ele>521.0</ele></trkpt><trkpt lat="61.08939078" lon="13.53974842"><ele>520.0</ele></trkpt><trkpt lat="61.08935865" lon="13.53995953"><ele>520.0</ele></trkpt><trkpt lat="61.08931695" lon="13.54017512"><ele>520.0</ele></trkpt><trkpt lat="61.08926962" lon="13.54039970"><ele>518.0</ele></trkpt><trkpt lat="61.08924095" lon="13.54065033"><ele>518.0</ele></trkpt><trkpt lat="61.08920274" lon="13.54091713"><ele>518.0</ele></trkpt><trkpt lat="61.08915366" lon="13.54110398"><ele>519.0</ele></trkpt><trkpt lat="61.08909460" lon="13.54129173"><ele>519.0</ele></trkpt><trkpt lat="61.08903293" lon="13.54145522"><ele>519.0</ele></trkpt><trkpt lat="61.08896084" lon="13.54165195"><ele>519.0</ele></trkpt><trkpt lat="61.08890481" lon="13.54185138"><ele>519.0</ele></trkpt><trkpt lat="61.08884792" lon="13.54202116"><ele>519.0</ele></trkpt><trkpt lat="61.08874586" lon="13.54214872"><ele>519.0</ele></trkpt><trkpt lat="61.08863381" lon="13.54228976"><ele>519.0</ele></trkpt><trkpt lat="61.08854478" lon="13.54239666"><ele>519.0</ele></trkpt><trkpt lat="61.08845358" lon="13.54252691"><ele>519.0</ele></trkpt><trkpt lat="61.08835977" lon="13.54263830"><ele>519.0</ele></trkpt><trkpt lat="61.08827682" lon="13.54275239"><ele>519.0</ele></trkpt><trkpt lat="61.08819995" lon="13.54290870"><ele>519.0</ele></trkpt><trkpt lat="61.08813698" lon="13.54308297"><ele>519.0</ele></trkpt><trkpt lat="61.08808269" lon="13.54325814"><ele>519.0</ele></trkpt><trkpt lat="61.08803578" lon="13.54344140"><ele>519.0</ele></trkpt><trkpt lat="61.08800495" lon="13.54364082"><ele>519.0</ele></trkpt><trkpt lat="61.08797976" lon="13.54382588"><ele>519.0</ele></trkpt><trkpt lat="61.08791157" lon="13.54399656"><ele>514.0</ele></trkpt><trkpt lat="61.08782688" lon="13.54413130"><ele>515.0</ele></trkpt><trkpt lat="61.08772265" lon="13.54421575"><ele>515.0</ele></trkpt><trkpt lat="61.08761277" lon="13.54433342"><ele>516.0</ele></trkpt><trkpt lat="61.08752677" lon="13.54446997"><ele>516.0</ele></trkpt><trkpt lat="61.08746684" lon="13.54467928"><ele>516.0</ele></trkpt><trkpt lat="61.08741472" lon="13.54488319"><ele>516.0</ele></trkpt><trkpt lat="61.08738171" lon="13.54512394"><ele>516.0</ele></trkpt><trkpt lat="61.08734393" lon="13.54537727"><ele>516.0</ele></trkpt><trkpt lat="61.08732265" lon="13.54558298"><ele>516.0</ele></trkpt><trkpt lat="61.08729398" lon="13.54576534"><ele>516.0</ele></trkpt><trkpt lat="61.08725663" lon="13.54595758"><ele>514.0</ele></trkpt><trkpt lat="61.08722970" lon="13.54618845"><ele>514.0</ele></trkpt><trkpt lat="61.08724577" lon="13.54637619"><ele>512.0</ele></trkpt><trkpt lat="61.08732265" lon="13.54655316"><ele>510.0</ele></trkpt><trkpt lat="61.08741385" lon="13.54665557"><ele>510.0</ele></trkpt><trkpt lat="61.08751157" lon="13.54672025"><ele>510.0</ele></trkpt><trkpt lat="61.08760886" lon="13.54684781"><ele>510.0</ele></trkpt><trkpt lat="61.08769789" lon="13.54704544"><ele>510.0</ele></trkpt><trkpt lat="61.08777563" lon="13.54722959"><ele>510.0</ele></trkpt><trkpt lat="61.08783861" lon="13.54741824"><ele>510.0</ele></trkpt><trkpt lat="61.08789767" lon="13.54760150"><ele>510.0</ele></trkpt><trkpt lat="61.08795891" lon="13.54777397"><ele>510.0</ele></trkpt><trkpt lat="61.08803665" lon="13.54794914"><ele>510.0</ele></trkpt><trkpt lat="61.08809485" lon="13.54808030"><ele>510.0</ele></trkpt><trkpt lat="61.08815174" lon="13.54820247"><ele>510.0</ele></trkpt><trkpt lat="61.08820994" lon="13.54834171"><ele>509.0</ele></trkpt><trkpt lat="61.08826379" lon="13.54847196"><ele>509.0</ele></trkpt><trkpt lat="61.08833762" lon="13.54867049"><ele>509.0</ele></trkpt><trkpt lat="61.08840277" lon="13.54886632"><ele>510.0</ele></trkpt><trkpt lat="61.08843881" lon="13.54899568"><ele>509.0</ele></trkpt><trkpt lat="61.08847269" lon="13.54921667"><ele>509.0</ele></trkpt><trkpt lat="61.08848485" lon="13.54937747"><ele>509.0</ele></trkpt><trkpt lat="61.08847399" lon="13.54953826"><ele>509.0</ele></trkpt><trkpt lat="61.08845879" lon="13.54970176"><ele>508.0</ele></trkpt><trkpt lat="61.08843187" lon="13.54994430"><ele>508.0</ele></trkpt><trkpt lat="61.08838583" lon="13.55018775"><ele>508.0</ele></trkpt><trkpt lat="61.08834587" lon="13.55033956"><ele>508.0</ele></trkpt><trkpt lat="61.08830462" lon="13.55048778"><ele>508.0</ele></trkpt><trkpt lat="61.08827161" lon="13.55064589"><ele>509.0</ele></trkpt><trkpt lat="61.08824164" lon="13.55087586"><ele>509.0</ele></trkpt><trkpt lat="61.08823382" lon="13.55103396"><ele>509.0</ele></trkpt><trkpt lat="61.08822861" lon="13.55125764"><ele>509.0</ele></trkpt><trkpt lat="61.08822992" lon="13.55141574"><ele>509.0</ele></trkpt><trkpt lat="61.08823686" lon="13.55158732"><ele>509.0</ele></trkpt><trkpt lat="61.08823382" lon="13.55175351"><ele>509.0</ele></trkpt><trkpt lat="61.08822774" lon="13.55194575"><ele>509.0</ele></trkpt><trkpt lat="61.08823296" lon="13.55217392"><ele>510.0</ele></trkpt><trkpt lat="61.08823860" lon="13.55235538"><ele>510.0</ele></trkpt><trkpt lat="61.08824772" lon="13.55254762"><ele>510.0</ele></trkpt><trkpt lat="61.08825293" lon="13.55271111"><ele>511.0</ele></trkpt><trkpt lat="61.08822774" lon="13.55292940"><ele>511.0</ele></trkpt><trkpt lat="61.08822774" lon="13.55317375"><ele>509.0</ele></trkpt><trkpt lat="61.08821993" lon="13.55342797"><ele>509.0</ele></trkpt><trkpt lat="61.08821472" lon="13.55365973"><ele>509.0</ele></trkpt><trkpt lat="61.08821168" lon="13.55392923"><ele>507.0</ele></trkpt><trkpt lat="61.08819995" lon="13.55420591"><ele>507.0</ele></trkpt><trkpt lat="61.08817867" lon="13.55447990"><ele>507.0</ele></trkpt><trkpt lat="61.08813176" lon="13.55474041"><ele>506.0</ele></trkpt><trkpt lat="61.08810180" lon="13.55491199"><ele>506.0</ele></trkpt><trkpt lat="61.08806966" lon="13.55515453"><ele>506.0</ele></trkpt><trkpt lat="61.08804794" lon="13.55532072"><ele>506.0</ele></trkpt><trkpt lat="61.08803057" lon="13.55548242"><ele>506.0</ele></trkpt><trkpt lat="61.08802188" lon="13.55572676"><ele>506.0</ele></trkpt><trkpt lat="61.08800799" lon="13.55597290"><ele>506.0</ele></trkpt><trkpt lat="61.08796499" lon="13.55619568"><ele>506.0</ele></trkpt><trkpt lat="61.08791895" lon="13.55638792"><ele>506.0</ele></trkpt><trkpt lat="61.08788464" lon="13.55658645"><ele>506.0</ele></trkpt><trkpt lat="61.08785772" lon="13.55681192"><ele>506.0</ele></trkpt><trkpt lat="61.08782862" lon="13.55702033"><ele>506.0</ele></trkpt><trkpt lat="61.08779474" lon="13.55725300"><ele>506.0</ele></trkpt><trkpt lat="61.08772395" lon="13.55746230"><ele>506.0</ele></trkpt><trkpt lat="61.08764795" lon="13.55765993"><ele>506.0</ele></trkpt><trkpt lat="61.08756890" lon="13.55783151"><ele>505.0</ele></trkpt><trkpt lat="61.08750376" lon="13.55801297"><ele>505.0</ele></trkpt><trkpt lat="61.08749377" lon="13.55823396"><ele>505.0</ele></trkpt><trkpt lat="61.08752287" lon="13.55847291"><ele>505.0</ele></trkpt><trkpt lat="61.08755761" lon="13.55870827"><ele>505.0</ele></trkpt><trkpt lat="61.08759279" lon="13.55899663"><ele>505.0</ele></trkpt><trkpt lat="61.08764273" lon="13.55918797"><ele>504.0</ele></trkpt><trkpt lat="61.08767357" lon="13.55939638"><ele>504.0</ele></trkpt><trkpt lat="61.08768964" lon="13.55966318"><ele>504.0</ele></trkpt><trkpt lat="61.08770267" lon="13.55989584"><ele>501.0</ele></trkpt><trkpt lat="61.08772786" lon="13.56014018"><ele>501.0</ele></trkpt><trkpt lat="61.08776782" lon="13.56038722"><ele>500.0</ele></trkpt><trkpt lat="61.08781993" lon="13.56061539"><ele>499.0</ele></trkpt><trkpt lat="61.08786857" lon="13.56084176"><ele>499.0</ele></trkpt><trkpt lat="61.08793589" lon="13.56105017"><ele>499.0</ele></trkpt><trkpt lat="61.08798888" lon="13.56126936"><ele>499.0</ele></trkpt><trkpt lat="61.08801276" lon="13.56151011"><ele>499.0</ele></trkpt><trkpt lat="61.08803274" lon="13.56175176"><ele>499.0</ele></trkpt><trkpt lat="61.08804794" lon="13.56198622"><ele>499.0</ele></trkpt><trkpt lat="61.08804794" lon="13.56219283"><ele>496.0</ele></trkpt><trkpt lat="61.08805098" lon="13.56238597"><ele>496.0</ele></trkpt><trkpt lat="61.08806662" lon="13.56257462"><ele>494.0</ele></trkpt><trkpt lat="61.08808486" lon="13.56279919"><ele>493.0</ele></trkpt><trkpt lat="61.08809094" lon="13.56297347"><ele>493.0</ele></trkpt><trkpt lat="61.08811700" lon="13.56321511"><ele>492.0</ele></trkpt><trkpt lat="61.08814262" lon="13.56342622"><ele>492.0</ele></trkpt><trkpt lat="61.08814175" lon="13.56367056"><ele>490.0</ele></trkpt><trkpt lat="61.08812872" lon="13.56384393"><ele>490.0</ele></trkpt><trkpt lat="61.08810875" lon="13.56401372"><ele>490.0</ele></trkpt><trkpt lat="61.08809181" lon="13.56418350"><ele>490.0</ele></trkpt><trkpt lat="61.08806966" lon="13.56435777"><ele>490.0</ele></trkpt><trkpt lat="61.08804794" lon="13.56452665"><ele>491.0</ele></trkpt><trkpt lat="61.08801059" lon="13.56476561"><ele>491.0</ele></trkpt><trkpt lat="61.08800886" lon="13.56499647"><ele>491.0</ele></trkpt><trkpt lat="61.08807096" lon="13.56520398"><ele>490.0</ele></trkpt><trkpt lat="61.08815391" lon="13.56535221"><ele>490.0</ele></trkpt><trkpt lat="61.08819778" lon="13.56559834"><ele>490.0</ele></trkpt><trkpt lat="61.08820559" lon="13.56586155"><ele>489.0</ele></trkpt><trkpt lat="61.08817997" lon="13.56610589"><ele>489.0</ele></trkpt><trkpt lat="61.08815565" lon="13.56634215"><ele>489.0</ele></trkpt><trkpt lat="61.08811569" lon="13.56655056"><ele>489.0</ele></trkpt><trkpt lat="61.08806575" lon="13.56674998"><ele>489.0</ele></trkpt><trkpt lat="61.08801190" lon="13.56686227"><ele>489.0</ele></trkpt><trkpt lat="61.08794458" lon="13.56699612"><ele>489.0</ele></trkpt><trkpt lat="61.08787292" lon="13.56713087"><ele>489.0</ele></trkpt><trkpt lat="61.08780082" lon="13.56726652"><ele>489.0</ele></trkpt><trkpt lat="61.08772786" lon="13.56742013"><ele>489.0</ele></trkpt><trkpt lat="61.08766488" lon="13.56751625"><ele>489.0</ele></trkpt><trkpt lat="61.08758280" lon="13.56766716"><ele>487.0</ele></trkpt><trkpt lat="61.08751896" lon="13.56784144"><ele>487.0</ele></trkpt><trkpt lat="61.08746163" lon="13.56804446"><ele>487.0</ele></trkpt><trkpt lat="61.08741298" lon="13.56818998"><ele>487.0</ele></trkpt><trkpt lat="61.08733481" lon="13.56837324"><ele>487.0</ele></trkpt><trkpt lat="61.08727965" lon="13.56850529"><ele>487.0</ele></trkpt><trkpt lat="61.08721494" lon="13.56869124"><ele>487.0</ele></trkpt><trkpt lat="61.08716499" lon="13.56888528"><ele>487.0</ele></trkpt><trkpt lat="61.08712764" lon="13.56909369"><ele>487.0</ele></trkpt><trkpt lat="61.08707986" lon="13.56930659"><ele>487.0</ele></trkpt><trkpt lat="61.08705077" lon="13.56952129"><ele>487.0</ele></trkpt><trkpt lat="61.08700082" lon="13.56972970"><ele>484.0</ele></trkpt><trkpt lat="61.08696781" lon="13.56994260"><ele>484.0</ele></trkpt><trkpt lat="61.08694262" lon="13.57009172"><ele>484.0</ele></trkpt><trkpt lat="61.08691482" lon="13.57029474"><ele>484.0</ele></trkpt><trkpt lat="61.08689180" lon="13.57048069"><ele>484.0</ele></trkpt><trkpt lat="61.08687400" lon="13.57066933"><ele>484.0</ele></trkpt><trkpt lat="61.08684490" lon="13.57087235"><ele>484.0</ele></trkpt><trkpt lat="61.08681363" lon="13.57103764"><ele>482.0</ele></trkpt><trkpt lat="61.08677671" lon="13.57119215"><ele>481.0</ele></trkpt><trkpt lat="61.08675977" lon="13.57140775"><ele>480.0</ele></trkpt><trkpt lat="61.08676194" lon="13.57165568"><ele>479.0</ele></trkpt><trkpt lat="61.08676194" lon="13.57189643"><ele>479.0</ele></trkpt><trkpt lat="61.08676064" lon="13.57213628"><ele>479.0</ele></trkpt><trkpt lat="61.08676064" lon="13.57232583"><ele>479.0</ele></trkpt><trkpt lat="61.08675977" lon="13.57256119"><ele>478.0</ele></trkpt><trkpt lat="61.08676498" lon="13.57278936"><ele>478.0</ele></trkpt><trkpt lat="61.08680277" lon="13.57299687"><ele>478.0</ele></trkpt><trkpt lat="61.08691091" lon="13.57311455"><ele>480.0</ele></trkpt><trkpt lat="61.08700560" lon="13.57318282"><ele>480.0</ele></trkpt><trkpt lat="61.08709897" lon="13.57326187"><ele>480.0</ele></trkpt><trkpt lat="61.08718888" lon="13.57338584"><ele>481.0</ele></trkpt><trkpt lat="61.08728399" lon="13.57352598"><ele>481.0</ele></trkpt><trkpt lat="61.08738475" lon="13.57368857"><ele>481.0</ele></trkpt><trkpt lat="61.08744382" lon="13.57388979"><ele>481.0</ele></trkpt><trkpt lat="61.08749898" lon="13.57409731"><ele>481.0</ele></trkpt><trkpt lat="61.08755283" lon="13.57430482"><ele>481.0</ele></trkpt><trkpt lat="61.08759496" lon="13.57450784"><ele>479.0</ele></trkpt><trkpt lat="61.08762276" lon="13.57472074"><ele>478.0</ele></trkpt><trkpt lat="61.08764273" lon="13.57492196"><ele>475.0</ele></trkpt><trkpt lat="61.08768486" lon="13.57513576"><ele>473.0</ele></trkpt><trkpt lat="61.08775696" lon="13.57530554"><ele>471.0</ele></trkpt><trkpt lat="61.08783383" lon="13.57548161"><ele>470.0</ele></trkpt><trkpt lat="61.08788682" lon="13.57563971"><ele>470.0</ele></trkpt><trkpt lat="61.08792981" lon="13.57581578"><ele>470.0</ele></trkpt><trkpt lat="61.08795587" lon="13.57601341"><ele>471.0</ele></trkpt><trkpt lat="61.08797889" lon="13.57620565"><ele>471.0</ele></trkpt><trkpt lat="61.08800668" lon="13.57637184"><ele>471.0</ele></trkpt><trkpt lat="61.08804099" lon="13.57652725"><ele>471.0</ele></trkpt><trkpt lat="61.08809572" lon="13.57675183"><ele>470.0</ele></trkpt><trkpt lat="61.08814392" lon="13.57688927"><ele>470.0</ele></trkpt><trkpt lat="61.08820082" lon="13.57702941"><ele>470.0</ele></trkpt><trkpt lat="61.08826075" lon="13.57715158"><ele>470.0</ele></trkpt><trkpt lat="61.08834891" lon="13.57732316"><ele>470.0</ele></trkpt><trkpt lat="61.08842275" lon="13.57748934"><ele>470.0</ele></trkpt><trkpt lat="61.08848398" lon="13.57768518"><ele>470.0</ele></trkpt><trkpt lat="61.08854565" lon="13.57786933"><ele>470.0</ele></trkpt><trkpt lat="61.08860081" lon="13.57807325"><ele>470.0</ele></trkpt><trkpt lat="61.08863859" lon="13.57829334"><ele>470.0</ele></trkpt><trkpt lat="61.08867073" lon="13.57850354"><ele>470.0</ele></trkpt><trkpt lat="61.08871980" lon="13.57871734"><ele>469.0</ele></trkpt><trkpt lat="61.08874282" lon="13.57888353"><ele>469.0</ele></trkpt><trkpt lat="61.08877279" lon="13.57912158"><ele>469.0</ele></trkpt><trkpt lat="61.08881795" lon="13.57932730"><ele>469.0</ele></trkpt><trkpt lat="61.08887268" lon="13.57950337"><ele>469.0</ele></trkpt><trkpt lat="61.08891480" lon="13.57966776"><ele>469.0</ele></trkpt><trkpt lat="61.08896475" lon="13.57986000"><ele>469.0</ele></trkpt><trkpt lat="61.08901686" lon="13.58004146"><ele>471.0</ele></trkpt><trkpt lat="61.08906767" lon="13.58022741"><ele>470.0</ele></trkpt><trkpt lat="61.08911675" lon="13.58045917"><ele>469.0</ele></trkpt><trkpt lat="61.08918276" lon="13.58066758"><ele>467.0</ele></trkpt><trkpt lat="61.08923574" lon="13.58088587"><ele>466.0</ele></trkpt><trkpt lat="61.08927700" lon="13.58112123"><ele>465.0</ele></trkpt><trkpt lat="61.08931261" lon="13.58134312"><ele>464.0</ele></trkpt><trkpt lat="61.08934388" lon="13.58159734"><ele>464.0</ele></trkpt><trkpt lat="61.08936863" lon="13.58181922"><ele>463.0</ele></trkpt><trkpt lat="61.08933085" lon="13.58202584"><ele>463.0</ele></trkpt><trkpt lat="61.08925398" lon="13.58216597"><ele>462.0</ele></trkpt><trkpt lat="61.08916973" lon="13.58237169"><ele>462.0</ele></trkpt><trkpt lat="61.08908678" lon="13.58255944"><ele>462.0</ele></trkpt><trkpt lat="61.08898689" lon="13.58272383"><ele>462.0</ele></trkpt><trkpt lat="61.08889396" lon="13.58285768"><ele>461.0</ele></trkpt><trkpt lat="61.08878799" lon="13.58301578"><ele>461.0</ele></trkpt><trkpt lat="61.08867377" lon="13.58313795"><ele>461.0</ele></trkpt><trkpt lat="61.08856693" lon="13.58326371"><ele>461.0</ele></trkpt><trkpt lat="61.08845792" lon="13.58338139"><ele>461.0</ele></trkpt><trkpt lat="61.08836281" lon="13.58355477"><ele>462.0</ele></trkpt><trkpt lat="61.08826292" lon="13.58372096"><ele>462.0</ele></trkpt><trkpt lat="61.08814957" lon="13.58382696"><ele>462.0</ele></trkpt><trkpt lat="61.08803795" lon="13.58389523"><ele>463.0</ele></trkpt><trkpt lat="61.08793589" lon="13.58394284"><ele>463.0</ele></trkpt><trkpt lat="61.08783296" lon="13.58398955"><ele>463.0</ele></trkpt><trkpt lat="61.08772395" lon="13.58408028"><ele>465.0</ele></trkpt><trkpt lat="61.08761364" lon="13.58416562"><ele>465.0</ele></trkpt><trkpt lat="61.08750766" lon="13.58424827"><ele>465.0</ele></trkpt><trkpt lat="61.08743166" lon="13.58434259"><ele>466.0</ele></trkpt><trkpt lat="61.08732786" lon="13.58443691"><ele>466.0</ele></trkpt><trkpt lat="61.08722970" lon="13.58455010"><ele>466.0</ele></trkpt><trkpt lat="61.08713372" lon="13.58460849"><ele>467.0</ele></trkpt><trkpt lat="61.08703166" lon="13.58466778"><ele>467.0</ele></trkpt><trkpt lat="61.08695261" lon="13.58471899"><ele>467.0</ele></trkpt><trkpt lat="61.08686575" lon="13.58477827"><ele>468.0</ele></trkpt><trkpt lat="61.08678496" lon="13.58487170"><ele>468.0</ele></trkpt><trkpt lat="61.08667160" lon="13.58499117"><ele>468.0</ele></trkpt><trkpt lat="61.08657084" lon="13.58503250"><ele>468.0</ele></trkpt><trkpt lat="61.08646791" lon="13.58506484"><ele>468.0</ele></trkpt><trkpt lat="61.08633761" lon="13.58511155"><ele>468.0</ele></trkpt><trkpt lat="61.08623163" lon="13.58518611"><ele>467.0</ele></trkpt><trkpt lat="61.08613087" lon="13.58528492"><ele>467.0</ele></trkpt><trkpt lat="61.08603184" lon="13.58536487"><ele>467.0</ele></trkpt><trkpt lat="61.08595192" lon="13.58546369"><ele>467.0</ele></trkpt><trkpt lat="61.08585289" lon="13.58558496"><ele>468.0</ele></trkpt><trkpt lat="61.08578688" lon="13.58571073"><ele>468.0</ele></trkpt><trkpt lat="61.08574475" lon="13.58589218"><ele>468.0</ele></trkpt><trkpt lat="61.08571391" lon="13.58610149"><ele>469.0</ele></trkpt><trkpt lat="61.08568785" lon="13.58635122"><ele>469.0</ele></trkpt><trkpt lat="61.08567959" lon="13.58656592"><ele>469.0</ele></trkpt><trkpt lat="61.08565788" lon="13.58676714"><ele>469.0</ele></trkpt><trkpt lat="61.08563790" lon="13.58699442"><ele>469.0</ele></trkpt><trkpt lat="61.08560967" lon="13.58724325"><ele>469.0</ele></trkpt><trkpt lat="61.08558361" lon="13.58744627"><ele>467.0</ele></trkpt><trkpt lat="61.08557579" lon="13.58762144"><ele>467.0</ele></trkpt><trkpt lat="61.08557188" lon="13.58784333"><ele>466.0</ele></trkpt><trkpt lat="61.08547980" lon="13.58800233"><ele>465.0</ele></trkpt><trkpt lat="61.08537860" lon="13.58813079"><ele>465.0</ele></trkpt><trkpt lat="61.08529564" lon="13.58830596"><ele>465.0</ele></trkpt><trkpt lat="61.08518966" lon="13.58842723"><ele>465.0</ele></trkpt><trkpt lat="61.08506674" lon="13.58855569"><ele>465.0</ele></trkpt><trkpt lat="61.08494295" lon="13.58869673"><ele>465.0</ele></trkpt><trkpt lat="61.08484783" lon="13.58881800"><ele>465.0</ele></trkpt><trkpt lat="61.08475792" lon="13.58896083"><ele>465.0</ele></trkpt><trkpt lat="61.08467887" lon="13.58910187"><ele>465.0</ele></trkpt><trkpt lat="61.08461589" lon="13.58927255"><ele>465.0</ele></trkpt><trkpt lat="61.08453075" lon="13.58947287"><ele>465.0</ele></trkpt><trkpt lat="61.08446473" lon="13.58966152"><ele>464.0</ele></trkpt><trkpt lat="61.08442694" lon="13.58987262"><ele>464.0</ele></trkpt><trkpt lat="61.08432270" lon="13.59005498"><ele>464.0</ele></trkpt><trkpt lat="61.08422193" lon="13.59013852"><ele>465.0</ele></trkpt><trkpt lat="61.08414157" lon="13.59024183"><ele>465.0</ele></trkpt><trkpt lat="61.08404775" lon="13.59041880"><ele>465.0</ele></trkpt><trkpt lat="61.08397174" lon="13.59062361"><ele>465.0</ele></trkpt><trkpt lat="61.08389963" lon="13.59081316"><ele>465.0</ele></trkpt><trkpt lat="61.08383274" lon="13.59098114"><ele>465.0</ele></trkpt><trkpt lat="61.08376368" lon="13.59116350"><ele>465.0</ele></trkpt><trkpt lat="61.08368376" lon="13.59134137"><ele>465.0</ele></trkpt><trkpt lat="61.08361860" lon="13.59152013"><ele>464.0</ele></trkpt><trkpt lat="61.08355475" lon="13.59170878"><ele>464.0</ele></trkpt><trkpt lat="61.08352565" lon="13.59190730"><ele>464.0</ele></trkpt><trkpt lat="61.08349698" lon="13.59211661"><ele>463.0</ele></trkpt><trkpt lat="61.08338578" lon="13.59229088"><ele>462.0</ele></trkpt><trkpt lat="61.08328197" lon="13.59237982"><ele>461.0</ele></trkpt><trkpt lat="61.08322289" lon="13.59255499"><ele>460.0</ele></trkpt><trkpt lat="61.08317164" lon="13.59276520"><ele>460.0</ele></trkpt><trkpt lat="61.08314471" lon="13.59296732"><ele>460.0</ele></trkpt><trkpt lat="61.08309562" lon="13.59316135"><ele>460.0</ele></trkpt><trkpt lat="61.08305957" lon="13.59339671"><ele>462.0</ele></trkpt><trkpt lat="61.08300657" lon="13.59359434"><ele>462.0</ele></trkpt><trkpt lat="61.08302786" lon="13.59383239"><ele>462.0</ele></trkpt><trkpt lat="61.08307564" lon="13.59407135"><ele>462.0</ele></trkpt><trkpt lat="61.08311691" lon="13.59429413"><ele>462.0</ele></trkpt><trkpt lat="61.08311300" lon="13.59453218"><ele>462.0</ele></trkpt><trkpt lat="61.08308563" lon="13.59474598"><ele>462.0</ele></trkpt><trkpt lat="61.08306695" lon="13.59492475"><ele>462.0</ele></trkpt><trkpt lat="61.08307998" lon="13.59517268"><ele>462.0</ele></trkpt><trkpt lat="61.08311864" lon="13.59541253"><ele>463.0</ele></trkpt><trkpt lat="61.08315383" lon="13.59562723"><ele>463.0</ele></trkpt><trkpt lat="61.08320074" lon="13.59580959"><ele>463.0</ele></trkpt><trkpt lat="61.08327979" lon="13.59595511"><ele>465.0</ele></trkpt><trkpt lat="61.08336276" lon="13.59612400"><ele>465.0</ele></trkpt><trkpt lat="61.08345789" lon="13.59627581"><ele>459.0</ele></trkpt><trkpt lat="61.08355779" lon="13.59642852"><ele>458.0</ele></trkpt><trkpt lat="61.08366291" lon="13.59661088"><ele>457.0</ele></trkpt><trkpt lat="61.08375282" lon="13.59681839"><ele>457.0</ele></trkpt><trkpt lat="61.08383491" lon="13.59704746"><ele>457.0</ele></trkpt><trkpt lat="61.08389963" lon="13.59725587"><ele>458.0</ele></trkpt><trkpt lat="61.08396870" lon="13.59745260"><ele>457.0</ele></trkpt><trkpt lat="61.08402082" lon="13.59758915"><ele>457.0</ele></trkpt><trkpt lat="61.08408597" lon="13.59772659"><ele>457.0</ele></trkpt><trkpt lat="61.08414765" lon="13.59785146"><ele>457.0</ele></trkpt><trkpt lat="61.08422367" lon="13.59803741"><ele>456.0</ele></trkpt><trkpt lat="61.08428361" lon="13.59826558"><ele>456.0</ele></trkpt><trkpt lat="61.08430663" lon="13.59851890"><ele>456.0</ele></trkpt><trkpt lat="61.08429273" lon="13.59879648"><ele>456.0</ele></trkpt><trkpt lat="61.08426667" lon="13.59897435"><ele>456.0</ele></trkpt><trkpt lat="61.08423192" lon="13.59914773"><ele>456.0</ele></trkpt><trkpt lat="61.08418892" lon="13.59930852"><ele>456.0</ele></trkpt><trkpt lat="61.08413766" lon="13.59952771"><ele>456.0</ele></trkpt><trkpt lat="61.08410465" lon="13.59975499"><ele>456.0</ele></trkpt><trkpt lat="61.08410595" lon="13.59998585"><ele>456.0</ele></trkpt><trkpt lat="61.08412376" lon="13.60022660"><ele>456.0</ele></trkpt><trkpt lat="61.08414678" lon="13.60046555"><ele>455.0</ele></trkpt><trkpt lat="61.08415764" lon="13.60063444"><ele>454.0</ele></trkpt><trkpt lat="61.08416894" lon="13.60079254"><ele>454.0</ele></trkpt><trkpt lat="61.08417893" lon="13.60101622"><ele>454.0</ele></trkpt><trkpt lat="61.08417198" lon="13.60126595"><ele>454.0</ele></trkpt><trkpt lat="61.08413462" lon="13.60147077"><ele>454.0</ele></trkpt><trkpt lat="61.08405687" lon="13.60162528"><ele>454.0</ele></trkpt><trkpt lat="61.08400388" lon="13.60180045"><ele>454.0</ele></trkpt><trkpt lat="61.08395393" lon="13.60196754"><ele>453.0</ele></trkpt><trkpt lat="61.08388269" lon="13.60213283"><ele>453.0</ele></trkpt><trkpt lat="61.08382275" lon="13.60230351"><ele>453.0</ele></trkpt><trkpt lat="61.08372589" lon="13.60242927"><ele>453.0</ele></trkpt><trkpt lat="61.08365161" lon="13.60250832"><ele>453.0</ele></trkpt><trkpt lat="61.08355692" lon="13.60261971"><ele>453.0</ele></trkpt><trkpt lat="61.08348091" lon="13.60272392"><ele>453.0</ele></trkpt><trkpt lat="61.08343095" lon="13.60286855"><ele>453.0</ele></trkpt><trkpt lat="61.08340663" lon="13.60304192"><ele>453.0</ele></trkpt><trkpt lat="61.08338882" lon="13.60322697"><ele>453.0</ele></trkpt><trkpt lat="61.08337883" lon="13.60341921"><ele>452.0</ele></trkpt><trkpt lat="61.08336884" lon="13.60363751"><ele>452.0</ele></trkpt><trkpt lat="61.08338187" lon="13.60381717"><ele>452.0</ele></trkpt><trkpt lat="61.08345484" lon="13.60394832"><ele>450.0</ele></trkpt><trkpt lat="61.08351392" lon="13.60403995"><ele>449.0</ele></trkpt><trkpt lat="61.08357299" lon="13.60414865"><ele>449.0</ele></trkpt><trkpt lat="61.08364379" lon="13.60431214"><ele>449.0</ele></trkpt><trkpt lat="61.08372372" lon="13.60452235"><ele>449.0</ele></trkpt><trkpt lat="61.08379365" lon="13.60474962"><ele>449.0</ele></trkpt><trkpt lat="61.08386575" lon="13.60493827"><ele>449.0</ele></trkpt><trkpt lat="61.08393873" lon="13.60514039"><ele>448.0</ele></trkpt><trkpt lat="61.08400388" lon="13.60535958"><ele>448.0</ele></trkpt><trkpt lat="61.08407294" lon="13.60556439"><ele>448.0</ele></trkpt><trkpt lat="61.08415373" lon="13.60578358"><ele>447.0</ele></trkpt><trkpt lat="61.08420064" lon="13.60593270"><ele>447.0</ele></trkpt><trkpt lat="61.08422975" lon="13.60618962"><ele>447.0</ele></trkpt><trkpt lat="61.08421498" lon="13.60645372"><ele>447.0</ele></trkpt><trkpt lat="61.08417371" lon="13.60668998"><ele>447.0</ele></trkpt><trkpt lat="61.08410986" lon="13.60691097"><ele>447.0</ele></trkpt><trkpt lat="61.08404558" lon="13.60713824"><ele>447.0</ele></trkpt><trkpt lat="61.08397695" lon="13.60735024"><ele>447.0</ele></trkpt><trkpt lat="61.08390571" lon="13.60753530"><ele>447.0</ele></trkpt><trkpt lat="61.08385272" lon="13.60774011"><ele>447.0</ele></trkpt><trkpt lat="61.08379973" lon="13.60796559"><ele>447.0</ele></trkpt><trkpt lat="61.08376064" lon="13.60820185"><ele>447.0</ele></trkpt><trkpt lat="61.08376281" lon="13.60843990"><ele>447.0</ele></trkpt><trkpt lat="61.08378974" lon="13.60867346"><ele>447.0</ele></trkpt><trkpt lat="61.08381884" lon="13.60890163"><ele>447.0</ele></trkpt><trkpt lat="61.08384794" lon="13.60912172"><ele>447.0</ele></trkpt><trkpt lat="61.08387965" lon="13.60932923"><ele>447.0</ele></trkpt><trkpt lat="61.08391484" lon="13.60950800"><ele>447.0</ele></trkpt><trkpt lat="61.08395176" lon="13.60968586"><ele>447.0</ele></trkpt><trkpt lat="61.08400475" lon="13.60986373"><ele>447.0</ele></trkpt><trkpt lat="61.08406686" lon="13.61004339"><ele>447.0</ele></trkpt><trkpt lat="61.08411464" lon="13.61022126"><ele>447.0</ele></trkpt><trkpt lat="61.08416459" lon="13.61045123"><ele>447.0</ele></trkpt><trkpt lat="61.08421672" lon="13.61064526"><ele>447.0</ele></trkpt><trkpt lat="61.08427362" lon="13.61083750"><ele>446.0</ele></trkpt><trkpt lat="61.08432791" lon="13.61099111"><ele>446.0</ele></trkpt><trkpt lat="61.08445561" lon="13.61106567"><ele>445.0</ele></trkpt><trkpt lat="61.08457071" lon="13.61110340"><ele>445.0</ele></trkpt><trkpt lat="61.08468799" lon="13.61108993"><ele>445.0</ele></trkpt><trkpt lat="61.08479788" lon="13.61101357"><ele>445.0</ele></trkpt><trkpt lat="61.08491472" lon="13.61095069"><ele>444.0</ele></trkpt><trkpt lat="61.08502157" lon="13.61092913"><ele>444.0</ele></trkpt><trkpt lat="61.08512668" lon="13.61106837"><ele>444.0</ele></trkpt><trkpt lat="61.08521094" lon="13.61121030"><ele>442.0</ele></trkpt><trkpt lat="61.08530389" lon="13.61138188"><ele>442.0</ele></trkpt><trkpt lat="61.08537686" lon="13.61155166"><ele>442.0</ele></trkpt><trkpt lat="61.08545895" lon="13.61179241"><ele>442.0</ele></trkpt><trkpt lat="61.08552758" lon="13.61205472"><ele>439.0</ele></trkpt><trkpt lat="61.08555581" lon="13.61225415"><ele>439.0</ele></trkpt><trkpt lat="61.08560272" lon="13.61249759"><ele>437.0</ele></trkpt><trkpt lat="61.08566092" lon="13.61272486"><ele>436.0</ele></trkpt><trkpt lat="61.08568958" lon="13.61296471"><ele>436.0</ele></trkpt><trkpt lat="61.08561184" lon="13.61310036"><ele>435.0</ele></trkpt><trkpt lat="61.08552063" lon="13.61318839"><ele>434.0</ele></trkpt><trkpt lat="61.08539163" lon="13.61327194"><ele>434.0</ele></trkpt><trkpt lat="61.08526263" lon="13.61334021"><ele>434.0</ele></trkpt><trkpt lat="61.08513797" lon="13.61342555"><ele>434.0</ele></trkpt><trkpt lat="61.08503199" lon="13.61354413"><ele>434.0</ele></trkpt><trkpt lat="61.08493166" lon="13.61364474"><ele>434.0</ele></trkpt><trkpt lat="61.08482698" lon="13.61376062"><ele>434.0</ele></trkpt><trkpt lat="61.08471058" lon="13.61390794"><ele>434.0</ele></trkpt><trkpt lat="61.08460068" lon="13.61402023"><ele>435.0</ele></trkpt><trkpt lat="61.08449297" lon="13.61416217"><ele>435.0</ele></trkpt><trkpt lat="61.08438785" lon="13.61428434"><ele>435.0</ele></trkpt><trkpt lat="61.08429273" lon="13.61439842"><ele>435.0</ele></trkpt><trkpt lat="61.08417980" lon="13.61452868"><ele>436.0</ele></trkpt><trkpt lat="61.08408858" lon="13.61464546"><ele>436.0</ele></trkpt><trkpt lat="61.08399259" lon="13.61478470"><ele>436.0</ele></trkpt><trkpt lat="61.08390876" lon="13.61492933"><ele>436.0</ele></trkpt><trkpt lat="61.08382579" lon="13.61506947"><ele>436.0</ele></trkpt><trkpt lat="61.08374457" lon="13.61521948"><ele>436.0</ele></trkpt><trkpt lat="61.08366160" lon="13.61537938"><ele>436.0</ele></trkpt><trkpt lat="61.08357994" lon="13.61553030"><ele>436.0</ele></trkpt><trkpt lat="61.08349481" lon="13.61569559"><ele>436.0</ele></trkpt><trkpt lat="61.08341184" lon="13.61584291"><ele>437.0</ele></trkpt><trkpt lat="61.08332367" lon="13.61599114"><ele>437.0</ele></trkpt><trkpt lat="61.08322984" lon="13.61612049"><ele>437.0</ele></trkpt><trkpt lat="61.08314688" lon="13.61627590"><ele>436.0</ele></trkpt><trkpt lat="61.08305957" lon="13.61639987"><ele>436.0</ele></trkpt><trkpt lat="61.08297183" lon="13.61651126"><ele>436.0</ele></trkpt><trkpt lat="61.08288191" lon="13.61663613"><ele>436.0</ele></trkpt><trkpt lat="61.08278461" lon="13.61676998"><ele>435.0</ele></trkpt><trkpt lat="61.08267992" lon="13.61690562"><ele>435.0</ele></trkpt><trkpt lat="61.08258393" lon="13.61699096"><ele>435.0</ele></trkpt><trkpt lat="61.08245883" lon="13.61712571"><ele>435.0</ele></trkpt><trkpt lat="61.08233981" lon="13.61723081"><ele>436.0</ele></trkpt><trkpt lat="61.08222296" lon="13.61734130"><ele>436.0</ele></trkpt><trkpt lat="61.08214564" lon="13.61741048"><ele>436.0</ele></trkpt><trkpt lat="61.08203574" lon="13.61751198"><ele>436.0</ele></trkpt><trkpt lat="61.08192280" lon="13.61760721"><ele>436.0</ele></trkpt><trkpt lat="61.08181159" lon="13.61771770"><ele>436.0</ele></trkpt><trkpt lat="61.08170777" lon="13.61781112"><ele>436.0</ele></trkpt><trkpt lat="61.08158397" lon="13.61789557"><ele>435.0</ele></trkpt><trkpt lat="61.08148493" lon="13.61797641"><ele>435.0</ele></trkpt><trkpt lat="61.08138198" lon="13.61806894"><ele>435.0</ele></trkpt><trkpt lat="61.08128467" lon="13.61818842"><ele>435.0</ele></trkpt><trkpt lat="61.08117477" lon="13.61831149"><ele>435.0</ele></trkpt><trkpt lat="61.08107399" lon="13.61843276"><ele>435.0</ele></trkpt><trkpt lat="61.08100058" lon="13.61852259"><ele>435.0</ele></trkpt><trkpt lat="61.08088372" lon="13.61858817"><ele>435.0</ele></trkpt><trkpt lat="61.08077165" lon="13.61846689"><ele>435.0</ele></trkpt><trkpt lat="61.08068563" lon="13.61835281"><ele>435.0</ele></trkpt><trkpt lat="61.08060657" lon="13.61818392"><ele>435.0</ele></trkpt><trkpt lat="61.08055792" lon="13.61804828"><ele>435.0</ele></trkpt><trkpt lat="61.08050188" lon="13.61787670"><ele>435.0</ele></trkpt><trkpt lat="61.08044758" lon="13.61772489"><ele>437.0</ele></trkpt><trkpt lat="61.08034158" lon="13.61764224"><ele>437.0</ele></trkpt><trkpt lat="61.08024080" lon="13.61769524"><ele>437.0</ele></trkpt><trkpt lat="61.08013784" lon="13.61778058"><ele>439.0</ele></trkpt><trkpt lat="61.08003185" lon="13.61791353"><ele>439.0</ele></trkpt><trkpt lat="61.07996364" lon="13.61804828"><ele>439.0</ele></trkpt><trkpt lat="61.07990760" lon="13.61816236"><ele>439.0</ele></trkpt><trkpt lat="61.07985374" lon="13.61829532"><ele>438.0</ele></trkpt><trkpt lat="61.07980291" lon="13.61841299"><ele>438.0</ele></trkpt><trkpt lat="61.07974079" lon="13.61859984"><ele>438.0</ele></trkpt><trkpt lat="61.07965781" lon="13.61876244"><ele>438.0</ele></trkpt><trkpt lat="61.07959700" lon="13.61885317"><ele>438.0</ele></trkpt><trkpt lat="61.07952792" lon="13.61893761"><ele>438.0</ele></trkpt><trkpt lat="61.07946189" lon="13.61902475"><ele>438.0</ele></trkpt><trkpt lat="61.07939282" lon="13.61911368"><ele>438.0</ele></trkpt><trkpt lat="61.07932374" lon="13.61919453"><ele>438.0</ele></trkpt><trkpt lat="61.07925380" lon="13.61926280"><ele>438.0</ele></trkpt><trkpt lat="61.07914997" lon="13.61946043"><ele>438.0</ele></trkpt><trkpt lat="61.07911261" lon="13.61960236"><ele>438.0</ele></trkpt><trkpt lat="61.07907786" lon="13.61975418"><ele>438.0</ele></trkpt><trkpt lat="61.07905570" lon="13.61990959"><ele>437.0</ele></trkpt><trkpt lat="61.07903485" lon="13.62013417"><ele>437.0</ele></trkpt><trkpt lat="61.07902399" lon="13.62037851"><ele>437.0</ele></trkpt><trkpt lat="61.07902877" lon="13.62057165"><ele>437.0</ele></trkpt><trkpt lat="61.07904397" lon="13.62076299"><ele>436.0</ele></trkpt><trkpt lat="61.07905788" lon="13.62094984"><ele>435.0</ele></trkpt><trkpt lat="61.07907395" lon="13.62114118"><ele>435.0</ele></trkpt><trkpt lat="61.07909567" lon="13.62133072"><ele>431.0</ele></trkpt><trkpt lat="61.07911783" lon="13.62151667"><ele>431.0</ele></trkpt><trkpt lat="61.07913564" lon="13.62169274"><ele>430.0</ele></trkpt><trkpt lat="61.07916170" lon="13.62187420"><ele>429.0</ele></trkpt><trkpt lat="61.07918386" lon="13.62214819"><ele>428.0</ele></trkpt><trkpt lat="61.07921775" lon="13.62239433"><ele>428.0</ele></trkpt><trkpt lat="61.07921557" lon="13.62262160"><ele>427.0</ele></trkpt><trkpt lat="61.07916084" lon="13.62283450"><ele>427.0</ele></trkpt><trkpt lat="61.07906570" lon="13.62298093"><ele>427.0</ele></trkpt><trkpt lat="61.07899488" lon="13.62305728"><ele>427.0</ele></trkpt><trkpt lat="61.07892364" lon="13.62313634"><ele>429.0</ele></trkpt><trkpt lat="61.07885283" lon="13.62322168"><ele>429.0</ele></trkpt><trkpt lat="61.07877593" lon="13.62330971"><ele>429.0</ele></trkpt><trkpt lat="61.07869296" lon="13.62339595"><ele>429.0</ele></trkpt><trkpt lat="61.07862475" lon="13.62346871"><ele>429.0</ele></trkpt><trkpt lat="61.07854481" lon="13.62353519"><ele>430.0</ele></trkpt><trkpt lat="61.07846879" lon="13.62361694"><ele>430.0</ele></trkpt><trkpt lat="61.07838972" lon="13.62368970"><ele>430.0</ele></trkpt><trkpt lat="61.07828285" lon="13.62374360"><ele>430.0</ele></trkpt><trkpt lat="61.07818988" lon="13.62381097"><ele>431.0</ele></trkpt><trkpt lat="61.07809865" lon="13.62391338"><ele>431.0</ele></trkpt><trkpt lat="61.07800959" lon="13.62405082"><ele>431.0</ele></trkpt><trkpt lat="61.07793269" lon="13.62421072"><ele>430.0</ele></trkpt><trkpt lat="61.07787187" lon="13.62445147"><ele>430.0</ele></trkpt><trkpt lat="61.07785579" lon="13.62471917"><ele>430.0</ele></trkpt><trkpt lat="61.07786883" lon="13.62498148"><ele>430.0</ele></trkpt><trkpt lat="61.07787187" lon="13.62523480"><ele>428.0</ele></trkpt><trkpt lat="61.07784667" lon="13.62549711"><ele>426.0</ele></trkpt><trkpt lat="61.07780496" lon="13.62575493"><ele>425.0</ele></trkpt><trkpt lat="61.07774458" lon="13.62597052"><ele>423.0</ele></trkpt><trkpt lat="61.07769070" lon="13.62616456"><ele>423.0</ele></trkpt><trkpt lat="61.07763292" lon="13.62634332"><ele>423.0</ele></trkpt><trkpt lat="61.07753691" lon="13.62657599"><ele>422.0</ele></trkpt><trkpt lat="61.07745263" lon="13.62678350"><ele>422.0</ele></trkpt><trkpt lat="61.07738876" lon="13.62701526"><ele>422.0</ele></trkpt><trkpt lat="61.07734097" lon="13.62727577"><ele>421.0</ele></trkpt><trkpt lat="61.07728058" lon="13.62751922"><ele>420.0</ele></trkpt><trkpt lat="61.07719673" lon="13.62774200"><ele>417.0</ele></trkpt><trkpt lat="61.07711593" lon="13.62794681"><ele>417.0</ele></trkpt><trkpt lat="61.07702599" lon="13.62813995"><ele>416.0</ele></trkpt><trkpt lat="61.07694388" lon="13.62834028"><ele>416.0</ele></trkpt><trkpt lat="61.07686698" lon="13.62855587"><ele>416.0</ele></trkpt><trkpt lat="61.07682180" lon="13.62872116"><ele>416.0</ele></trkpt><trkpt lat="61.07678183" lon="13.62888196"><ele>416.0</ele></trkpt><trkpt lat="61.07673491" lon="13.62911732"><ele>416.0</ele></trkpt><trkpt lat="61.07667278" lon="13.62934370"><ele>416.0</ele></trkpt><trkpt lat="61.07660457" lon="13.62949012"><ele>414.0</ele></trkpt><trkpt lat="61.07652289" lon="13.62968146"><ele>413.0</ele></trkpt><trkpt lat="61.07643296" lon="13.62986741"><ele>412.0</ele></trkpt><trkpt lat="61.07633564" lon="13.63006864"><ele>412.0</ele></trkpt><trkpt lat="61.07625570" lon="13.63026986"><ele>413.0</ele></trkpt><trkpt lat="61.07617184" lon="13.63048096"><ele>413.0</ele></trkpt><trkpt lat="61.07611667" lon="13.63060942"><ele>413.0</ele></trkpt><trkpt lat="61.07606192" lon="13.63072530"><ele>413.0</ele></trkpt><trkpt lat="61.07598676" lon="13.63087892"><ele>413.0</ele></trkpt><trkpt lat="61.07591160" lon="13.63103522"><ele>413.0</ele></trkpt><trkpt lat="61.07583991" lon="13.63119243"><ele>413.0</ele></trkpt><trkpt lat="61.07576170" lon="13.63136311"><ele>412.0</ele></trkpt><trkpt lat="61.07567698" lon="13.63156253"><ele>412.0</ele></trkpt><trkpt lat="61.07562180" lon="13.63169369"><ele>412.0</ele></trkpt><trkpt lat="61.07557358" lon="13.63183562"><ele>412.0</ele></trkpt><trkpt lat="61.07552970" lon="13.63198834"><ele>411.0</ele></trkpt><trkpt lat="61.07545062" lon="13.63221022"><ele>410.0</ele></trkpt><trkpt lat="61.07539197" lon="13.63233868"><ele>410.0</ele></trkpt><trkpt lat="61.07532897" lon="13.63245456"><ele>410.0</ele></trkpt><trkpt lat="61.07523164" lon="13.63264141"><ele>410.0</ele></trkpt><trkpt lat="61.07513866" lon="13.63281838"><ele>410.0</ele></trkpt><trkpt lat="61.07506697" lon="13.63299984"><ele>410.0</ele></trkpt><trkpt lat="61.07500962" lon="13.63317411"><ele>410.0</ele></trkpt><trkpt lat="61.07498182" lon="13.63336455"><ele>410.0</ele></trkpt><trkpt lat="61.07496661" lon="13.63360440"><ele>410.0</ele></trkpt><trkpt lat="61.07497095" lon="13.63386941"><ele>410.0</ele></trkpt><trkpt lat="61.07499572" lon="13.63415597"><ele>409.0</ele></trkpt><trkpt lat="61.07502179" lon="13.63442457"><ele>409.0</ele></trkpt><trkpt lat="61.07503786" lon="13.63461321"><ele>409.0</ele></trkpt><trkpt lat="61.07504569" lon="13.63487642"><ele>409.0</ele></trkpt><trkpt lat="61.07505090" lon="13.63505429"><ele>406.0</ele></trkpt><trkpt lat="61.07505264" lon="13.63522856"><ele>406.0</ele></trkpt><trkpt lat="61.07506263" lon="13.63541092"><ele>405.0</ele></trkpt><trkpt lat="61.07506567" lon="13.63559148"><ele>405.0</ele></trkpt><trkpt lat="61.07506697" lon="13.63577743"><ele>405.0</ele></trkpt><trkpt lat="61.07506567" lon="13.63595889"><ele>403.0</ele></trkpt><trkpt lat="61.07505698" lon="13.63612777"><ele>403.0</ele></trkpt><trkpt lat="61.07504177" lon="13.63628857"><ele>401.0</ele></trkpt><trkpt lat="61.07499094" lon="13.63651944"><ele>400.0</ele></trkpt><trkpt lat="61.07493185" lon="13.63666676"><ele>398.0</ele></trkpt><trkpt lat="61.07486885" lon="13.63681229"><ele>396.0</ele></trkpt><trkpt lat="61.07481193" lon="13.63695243"><ele>396.0</ele></trkpt><trkpt lat="61.07475284" lon="13.63709436"><ele>396.0</ele></trkpt><trkpt lat="61.07468463" lon="13.63721743"><ele>395.0</ele></trkpt><trkpt lat="61.07458774" lon="13.63739799"><ele>395.0</ele></trkpt><trkpt lat="61.07452865" lon="13.63752914"><ele>395.0</ele></trkpt><trkpt lat="61.07446999" lon="13.63775193"><ele>395.0</ele></trkpt><trkpt lat="61.07444088" lon="13.63800256"><ele>395.0</ele></trkpt><trkpt lat="61.07443784" lon="13.63825588"><ele>393.0</ele></trkpt><trkpt lat="61.07445391" lon="13.63850831"><ele>393.0</ele></trkpt><trkpt lat="61.07447086" lon="13.63875894"><ele>393.0</ele></trkpt><trkpt lat="61.07448259" lon="13.63892423"><ele>392.0</ele></trkpt><trkpt lat="61.07449693" lon="13.63908592"><ele>392.0</ele></trkpt><trkpt lat="61.07451778" lon="13.63933386"><ele>392.0</ele></trkpt><trkpt lat="61.07453386" lon="13.63958090"><ele>392.0</ele></trkpt><trkpt lat="61.07454168" lon="13.63982973"><ele>391.0</ele></trkpt><trkpt lat="61.07452778" lon="13.64007856"><ele>391.0</ele></trkpt><trkpt lat="61.07448563" lon="13.64033548"><ele>391.0</ele></trkpt><trkpt lat="61.07442263" lon="13.64057084"><ele>390.0</ele></trkpt><trkpt lat="61.07435094" lon="13.64077745"><ele>389.0</ele></trkpt><trkpt lat="61.07425274" lon="13.64095262"><ele>389.0</ele></trkpt><trkpt lat="61.07414586" lon="13.64108827"><ele>389.0</ele></trkpt><trkpt lat="61.07403593" lon="13.64121673"><ele>386.0</ele></trkpt><trkpt lat="61.07392774" lon="13.64135237"><ele>386.0</ele></trkpt><trkpt lat="61.07383476" lon="13.64150868"><ele>387.0</ele></trkpt><trkpt lat="61.07378262" lon="13.64172787"><ele>387.0</ele></trkpt><trkpt lat="61.07373091" lon="13.64197760"><ele>387.0</ele></trkpt><trkpt lat="61.07368399" lon="13.64221925"><ele>387.0</ele></trkpt><trkpt lat="61.07364879" lon="13.64246090"><ele>387.0</ele></trkpt><trkpt lat="61.07362576" lon="13.64269985"><ele>387.0</ele></trkpt><trkpt lat="61.07359187" lon="13.64293251"><ele>387.0</ele></trkpt><trkpt lat="61.07352757" lon="13.64313373"><ele>387.0</ele></trkpt><trkpt lat="61.07345761" lon="13.64332328"><ele>387.0</ele></trkpt><trkpt lat="61.07337897" lon="13.64351192"><ele>387.0</ele></trkpt><trkpt lat="61.07331857" lon="13.64362691"><ele>387.0</ele></trkpt><trkpt lat="61.07321776" lon="13.64378322"><ele>386.0</ele></trkpt><trkpt lat="61.07311174" lon="13.64393054"><ele>385.0</ele></trkpt><trkpt lat="61.07301876" lon="13.64408774"><ele>385.0</ele></trkpt><trkpt lat="61.07293794" lon="13.64425124"><ele>385.0</ele></trkpt><trkpt lat="61.07286972" lon="13.64443270"><ele>385.0</ele></trkpt><trkpt lat="61.07279064" lon="13.64460248"><ele>385.0</ele></trkpt><trkpt lat="61.07270287" lon="13.64475699"><ele>385.0</ele></trkpt><trkpt lat="61.07261075" lon="13.64488096"><ele>385.0</ele></trkpt><trkpt lat="61.07253080" lon="13.64502199"><ele>385.0</ele></trkpt><trkpt lat="61.07246693" lon="13.64524118"><ele>385.0</ele></trkpt><trkpt lat="61.07242695" lon="13.64548373"><ele>385.0</ele></trkpt><trkpt lat="61.07240392" lon="13.64570471"><ele>385.0</ele></trkpt><trkpt lat="61.07240479" lon="13.64595444"><ele>385.0</ele></trkpt><trkpt lat="61.07241783" lon="13.64623023"><ele>385.0</ele></trkpt><trkpt lat="61.07241392" lon="13.64649343"><ele>384.0</ele></trkpt><trkpt lat="61.07240957" lon="13.64673059"><ele>384.0</ele></trkpt><trkpt lat="61.07239871" lon="13.64695247"><ele>384.0</ele></trkpt><trkpt lat="61.07238176" lon="13.64718154"><ele>385.0</ele></trkpt><trkpt lat="61.07236264" lon="13.64734953"><ele>385.0</ele></trkpt><trkpt lat="61.07233788" lon="13.64752739"><ele>385.0</ele></trkpt><trkpt lat="61.07230398" lon="13.64768190"><ele>385.0</ele></trkpt><trkpt lat="61.07226661" lon="13.64782384"><ele>385.0</ele></trkpt><trkpt lat="61.07222794" lon="13.64796757"><ele>384.0</ele></trkpt><trkpt lat="61.07218883" lon="13.64811220"><ele>384.0</ele></trkpt><trkpt lat="61.07214799" lon="13.64824515"><ele>384.0</ele></trkpt><trkpt lat="61.07210888" lon="13.64838079"><ele>384.0</ele></trkpt><trkpt lat="61.07206978" lon="13.64852812"><ele>384.0</ele></trkpt><trkpt lat="61.07203284" lon="13.64868173"><ele>383.0</ele></trkpt><trkpt lat="61.07200286" lon="13.64883085"><ele>383.0</ele></trkpt><trkpt lat="61.07197766" lon="13.64897278"><ele>383.0</ele></trkpt><trkpt lat="61.07195680" lon="13.64913178"><ele>383.0</ele></trkpt><trkpt lat="61.07193985" lon="13.64928180"><ele>383.0</ele></trkpt><trkpt lat="61.07192595" lon="13.64943631"><ele>382.0</ele></trkpt><trkpt lat="61.07191900" lon="13.64959352"><ele>382.0</ele></trkpt><trkpt lat="61.07191291" lon="13.64974983"><ele>382.0</ele></trkpt><trkpt lat="61.07191074" lon="13.64991332"><ele>382.0</ele></trkpt><trkpt lat="61.07190987" lon="13.65008220"><ele>382.0</ele></trkpt><trkpt lat="61.07190161" lon="13.65024749"><ele>381.0</ele></trkpt><trkpt lat="61.07188293" lon="13.65041997"><ele>381.0</ele></trkpt><trkpt lat="61.07186164" lon="13.65059334"><ele>381.0</ele></trkpt><trkpt lat="61.07183861" lon="13.65076223"><ele>381.0</ele></trkpt><trkpt lat="61.07181384" lon="13.65091853"><ele>381.0</ele></trkpt><trkpt lat="61.07178994" lon="13.65107664"><ele>380.0</ele></trkpt><trkpt lat="61.07176778" lon="13.65122666"><ele>380.0</ele></trkpt><trkpt lat="61.07174084" lon="13.65138117"><ele>380.0</ele></trkpt><trkpt lat="61.07171998" lon="13.65161832"><ele>380.0</ele></trkpt><trkpt lat="61.07169782" lon="13.65183122"><ele>378.0</ele></trkpt><trkpt lat="61.07167870" lon="13.65205850"><ele>378.0</ele></trkpt><trkpt lat="61.07165176" lon="13.65226421"><ele>378.0</ele></trkpt><trkpt lat="61.07160787" lon="13.65246184"><ele>378.0</ele></trkpt><trkpt lat="61.07154965" lon="13.65267833"><ele>378.0</ele></trkpt><trkpt lat="61.07150359" lon="13.65292447"><ele>378.0</ele></trkpt><trkpt lat="61.07147360" lon="13.65321373"><ele>378.0</ele></trkpt><trkpt lat="61.07147100" lon="13.65345717"><ele>375.0</ele></trkpt><trkpt lat="61.07148360" lon="13.65369343"><ele>374.0</ele></trkpt><trkpt lat="61.07151966" lon="13.65392969"><ele>373.0</ele></trkpt><trkpt lat="61.07155095" lon="13.65414798"><ele>373.0</ele></trkpt><trkpt lat="61.07158180" lon="13.65438334"><ele>373.0</ele></trkpt><trkpt lat="61.07161265" lon="13.65459174"><ele>373.0</ele></trkpt><trkpt lat="61.07165698" lon="13.65482710"><ele>372.0</ele></trkpt><trkpt lat="61.07169782" lon="13.65507144"><ele>372.0</ele></trkpt><trkpt lat="61.07171868" lon="13.65533645"><ele>372.0</ele></trkpt><trkpt lat="61.07172085" lon="13.65559786"><ele>372.0</ele></trkpt><trkpt lat="61.07169999" lon="13.65585837"><ele>371.0</ele></trkpt><trkpt lat="61.07166958" lon="13.65603264"><ele>371.0</ele></trkpt><trkpt lat="61.07164698" lon="13.65620871"><ele>371.0</ele></trkpt><trkpt lat="61.07161874" lon="13.65636861"><ele>371.0</ele></trkpt><trkpt lat="61.07159267" lon="13.65652312"><ele>370.0</ele></trkpt><trkpt lat="61.07157094" lon="13.65666865"><ele>370.0</ele></trkpt><trkpt lat="61.07155486" lon="13.65682675"><ele>370.0</ele></trkpt><trkpt lat="61.07154965" lon="13.65699114"><ele>370.0</ele></trkpt><trkpt lat="61.07154096" lon="13.65715374"><ele>370.0</ele></trkpt><trkpt lat="61.07153357" lon="13.65732622"><ele>369.0</ele></trkpt><trkpt lat="61.07152357" lon="13.65749151"><ele>369.0</ele></trkpt><trkpt lat="61.07150185" lon="13.65765230"><ele>369.0</ele></trkpt><trkpt lat="61.07147578" lon="13.65780861"><ele>369.0</ele></trkpt><trkpt lat="61.07144579" lon="13.65794965"><ele>369.0</ele></trkpt><trkpt lat="61.07140582" lon="13.65809068"><ele>368.0</ele></trkpt><trkpt lat="61.07136758" lon="13.65822273"><ele>368.0</ele></trkpt><trkpt lat="61.07129675" lon="13.65839072"><ele>368.0</ele></trkpt><trkpt lat="61.07121158" lon="13.65857847"><ele>368.0</ele></trkpt><trkpt lat="61.07113467" lon="13.65878598"><ele>367.0</ele></trkpt><trkpt lat="61.07108991" lon="13.65900786"><ele>367.0</ele></trkpt><trkpt lat="61.07108165" lon="13.65925939"><ele>367.0</ele></trkpt><trkpt lat="61.07110468" lon="13.65950912"><ele>367.0</ele></trkpt><trkpt lat="61.07114292" lon="13.65973370"><ele>367.0</ele></trkpt><trkpt lat="61.07119376" lon="13.65995559"><ele>367.0</ele></trkpt><trkpt lat="61.07124287" lon="13.66016759"><ele>367.0</ele></trkpt><trkpt lat="61.07130457" lon="13.66036522"><ele>364.0</ele></trkpt><trkpt lat="61.07137366" lon="13.66055746"><ele>364.0</ele></trkpt><trkpt lat="61.07146187" lon="13.66071376"><ele>364.0</ele></trkpt><trkpt lat="61.07154269" lon="13.66085749"><ele>364.0</ele></trkpt><trkpt lat="61.07161396" lon="13.66100572"><ele>364.0</ele></trkpt><trkpt lat="61.07170173" lon="13.66114765"><ele>364.0</ele></trkpt><trkpt lat="61.07176257" lon="13.66124197"><ele>364.0</ele></trkpt><trkpt lat="61.07182470" lon="13.66134797"><ele>364.0</ele></trkpt><trkpt lat="61.07188597" lon="13.66146565"><ele>364.0</ele></trkpt><trkpt lat="61.07194680" lon="13.66157525"><ele>364.0</ele></trkpt><trkpt lat="61.07203371" lon="13.66173515"><ele>364.0</ele></trkpt><trkpt lat="61.07209672" lon="13.66183935"><ele>364.0</ele></trkpt><trkpt lat="61.07219361" lon="13.66199566"><ele>364.0</ele></trkpt><trkpt lat="61.07229877" lon="13.66211334"><ele>364.0</ele></trkpt><trkpt lat="61.07241478" lon="13.66220137"><ele>364.0</ele></trkpt><trkpt lat="61.07252689" lon="13.66226785"><ele>360.0</ele></trkpt><trkpt lat="61.07263900" lon="13.66228671"><ele>360.0</ele></trkpt><trkpt lat="61.07271590" lon="13.66227234"><ele>360.0</ele></trkpt><trkpt lat="61.07279586" lon="13.66224270"><ele>360.0</ele></trkpt><trkpt lat="61.07287190" lon="13.66221125"><ele>360.0</ele></trkpt><trkpt lat="61.07295576" lon="13.66217442"><ele>360.0</ele></trkpt><trkpt lat="61.07303397" lon="13.66215376"><ele>360.0</ele></trkpt><trkpt lat="61.07311783" lon="13.66214029"><ele>360.0</ele></trkpt><trkpt lat="61.07323775" lon="13.66215376"><ele>359.0</ele></trkpt><trkpt lat="61.07332378" lon="13.66218610"><ele>359.0</ele></trkpt><trkpt lat="61.07341069" lon="13.66225078"><ele>359.0</ele></trkpt><trkpt lat="61.07349585" lon="13.66235858"><ele>359.0</ele></trkpt><trkpt lat="61.07356363" lon="13.66249153"><ele>359.0</ele></trkpt><trkpt lat="61.07362663" lon="13.66263256"><ele>358.0</ele></trkpt><trkpt lat="61.07368399" lon="13.66277989"><ele>357.0</ele></trkpt><trkpt lat="61.07372874" lon="13.66291823"><ele>357.0</ele></trkpt><trkpt lat="61.07376872" lon="13.66305747"><ele>357.0</ele></trkpt><trkpt lat="61.07381477" lon="13.66320299"><ele>357.0</ele></trkpt><trkpt lat="61.07385866" lon="13.66336918"><ele>356.0</ele></trkpt><trkpt lat="61.07389776" lon="13.66353268"><ele>356.0</ele></trkpt><trkpt lat="61.07390384" lon="13.66372312"><ele>356.0</ele></trkpt><trkpt lat="61.07390862" lon="13.66390548"><ele>356.0</ele></trkpt><trkpt lat="61.07391558" lon="13.66417857"><ele>356.0</ele></trkpt><trkpt lat="61.07392383" lon="13.66436631"><ele>353.0</ele></trkpt><trkpt lat="61.07393774" lon="13.66455316"><ele>353.0</ele></trkpt><trkpt lat="61.07394686" lon="13.66473193"><ele>352.0</ele></trkpt><trkpt lat="61.07395685" lon="13.66490440"><ele>351.0</ele></trkpt><trkpt lat="61.07397293" lon="13.66506790"><ele>351.0</ele></trkpt><trkpt lat="61.07398466" lon="13.66522690"><ele>348.0</ele></trkpt><trkpt lat="61.07400161" lon="13.66539399"><ele>348.0</ele></trkpt><trkpt lat="61.07400899" lon="13.66555299"><ele>348.0</ele></trkpt><trkpt lat="61.07401986" lon="13.66580362"><ele>348.0</ele></trkpt><trkpt lat="61.07402594" lon="13.66604796"><ele>348.0</ele></trkpt><trkpt lat="61.07403767" lon="13.66621325"><ele>348.0</ele></trkpt><trkpt lat="61.07405288" lon="13.66637135"><ele>348.0</ele></trkpt><trkpt lat="61.07407764" lon="13.66653664"><ele>348.0</ele></trkpt><trkpt lat="61.07410371" lon="13.66669025"><ele>348.0</ele></trkpt><trkpt lat="61.07415194" lon="13.66690944"><ele>347.0</ele></trkpt><trkpt lat="61.07420365" lon="13.66711246"><ele>347.0</ele></trkpt><trkpt lat="61.07425274" lon="13.66734243"><ele>347.0</ele></trkpt><trkpt lat="61.07427273" lon="13.66750233"><ele>346.0</ele></trkpt><trkpt lat="61.07427490" lon="13.66775925"><ele>346.0</ele></trkpt><trkpt lat="61.07425492" lon="13.66794071"><ele>346.0</ele></trkpt><trkpt lat="61.07422668" lon="13.66810061"><ele>346.0</ele></trkpt><trkpt lat="61.07418670" lon="13.66836022"><ele>345.0</ele></trkpt><trkpt lat="61.07418583" lon="13.66859019"><ele>345.0</ele></trkpt><trkpt lat="61.07420495" lon="13.66876626"><ele>345.0</ele></trkpt><trkpt lat="61.07422363" lon="13.66893694"><ele>345.0</ele></trkpt><trkpt lat="61.07426361" lon="13.66917589"><ele>344.0</ele></trkpt><trkpt lat="61.07432357" lon="13.66937712"><ele>343.0</ele></trkpt><trkpt lat="61.07436962" lon="13.66951725"><ele>342.0</ele></trkpt><trkpt lat="61.07443697" lon="13.66970770"><ele>342.0</ele></trkpt><trkpt lat="61.07448998" lon="13.66982987"><ele>341.0</ele></trkpt><trkpt lat="61.07453994" lon="13.66995653"><ele>341.0</ele></trkpt><trkpt lat="61.07458165" lon="13.67008858"><ele>341.0</ele></trkpt><trkpt lat="61.07463597" lon="13.67029519"><ele>341.0</ele></trkpt><trkpt lat="61.07468593" lon="13.67052157"><ele>341.0</ele></trkpt><trkpt lat="61.07470288" lon="13.67077669"><ele>341.0</ele></trkpt><trkpt lat="61.07469593" lon="13.67103361"><ele>341.0</ele></trkpt><trkpt lat="61.07466899" lon="13.67127795"><ele>341.0</ele></trkpt><trkpt lat="61.07464770" lon="13.67145043"><ele>341.0</ele></trkpt><trkpt lat="61.07463379" lon="13.67161751"><ele>341.0</ele></trkpt><trkpt lat="61.07461989" lon="13.67178011"><ele>341.0</ele></trkpt><trkpt lat="61.07461381" lon="13.67194091"><ele>341.0</ele></trkpt><trkpt lat="61.07461294" lon="13.67209991"><ele>341.0</ele></trkpt><trkpt lat="61.07461294" lon="13.67226430"><ele>341.0</ele></trkpt><trkpt lat="61.07461077" lon="13.67242869"><ele>341.0</ele></trkpt><trkpt lat="61.07461381" lon="13.67259039"><ele>341.0</ele></trkpt><trkpt lat="61.07460599" lon="13.67274670"><ele>341.0</ele></trkpt><trkpt lat="61.07459773" lon="13.67305212"><ele>341.0</ele></trkpt><trkpt lat="61.07460294" lon="13.67326952"><ele>341.0</ele></trkpt><trkpt lat="61.07462163" lon="13.67349230"><ele>341.0</ele></trkpt><trkpt lat="61.07463770" lon="13.67370789"><ele>341.0</ele></trkpt><trkpt lat="61.07465769" lon="13.67393068"><ele>343.0</ele></trkpt><trkpt lat="61.07467681" lon="13.67417232"><ele>344.0</ele></trkpt><trkpt lat="61.07468767" lon="13.67440948"><ele>344.0</ele></trkpt><trkpt lat="61.07469375" lon="13.67465741"><ele>342.0</ele></trkpt><trkpt lat="61.07469158" lon="13.67489367"><ele>342.0</ele></trkpt><trkpt lat="61.07468984" lon="13.67513981"><ele>342.0</ele></trkpt><trkpt lat="61.07467985" lon="13.67538235"><ele>343.0</ele></trkpt><trkpt lat="61.07466160" lon="13.67560873"><ele>343.0</ele></trkpt><trkpt lat="61.07463683" lon="13.67584319"><ele>343.0</ele></trkpt><trkpt lat="61.07462076" lon="13.67600219"><ele>343.0</ele></trkpt><trkpt lat="61.07460468" lon="13.67616568"><ele>342.0</ele></trkpt><trkpt lat="61.07458296" lon="13.67633187"><ele>342.0</ele></trkpt><trkpt lat="61.07456080" lon="13.67648279"><ele>342.0</ele></trkpt><trkpt lat="61.07452865" lon="13.67662652"><ele>342.0</ele></trkpt><trkpt lat="61.07449172" lon="13.67677025"><ele>342.0</ele></trkpt><trkpt lat="61.07445261" lon="13.67691578"><ele>341.0</ele></trkpt><trkpt lat="61.07440482" lon="13.67703975"><ele>341.0</ele></trkpt><trkpt lat="61.07434268" lon="13.67714934"><ele>341.0</ele></trkpt><trkpt lat="61.07428881" lon="13.67725534"><ele>341.0</ele></trkpt><trkpt lat="61.07420495" lon="13.67742422"><ele>340.0</ele></trkpt><trkpt lat="61.07412674" lon="13.67760838"><ele>340.0</ele></trkpt><trkpt lat="61.07409068" lon="13.67782038"><ele>340.0</ele></trkpt><trkpt lat="61.07409068" lon="13.67806023"><ele>340.0</ele></trkpt><trkpt lat="61.07410458" lon="13.67822732"><ele>338.0</ele></trkpt><trkpt lat="61.07414369" lon="13.67846357"><ele>338.0</ele></trkpt><trkpt lat="61.07420582" lon="13.67865851"><ele>338.0</ele></trkpt><trkpt lat="61.07427664" lon="13.67885524"><ele>336.0</ele></trkpt><trkpt lat="61.07436093" lon="13.67901784"><ele>335.0</ele></trkpt><trkpt lat="61.07442567" lon="13.67911036"><ele>334.0</ele></trkpt><trkpt lat="61.07449085" lon="13.67920558"><ele>334.0</ele></trkpt><trkpt lat="61.07456558" lon="13.67929452"><ele>334.0</ele></trkpt><trkpt lat="61.07463683" lon="13.67938794"><ele>332.0</ele></trkpt><trkpt lat="61.07474459" lon="13.67952628"><ele>332.0</ele></trkpt><trkpt lat="61.07484582" lon="13.67964576"><ele>329.0</ele></trkpt><trkpt lat="61.07496487" lon="13.67970056"><ele>327.0</ele></trkpt><trkpt lat="61.07510260" lon="13.67973828"><ele>324.0</ele></trkpt><trkpt lat="61.07523686" lon="13.67977242"><ele>324.0</ele></trkpt><trkpt lat="61.07536981" lon="13.67983351"><ele>324.0</ele></trkpt><trkpt lat="61.07546279" lon="13.67987932"><ele>324.0</ele></trkpt><trkpt lat="61.07554664" lon="13.67994669"><ele>324.0</ele></trkpt><trkpt lat="61.07562962" lon="13.68004281"><ele>323.0</ele></trkpt><trkpt lat="61.07569697" lon="13.68016229"><ele>323.0</ele></trkpt><trkpt lat="61.07575779" lon="13.68030332"><ele>323.0</ele></trkpt><trkpt lat="61.07580776" lon="13.68045065"><ele>323.0</ele></trkpt><trkpt lat="61.07586685" lon="13.68058899"><ele>323.0</ele></trkpt><trkpt lat="61.07594983" lon="13.68069858"><ele>323.0</ele></trkpt><trkpt lat="61.07607365" lon="13.68069948"><ele>323.0</ele></trkpt><trkpt lat="61.07619574" lon="13.68063750"><ele>323.0</ele></trkpt><trkpt lat="61.07630696" lon="13.68056473"><ele>323.0</ele></trkpt><trkpt lat="61.07639168" lon="13.68050455"><ele>323.0</ele></trkpt><trkpt lat="61.07646685" lon="13.68044256"><ele>322.0</ele></trkpt><trkpt lat="61.07656677" lon="13.68033836"><ele>321.0</ele></trkpt><trkpt lat="61.07663759" lon="13.68027997"><ele>321.0</ele></trkpt><trkpt lat="61.07671362" lon="13.68022337"><ele>321.0</ele></trkpt><trkpt lat="61.07681876" lon="13.68012546"><ele>321.0</ele></trkpt><trkpt lat="61.07688175" lon="13.68003563"><ele>322.0</ele></trkpt><trkpt lat="61.07694258" lon="13.67994490"><ele>322.0</ele></trkpt><trkpt lat="61.07700775" lon="13.67985866"><ele>322.0</ele></trkpt><trkpt lat="61.07706683" lon="13.67976074"><ele>322.0</ele></trkpt><trkpt lat="61.07713982" lon="13.67969966"><ele>321.0</ele></trkpt><trkpt lat="61.07727059" lon="13.67972391"><ele>321.0</ele></trkpt><trkpt lat="61.07735574" lon="13.67981015"><ele>321.0</ele></trkpt><trkpt lat="61.07742873" lon="13.67993052"><ele>321.0</ele></trkpt><trkpt lat="61.07749173" lon="13.68006437"><ele>321.0</ele></trkpt><trkpt lat="61.07754690" lon="13.68020990"><ele>320.0</ele></trkpt><trkpt lat="61.07761989" lon="13.68038866"><ele>320.0</ele></trkpt><trkpt lat="61.07769766" lon="13.68054946"><ele>320.0</ele></trkpt><trkpt lat="61.07775370" lon="13.68066535"><ele>320.0</ele></trkpt><trkpt lat="61.07780887" lon="13.68079470"><ele>319.0</ele></trkpt><trkpt lat="61.07786361" lon="13.68091598"><ele>319.0</ele></trkpt><trkpt lat="61.07792183" lon="13.68102647"><ele>319.0</ele></trkpt><trkpt lat="61.07797961" lon="13.68114864"><ele>319.0</ele></trkpt><trkpt lat="61.07802783" lon="13.68127081"><ele>319.0</ele></trkpt><trkpt lat="61.07807171" lon="13.68140556"><ele>319.0</ele></trkpt><trkpt lat="61.07811472" lon="13.68153132"><ele>319.0</ele></trkpt><trkpt lat="61.07816468" lon="13.68166068"><ele>319.0</ele></trkpt><trkpt lat="61.07821464" lon="13.68178015"><ele>319.0</ele></trkpt><trkpt lat="61.07825982" lon="13.68190772"><ele>319.0</ele></trkpt><trkpt lat="61.07830587" lon="13.68202629"><ele>319.0</ele></trkpt><trkpt lat="61.07837191" lon="13.68221674"><ele>319.0</ele></trkpt><trkpt lat="61.07844272" lon="13.68237933"><ele>319.0</ele></trkpt><trkpt lat="61.07851180" lon="13.68253743"><ele>319.0</ele></trkpt><trkpt lat="61.07857957" lon="13.68269644"><ele>319.0</ele></trkpt><trkpt lat="61.07865777" lon="13.68289586"><ele>319.0</ele></trkpt><trkpt lat="61.07873683" lon="13.68310697"><ele>322.0</ele></trkpt><trkpt lat="61.07883762" lon="13.68311595"><ele>323.0</ele></trkpt><trkpt lat="61.07888975" lon="13.68293180"><ele>323.0</ele></trkpt><trkpt lat="61.07895970" lon="13.68273866"><ele>323.0</ele></trkpt><trkpt lat="61.07903268" lon="13.68256438"><ele>323.0</ele></trkpt><trkpt lat="61.07911870" lon="13.68240359"><ele>323.0</ele></trkpt><trkpt lat="61.07925467" lon="13.68236226"><ele>321.0</ele></trkpt><trkpt lat="61.07935676" lon="13.68252666"><ele>321.0</ele></trkpt><trkpt lat="61.07940194" lon="13.68275034"><ele>321.0</ele></trkpt><trkpt lat="61.07944060" lon="13.68296413"><ele>320.0</ele></trkpt><trkpt lat="61.07946971" lon="13.68317883"><ele>320.0</ele></trkpt><trkpt lat="61.07949274" lon="13.68338724"><ele>320.0</ele></trkpt><trkpt lat="61.07951272" lon="13.68362889"><ele>320.0</ele></trkpt><trkpt lat="61.07952879" lon="13.68384628"><ele>320.0</ele></trkpt><trkpt lat="61.07954096" lon="13.68408972"><ele>320.0</ele></trkpt><trkpt lat="61.07955095" lon="13.68434664"><ele>320.0</ele></trkpt><trkpt lat="61.07954660" lon="13.68455775"><ele>321.0</ele></trkpt><trkpt lat="61.07953357" lon="13.68478143"><ele>321.0</ele></trkpt><trkpt lat="61.07952792" lon="13.68500870"><ele>321.0</ele></trkpt><trkpt lat="61.07950360" lon="13.68524226"><ele>320.0</ele></trkpt><trkpt lat="61.07947883" lon="13.68547852"><ele>320.0</ele></trkpt><trkpt lat="61.07945364" lon="13.68575520"><ele>320.0</ele></trkpt><trkpt lat="61.07945885" lon="13.68598786"><ele>320.0</ele></trkpt><trkpt lat="61.07947579" lon="13.68621963"><ele>319.0</ele></trkpt><trkpt lat="61.07950273" lon="13.68644241"><ele>319.0</ele></trkpt><trkpt lat="61.07952966" lon="13.68669124"><ele>319.0</ele></trkpt><trkpt lat="61.07955182" lon="13.68692032"><ele>320.0</ele></trkpt><trkpt lat="61.07956789" lon="13.68713861"><ele>320.0</ele></trkpt><trkpt lat="61.07958179" lon="13.68736588"><ele>320.0</ele></trkpt><trkpt lat="61.07956876" lon="13.68758776"><ele>320.0</ele></trkpt><trkpt lat="61.07950360" lon="13.68784019"><ele>320.0</ele></trkpt><trkpt lat="61.07945060" lon="13.68809621"><ele>320.0</ele></trkpt><trkpt lat="61.07944886" lon="13.68833067"><ele>320.0</ele></trkpt><trkpt lat="61.07947970" lon="13.68853728"><ele>320.0</ele></trkpt><trkpt lat="61.07952184" lon="13.68868281"><ele>320.0</ele></trkpt><trkpt lat="61.07958787" lon="13.68887864"><ele>320.0</ele></trkpt><trkpt lat="61.07964695" lon="13.68907537"><ele>320.0</ele></trkpt><trkpt lat="61.07971385" lon="13.68927570"><ele>320.0</ele></trkpt><trkpt lat="61.07975469" lon="13.68941853"><ele>320.0</ele></trkpt><trkpt lat="61.07980899" lon="13.68962694"><ele>320.0</ele></trkpt><trkpt lat="61.07983984" lon="13.68977247"><ele>319.0</ele></trkpt><trkpt lat="61.07987676" lon="13.68991440"><ele>319.0</ele></trkpt><trkpt lat="61.07991673" lon="13.69005274"><ele>319.0</ele></trkpt><trkpt lat="61.07995496" lon="13.69018659"><ele>319.0</ele></trkpt><trkpt lat="61.08001100" lon="13.69037883"><ele>319.0</ele></trkpt><trkpt lat="61.08007181" lon="13.69058634"><ele>319.0</ele></trkpt><trkpt lat="61.08011569" lon="13.69074175"><ele>319.0</ele></trkpt><trkpt lat="61.08015261" lon="13.69088278"><ele>319.0</ele></trkpt><trkpt lat="61.08020474" lon="13.69106335"><ele>319.0</ele></trkpt><trkpt lat="61.08026469" lon="13.69124211"><ele>319.0</ele></trkpt><trkpt lat="61.08032985" lon="13.69142896"><ele>319.0</ele></trkpt><trkpt lat="61.08038893" lon="13.69160952"><ele>319.0</ele></trkpt><trkpt lat="61.08044280" lon="13.69178020"><ele>321.0</ele></trkpt><trkpt lat="61.08049580" lon="13.69195358"><ele>321.0</ele></trkpt><trkpt lat="61.08053880" lon="13.69213863"><ele>321.0</ele></trkpt><trkpt lat="61.08057182" lon="13.69232997"><ele>322.0</ele></trkpt><trkpt lat="61.08060266" lon="13.69251772"><ele>324.0</ele></trkpt><trkpt lat="61.08061265" lon="13.69272164"><ele>325.0</ele></trkpt><trkpt lat="61.08062265" lon="13.69293184"><ele>325.0</ele></trkpt><trkpt lat="61.08061569" lon="13.69315372"><ele>326.0</ele></trkpt><trkpt lat="61.08061396" lon="13.69337561"><ele>326.0</ele></trkpt><trkpt lat="61.08059788" lon="13.69359749"><ele>327.0</ele></trkpt><trkpt lat="61.08059267" lon="13.69383375"><ele>327.0</ele></trkpt><trkpt lat="61.08060961" lon="13.69404126"><ele>327.0</ele></trkpt><trkpt lat="61.08061569" lon="13.69424338"><ele>327.0</ele></trkpt><trkpt lat="61.08060483" lon="13.69445718"><ele>327.0</ele></trkpt><trkpt lat="61.08058659" lon="13.69466918"><ele>327.0</ele></trkpt><trkpt lat="61.08059267" lon="13.69488568"><ele>327.0</ele></trkpt><trkpt lat="61.08059788" lon="13.69511744"><ele>327.0</ele></trkpt><trkpt lat="61.08059484" lon="13.69535550"><ele>327.0</ele></trkpt><trkpt lat="61.08058181" lon="13.69558996"><ele>327.0</ele></trkpt><trkpt lat="61.08059571" lon="13.69577321"><ele>327.0</ele></trkpt><trkpt lat="61.08062960" lon="13.69593581"><ele>326.0</ele></trkpt><trkpt lat="61.08066782" lon="13.69606157"><ele>326.0</ele></trkpt><trkpt lat="61.08070692" lon="13.69619722"><ele>326.0</ele></trkpt><trkpt lat="61.08074993" lon="13.69637957"><ele>326.0</ele></trkpt><trkpt lat="61.08079163" lon="13.69653948"><ele>326.0</ele></trkpt><trkpt lat="61.08083594" lon="13.69668949"><ele>326.0</ele></trkpt><trkpt lat="61.08088980" lon="13.69687095"><ele>326.0</ele></trkpt><trkpt lat="61.08093672" lon="13.69702726"><ele>326.0</ele></trkpt><trkpt lat="61.08100275" lon="13.69717548"><ele>328.0</ele></trkpt><trkpt lat="61.08107182" lon="13.69732011"><ele>328.0</ele></trkpt><trkpt lat="61.08112177" lon="13.69750966"><ele>328.0</ele></trkpt><trkpt lat="61.08116391" lon="13.69771537"><ele>327.0</ele></trkpt><trkpt lat="61.08120083" lon="13.69791300"><ele>327.0</ele></trkpt><trkpt lat="61.08123168" lon="13.69806032"><ele>327.0</ele></trkpt><trkpt lat="61.08127468" lon="13.69825436"><ele>327.0</ele></trkpt><trkpt lat="61.08129857" lon="13.69841965"><ele>328.0</ele></trkpt><trkpt lat="61.08133897" lon="13.69863345"><ele>328.0</ele></trkpt><trkpt lat="61.08137590" lon="13.69877089"><ele>328.0</ele></trkpt><trkpt lat="61.08143671" lon="13.69895325"><ele>328.0</ele></trkpt><trkpt lat="61.08148971" lon="13.69911495"><ele>328.0</ele></trkpt><trkpt lat="61.08152272" lon="13.69934491"><ele>328.0</ele></trkpt><trkpt lat="61.08154965" lon="13.69953625"><ele>327.0</ele></trkpt><trkpt lat="61.08157398" lon="13.69973568"><ele>327.0</ele></trkpt><trkpt lat="61.08161177" lon="13.69997823"><ele>327.0</ele></trkpt><trkpt lat="61.08163566" lon="13.70014980"><ele>327.0</ele></trkpt><trkpt lat="61.08166694" lon="13.70033845"><ele>327.0</ele></trkpt><trkpt lat="61.08168996" lon="13.70051093"><ele>327.0</ele></trkpt><trkpt lat="61.08170994" lon="13.70069598"><ele>327.0</ele></trkpt><trkpt lat="61.08173470" lon="13.70089451"><ele>329.0</ele></trkpt><trkpt lat="61.08174991" lon="13.70109932"><ele>329.0</ele></trkpt><trkpt lat="61.08176164" lon="13.70133019"><ele>329.0</ele></trkpt><trkpt lat="61.08179899" lon="13.70152512"><ele>330.0</ele></trkpt><trkpt lat="61.08183288" lon="13.70176318"><ele>330.0</ele></trkpt><trkpt lat="61.08185677" lon="13.70193476"><ele>330.0</ele></trkpt><trkpt lat="61.08187458" lon="13.70212969"><ele>330.0</ele></trkpt><trkpt lat="61.08188283" lon="13.70232193"><ele>331.0</ele></trkpt><trkpt lat="61.08187675" lon="13.70251687"><ele>331.0</ele></trkpt><trkpt lat="61.08187371" lon="13.70272887"><ele>331.0</ele></trkpt><trkpt lat="61.08184200" lon="13.70293997"><ele>332.0</ele></trkpt><trkpt lat="61.08180985" lon="13.70313580"><ele>332.0</ele></trkpt><trkpt lat="61.08178987" lon="13.70332445"><ele>332.0</ele></trkpt><trkpt lat="61.08177076" lon="13.70349962"><ele>333.0</ele></trkpt><trkpt lat="61.08177988" lon="13.70367928"><ele>333.0</ele></trkpt><trkpt lat="61.08178596" lon="13.70385356"><ele>333.0</ele></trkpt><trkpt lat="61.08180464" lon="13.70406915"><ele>335.0</ele></trkpt><trkpt lat="61.08180899" lon="13.70423714"><ele>335.0</ele></trkpt><trkpt lat="61.08182071" lon="13.70441680"><ele>335.0</ele></trkpt><trkpt lat="61.08183592" lon="13.70462521"><ele>335.0</ele></trkpt><trkpt lat="61.08185199" lon="13.70481745"><ele>335.0</ele></trkpt><trkpt lat="61.08188370" lon="13.70500340"><ele>335.0</ele></trkpt><trkpt lat="61.08191671" lon="13.70521720"><ele>335.0</ele></trkpt><trkpt lat="61.08192497" lon="13.70544986"><ele>335.0</ele></trkpt><trkpt lat="61.08193192" lon="13.70568882"><ele>335.0</ele></trkpt><trkpt lat="61.08194886" lon="13.70604185"><ele>335.0</ele></trkpt><trkpt lat="61.08197492" lon="13.70618289"><ele>335.0</ele></trkpt><trkpt lat="61.08198882" lon="13.70633560"><ele>335.0</ele></trkpt><trkpt lat="61.08199360" lon="13.70649371"><ele>335.0</ele></trkpt><trkpt lat="61.08197970" lon="13.70684315"><ele>336.0</ele></trkpt><trkpt lat="61.08197362" lon="13.70698778"><ele>336.0</ele></trkpt><trkpt lat="61.08194061" lon="13.70728512"><ele>336.0</ele></trkpt><trkpt lat="61.08191194" lon="13.70756091"><ele>337.0</ele></trkpt><trkpt lat="61.08190368" lon="13.70769835"><ele>337.0</ele></trkpt><trkpt lat="61.08186589" lon="13.70787442"><ele>337.0</ele></trkpt><trkpt lat="61.08182375" lon="13.70804420"><ele>337.0</ele></trkpt><trkpt lat="61.08174774" lon="13.70817445"><ele>337.0</ele></trkpt><trkpt lat="61.08167867" lon="13.70831100"><ele>337.0</ele></trkpt><trkpt lat="61.08160178" lon="13.70845832"><ele>337.0</ele></trkpt><trkpt lat="61.08148276" lon="13.70864338"><ele>339.0</ele></trkpt><trkpt lat="61.08142759" lon="13.70874758"><ele>339.0</ele></trkpt><trkpt lat="61.08127772" lon="13.70894431"><ele>339.0</ele></trkpt><trkpt lat="61.08120865" lon="13.70907816"><ele>340.0</ele></trkpt><trkpt lat="61.08116174" lon="13.70921021"><ele>340.0</ele></trkpt><trkpt lat="61.08115957" lon="13.70942132"><ele>340.0</ele></trkpt><trkpt lat="61.08118172" lon="13.70965398"><ele>341.0</ele></trkpt><trkpt lat="61.08121560" lon="13.70987227"><ele>341.0</ele></trkpt><trkpt lat="61.08128771" lon="13.71021363"><ele>341.0</ele></trkpt><trkpt lat="61.08133159" lon="13.71039868"><ele>341.0</ele></trkpt><trkpt lat="61.08136460" lon="13.71053074"><ele>341.0</ele></trkpt><trkpt lat="61.08141282" lon="13.71071040"><ele>341.0</ele></trkpt><trkpt lat="61.08149188" lon="13.71100594"><ele>342.0</ele></trkpt><trkpt lat="61.08155574" lon="13.71125388"><ele>342.0</ele></trkpt><trkpt lat="61.08161959" lon="13.71146498"><ele>342.0</ele></trkpt><trkpt lat="61.08170169" lon="13.71165992"><ele>342.0</ele></trkpt><trkpt lat="61.08178162" lon="13.71185934"><ele>342.0</ele></trkpt><trkpt lat="61.08185199" lon="13.71206326"><ele>344.0</ele></trkpt><trkpt lat="61.08191671" lon="13.71227526"><ele>344.0</ele></trkpt><trkpt lat="61.08198665" lon="13.71248816"><ele>344.0</ele></trkpt><trkpt lat="61.08205398" lon="13.71271274"><ele>346.0</ele></trkpt><trkpt lat="61.08211393" lon="13.71296068"><ele>347.0</ele></trkpt><trkpt lat="61.08217995" lon="13.71320233"><ele>347.0</ele></trkpt><trkpt lat="61.08223773" lon="13.71344397"><ele>347.0</ele></trkpt><trkpt lat="61.08228073" lon="13.71370269"><ele>347.0</ele></trkpt><trkpt lat="61.08230375" lon="13.71384282"><ele>349.0</ele></trkpt><trkpt lat="61.08236674" lon="13.71411052"><ele>348.0</ele></trkpt><trkpt lat="61.08243059" lon="13.71433330"><ele>348.0</ele></trkpt><trkpt lat="61.08247099" lon="13.71442044"><ele>349.0</ele></trkpt><trkpt lat="61.08254570" lon="13.71455429"><ele>349.0</ele></trkpt><trkpt lat="61.08260565" lon="13.71464232"><ele>349.0</ele></trkpt><trkpt lat="61.08271467" lon="13.71484984"><ele>351.0</ele></trkpt><trkpt lat="61.08277071" lon="13.71508789"><ele>351.0</ele></trkpt><trkpt lat="61.08283196" lon="13.71540230"><ele>351.0</ele></trkpt><trkpt lat="61.08288278" lon="13.71564215"><ele>351.0</ele></trkpt><trkpt lat="61.08292057" lon="13.71581283"><ele>351.0</ele></trkpt><trkpt lat="61.08296661" lon="13.71597812"><ele>351.0</ele></trkpt><trkpt lat="61.08302091" lon="13.71616317"><ele>353.0</ele></trkpt><trkpt lat="61.08305566" lon="13.71634733"><ele>353.0</ele></trkpt><trkpt lat="61.08310387" lon="13.71651621"><ele>353.0</ele></trkpt><trkpt lat="61.08317164" lon="13.71682433"><ele>355.0</ele></trkpt><trkpt lat="61.08320595" lon="13.71700489"><ele>357.0</ele></trkpt><trkpt lat="61.08325199" lon="13.71719444"><ele>357.0</ele></trkpt><trkpt lat="61.08328892" lon="13.71738129"><ele>357.0</ele></trkpt><trkpt lat="61.08332975" lon="13.71755646"><ele>357.0</ele></trkpt><trkpt lat="61.08337970" lon="13.71773073"><ele>357.0</ele></trkpt><trkpt lat="61.08343573" lon="13.71788614"><ele>357.0</ele></trkpt><trkpt lat="61.08349263" lon="13.71807569"><ele>357.0</ele></trkpt><trkpt lat="61.08354693" lon="13.71826254"><ele>357.0</ele></trkpt><trkpt lat="61.08360861" lon="13.71845747"><ele>357.0</ele></trkpt><trkpt lat="61.08366464" lon="13.71865420"><ele>357.0</ele></trkpt><trkpt lat="61.08370591" lon="13.71879434"><ele>357.0</ele></trkpt><trkpt lat="61.08373892" lon="13.71894795"><ele>357.0</ele></trkpt><trkpt lat="61.08377671" lon="13.71916265"><ele>357.0</ele></trkpt><trkpt lat="61.08380060" lon="13.71930817"><ele>357.0</ele></trkpt><trkpt lat="61.08382579" lon="13.71945819"><ele>357.0</ele></trkpt><trkpt lat="61.08384577" lon="13.71961630"><ele>357.0</ele></trkpt><trkpt lat="61.08386662" lon="13.71977350"><ele>357.0</ele></trkpt><trkpt lat="61.08388964" lon="13.71991813"><ele>356.0</ele></trkpt><trkpt lat="61.08391570" lon="13.72006366"><ele>356.0</ele></trkpt><trkpt lat="61.08394090" lon="13.72020379"><ele>356.0</ele></trkpt><trkpt lat="61.08397087" lon="13.72034393"><ele>356.0</ele></trkpt><trkpt lat="61.08401170" lon="13.72046790"><ele>356.0</ele></trkpt><trkpt lat="61.08407772" lon="13.72065655"><ele>355.0</ele></trkpt><trkpt lat="61.08412376" lon="13.72078680"><ele>355.0</ele></trkpt><trkpt lat="61.08418979" lon="13.72097814"><ele>355.0</ele></trkpt><trkpt lat="61.08423061" lon="13.72111199"><ele>355.0</ele></trkpt><trkpt lat="61.08426276" lon="13.72125213"><ele>354.0</ele></trkpt><trkpt lat="61.08429360" lon="13.72146772"><ele>354.0</ele></trkpt><trkpt lat="61.08432270" lon="13.72167883"><ele>354.0</ele></trkpt><trkpt lat="61.08434268" lon="13.72188634"><ele>354.0</ele></trkpt><trkpt lat="61.08435571" lon="13.72210732"><ele>354.0</ele></trkpt><trkpt lat="61.08436787" lon="13.72226363"><ele>354.0</ele></trkpt><trkpt lat="61.08437569" lon="13.72241455"><ele>354.0</ele></trkpt><trkpt lat="61.08439176" lon="13.72261757"><ele>354.0</ele></trkpt><trkpt lat="61.08441087" lon="13.72282328"><ele>354.0</ele></trkpt><trkpt lat="61.08442868" lon="13.72303169"><ele>354.0</ele></trkpt><trkpt lat="61.08443476" lon="13.72325178"><ele>354.0</ele></trkpt><trkpt lat="61.08445474" lon="13.72345929"><ele>355.0</ele></trkpt><trkpt lat="61.08448297" lon="13.72367578"><ele>355.0</ele></trkpt><trkpt lat="61.08451599" lon="13.72390575"><ele>355.0</ele></trkpt><trkpt lat="61.08453379" lon="13.72412584"><ele>356.0</ele></trkpt><trkpt lat="61.08453597" lon="13.72449595"><ele>356.0</ele></trkpt><trkpt lat="61.08457289" lon="13.72478341"><ele>356.0</ele></trkpt><trkpt lat="61.08459373" lon="13.72491995"><ele>357.0</ele></trkpt><trkpt lat="61.08461676" lon="13.72506548"><ele>357.0</ele></trkpt><trkpt lat="61.08466062" lon="13.72534755"><ele>357.0</ele></trkpt><trkpt lat="61.08469668" lon="13.72551194"><ele>357.0</ele></trkpt><trkpt lat="61.08474272" lon="13.72568352"><ele>357.0</ele></trkpt><trkpt lat="61.08478963" lon="13.72585959"><ele>357.0</ele></trkpt><trkpt lat="61.08484566" lon="13.72604554"><ele>357.0</ele></trkpt><trkpt lat="61.08488996" lon="13.72617400"><ele>358.0</ele></trkpt><trkpt lat="61.08494599" lon="13.72637522"><ele>358.0</ele></trkpt><trkpt lat="61.08499073" lon="13.72656117"><ele>358.0</ele></trkpt><trkpt lat="61.08504459" lon="13.72676868"><ele>359.0</ele></trkpt><trkpt lat="61.08508759" lon="13.72696182"><ele>359.0</ele></trkpt><trkpt lat="61.08511365" lon="13.72716125"><ele>359.0</ele></trkpt><trkpt lat="61.08515057" lon="13.72735438"><ele>359.0</ele></trkpt><trkpt lat="61.08520964" lon="13.72755291"><ele>361.0</ele></trkpt><trkpt lat="61.08526393" lon="13.72775324"><ele>361.0</ele></trkpt><trkpt lat="61.08530259" lon="13.72788798"><ele>361.0</ele></trkpt><trkpt lat="61.08534081" lon="13.72802453"><ele>361.0</ele></trkpt><trkpt lat="61.08535992" lon="13.72817095"><ele>361.0</ele></trkpt><trkpt lat="61.08537295" lon="13.72832546"><ele>361.0</ele></trkpt><trkpt lat="61.08538164" lon="13.72847369"><ele>361.0</ele></trkpt><trkpt lat="61.08539293" lon="13.72862550"><ele>361.0</ele></trkpt><trkpt lat="61.08540292" lon="13.72877462"><ele>361.0</ele></trkpt><trkpt lat="61.08542073" lon="13.72896596"><ele>361.0</ele></trkpt><trkpt lat="61.08542985" lon="13.72913664"><ele>361.0</ele></trkpt><trkpt lat="61.08540987" lon="13.72930642"><ele>361.0</ele></trkpt><trkpt lat="61.08540162" lon="13.72949776"><ele>363.0</ele></trkpt><trkpt lat="61.08537990" lon="13.72971695"><ele>363.0</ele></trkpt><trkpt lat="61.08535558" lon="13.72994243"><ele>363.0</ele></trkpt><trkpt lat="61.08534081" lon="13.73016970"><ele>363.0</ele></trkpt><trkpt lat="61.08533169" lon="13.73038350"><ele>363.0</ele></trkpt><trkpt lat="61.08533690" lon="13.73059371"><ele>363.0</ele></trkpt><trkpt lat="61.08534559" lon="13.73076888"><ele>366.0</ele></trkpt><trkpt lat="61.08537295" lon="13.73094315"><ele>366.0</ele></trkpt><trkpt lat="61.08540683" lon="13.73109766"><ele>368.0</ele></trkpt><trkpt lat="61.08546677" lon="13.73132134"><ele>368.0</ele></trkpt><trkpt lat="61.08552063" lon="13.73147855"><ele>368.0</ele></trkpt><trkpt lat="61.08557275" lon="13.73165642"><ele>368.0</ele></trkpt><trkpt lat="61.08561271" lon="13.73181452"><ele>368.0</ele></trkpt><trkpt lat="61.08567699" lon="13.73197083"><ele>369.0</ele></trkpt><trkpt lat="61.08573171" lon="13.73211456"><ele>369.0</ele></trkpt><trkpt lat="61.08578384" lon="13.73225829"><ele>369.0</ele></trkpt><trkpt lat="61.08583596" lon="13.73240471"><ele>371.0</ele></trkpt><trkpt lat="61.08588373" lon="13.73255743"><ele>371.0</ele></trkpt><trkpt lat="61.08592499" lon="13.73272541"><ele>371.0</ele></trkpt><trkpt lat="61.08596886" lon="13.73291316"><ele>373.0</ele></trkpt><trkpt lat="61.08599796" lon="13.73311259"><ele>373.0</ele></trkpt><trkpt lat="61.08602489" lon="13.73346383"><ele>373.0</ele></trkpt><trkpt lat="61.08604574" lon="13.73373152"><ele>375.0</ele></trkpt><trkpt lat="61.08608961" lon="13.73398126"><ele>377.0</ele></trkpt><trkpt lat="61.08613174" lon="13.73422650"><ele>378.0</ele></trkpt><trkpt lat="61.08618168" lon="13.73446724"><ele>378.0</ele></trkpt><trkpt lat="61.08621686" lon="13.73456336"><ele>380.0</ele></trkpt><trkpt lat="61.08628071" lon="13.73469991"><ele>380.0</ele></trkpt><trkpt lat="61.08634586" lon="13.73483196"><ele>381.0</ele></trkpt><trkpt lat="61.08641057" lon="13.73496761"><ele>381.0</ele></trkpt><trkpt lat="61.08647963" lon="13.73509517"><ele>381.0</ele></trkpt><trkpt lat="61.08655086" lon="13.73519847"><ele>381.0</ele></trkpt><trkpt lat="61.08661167" lon="13.73530897"><ele>381.0</ele></trkpt><trkpt lat="61.08668072" lon="13.73541856"><ele>381.0</ele></trkpt><trkpt lat="61.08675065" lon="13.73557577"><ele>383.0</ele></trkpt><trkpt lat="61.08681189" lon="13.73570243"><ele>383.0</ele></trkpt><trkpt lat="61.08687791" lon="13.73587311"><ele>383.0</ele></trkpt><trkpt lat="61.08692785" lon="13.73604828"><ele>385.0</ele></trkpt><trkpt lat="61.08696564" lon="13.73625040"><ele>385.0</ele></trkpt><trkpt lat="61.08698996" lon="13.73645611"><ele>385.0</ele></trkpt><trkpt lat="61.08700299" lon="13.73665285"><ele>385.0</ele></trkpt><trkpt lat="61.08699387" lon="13.73684149"><ele>386.0</ele></trkpt><trkpt lat="61.08699865" lon="13.73701846"><ele>386.0</ele></trkpt><trkpt lat="61.08700473" lon="13.73720172"><ele>386.0</ele></trkpt><trkpt lat="61.08702167" lon="13.73738318"><ele>388.0</ele></trkpt><trkpt lat="61.08703774" lon="13.73757811"><ele>388.0</ele></trkpt><trkpt lat="61.08705294" lon="13.73776586"><ele>388.0</ele></trkpt><trkpt lat="61.08706770" lon="13.73794193"><ele>390.0</ele></trkpt><trkpt lat="61.08708073" lon="13.73814135"><ele>390.0</ele></trkpt><trkpt lat="61.08708290" lon="13.73836683"><ele>390.0</ele></trkpt><trkpt lat="61.08707900" lon="13.73854739"><ele>392.0</ele></trkpt><trkpt lat="61.08707986" lon="13.73872526"><ele>392.0</ele></trkpt><trkpt lat="61.08708681" lon="13.73891211"><ele>394.0</ele></trkpt><trkpt lat="61.08710071" lon="13.73909537"><ele>396.0</ele></trkpt><trkpt lat="61.08710462" lon="13.73932084"><ele>396.0</ele></trkpt><trkpt lat="61.08709159" lon="13.73950859"><ele>397.0</ele></trkpt><trkpt lat="61.08707074" lon="13.73969634"><ele>397.0</ele></trkpt><trkpt lat="61.08704990" lon="13.73989936"><ele>397.0</ele></trkpt><trkpt lat="61.08700864" lon="13.74010866"><ele>397.0</ele></trkpt><trkpt lat="61.08697389" lon="13.74029462"><ele>397.0</ele></trkpt><trkpt lat="61.08694479" lon="13.74050033"><ele>398.0</ele></trkpt><trkpt lat="61.08692481" lon="13.74070245"><ele>398.0</ele></trkpt><trkpt lat="61.08692090" lon="13.74090367"><ele>398.0</ele></trkpt><trkpt lat="61.08692698" lon="13.74108783"><ele>400.0</ele></trkpt><trkpt lat="61.08692698" lon="13.74127288"><ele>400.0</ele></trkpt><trkpt lat="61.08692090" lon="13.74148938"><ele>400.0</ele></trkpt><trkpt lat="61.08690961" lon="13.74168161"><ele>402.0</ele></trkpt><trkpt lat="61.08690179" lon="13.74188733"><ele>402.0</ele></trkpt><trkpt lat="61.08689789" lon="13.74208496"><ele>402.0</ele></trkpt><trkpt lat="61.08687877" lon="13.74227630"><ele>404.0</ele></trkpt><trkpt lat="61.08684968" lon="13.74250178"><ele>404.0</ele></trkpt><trkpt lat="61.08685358" lon="13.74272725"><ele>404.0</ele></trkpt><trkpt lat="61.08686488" lon="13.74291949"><ele>405.0</ele></trkpt><trkpt lat="61.08686661" lon="13.74310994"><ele>405.0</ele></trkpt><trkpt lat="61.08685966" lon="13.74330577"><ele>405.0</ele></trkpt><trkpt lat="61.08684794" lon="13.74350519"><ele>405.0</ele></trkpt><trkpt lat="61.08683274" lon="13.74382050"><ele>407.0</ele></trkpt><trkpt lat="61.08683100" lon="13.74400286"><ele>407.0</ele></trkpt><trkpt lat="61.08681884" lon="13.74431817"><ele>409.0</ele></trkpt><trkpt lat="61.08680581" lon="13.74451760"><ele>409.0</ele></trkpt><trkpt lat="61.08678974" lon="13.74471792"><ele>409.0</ele></trkpt><trkpt lat="61.08677975" lon="13.74490746"><ele>411.0</ele></trkpt><trkpt lat="61.08676759" lon="13.74509970"><ele>411.0</ele></trkpt><trkpt lat="61.08674283" lon="13.74530452"><ele>411.0</ele></trkpt><trkpt lat="61.08672372" lon="13.74547700"><ele>413.0</ele></trkpt><trkpt lat="61.08669593" lon="13.74565396"><ele>413.0</ele></trkpt><trkpt lat="61.08666465" lon="13.74583992"><ele>413.0</ele></trkpt><trkpt lat="61.08663686" lon="13.74602317"><ele>413.0</ele></trkpt><trkpt lat="61.08661080" lon="13.74621451"><ele>415.0</ele></trkpt><trkpt lat="61.08660081" lon="13.74640675"><ele>415.0</ele></trkpt><trkpt lat="61.08659473" lon="13.74660259"><ele>415.0</ele></trkpt><trkpt lat="61.08659082" lon="13.74678584"><ele>416.0</ele></trkpt><trkpt lat="61.08657866" lon="13.74697629"><ele>416.0</ele></trkpt><trkpt lat="61.08656476" lon="13.74717032"><ele>416.0</ele></trkpt><trkpt lat="61.08655390" lon="13.74735717"><ele>417.0</ele></trkpt><trkpt lat="61.08653870" lon="13.74753234"><ele>417.0</ele></trkpt><trkpt lat="61.08652263" lon="13.74773536"><ele>417.0</ele></trkpt><trkpt lat="61.08651698" lon="13.74798779"><ele>417.0</ele></trkpt><trkpt lat="61.08651568" lon="13.74823842"><ele>417.0</ele></trkpt><trkpt lat="61.08650569" lon="13.74844054"><ele>417.0</ele></trkpt><trkpt lat="61.08651959" lon="13.74866063"><ele>420.0</ele></trkpt><trkpt lat="61.08651872" lon="13.74886814"><ele>420.0</ele></trkpt><trkpt lat="61.08650873" lon="13.74906846"><ele>421.0</ele></trkpt><trkpt lat="61.08649570" lon="13.74926340"><ele>421.0</ele></trkpt><trkpt lat="61.08647963" lon="13.74945923"><ele>421.0</ele></trkpt><trkpt lat="61.08646400" lon="13.74964967"><ele>421.0</ele></trkpt><trkpt lat="61.08645097" lon="13.74983922"><ele>421.0</ele></trkpt><trkpt lat="61.08643794" lon="13.75003325"><ele>422.0</ele></trkpt><trkpt lat="61.08641579" lon="13.75023268"><ele>422.0</ele></trkpt><trkpt lat="61.08641361" lon="13.75042582"><ele>422.0</ele></trkpt><trkpt lat="61.08640058" lon="13.75062794"><ele>424.0</ele></trkpt><trkpt lat="61.08639060" lon="13.75082736"><ele>424.0</ele></trkpt><trkpt lat="61.08638278" lon="13.75103577"><ele>424.0</ele></trkpt><trkpt lat="61.08638973" lon="13.75123969"><ele>424.0</ele></trkpt><trkpt lat="61.08639190" lon="13.75145349"><ele>424.0</ele></trkpt><trkpt lat="61.08638973" lon="13.75165741"><ele>424.0</ele></trkpt><trkpt lat="61.08638669" lon="13.75187659"><ele>424.0</ele></trkpt><trkpt lat="61.08638886" lon="13.75207422"><ele>426.0</ele></trkpt><trkpt lat="61.08638365" lon="13.75227185"><ele>426.0</ele></trkpt><trkpt lat="61.08636367" lon="13.75261321"><ele>426.0</ele></trkpt><trkpt lat="61.08635194" lon="13.75282072"><ele>428.0</ele></trkpt><trkpt lat="61.08633587" lon="13.75301835"><ele>428.0</ele></trkpt><trkpt lat="61.08632588" lon="13.75321329"><ele>428.0</ele></trkpt><trkpt lat="61.08632675" lon="13.75340912"><ele>429.0</ele></trkpt><trkpt lat="61.08632067" lon="13.75360765"><ele>429.0</ele></trkpt><trkpt lat="61.08630373" lon="13.75380887"><ele>429.0</ele></trkpt><trkpt lat="61.08630069" lon="13.75399931"><ele>430.0</ele></trkpt><trkpt lat="61.08630373" lon="13.75420054"><ele>430.0</ele></trkpt><trkpt lat="61.08630069" lon="13.75439188"><ele>430.0</ele></trkpt><trkpt lat="61.08629895" lon="13.75459400"><ele>430.0</ele></trkpt><trkpt lat="61.08625291" lon="13.75478175"><ele>432.0</ele></trkpt><trkpt lat="61.08619775" lon="13.75497129"><ele>432.0</ele></trkpt><trkpt lat="61.08614998" lon="13.75515185"><ele>432.0</ele></trkpt><trkpt lat="61.08609569" lon="13.75532792"><ele>432.0</ele></trkpt><trkpt lat="61.08603488" lon="13.75549770"><ele>432.0</ele></trkpt><trkpt lat="61.08597364" lon="13.75569084"><ele>432.0</ele></trkpt><trkpt lat="61.08591587" lon="13.75588039"><ele>432.0</ele></trkpt><trkpt lat="61.08585593" lon="13.75606454"><ele>432.0</ele></trkpt><trkpt lat="61.08581294" lon="13.75625858"><ele>432.0</ele></trkpt><trkpt lat="61.08576559" lon="13.75643644"><ele>432.0</ele></trkpt><trkpt lat="61.08571391" lon="13.75662689"><ele>433.0</ele></trkpt><trkpt lat="61.08566483" lon="13.75680924"><ele>433.0</ele></trkpt><trkpt lat="61.08561488" lon="13.75699430"><ele>433.0</ele></trkpt><trkpt lat="61.08555190" lon="13.75715240"><ele>432.0</ele></trkpt><trkpt lat="61.08546460" lon="13.75730511"><ele>432.0</ele></trkpt><trkpt lat="61.08537773" lon="13.75746861"><ele>432.0</ele></trkpt><trkpt lat="61.08528087" lon="13.75763569"><ele>431.0</ele></trkpt><trkpt lat="61.08518879" lon="13.75777224"><ele>431.0</ele></trkpt><trkpt lat="61.08509584" lon="13.75792765"><ele>431.0</ele></trkpt><trkpt lat="61.08500072" lon="13.75809114"><ele>431.0</ele></trkpt><trkpt lat="61.08492471" lon="13.75824296"><ele>431.0</ele></trkpt><trkpt lat="61.08486390" lon="13.75843969"><ele>431.0</ele></trkpt><trkpt lat="61.08482481" lon="13.75862743"><ele>431.0</ele></trkpt><trkpt lat="61.08483567" lon="13.75887267"><ele>432.0</ele></trkpt><trkpt lat="61.08486694" lon="13.75914217"><ele>432.0</ele></trkpt><trkpt lat="61.08489474" lon="13.75935866"><ele>432.0</ele></trkpt><trkpt lat="61.08493296" lon="13.75959761"><ele>432.0</ele></trkpt><trkpt lat="61.08495989" lon="13.75983118"><ele>432.0</ele></trkpt><trkpt lat="61.08499594" lon="13.76008360"><ele>432.0</ele></trkpt><trkpt lat="61.08502374" lon="13.76028662"><ele>434.0</ele></trkpt><trkpt lat="61.08505067" lon="13.76051479"><ele>434.0</ele></trkpt><trkpt lat="61.08506283" lon="13.76076632"><ele>434.0</ele></trkpt><trkpt lat="61.08508585" lon="13.76102234"><ele>432.0</ele></trkpt><trkpt lat="61.08511365" lon="13.76126668"><ele>432.0</ele></trkpt><trkpt lat="61.08513797" lon="13.76150294"><ele>432.0</ele></trkpt><trkpt lat="61.08516099" lon="13.76173830"><ele>431.0</ele></trkpt><trkpt lat="61.08519270" lon="13.76199971"><ele>431.0</ele></trkpt><trkpt lat="61.08522093" lon="13.76225663"><ele>431.0</ele></trkpt><trkpt lat="61.08524569" lon="13.76247941"><ele>431.0</ele></trkpt><trkpt lat="61.08530476" lon="13.76264560"><ele>431.0</ele></trkpt><trkpt lat="61.08540466" lon="13.76271926"><ele>431.0</ele></trkpt><trkpt lat="61.08549761" lon="13.76283784"><ele>431.0</ele></trkpt><trkpt lat="61.08560272" lon="13.76287647"><ele>431.0</ele></trkpt><trkpt lat="61.08571782" lon="13.76288365"><ele>431.0</ele></trkpt><trkpt lat="61.08579296" lon="13.76294294"><ele>431.0</ele></trkpt><trkpt lat="61.08586071" lon="13.76305074"><ele>430.0</ele></trkpt><trkpt lat="61.08591196" lon="13.76318638"><ele>430.0</ele></trkpt><trkpt lat="61.08596191" lon="13.76333461"><ele>430.0</ele></trkpt><trkpt lat="61.08600491" lon="13.76348552"><ele>430.0</ele></trkpt><trkpt lat="61.08604183" lon="13.76362836"><ele>430.0</ele></trkpt><trkpt lat="61.08609091" lon="13.76391043"><ele>429.0</ele></trkpt><trkpt lat="61.08610785" lon="13.76405326"><ele>429.0</ele></trkpt><trkpt lat="61.08612783" lon="13.76419699"><ele>429.0</ele></trkpt><trkpt lat="61.08614998" lon="13.76434252"><ele>429.0</ele></trkpt><trkpt lat="61.08617864" lon="13.76449074"><ele>429.0</ele></trkpt><trkpt lat="61.08620992" lon="13.76463357"><ele>429.0</ele></trkpt><trkpt lat="61.08623858" lon="13.76478539"><ele>429.0</ele></trkpt><trkpt lat="61.08626985" lon="13.76493271"><ele>429.0</ele></trkpt><trkpt lat="61.08630373" lon="13.76508542"><ele>429.0</ele></trkpt><trkpt lat="61.08634195" lon="13.76524173"><ele>428.0</ele></trkpt><trkpt lat="61.08637974" lon="13.76540253"><ele>428.0</ele></trkpt><trkpt lat="61.08641666" lon="13.76555973"><ele>428.0</ele></trkpt><trkpt lat="61.08645878" lon="13.76569718"><ele>428.0</ele></trkpt><trkpt lat="61.08649961" lon="13.76583282"><ele>428.0</ele></trkpt><trkpt lat="61.08654087" lon="13.76597745"><ele>427.0</ele></trkpt><trkpt lat="61.08657388" lon="13.76612388"><ele>426.0</ele></trkpt><trkpt lat="61.08660472" lon="13.76627569"><ele>426.0</ele></trkpt><trkpt lat="61.08663165" lon="13.76642930"><ele>426.0</ele></trkpt><trkpt lat="61.08666379" lon="13.76657124"><ele>426.0</ele></trkpt><trkpt lat="61.08669289" lon="13.76672126"><ele>426.0</ele></trkpt><trkpt lat="61.08671677" lon="13.76687487"><ele>427.0</ele></trkpt><trkpt lat="61.08673675" lon="13.76703387"><ele>427.0</ele></trkpt><trkpt lat="61.08676194" lon="13.76717850"><ele>427.0</ele></trkpt><trkpt lat="61.08678887" lon="13.76731953"><ele>427.0</ele></trkpt><trkpt lat="61.08682275" lon="13.76754321"><ele>427.0</ele></trkpt><trkpt lat="61.08683187" lon="13.76769772"><ele>427.0</ele></trkpt><trkpt lat="61.08682883" lon="13.76785313"><ele>427.0</ele></trkpt><trkpt lat="61.08682188" lon="13.76800944"><ele>427.0</ele></trkpt><trkpt lat="61.08682188" lon="13.76822054"><ele>426.0</ele></trkpt><trkpt lat="61.08682970" lon="13.76844512"><ele>426.0</ele></trkpt><trkpt lat="61.08683882" lon="13.76866611"><ele>426.0</ele></trkpt><trkpt lat="61.08685576" lon="13.76892572"><ele>426.0</ele></trkpt><trkpt lat="61.08686661" lon="13.76912515"><ele>427.0</ele></trkpt><trkpt lat="61.08687660" lon="13.76935871"><ele>427.0</ele></trkpt><trkpt lat="61.08689484" lon="13.76958958"><ele>427.0</ele></trkpt><trkpt lat="61.08690179" lon="13.76980697"><ele>425.0</ele></trkpt><trkpt lat="61.08691178" lon="13.77003245"><ele>425.0</ele></trkpt><trkpt lat="61.08692698" lon="13.77026511"><ele>425.0</ele></trkpt><trkpt lat="61.08693480" lon="13.77049238"><ele>424.0</ele></trkpt><trkpt lat="61.08691786" lon="13.77073133"><ele>424.0</ele></trkpt><trkpt lat="61.08687660" lon="13.77096849"><ele>424.0</ele></trkpt><trkpt lat="61.08684490" lon="13.77114097"><ele>424.0</ele></trkpt><trkpt lat="61.08681493" lon="13.77130626"><ele>426.0</ele></trkpt><trkpt lat="61.08678062" lon="13.77153622"><ele>426.0</ele></trkpt><trkpt lat="61.08676759" lon="13.77176170"><ele>426.0</ele></trkpt><trkpt lat="61.08675586" lon="13.77199526"><ele>425.0</ele></trkpt><trkpt lat="61.08678192" lon="13.77220188"><ele>425.0</ele></trkpt><trkpt lat="61.08681797" lon="13.77240579"><ele>425.0</ele></trkpt><trkpt lat="61.08685272" lon="13.77257198"><ele>424.0</ele></trkpt><trkpt lat="61.08687660" lon="13.77279027"><ele>424.0</ele></trkpt><trkpt lat="61.08688182" lon="13.77296095"><ele>424.0</ele></trkpt><trkpt lat="61.08693176" lon="13.77322236"><ele>424.0</ele></trkpt><trkpt lat="61.08700473" lon="13.77347299"><ele>420.0</ele></trkpt><trkpt lat="61.08704773" lon="13.77373171"><ele>420.0</ele></trkpt><trkpt lat="61.08703079" lon="13.77398054"><ele>417.0</ele></trkpt><trkpt lat="61.08704990" lon="13.77418176"><ele>416.0</ele></trkpt><trkpt lat="61.08711374" lon="13.77434975"><ele>413.0</ele></trkpt><trkpt lat="61.08712677" lon="13.77456624"><ele>412.0</ele></trkpt><trkpt lat="61.08712199" lon="13.77476477"><ele>411.0</ele></trkpt><trkpt lat="61.08716282" lon="13.77499115"><ele>411.0</ele></trkpt><trkpt lat="61.08723057" lon="13.77519416"><ele>409.0</ele></trkpt><trkpt lat="61.08729963" lon="13.77540437"><ele>408.0</ele></trkpt><trkpt lat="61.08734480" lon="13.77554541"><ele>408.0</ele></trkpt><trkpt lat="61.08739995" lon="13.77568464"><ele>408.0</ele></trkpt><trkpt lat="61.08744295" lon="13.77583017"><ele>408.0</ele></trkpt><trkpt lat="61.08749159" lon="13.77604846"><ele>408.0</ele></trkpt><trkpt lat="61.08753893" lon="13.77628113"><ele>406.0</ele></trkpt><trkpt lat="61.08756369" lon="13.77646079"><ele>406.0</ele></trkpt><trkpt lat="61.08758888" lon="13.77663416"><ele>406.0</ele></trkpt><trkpt lat="61.08760973" lon="13.77679676"><ele>406.0</ele></trkpt><trkpt lat="61.08762884" lon="13.77695846"><ele>405.0</ele></trkpt><trkpt lat="61.08764273" lon="13.77712015"><ele>405.0</ele></trkpt><trkpt lat="61.08766792" lon="13.77727287"><ele>405.0</ele></trkpt><trkpt lat="61.08771961" lon="13.77747678"><ele>405.0</ele></trkpt><trkpt lat="61.08777867" lon="13.77766633"><ele>403.0</ele></trkpt><trkpt lat="61.08784469" lon="13.77785677"><ele>402.0</ele></trkpt><trkpt lat="61.08790679" lon="13.77804272"><ele>400.0</ele></trkpt><trkpt lat="61.08796977" lon="13.77820711"><ele>401.0</ele></trkpt><trkpt lat="61.08804794" lon="13.77836162"><ele>401.0</ele></trkpt><trkpt lat="61.08813089" lon="13.77850895"><ele>401.0</ele></trkpt><trkpt lat="61.08820994" lon="13.77866346"><ele>401.0</ele></trkpt><trkpt lat="61.08829593" lon="13.77877665"><ele>401.0</ele></trkpt><trkpt lat="61.08838366" lon="13.77892217"><ele>401.0</ele></trkpt><trkpt lat="61.08846096" lon="13.77910812"><ele>401.0</ele></trkpt><trkpt lat="61.08853393" lon="13.77932731"><ele>401.0</ele></trkpt><trkpt lat="61.08859777" lon="13.77956716"><ele>402.0</ele></trkpt><trkpt lat="61.08865292" lon="13.77977198"><ele>402.0</ele></trkpt><trkpt lat="61.08869983" lon="13.77998398"><ele>402.0</ele></trkpt><trkpt lat="61.08875498" lon="13.78022024"><ele>400.0</ele></trkpt><trkpt lat="61.08880579" lon="13.78043314"><ele>400.0</ele></trkpt><trkpt lat="61.08886790" lon="13.78060921"><ele>400.0</ele></trkpt><trkpt lat="61.08895780" lon="13.78077630"><ele>398.0</ele></trkpt><trkpt lat="61.08903380" lon="13.78095147"><ele>398.0</ele></trkpt><trkpt lat="61.08910980" lon="13.78112844"><ele>398.0</ele></trkpt><trkpt lat="61.08916061" lon="13.78128654"><ele>398.0</ele></trkpt><trkpt lat="61.08921272" lon="13.78146980"><ele>397.0</ele></trkpt><trkpt lat="61.08924790" lon="13.78163868"><ele>397.0</ele></trkpt><trkpt lat="61.08928699" lon="13.78187673"><ele>397.0</ele></trkpt><trkpt lat="61.08930957" lon="13.78211928"><ele>397.0</ele></trkpt><trkpt lat="61.08933259" lon="13.78237979"><ele>395.0</ele></trkpt><trkpt lat="61.08936559" lon="13.78263491"><ele>395.0</ele></trkpt><trkpt lat="61.08938991" lon="13.78287296"><ele>395.0</ele></trkpt><trkpt lat="61.08940859" lon="13.78308586"><ele>394.0</ele></trkpt><trkpt lat="61.08942770" lon="13.78330326"><ele>394.0</ele></trkpt><trkpt lat="61.08943769" lon="13.78355029"><ele>394.0</ele></trkpt><trkpt lat="61.08943161" lon="13.78377936"><ele>394.0</ele></trkpt><trkpt lat="61.08942162" lon="13.78400215"><ele>395.0</ele></trkpt><trkpt lat="61.08941597" lon="13.78422134"><ele>395.0</ele></trkpt><trkpt lat="61.08940381" lon="13.78456988"><ele>397.0</ele></trkpt><trkpt lat="61.08942770" lon="13.78480883"><ele>397.0</ele></trkpt><trkpt lat="61.08945679" lon="13.78504150"><ele>397.0</ele></trkpt><trkpt lat="61.08947460" lon="13.78520050"><ele>397.0</ele></trkpt><trkpt lat="61.08947460" lon="13.78536848"><ele>397.0</ele></trkpt><trkpt lat="61.08947373" lon="13.78553916"><ele>397.0</ele></trkpt><trkpt lat="61.08947677" lon="13.78569278"><ele>397.0</ele></trkpt><trkpt lat="61.08948198" lon="13.78585088"><ele>397.0</ele></trkpt><trkpt lat="61.08948589" lon="13.78601437"><ele>397.0</ele></trkpt><trkpt lat="61.08948459" lon="13.78617697"><ele>397.0</ele></trkpt><trkpt lat="61.08949197" lon="13.78634316"><ele>397.0</ele></trkpt><trkpt lat="61.08949762" lon="13.78650845"><ele>397.0</ele></trkpt><trkpt lat="61.08950760" lon="13.78667014"><ele>397.0</ele></trkpt><trkpt lat="61.08952194" lon="13.78683274"><ele>397.0</ele></trkpt><trkpt lat="61.08953887" lon="13.78699443"><ele>397.0</ele></trkpt><trkpt lat="61.08956059" lon="13.78724057"><ele>397.0</ele></trkpt><trkpt lat="61.08958187" lon="13.78748312"><ele>397.0</ele></trkpt><trkpt lat="61.08960488" lon="13.78772656"><ele>396.0</ele></trkpt><trkpt lat="61.08962660" lon="13.78797180"><ele>395.0</ele></trkpt><trkpt lat="61.08964788" lon="13.78821614"><ele>395.0</ele></trkpt><trkpt lat="61.08967394" lon="13.78846048"><ele>395.0</ele></trkpt><trkpt lat="61.08970173" lon="13.78869225"><ele>394.0</ele></trkpt><trkpt lat="61.08972084" lon="13.78885574"><ele>394.0</ele></trkpt><trkpt lat="61.08974168" lon="13.78902553"><ele>394.0</ele></trkpt><trkpt lat="61.08975992" lon="13.78919171"><ele>394.0</ele></trkpt><trkpt lat="61.08977382" lon="13.78936958"><ele>394.0</ele></trkpt><trkpt lat="61.08978989" lon="13.78954295"><ele>394.0</ele></trkpt><trkpt lat="61.08980379" lon="13.78971453"><ele>394.0</ele></trkpt><trkpt lat="61.08983983" lon="13.79001996"><ele>394.0</ele></trkpt><trkpt lat="61.08988890" lon="13.79023735"><ele>391.0</ele></trkpt><trkpt lat="61.08992669" lon="13.79037569"><ele>391.0</ele></trkpt><trkpt lat="61.08997880" lon="13.79049158"><ele>391.0</ele></trkpt><trkpt lat="61.09006696" lon="13.79064968"><ele>391.0</ele></trkpt><trkpt lat="61.09014296" lon="13.79082755"><ele>391.0</ele></trkpt><trkpt lat="61.09020289" lon="13.79103955"><ele>391.0</ele></trkpt><trkpt lat="61.09025370" lon="13.79125335"><ele>391.0</ele></trkpt><trkpt lat="61.09029582" lon="13.79148781"><ele>390.0</ele></trkpt><trkpt lat="61.09032492" lon="13.79165130"><ele>390.0</ele></trkpt><trkpt lat="61.09034663" lon="13.79181120"><ele>390.0</ele></trkpt><trkpt lat="61.09036183" lon="13.79198368"><ele>390.0</ele></trkpt><trkpt lat="61.09038571" lon="13.79214717"><ele>390.0</ele></trkpt><trkpt lat="61.09043392" lon="13.79233761"><ele>388.0</ele></trkpt><trkpt lat="61.09047691" lon="13.79251548"><ele>388.0</ele></trkpt><trkpt lat="61.09052381" lon="13.79270592"><ele>388.0</ele></trkpt><trkpt lat="61.09056159" lon="13.79284965"><ele>388.0</ele></trkpt><trkpt lat="61.09060893" lon="13.79304998"><ele>387.0</ele></trkpt><trkpt lat="61.09063281" lon="13.79320000"><ele>387.0</ele></trkpt><trkpt lat="61.09065757" lon="13.79335990"><ele>387.0</ele></trkpt><trkpt lat="61.09067668" lon="13.79354136"><ele>387.0</ele></trkpt><trkpt lat="61.09069882" lon="13.79371383"><ele>386.0</ele></trkpt><trkpt lat="61.09071880" lon="13.79387553"><ele>386.0</ele></trkpt><trkpt lat="61.09073964" lon="13.79403723"><ele>386.0</ele></trkpt><trkpt lat="61.09075788" lon="13.79419353"><ele>386.0</ele></trkpt><trkpt lat="61.09079089" lon="13.79448459"><ele>386.0</ele></trkpt><trkpt lat="61.09081260" lon="13.79462652"><ele>386.0</ele></trkpt><trkpt lat="61.09083084" lon="13.79477025"><ele>386.0</ele></trkpt><trkpt lat="61.09086775" lon="13.79500112"><ele>386.0</ele></trkpt><trkpt lat="61.09089685" lon="13.79515563"><ele>386.0</ele></trkpt><trkpt lat="61.09092377" lon="13.79530475"><ele>386.0</ele></trkpt><trkpt lat="61.09096590" lon="13.79554011"><ele>386.0</ele></trkpt><trkpt lat="61.09100498" lon="13.79576738"><ele>386.0</ele></trkpt><trkpt lat="61.09101975" lon="13.79599915"><ele>386.0</ele></trkpt><trkpt lat="61.09100672" lon="13.79622373"><ele>386.0</ele></trkpt><trkpt lat="61.09098978" lon="13.79637824"><ele>386.0</ele></trkpt><trkpt lat="61.09096677" lon="13.79654083"><ele>386.0</ele></trkpt><trkpt lat="61.09093072" lon="13.79678517"><ele>386.0</ele></trkpt><trkpt lat="61.09088773" lon="13.79702143"><ele>387.0</ele></trkpt><trkpt lat="61.09084561" lon="13.79722535"><ele>387.0</ele></trkpt><trkpt lat="61.09082085" lon="13.79740950"><ele>387.0</ele></trkpt><trkpt lat="61.09081564" lon="13.79760893"><ele>387.0</ele></trkpt><trkpt lat="61.09082563" lon="13.79779578"><ele>387.0</ele></trkpt><trkpt lat="61.09084865" lon="13.79797814"><ele>387.0</ele></trkpt><trkpt lat="61.09087991" lon="13.79815331"><ele>388.0</ele></trkpt><trkpt lat="61.09092594" lon="13.79831141"><ele>388.0</ele></trkpt><trkpt lat="61.09098283" lon="13.79846412"><ele>388.0</ele></trkpt><trkpt lat="61.09103060" lon="13.79860426"><ele>389.0</ele></trkpt><trkpt lat="61.09108098" lon="13.79874979"><ele>392.0</ele></trkpt><trkpt lat="61.09112267" lon="13.79889981"><ele>393.0</ele></trkpt><trkpt lat="61.09116175" lon="13.79903815"><ele>393.0</ele></trkpt><trkpt lat="61.09119866" lon="13.79920523"><ele>394.0</ele></trkpt><trkpt lat="61.09123297" lon="13.79938041"><ele>394.0</ele></trkpt><trkpt lat="61.09127075" lon="13.79953312"><ele>395.0</ele></trkpt><trkpt lat="61.09131678" lon="13.79964810"><ele>397.0</ele></trkpt><trkpt lat="61.09140884" lon="13.79991131"><ele>398.0</ele></trkpt><trkpt lat="61.09145357" lon="13.80002180"><ele>398.0</ele></trkpt><trkpt lat="61.09149960" lon="13.80013589"><ele>398.0</ele></trkpt><trkpt lat="61.09154563" lon="13.80025716"><ele>398.0</ele></trkpt><trkpt lat="61.09159297" lon="13.80038832"><ele>398.0</ele></trkpt><trkpt lat="61.09164074" lon="13.80051947"><ele>398.0</ele></trkpt><trkpt lat="61.09168590" lon="13.80064883"><ele>398.0</ele></trkpt><trkpt lat="61.09172976" lon="13.80077190"><ele>397.0</ele></trkpt><trkpt lat="61.09177188" lon="13.80089586"><ele>397.0</ele></trkpt><trkpt lat="61.09187567" lon="13.80116715"><ele>397.0</ele></trkpt><trkpt lat="61.09192083" lon="13.80127316"><ele>397.0</ele></trkpt><trkpt lat="61.09203200" lon="13.80145911"><ele>396.0</ele></trkpt><trkpt lat="61.09215489" lon="13.80168638"><ele>396.0</ele></trkpt><trkpt lat="61.09222871" lon="13.80183281"><ele>397.0</ele></trkpt><trkpt lat="61.09228386" lon="13.80194150"><ele>397.0</ele></trkpt><trkpt lat="61.09233858" lon="13.80204211"><ele>397.0</ele></trkpt><trkpt lat="61.09241674" lon="13.80219573"><ele>397.0</ele></trkpt><trkpt lat="61.09255266" lon="13.80242839"><ele>398.0</ele></trkpt><trkpt lat="61.09260781" lon="13.80252271"><ele>398.0</ele></trkpt><trkpt lat="61.09266773" lon="13.80262153"><ele>398.0</ele></trkpt><trkpt lat="61.09273287" lon="13.80272663"><ele>398.0</ele></trkpt><trkpt lat="61.09278758" lon="13.80284431"><ele>398.0</ele></trkpt><trkpt lat="61.09284490" lon="13.80296468"><ele>398.0</ele></trkpt><trkpt lat="61.09289788" lon="13.80310123"><ele>398.0</ele></trkpt><trkpt lat="61.09294564" lon="13.80325035"><ele>398.0</ele></trkpt><trkpt lat="61.09298994" lon="13.80341115"><ele>398.0</ele></trkpt><trkpt lat="61.09303466" lon="13.80357015"><ele>394.0</ele></trkpt><trkpt lat="61.09307765" lon="13.80372735"><ele>394.0</ele></trkpt><trkpt lat="61.09311760" lon="13.80388635"><ele>391.0</ele></trkpt><trkpt lat="61.09315191" lon="13.80405614"><ele>390.0</ele></trkpt><trkpt lat="61.09318968" lon="13.80421514"><ele>390.0</ele></trkpt><trkpt lat="61.09325960" lon="13.80439929"><ele>388.0</ele></trkpt><trkpt lat="61.09333168" lon="13.80455470"><ele>388.0</ele></trkpt><trkpt lat="61.09342200" lon="13.80467328"><ele>388.0</ele></trkpt><trkpt lat="61.09350580" lon="13.80481162"><ele>388.0</ele></trkpt><trkpt lat="61.09358961" lon="13.80494457"><ele>388.0</ele></trkpt><trkpt lat="61.09366473" lon="13.80513771"><ele>388.0</ele></trkpt><trkpt lat="61.09372770" lon="13.80536678"><ele>388.0</ele></trkpt><trkpt lat="61.09378762" lon="13.80565244"><ele>388.0</ele></trkpt><trkpt lat="61.09380759" lon="13.80584378"><ele>388.0</ele></trkpt><trkpt lat="61.09382496" lon="13.80602974"><ele>389.0</ele></trkpt><trkpt lat="61.09384971" lon="13.80619862"><ele>390.0</ele></trkpt><trkpt lat="61.09387490" lon="13.80636032"><ele>390.0</ele></trkpt><trkpt lat="61.09390660" lon="13.80652381"><ele>390.0</ele></trkpt><trkpt lat="61.09399691" lon="13.80678163"><ele>394.0</ele></trkpt><trkpt lat="61.09408463" lon="13.80698285"><ele>395.0</ele></trkpt><trkpt lat="61.09415367" lon="13.80711939"><ele>396.0</ele></trkpt><trkpt lat="61.09420968" lon="13.80724965"><ele>396.0</ele></trkpt><trkpt lat="61.09426092" lon="13.80737541"><ele>398.0</ele></trkpt><trkpt lat="61.09431780" lon="13.80753890"><ele>398.0</ele></trkpt><trkpt lat="61.09438294" lon="13.80770419"><ele>398.0</ele></trkpt><trkpt lat="61.09444894" lon="13.80786050"><ele>398.0</ele></trkpt><trkpt lat="61.09452970" lon="13.80797728"><ele>398.0</ele></trkpt><trkpt lat="61.09462089" lon="13.80809137"><ele>398.0</ele></trkpt><trkpt lat="61.09470165" lon="13.80824588"><ele>398.0</ele></trkpt><trkpt lat="61.09478675" lon="13.80839590"><ele>398.0</ele></trkpt><trkpt lat="61.09487490" lon="13.80854053"><ele>397.0</ele></trkpt><trkpt lat="61.09496869" lon="13.80866629"><ele>397.0</ele></trkpt><trkpt lat="61.09505466" lon="13.80880643"><ele>397.0</ele></trkpt><trkpt lat="61.09511371" lon="13.80890524"><ele>397.0</ele></trkpt><trkpt lat="61.09520663" lon="13.80903729"><ele>397.0</ele></trkpt><trkpt lat="61.09528783" lon="13.80918821"><ele>397.0</ele></trkpt><trkpt lat="61.09533863" lon="13.80932386"><ele>397.0</ele></trkpt><trkpt lat="61.09540767" lon="13.80953316"><ele>397.0</ele></trkpt><trkpt lat="61.09546281" lon="13.80973618"><ele>398.0</ele></trkpt><trkpt lat="61.09550884" lon="13.80995447"><ele>398.0</ele></trkpt><trkpt lat="61.09555660" lon="13.81013324"><ele>398.0</ele></trkpt><trkpt lat="61.09560263" lon="13.81031829"><ele>399.0</ele></trkpt><trkpt lat="61.09565560" lon="13.81049257"><ele>399.0</ele></trkpt><trkpt lat="61.09572594" lon="13.81065426"><ele>399.0</ele></trkpt><trkpt lat="61.09577891" lon="13.81075667"><ele>399.0</ele></trkpt><trkpt lat="61.09583666" lon="13.81086447"><ele>399.0</ele></trkpt><trkpt lat="61.09589571" lon="13.81097227"><ele>399.0</ele></trkpt><trkpt lat="61.09595172" lon="13.81107288"><ele>399.0</ele></trkpt><trkpt lat="61.09600773" lon="13.81116900"><ele>399.0</ele></trkpt><trkpt lat="61.09608893" lon="13.81132261"><ele>399.0</ele></trkpt><trkpt lat="61.09614581" lon="13.81143131"><ele>399.0</ele></trkpt><trkpt lat="61.09620573" lon="13.81153910"><ele>399.0</ele></trkpt><trkpt lat="61.09626782" lon="13.81164510"><ele>399.0</ele></trkpt><trkpt lat="61.09632773" lon="13.81173943"><ele>399.0</ele></trkpt><trkpt lat="61.09639286" lon="13.81183734"><ele>399.0</ele></trkpt><trkpt lat="61.09648491" lon="13.81196311"><ele>399.0</ele></trkpt><trkpt lat="61.09654092" lon="13.81205743"><ele>399.0</ele></trkpt><trkpt lat="61.09662689" lon="13.81220386"><ele>399.0</ele></trkpt><trkpt lat="61.09668768" lon="13.81229548"><ele>398.0</ele></trkpt><trkpt lat="61.09675497" lon="13.81238172"><ele>398.0</ele></trkpt><trkpt lat="61.09682184" lon="13.81246976"><ele>398.0</ele></trkpt><trkpt lat="61.09692257" lon="13.81258115"><ele>398.0</ele></trkpt><trkpt lat="61.09701896" lon="13.81268715"><ele>397.0</ele></trkpt><trkpt lat="61.09711491" lon="13.81284525"><ele>397.0</ele></trkpt><trkpt lat="61.09719871" lon="13.81302761"><ele>397.0</ele></trkpt><trkpt lat="61.09728598" lon="13.81320727"><ele>397.0</ele></trkpt><trkpt lat="61.09733982" lon="13.81333394"><ele>397.0</ele></trkpt><trkpt lat="61.09738367" lon="13.81346150"><ele>397.0</ele></trkpt><trkpt lat="61.09747180" lon="13.81370764"><ele>397.0</ele></trkpt><trkpt lat="61.09752260" lon="13.81381184"><ele>397.0</ele></trkpt><trkpt lat="61.09759381" lon="13.81397354"><ele>397.0</ele></trkpt><trkpt lat="61.09766458" lon="13.81411727"><ele>397.0</ele></trkpt><trkpt lat="61.09772884" lon="13.81432119"><ele>396.0</ele></trkpt><trkpt lat="61.09777486" lon="13.81446581"><ele>396.0</ele></trkpt><trkpt lat="61.09783000" lon="13.81462122"><ele>396.0</ele></trkpt><trkpt lat="61.09789165" lon="13.81477843"><ele>396.0</ele></trkpt><trkpt lat="61.09795677" lon="13.81493833"><ele>398.0</ele></trkpt><trkpt lat="61.09802494" lon="13.81509733"><ele>398.0</ele></trkpt><trkpt lat="61.09810786" lon="13.81521142"><ele>398.0</ele></trkpt><trkpt lat="61.09817776" lon="13.81527430"><ele>398.0</ele></trkpt><trkpt lat="61.09826764" lon="13.81535964"><ele>398.0</ele></trkpt><trkpt lat="61.09835186" lon="13.81544049"><ele>398.0</ele></trkpt><trkpt lat="61.09845389" lon="13.81550067"><ele>398.0</ele></trkpt><trkpt lat="61.09856677" lon="13.81554469"><ele>399.0</ele></trkpt><trkpt lat="61.09868400" lon="13.81556625"><ele>399.0</ele></trkpt><trkpt lat="61.09879471" lon="13.81557344"><ele>399.0</ele></trkpt><trkpt lat="61.09890064" lon="13.81557434"><ele>399.0</ele></trkpt><trkpt lat="61.09900093" lon="13.81558242"><ele>399.0</ele></trkpt><trkpt lat="61.09911598" lon="13.81561476"><ele>399.0</ele></trkpt><trkpt lat="61.09921497" lon="13.81566596"><ele>401.0</ele></trkpt><trkpt lat="61.09929876" lon="13.81567495"><ele>401.0</ele></trkpt><trkpt lat="61.09938081" lon="13.81566417"><ele>401.0</ele></trkpt><trkpt lat="61.09945375" lon="13.81561476"><ele>404.0</ele></trkpt><trkpt lat="61.09953363" lon="13.81559679"><ele>404.0</ele></trkpt><trkpt lat="61.09961786" lon="13.81558422"><ele>407.0</ele></trkpt><trkpt lat="61.09971380" lon="13.81556625"><ele>407.0</ele></trkpt><trkpt lat="61.09979369" lon="13.81555457"><ele>407.0</ele></trkpt><trkpt lat="61.09987487" lon="13.81553571"><ele>409.0</ele></trkpt><trkpt lat="61.09996864" lon="13.81555098"><ele>409.0</ele></trkpt><trkpt lat="61.10006198" lon="13.81556984"><ele>410.0</ele></trkpt><trkpt lat="61.10015489" lon="13.81562195"><ele>411.0</ele></trkpt><trkpt lat="61.10024259" lon="13.81567225"><ele>412.0</ele></trkpt><trkpt lat="61.10038759" lon="13.81577646"><ele>413.0</ele></trkpt><trkpt lat="61.10047485" lon="13.81583395"><ele>414.0</ele></trkpt><trkpt lat="61.10062158" lon="13.81591569"><ele>415.0</ele></trkpt><trkpt lat="61.10074488" lon="13.81600553"><ele>416.0</ele></trkpt><trkpt lat="61.10080870" lon="13.81604415"><ele>417.0</ele></trkpt><trkpt lat="61.10087772" lon="13.81608727"><ele>417.0</ele></trkpt><trkpt lat="61.10101273" lon="13.81617890"><ele>416.0</ele></trkpt><trkpt lat="61.10107872" lon="13.81620585"><ele>416.0</ele></trkpt><trkpt lat="61.10114862" lon="13.81625346"><ele>416.0</ele></trkpt><trkpt lat="61.10122068" lon="13.81630197"><ele>416.0</ele></trkpt><trkpt lat="61.10135700" lon="13.81640618"><ele>416.0</ele></trkpt><trkpt lat="61.10142993" lon="13.81645558"><ele>416.0</ele></trkpt><trkpt lat="61.10150460" lon="13.81650858"><ele>416.0</ele></trkpt><trkpt lat="61.10157579" lon="13.81657326"><ele>416.0</ele></trkpt><trkpt lat="61.10165089" lon="13.81664333"><ele>414.0</ele></trkpt><trkpt lat="61.10172600" lon="13.81671879"><ele>414.0</ele></trkpt><trkpt lat="61.10179980" lon="13.81677898"><ele>414.0</ele></trkpt><trkpt lat="61.10186795" lon="13.81683287"><ele>414.0</ele></trkpt><trkpt lat="61.10194175" lon="13.81689037"><ele>414.0</ele></trkpt><trkpt lat="61.10200991" lon="13.81695415"><ele>414.0</ele></trkpt><trkpt lat="61.10207763" lon="13.81701972"><ele>414.0</ele></trkpt><trkpt lat="61.10214665" lon="13.81708530"><ele>414.0</ele></trkpt><trkpt lat="61.10221394" lon="13.81714639"><ele>414.0</ele></trkpt><trkpt lat="61.10227992" lon="13.81720568"><ele>414.0</ele></trkpt><trkpt lat="61.10234764" lon="13.81727395"><ele>413.0</ele></trkpt><trkpt lat="61.10241971" lon="13.81734581"><ele>413.0</ele></trkpt><trkpt lat="61.10248786" lon="13.81741049"><ele>413.0</ele></trkpt><trkpt lat="61.10255558" lon="13.81747517"><ele>413.0</ele></trkpt><trkpt lat="61.10269363" lon="13.81757398"><ele>413.0</ele></trkpt><trkpt lat="61.10282386" lon="13.81765573"><ele>413.0</ele></trkpt><trkpt lat="61.10295061" lon="13.81774287"><ele>413.0</ele></trkpt><trkpt lat="61.10307260" lon="13.81783899"><ele>414.0</ele></trkpt><trkpt lat="61.10319675" lon="13.81796745"><ele>414.0</ele></trkpt><trkpt lat="61.10331569" lon="13.81811926"><ele>415.0</ele></trkpt><trkpt lat="61.10337690" lon="13.81820820"><ele>415.0</ele></trkpt><trkpt lat="61.10343767" lon="13.81830432"><ele>415.0</ele></trkpt><trkpt lat="61.10349193" lon="13.81841481"><ele>415.0</ele></trkpt><trkpt lat="61.10354880" lon="13.81853069"><ele>415.0</ele></trkpt><trkpt lat="61.10360870" lon="13.81864568"><ele>415.0</ele></trkpt><trkpt lat="61.10366687" lon="13.81875257"><ele>415.0</ele></trkpt><trkpt lat="61.10372070" lon="13.81887834"><ele>415.0</ele></trkpt><trkpt lat="61.10377192" lon="13.81901758"><ele>415.0</ele></trkpt><trkpt lat="61.10382097" lon="13.81914963"><ele>415.0</ele></trkpt><trkpt lat="61.10387089" lon="13.81927270"><ele>414.0</ele></trkpt><trkpt lat="61.10398592" lon="13.81945326"><ele>413.0</ele></trkpt><trkpt lat="61.10405191" lon="13.81950716"><ele>413.0</ele></trkpt><trkpt lat="61.10419385" lon="13.81957094"><ele>412.0</ele></trkpt><trkpt lat="61.10426157" lon="13.81958621"><ele>412.0</ele></trkpt><trkpt lat="61.10434578" lon="13.81961316"><ele>412.0</ele></trkpt><trkpt lat="61.10448685" lon="13.81971826"><ele>411.0</ele></trkpt><trkpt lat="61.10460970" lon="13.81978564"><ele>411.0</ele></trkpt><trkpt lat="61.10466960" lon="13.81983235"><ele>411.0</ele></trkpt><trkpt lat="61.10476770" lon="13.82003986"><ele>411.0</ele></trkpt><trkpt lat="61.10481371" lon="13.82013957"><ele>411.0</ele></trkpt><trkpt lat="61.10492657" lon="13.82032013"><ele>411.0</ele></trkpt><trkpt lat="61.10498865" lon="13.82041176"><ele>410.0</ele></trkpt><trkpt lat="61.10504985" lon="13.82052854"><ele>410.0</ele></trkpt><trkpt lat="61.10511279" lon="13.82062377"><ele>410.0</ele></trkpt><trkpt lat="61.10517877" lon="13.82070012"><ele>410.0</ele></trkpt><trkpt lat="61.10530465" lon="13.82086451"><ele>408.0</ele></trkpt><trkpt lat="61.10542662" lon="13.82098489"><ele>408.0</ele></trkpt><trkpt lat="61.10554772" lon="13.82110257"><ele>408.0</ele></trkpt><trkpt lat="61.10565798" lon="13.82122294"><ele>408.0</ele></trkpt><trkpt lat="61.10571961" lon="13.82128852"><ele>408.0</ele></trkpt><trkpt lat="61.10579384" lon="13.82132625"><ele>408.0</ele></trkpt><trkpt lat="61.10587588" lon="13.82134781"><ele>408.0</ele></trkpt><trkpt lat="61.10594663" lon="13.82136937"><ele>408.0</ele></trkpt><trkpt lat="61.10600870" lon="13.82136937"><ele>408.0</ele></trkpt><trkpt lat="61.10612068" lon="13.82148884"><ele>408.0</ele></trkpt><trkpt lat="61.10615975" lon="13.82160562"><ele>408.0</ele></trkpt><trkpt lat="61.10620185" lon="13.82178888"><ele>409.0</ele></trkpt><trkpt lat="61.10621965" lon="13.82199639"><ele>409.0</ele></trkpt><trkpt lat="61.10623571" lon="13.82214282"><ele>409.0</ele></trkpt><trkpt lat="61.10626262" lon="13.82242668"><ele>410.0</ele></trkpt><trkpt lat="61.10631167" lon="13.82269348"><ele>411.0</ele></trkpt><trkpt lat="61.10636375" lon="13.82293783"><ele>411.0</ele></trkpt><trkpt lat="61.10642669" lon="13.82318127"><ele>412.0</ele></trkpt><trkpt lat="61.10648095" lon="13.82332051"><ele>412.0</ele></trkpt><trkpt lat="61.10651263" lon="13.82347771"><ele>412.0</ele></trkpt><trkpt lat="61.10654692" lon="13.82362773"><ele>416.0</ele></trkpt><trkpt lat="61.10656993" lon="13.82377955"><ele>416.0</ele></trkpt><trkpt lat="61.10658295" lon="13.82393945"><ele>417.0</ele></trkpt><trkpt lat="61.10660161" lon="13.82411821"><ele>418.0</ele></trkpt><trkpt lat="61.10662679" lon="13.82431494"><ele>419.0</ele></trkpt><trkpt lat="61.10665066" lon="13.82449550"><ele>420.0</ele></trkpt><trkpt lat="61.10670058" lon="13.82465451"><ele>420.0</ele></trkpt><trkpt lat="61.10675093" lon="13.82478297"><ele>421.0</ele></trkpt><trkpt lat="61.10678695" lon="13.82492759"><ele>422.0</ele></trkpt><trkpt lat="61.10683687" lon="13.82506144"><ele>422.0</ele></trkpt><trkpt lat="61.10688982" lon="13.82520787"><ele>424.0</ele></trkpt><trkpt lat="61.10697359" lon="13.82534621"><ele>424.0</ele></trkpt><trkpt lat="61.10706778" lon="13.82545041"><ele>424.0</ele></trkpt><trkpt lat="61.10716197" lon="13.82558786"><ele>425.0</ele></trkpt><trkpt lat="61.10722881" lon="13.82569565"><ele>425.0</ele></trkpt><trkpt lat="61.10735598" lon="13.82584657"><ele>427.0</ele></trkpt><trkpt lat="61.10740373" lon="13.82594089"><ele>427.0</ele></trkpt><trkpt lat="61.10746796" lon="13.82612235"><ele>427.0</ele></trkpt><trkpt lat="61.10750095" lon="13.82626878"><ele>428.0</ele></trkpt><trkpt lat="61.10757995" lon="13.82651671"><ele>429.0</ele></trkpt><trkpt lat="61.10768368" lon="13.82680148"><ele>429.0</ele></trkpt><trkpt lat="61.10774792" lon="13.82705480"><ele>430.0</ele></trkpt><trkpt lat="61.10779783" lon="13.82723357"><ele>430.0</ele></trkpt><trkpt lat="61.10786077" lon="13.82739257"><ele>430.0</ele></trkpt><trkpt lat="61.10792196" lon="13.82755966"><ele>431.0</ele></trkpt><trkpt lat="61.10797492" lon="13.82769800"><ele>431.0</ele></trkpt><trkpt lat="61.10803481" lon="13.82795941"><ele>432.0</ele></trkpt><trkpt lat="61.10805565" lon="13.82811751"><ele>434.0</ele></trkpt><trkpt lat="61.10808690" lon="13.82830436"><ele>436.0</ele></trkpt><trkpt lat="61.10810295" lon="13.82845438"><ele>437.0</ele></trkpt><trkpt lat="61.10810469" lon="13.82866548"><ele>438.0</ele></trkpt><trkpt lat="61.10809080" lon="13.82886760"><ele>438.0</ele></trkpt><trkpt lat="61.10807257" lon="13.82909398"><ele>438.0</ele></trkpt><trkpt lat="61.10805868" lon="13.82927454"><ele>438.0</ele></trkpt><trkpt lat="61.10804393" lon="13.82950810"><ele>438.0</ele></trkpt><trkpt lat="61.10803481" lon="13.82966261"><ele>438.0</ele></trkpt><trkpt lat="61.10801181" lon="13.82988360"><ele>438.0</ele></trkpt><trkpt lat="61.10798664" lon="13.83009381"><ele>437.0</ele></trkpt><trkpt lat="61.10796580" lon="13.83031120"><ele>437.0</ele></trkpt><trkpt lat="61.10794974" lon="13.83052859"><ele>437.0</ele></trkpt><trkpt lat="61.10791372" lon="13.83073880"><ele>437.0</ele></trkpt><trkpt lat="61.10786684" lon="13.83094092"><ele>437.0</ele></trkpt><trkpt lat="61.10780781" lon="13.83115651"><ele>437.0</ele></trkpt><trkpt lat="61.10776788" lon="13.83130563"><ele>437.0</ele></trkpt><trkpt lat="61.10771667" lon="13.83150326"><ele>436.0</ele></trkpt><trkpt lat="61.10765981" lon="13.83171077"><ele>436.0</ele></trkpt><trkpt lat="61.10761597" lon="13.83193355"><ele>436.0</ele></trkpt><trkpt lat="61.10758559" lon="13.83207459"><ele>435.0</ele></trkpt><trkpt lat="61.10755260" lon="13.83221293"><ele>435.0</ele></trkpt><trkpt lat="61.10751658" lon="13.83234678"><ele>435.0</ele></trkpt><trkpt lat="61.10746970" lon="13.83254890"><ele>435.0</ele></trkpt><trkpt lat="61.10743585" lon="13.83268365"><ele>435.0</ele></trkpt><trkpt lat="61.10737899" lon="13.83288757"><ele>435.0</ele></trkpt><trkpt lat="61.10734600" lon="13.83304118"><ele>435.0</ele></trkpt><trkpt lat="61.10731171" lon="13.83317952"><ele>435.0</ele></trkpt><trkpt lat="61.10727482" lon="13.83332594"><ele>435.0</ele></trkpt><trkpt lat="61.10723966" lon="13.83346339"><ele>434.0</ele></trkpt><trkpt lat="61.10721188" lon="13.83360262"><ele>434.0</ele></trkpt><trkpt lat="61.10715589" lon="13.83393590"><ele>434.0</ele></trkpt><trkpt lat="61.10713679" lon="13.83409131"><ele>434.0</ele></trkpt><trkpt lat="61.10713462" lon="13.83446411"><ele>433.0</ele></trkpt><trkpt lat="61.10715980" lon="13.83474079"><ele>433.0</ele></trkpt><trkpt lat="61.10720667" lon="13.83500040"><ele>433.0</ele></trkpt><trkpt lat="61.10728263" lon="13.83524295"><ele>433.0</ele></trkpt><trkpt lat="61.10736857" lon="13.83547022"><ele>432.0</ele></trkpt><trkpt lat="61.10747968" lon="13.83564629"><ele>432.0</ele></trkpt><trkpt lat="61.10754175" lon="13.83572894"><ele>432.0</ele></trkpt><trkpt lat="61.10760859" lon="13.83583045"><ele>432.0</ele></trkpt><trkpt lat="61.10767066" lon="13.83593465"><ele>430.0</ele></trkpt><trkpt lat="61.10779175" lon="13.83610353"><ele>430.0</ele></trkpt><trkpt lat="61.10785078" lon="13.83618528"><ele>430.0</ele></trkpt><trkpt lat="61.10790981" lon="13.83627871"><ele>430.0</ele></trkpt><trkpt lat="61.10797058" lon="13.83638830"><ele>429.0</ele></trkpt><trkpt lat="61.10803091" lon="13.83651586"><ele>429.0</ele></trkpt><trkpt lat="61.10807778" lon="13.83664791"><ele>429.0</ele></trkpt><trkpt lat="61.10812596" lon="13.83677997"><ele>429.0</ele></trkpt><trkpt lat="61.10816893" lon="13.83692280"><ele>429.0</ele></trkpt><trkpt lat="61.10821059" lon="13.83705126"><ele>427.0</ele></trkpt><trkpt lat="61.10825400" lon="13.83717163"><ele>427.0</ele></trkpt><trkpt lat="61.10829697" lon="13.83729740"><ele>427.0</ele></trkpt><trkpt lat="61.10838464" lon="13.83753725"><ele>426.0</ele></trkpt><trkpt lat="61.10843282" lon="13.83763696"><ele>425.0</ele></trkpt><trkpt lat="61.10848794" lon="13.83774116"><ele>425.0</ele></trkpt><trkpt lat="61.10854566" lon="13.83783549"><ele>425.0</ele></trkpt><trkpt lat="61.10865894" lon="13.83800257"><ele>425.0</ele></trkpt><trkpt lat="61.10871667" lon="13.83807534"><ele>425.0</ele></trkpt><trkpt lat="61.10883472" lon="13.83823973"><ele>425.0</ele></trkpt><trkpt lat="61.10889375" lon="13.83832058"><ele>425.0</ele></trkpt><trkpt lat="61.10894670" lon="13.83842837"><ele>425.0</ele></trkpt><trkpt lat="61.10899661" lon="13.83853977"><ele>425.0</ele></trkpt><trkpt lat="61.10904088" lon="13.83868350"><ele>425.0</ele></trkpt><trkpt lat="61.10907386" lon="13.83884070"><ele>425.0</ele></trkpt><trkpt lat="61.10912985" lon="13.83912637"><ele>425.0</ele></trkpt><trkpt lat="61.10914678" lon="13.83926560"><ele>424.0</ele></trkpt><trkpt lat="61.10915199" lon="13.83942820"><ele>424.0</ele></trkpt><trkpt lat="61.10919495" lon="13.83969769"><ele>424.0</ele></trkpt><trkpt lat="61.10925181" lon="13.83994383"><ele>424.0</ele></trkpt><trkpt lat="61.10930476" lon="13.84020524"><ele>424.0</ele></trkpt><trkpt lat="61.10935597" lon="13.84035526"><ele>424.0</ele></trkpt><trkpt lat="61.10946274" lon="13.84060140"><ele>422.0</ele></trkpt><trkpt lat="61.10956169" lon="13.84078915"><ele>422.0</ele></trkpt><trkpt lat="61.10960466" lon="13.84089245"><ele>422.0</ele></trkpt><trkpt lat="61.10965197" lon="13.84101193"><ele>421.0</ele></trkpt><trkpt lat="61.10970057" lon="13.84113140"><ele>420.0</ele></trkpt><trkpt lat="61.10975179" lon="13.84125178"><ele>420.0</ele></trkpt><trkpt lat="61.10979562" lon="13.84138563"><ele>420.0</ele></trkpt><trkpt lat="61.10984163" lon="13.84152936"><ele>420.0</ele></trkpt><trkpt lat="61.10990586" lon="13.84171711"><ele>420.0</ele></trkpt><trkpt lat="61.10996098" lon="13.84182940"><ele>420.0</ele></trkpt><trkpt lat="61.11001870" lon="13.84194348"><ele>420.0</ele></trkpt><trkpt lat="61.11007859" lon="13.84202792"><ele>420.0</ele></trkpt><trkpt lat="61.11013892" lon="13.84210967"><ele>420.0</ele></trkpt><trkpt lat="61.11025957" lon="13.84228394"><ele>419.0</ele></trkpt><trkpt lat="61.11032597" lon="13.84233784"><ele>419.0</ele></trkpt><trkpt lat="61.11041364" lon="13.84241330"><ele>419.0</ele></trkpt><trkpt lat="61.11054297" lon="13.84253727"><ele>416.0</ele></trkpt><trkpt lat="61.11060677" lon="13.84260734"><ele>416.0</ele></trkpt><trkpt lat="61.11067360" lon="13.84266393"><ele>415.0</ele></trkpt><trkpt lat="61.11074391" lon="13.84273580"><ele>415.0</ele></trkpt><trkpt lat="61.11081465" lon="13.84281575"><ele>415.0</ele></trkpt><trkpt lat="61.11088799" lon="13.84288312"><ele>415.0</ele></trkpt><trkpt lat="61.11095787" lon="13.84299361"><ele>415.0</ele></trkpt><trkpt lat="61.11101776" lon="13.84309961"><ele>415.0</ele></trkpt><trkpt lat="61.11107157" lon="13.84320561"><ele>415.0</ele></trkpt><trkpt lat="61.11115360" lon="13.84349397"><ele>416.0</ele></trkpt><trkpt lat="61.11116792" lon="13.84366376"><ele>416.0</ele></trkpt><trkpt lat="61.11118180" lon="13.84383174"><ele>416.0</ele></trkpt><trkpt lat="61.11118875" lon="13.84400512"><ele>416.0</ele></trkpt><trkpt lat="61.11117573" lon="13.84417400"><ele>416.0</ele></trkpt><trkpt lat="61.11116358" lon="13.84447314"><ele>416.0</ele></trkpt><trkpt lat="61.11114795" lon="13.84467795"><ele>416.0</ele></trkpt><trkpt lat="61.11114969" lon="13.84487379"><ele>416.0</ele></trkpt><trkpt lat="61.11115360" lon="13.84506243"><ele>416.0</ele></trkpt><trkpt lat="61.11115490" lon="13.84537774"><ele>416.0</ele></trkpt><trkpt lat="61.11115490" lon="13.84550979"><ele>417.0</ele></trkpt><trkpt lat="61.11116184" lon="13.84565981"><ele>417.0</ele></trkpt><trkpt lat="61.11116184" lon="13.84581612"><ele>417.0</ele></trkpt><trkpt lat="61.11114492" lon="13.84598680"><ele>417.0</ele></trkpt><trkpt lat="61.11111367" lon="13.84627785"><ele>419.0</ele></trkpt><trkpt lat="61.11109067" lon="13.84653836"><ele>419.0</ele></trkpt><trkpt lat="61.11105985" lon="13.84681055"><ele>419.0</ele></trkpt><trkpt lat="61.11104683" lon="13.84694530"><ele>419.0</ele></trkpt><trkpt lat="61.11103859" lon="13.84711329"><ele>419.0</ele></trkpt><trkpt lat="61.11102383" lon="13.84728217"><ele>419.0</ele></trkpt><trkpt lat="61.11099259" lon="13.84742860"><ele>419.0</ele></trkpt><trkpt lat="61.11095787" lon="13.84756514"><ele>419.0</ele></trkpt><trkpt lat="61.11092185" lon="13.84770528"><ele>418.0</ele></trkpt><trkpt lat="61.11088669" lon="13.84786338"><ele>418.0</ele></trkpt><trkpt lat="61.11084460" lon="13.84800442"><ele>418.0</ele></trkpt><trkpt lat="61.11080988" lon="13.84814276"><ele>418.0</ele></trkpt><trkpt lat="61.11077776" lon="13.84829457"><ele>418.0</ele></trkpt><trkpt lat="61.11074391" lon="13.84844369"><ele>418.0</ele></trkpt><trkpt lat="61.11070962" lon="13.84860449"><ele>418.0</ele></trkpt><trkpt lat="61.11068575" lon="13.84875092"><ele>418.0</ele></trkpt><trkpt lat="61.11063758" lon="13.84903119"><ele>418.0</ele></trkpt><trkpt lat="61.11059462" lon="13.84929979"><ele>418.0</ele></trkpt><trkpt lat="61.11055990" lon="13.84957557"><ele>418.0</ele></trkpt><trkpt lat="61.11053776" lon="13.84971750"><ele>418.0</ele></trkpt><trkpt lat="61.11051172" lon="13.84990345"><ele>419.0</ele></trkpt><trkpt lat="61.11051563" lon="13.85024032"><ele>419.0</ele></trkpt><trkpt lat="61.11054557" lon="13.85038315"><ele>419.0</ele></trkpt><trkpt lat="61.11059462" lon="13.85050173"><ele>420.0</ele></trkpt><trkpt lat="61.11067187" lon="13.85064726"><ele>420.0</ele></trkpt><trkpt lat="61.11072872" lon="13.85074787"><ele>420.0</ele></trkpt><trkpt lat="61.11084373" lon="13.85093292"><ele>419.0</ele></trkpt><trkpt lat="61.11089971" lon="13.85101197"><ele>419.0</ele></trkpt><trkpt lat="61.11095266" lon="13.85112157"><ele>419.0</ele></trkpt><trkpt lat="61.11105985" lon="13.85132998"><ele>419.0</ele></trkpt><trkpt lat="61.11111584" lon="13.85143867"><ele>419.0</ele></trkpt><trkpt lat="61.11118180" lon="13.85157073"><ele>419.0</ele></trkpt><trkpt lat="61.11124473" lon="13.85170278"><ele>419.0</ele></trkpt><trkpt lat="61.11129898" lon="13.85182315"><ele>419.0</ele></trkpt><trkpt lat="61.11135063" lon="13.85193993"><ele>419.0</ele></trkpt><trkpt lat="61.11142874" lon="13.85208995"><ele>419.0</ele></trkpt><trkpt lat="61.11150469" lon="13.85223997"><ele>419.0</ele></trkpt><trkpt lat="61.11156675" lon="13.85233160"><ele>419.0</ele></trkpt><trkpt lat="61.11165962" lon="13.85245197"><ele>419.0</ele></trkpt><trkpt lat="61.11174294" lon="13.85256157"><ele>417.0</ele></trkpt><trkpt lat="61.11182497" lon="13.85267386"><ele>417.0</ele></trkpt><trkpt lat="61.11190091" lon="13.85278345"><ele>417.0</ele></trkpt><trkpt lat="61.11198293" lon="13.85288317"><ele>417.0</ele></trkpt><trkpt lat="61.11207363" lon="13.85302779"><ele>417.0</ele></trkpt><trkpt lat="61.11214264" lon="13.85320746"><ele>417.0</ele></trkpt><trkpt lat="61.11218864" lon="13.85335568"><ele>417.0</ele></trkpt><trkpt lat="61.11223898" lon="13.85353355"><ele>417.0</ele></trkpt><trkpt lat="61.11227196" lon="13.85371590"><ele>417.0</ele></trkpt><trkpt lat="61.11230277" lon="13.85389736"><ele>417.0</ele></trkpt><trkpt lat="61.11231970" lon="13.85415338"><ele>417.0</ele></trkpt><trkpt lat="61.11232187" lon="13.85433574"><ele>417.0</ele></trkpt><trkpt lat="61.11233575" lon="13.85451181"><ele>417.0</ele></trkpt><trkpt lat="61.11237958" lon="13.85466363"><ele>417.0</ele></trkpt><trkpt lat="61.11244381" lon="13.85478939"><ele>417.0</ele></trkpt><trkpt lat="61.11250283" lon="13.85495199"><ele>417.0</ele></trkpt><trkpt lat="61.11254059" lon="13.85514782"><ele>414.0</ele></trkpt><trkpt lat="61.11256880" lon="13.85534994"><ele>413.0</ele></trkpt><trkpt lat="61.11259093" lon="13.85550714"><ele>413.0</ele></trkpt><trkpt lat="61.11261393" lon="13.85566525"><ele>412.0</ele></trkpt><trkpt lat="61.11262695" lon="13.85581976"><ele>412.0</ele></trkpt><trkpt lat="61.11263563" lon="13.85597517"><ele>412.0</ele></trkpt><trkpt lat="61.11264865" lon="13.85612788"><ele>412.0</ele></trkpt><trkpt lat="61.11267165" lon="13.85641714"><ele>412.0</ele></trkpt><trkpt lat="61.11268770" lon="13.85657165"><ele>412.0</ele></trkpt><trkpt lat="61.11270897" lon="13.85671987"><ele>412.0</ele></trkpt><trkpt lat="61.11272589" lon="13.85687977"><ele>412.0</ele></trkpt><trkpt lat="61.11274499" lon="13.85703159"><ele>412.0</ele></trkpt><trkpt lat="61.11276061" lon="13.85719777"><ele>412.0</ele></trkpt><trkpt lat="61.11280097" lon="13.85748793"><ele>412.0</ele></trkpt><trkpt lat="61.11280965" lon="13.85764513"><ele>412.0</ele></trkpt><trkpt lat="61.11280878" lon="13.85781132"><ele>412.0</ele></trkpt><trkpt lat="61.11279489" lon="13.85811136"><ele>412.0</ele></trkpt><trkpt lat="61.11278274" lon="13.85826946"><ele>412.0</ele></trkpt><trkpt lat="61.11278578" lon="13.85843745"><ele>412.0</ele></trkpt><trkpt lat="61.11278882" lon="13.85866382"><ele>412.0</ele></trkpt><trkpt lat="61.11278361" lon="13.85888391"><ele>412.0</ele></trkpt><trkpt lat="61.11278578" lon="13.85907525"><ele>413.0</ele></trkpt><trkpt lat="61.11278665" lon="13.85925941"><ele>413.0</ele></trkpt><trkpt lat="61.11278665" lon="13.85960167"><ele>413.0</ele></trkpt><trkpt lat="61.11279185" lon="13.85978133"><ele>416.0</ele></trkpt><trkpt lat="61.11279489" lon="13.85996189"><ele>416.0</ele></trkpt><trkpt lat="61.11281572" lon="13.86026732"><ele>414.0</ele></trkpt><trkpt lat="61.11283785" lon="13.86040835"><ele>414.0</ele></trkpt><trkpt lat="61.11286867" lon="13.86054849"><ele>413.0</ele></trkpt><trkpt lat="61.11290078" lon="13.86068683"><ele>413.0</ele></trkpt><trkpt lat="61.11293463" lon="13.86082337"><ele>413.0</ele></trkpt><trkpt lat="61.11296674" lon="13.86096710"><ele>413.0</ele></trkpt><trkpt lat="61.11301361" lon="13.86117462"><ele>413.0</ele></trkpt><trkpt lat="61.11306091" lon="13.86146387"><ele>413.0</ele></trkpt><trkpt lat="61.11308695" lon="13.86166959"><ele>413.0</ele></trkpt><trkpt lat="61.11310474" lon="13.86190495"><ele>413.0</ele></trkpt><trkpt lat="61.11312297" lon="13.86214659"><ele>413.0</ele></trkpt><trkpt lat="61.11312774" lon="13.86232446"><ele>413.0</ele></trkpt><trkpt lat="61.11312774" lon="13.86249424"><ele>413.0</ele></trkpt><trkpt lat="61.11311559" lon="13.86266762"><ele>413.0</ele></trkpt><trkpt lat="61.11310083" lon="13.86283830"><ele>412.0</ele></trkpt><trkpt lat="61.11307567" lon="13.86300448"><ele>412.0</ele></trkpt><trkpt lat="61.11304876" lon="13.86315899"><ele>412.0</ele></trkpt><trkpt lat="61.11302272" lon="13.86330542"><ele>412.0</ele></trkpt><trkpt lat="61.11297889" lon="13.86349856"><ele>412.0</ele></trkpt><trkpt lat="61.11292682" lon="13.86368810"><ele>412.0</ele></trkpt><trkpt lat="61.11288385" lon="13.86381476"><ele>412.0</ele></trkpt><trkpt lat="61.11283699" lon="13.86395131"><ele>412.0</ele></trkpt><trkpt lat="61.11279663" lon="13.86408336"><ele>412.0</ele></trkpt><trkpt lat="61.11275497" lon="13.86421811"><ele>412.0</ele></trkpt><trkpt lat="61.11271070" lon="13.86434747"><ele>412.0</ele></trkpt><trkpt lat="61.11266861" lon="13.86447772"><ele>412.0</ele></trkpt><trkpt lat="61.11262868" lon="13.86460169"><ele>412.0</ele></trkpt><trkpt lat="61.11259093" lon="13.86472925"><ele>412.0</ele></trkpt><trkpt lat="61.11249372" lon="13.86503288"><ele>411.0</ele></trkpt><trkpt lat="61.11244468" lon="13.86516583"><ele>411.0</ele></trkpt><trkpt lat="61.11240259" lon="13.86530417"><ele>411.0</ele></trkpt><trkpt lat="61.11236092" lon="13.86552875"><ele>409.0</ele></trkpt><trkpt lat="61.11233966" lon="13.86572458"><ele>409.0</ele></trkpt><trkpt lat="61.11231362" lon="13.86594377"><ele>409.0</ele></trkpt><trkpt lat="61.11226588" lon="13.86616476"><ele>409.0</ele></trkpt><trkpt lat="61.11224071" lon="13.86631567"><ele>410.0</ele></trkpt><trkpt lat="61.11223594" lon="13.86651690"><ele>410.0</ele></trkpt><trkpt lat="61.11227066" lon="13.86671093"><ele>410.0</ele></trkpt><trkpt lat="61.11231275" lon="13.86694719"><ele>409.0</ele></trkpt><trkpt lat="61.11232490" lon="13.86711248"><ele>409.0</ele></trkpt><trkpt lat="61.11232187" lon="13.86734874"><ele>409.0</ele></trkpt><trkpt lat="61.11231189" lon="13.86751762"><ele>409.0</ele></trkpt><trkpt lat="61.11227587" lon="13.86774669"><ele>408.0</ele></trkpt><trkpt lat="61.11224679" lon="13.86790479"><ele>408.0</ele></trkpt><trkpt lat="61.11222292" lon="13.86805391"><ele>408.0</ele></trkpt><trkpt lat="61.11220383" lon="13.86820842"><ele>408.0</ele></trkpt><trkpt lat="61.11218083" lon="13.86843660"><ele>407.0</ele></trkpt><trkpt lat="61.11217996" lon="13.86866387"><ele>407.0</ele></trkpt><trkpt lat="61.11219688" lon="13.86889564"><ele>407.0</ele></trkpt><trkpt lat="61.11222075" lon="13.86912560"><ele>407.0</ele></trkpt><trkpt lat="61.11223160" lon="13.86928191"><ele>406.0</ele></trkpt><trkpt lat="61.11225200" lon="13.86942923"><ele>406.0</ele></trkpt><trkpt lat="61.11227196" lon="13.86957297"><ele>406.0</ele></trkpt><trkpt lat="61.11228368" lon="13.86972298"><ele>406.0</ele></trkpt><trkpt lat="61.11230277" lon="13.86987031"><ele>406.0</ele></trkpt><trkpt lat="61.11234183" lon="13.87014968"><ele>405.0</ele></trkpt><trkpt lat="61.11239087" lon="13.87035270"><ele>405.0</ele></trkpt><trkpt lat="61.11242472" lon="13.87049733"><ele>405.0</ele></trkpt><trkpt lat="61.11245466" lon="13.87064915"><ele>405.0</ele></trkpt><trkpt lat="61.11247896" lon="13.87079737"><ele>406.0</ele></trkpt><trkpt lat="61.11250066" lon="13.87095637"><ele>406.0</ele></trkpt><trkpt lat="61.11251585" lon="13.87112076"><ele>406.0</ele></trkpt><trkpt lat="61.11254796" lon="13.87127527"><ele>406.0</ele></trkpt><trkpt lat="61.11258485" lon="13.87143966"><ele>406.0</ele></trkpt><trkpt lat="61.11262868" lon="13.87158339"><ele>406.0</ele></trkpt><trkpt lat="61.11267078" lon="13.87172892"><ele>406.0</ele></trkpt><trkpt lat="61.11270766" lon="13.87187714"><ele>406.0</ele></trkpt><trkpt lat="61.11274282" lon="13.87202537"><ele>406.0</ele></trkpt><trkpt lat="61.11277059" lon="13.87217628"><ele>406.0</ele></trkpt><trkpt lat="61.11280357" lon="13.87232361"><ele>405.0</ele></trkpt><trkpt lat="61.11283091" lon="13.87247722"><ele>405.0</ele></trkpt><trkpt lat="61.11284870" lon="13.87263083"><ele>405.0</ele></trkpt><trkpt lat="61.11288082" lon="13.87292817"><ele>405.0</ele></trkpt><trkpt lat="61.11289991" lon="13.87306741"><ele>405.0</ele></trkpt><trkpt lat="61.11294070" lon="13.87335757"><ele>405.0</ele></trkpt><trkpt lat="61.11296284" lon="13.87351118"><ele>405.0</ele></trkpt><trkpt lat="61.11298887" lon="13.87366928"><ele>404.0</ele></trkpt><trkpt lat="61.11301968" lon="13.87382379"><ele>404.0</ele></trkpt><trkpt lat="61.11304485" lon="13.87398100"><ele>404.0</ele></trkpt><trkpt lat="61.11306699" lon="13.87413281"><ele>404.0</ele></trkpt><trkpt lat="61.11308999" lon="13.87428463"><ele>404.0</ele></trkpt><trkpt lat="61.11311689" lon="13.87442566"><ele>404.0</ele></trkpt><trkpt lat="61.11314163" lon="13.87457658"><ele>404.0</ele></trkpt><trkpt lat="61.11317287" lon="13.87473468"><ele>404.0</ele></trkpt><trkpt lat="61.11320195" lon="13.87488650"><ele>404.0</ele></trkpt><trkpt lat="61.11323189" lon="13.87503742"><ele>404.0</ele></trkpt><trkpt lat="61.11326661" lon="13.87518923"><ele>403.0</ele></trkpt><trkpt lat="61.11329178" lon="13.87534284"><ele>403.0</ele></trkpt><trkpt lat="61.11331781" lon="13.87549466"><ele>403.0</ele></trkpt><trkpt lat="61.11333995" lon="13.87565366"><ele>403.0</ele></trkpt><trkpt lat="61.11336381" lon="13.87581176"><ele>403.0</ele></trkpt><trkpt lat="61.11338595" lon="13.87596628"><ele>403.0</ele></trkpt><trkpt lat="61.11340764" lon="13.87611719"><ele>403.0</ele></trkpt><trkpt lat="61.11343064" lon="13.87626631"><ele>403.0</ele></trkpt><trkpt lat="61.11345191" lon="13.87642082"><ele>403.0</ele></trkpt><trkpt lat="61.11347491" lon="13.87657533"><ele>403.0</ele></trkpt><trkpt lat="61.11350181" lon="13.87672625"><ele>403.0</ele></trkpt><trkpt lat="61.11352394" lon="13.87688076"><ele>403.0</ele></trkpt><trkpt lat="61.11354174" lon="13.87703437"><ele>403.0</ele></trkpt><trkpt lat="61.11356387" lon="13.87718349"><ele>403.0</ele></trkpt><trkpt lat="61.11358600" lon="13.87733082"><ele>403.0</ele></trkpt><trkpt lat="61.11360292" lon="13.87748353"><ele>403.0</ele></trkpt><trkpt lat="61.11361594" lon="13.87764073"><ele>404.0</ele></trkpt><trkpt lat="61.11362896" lon="13.87778986"><ele>404.0</ele></trkpt><trkpt lat="61.11364285" lon="13.87795245"><ele>404.0</ele></trkpt><trkpt lat="61.11365500" lon="13.87812044"><ele>404.0</ele></trkpt><trkpt lat="61.11366368" lon="13.87828034"><ele>403.0</ele></trkpt><trkpt lat="61.11367366" lon="13.87842946"><ele>402.0</ele></trkpt><trkpt lat="61.11369188" lon="13.87872051"><ele>402.0</ele></trkpt><trkpt lat="61.11369969" lon="13.87887682"><ele>402.0</ele></trkpt><trkpt lat="61.11371879" lon="13.87918494"><ele>402.0</ele></trkpt><trkpt lat="61.11372400" lon="13.87933136"><ele>402.0</ele></trkpt><trkpt lat="61.11372964" lon="13.87949037"><ele>402.0</ele></trkpt><trkpt lat="61.11373658" lon="13.87965655"><ele>402.0</ele></trkpt><trkpt lat="61.11374569" lon="13.87982274"><ele>402.0</ele></trkpt><trkpt lat="61.11375090" lon="13.87998264"><ele>402.0</ele></trkpt><trkpt lat="61.11375177" lon="13.88013536"><ele>402.0</ele></trkpt><trkpt lat="61.11376175" lon="13.88043180"><ele>402.0</ele></trkpt><trkpt lat="61.11377173" lon="13.88058990"><ele>402.0</ele></trkpt><trkpt lat="61.11377998" lon="13.88089084"><ele>404.0</ele></trkpt><trkpt lat="61.11376565" lon="13.88117381"><ele>404.0</ele></trkpt><trkpt lat="61.11375177" lon="13.88143252"><ele>404.0</ele></trkpt><trkpt lat="61.11374873" lon="13.88155290"><ele>404.0</ele></trkpt><trkpt lat="61.11377998" lon="13.88187090"><ele>404.0</ele></trkpt><trkpt lat="61.11379473" lon="13.88200295"><ele>404.0</ele></trkpt><trkpt lat="61.11381382" lon="13.88221945"><ele>404.0</ele></trkpt><trkpt lat="61.11382077" lon="13.88237396"><ele>404.0</ele></trkpt><trkpt lat="61.11384680" lon="13.88257338"><ele>404.0</ele></trkpt><trkpt lat="61.11392491" lon="13.88265783"><ele>405.0</ele></trkpt><trkpt lat="61.11404295" lon="13.88259854"><ele>405.0</ele></trkpt><trkpt lat="61.11414883" lon="13.88249433"><ele>405.0</ele></trkpt><trkpt lat="61.11421566" lon="13.88248625"><ele>404.0</ele></trkpt><trkpt lat="61.11429594" lon="13.88261111"><ele>404.0</ele></trkpt><trkpt lat="61.11433282" lon="13.88282581"><ele>404.0</ele></trkpt><trkpt lat="61.11436363" lon="13.88303961"><ele>404.0</ele></trkpt><trkpt lat="61.11441961" lon="13.88324083"><ele>404.0</ele></trkpt><trkpt lat="61.11445780" lon="13.88337738"><ele>404.0</ele></trkpt><trkpt lat="61.11450597" lon="13.88357590"><ele>404.0</ele></trkpt><trkpt lat="61.11454762" lon="13.88374838"><ele>404.0</ele></trkpt><trkpt lat="61.11459883" lon="13.88393343"><ele>404.0</ele></trkpt><trkpt lat="61.11462660" lon="13.88409154"><ele>404.0</ele></trkpt><trkpt lat="61.11465264" lon="13.88425413"><ele>404.0</ele></trkpt><trkpt lat="61.11468084" lon="13.88455147"><ele>403.0</ele></trkpt><trkpt lat="61.11472294" lon="13.88471766"><ele>403.0</ele></trkpt><trkpt lat="61.11477284" lon="13.88486139"><ele>403.0</ele></trkpt><trkpt lat="61.11483185" lon="13.88501950"><ele>403.0</ele></trkpt><trkpt lat="61.11488957" lon="13.88520635"><ele>404.0</ele></trkpt><trkpt lat="61.11493990" lon="13.88538062"><ele>404.0</ele></trkpt><trkpt lat="61.11499588" lon="13.88555040"><ele>404.0</ele></trkpt><trkpt lat="61.11506184" lon="13.88572467"><ele>404.0</ele></trkpt><trkpt lat="61.11512563" lon="13.88586571"><ele>404.0</ele></trkpt><trkpt lat="61.11521458" lon="13.88601393"><ele>404.0</ele></trkpt><trkpt lat="61.11527273" lon="13.88612442"><ele>404.0</ele></trkpt><trkpt lat="61.11532263" lon="13.88626815"><ele>404.0</ele></trkpt><trkpt lat="61.11537167" lon="13.88639841"><ele>404.0</ele></trkpt><trkpt lat="61.11541593" lon="13.88652417"><ele>404.0</ele></trkpt><trkpt lat="61.11543893" lon="13.88667419"><ele>404.0</ele></trkpt><trkpt lat="61.11546887" lon="13.88688799"><ele>404.0</ele></trkpt><trkpt lat="61.11547277" lon="13.88703711"><ele>404.0</ele></trkpt><trkpt lat="61.11546279" lon="13.88736500"><ele>404.0</ele></trkpt><trkpt lat="61.11544977" lon="13.88756622"><ele>407.0</ele></trkpt><trkpt lat="61.11546800" lon="13.88776115"><ele>407.0</ele></trkpt><trkpt lat="61.11548796" lon="13.88790578"><ele>410.0</ele></trkpt><trkpt lat="61.11550792" lon="13.88805131"><ele>410.0</ele></trkpt><trkpt lat="61.11553265" lon="13.88823636"><ele>408.0</ele></trkpt><trkpt lat="61.11556693" lon="13.88841692"><ele>408.0</ele></trkpt><trkpt lat="61.11560165" lon="13.88858132"><ele>408.0</ele></trkpt><trkpt lat="61.11563766" lon="13.88872774"><ele>407.0</ele></trkpt><trkpt lat="61.11567498" lon="13.88890022"><ele>406.0</ele></trkpt><trkpt lat="61.11572185" lon="13.88908976"><ele>406.0</ele></trkpt><trkpt lat="61.11575786" lon="13.88930177"><ele>406.0</ele></trkpt><trkpt lat="61.11580082" lon="13.88949580"><ele>405.0</ele></trkpt><trkpt lat="61.11587762" lon="13.88974463"><ele>405.0</ele></trkpt><trkpt lat="61.11595399" lon="13.88988657"><ele>405.0</ele></trkpt><trkpt lat="61.11601778" lon="13.89004647"><ele>405.0</ele></trkpt><trkpt lat="61.11603687" lon="13.89020996"><ele>405.0</ele></trkpt><trkpt lat="61.11603687" lon="13.89041478"><ele>405.0</ele></trkpt><trkpt lat="61.11603167" lon="13.89062588"><ele>404.0</ele></trkpt><trkpt lat="61.11600867" lon="13.89084777"><ele>404.0</ele></trkpt><trkpt lat="61.11596875" lon="13.89107773"><ele>404.0</ele></trkpt><trkpt lat="61.11594358" lon="13.89128345"><ele>404.0</ele></trkpt><trkpt lat="61.11590583" lon="13.89152330"><ele>404.0</ele></trkpt><trkpt lat="61.11587979" lon="13.89167511"><ele>404.0</ele></trkpt><trkpt lat="61.11585680" lon="13.89183052"><ele>404.0</ele></trkpt><trkpt lat="61.11582078" lon="13.89198683"><ele>404.0</ele></trkpt><trkpt lat="61.11577478" lon="13.89221410"><ele>404.0</ele></trkpt><trkpt lat="61.11575092" lon="13.89237041"><ele>404.0</ele></trkpt><trkpt lat="61.11570796" lon="13.89258421"><ele>404.0</ele></trkpt><trkpt lat="61.11567281" lon="13.89273153"><ele>404.0</ele></trkpt><trkpt lat="61.11563766" lon="13.89289053"><ele>403.0</ele></trkpt><trkpt lat="61.11560599" lon="13.89304325"><ele>403.0</ele></trkpt><trkpt lat="61.11552658" lon="13.89327771"><ele>403.0</ele></trkpt><trkpt lat="61.11546192" lon="13.89353014"><ele>402.0</ele></trkpt><trkpt lat="61.11541593" lon="13.89379873"><ele>402.0</ele></trkpt><trkpt lat="61.11539380" lon="13.89393528"><ele>402.0</ele></trkpt><trkpt lat="61.11537080" lon="13.89407631"><ele>402.0</ele></trkpt><trkpt lat="61.11533261" lon="13.89436377"><ele>402.0</ele></trkpt><trkpt lat="61.11531959" lon="13.89464135"><ele>402.0</ele></trkpt><trkpt lat="61.11532697" lon="13.89482281"><ele>402.0</ele></trkpt><trkpt lat="61.11535865" lon="13.89514620"><ele>402.0</ele></trkpt><trkpt lat="61.11541593" lon="13.89545163"><ele>402.0</ele></trkpt><trkpt lat="61.11545889" lon="13.89557829"><ele>403.0</ele></trkpt><trkpt lat="61.11550358" lon="13.89570586"><ele>403.0</ele></trkpt><trkpt lat="61.11555565" lon="13.89583252"><ele>403.0</ele></trkpt><trkpt lat="61.11560599" lon="13.89595469"><ele>403.0</ele></trkpt><trkpt lat="61.11566066" lon="13.89606698"><ele>403.0</ele></trkpt><trkpt lat="61.11572662" lon="13.89616220"><ele>404.0</ele></trkpt><trkpt lat="61.11582078" lon="13.89625832"><ele>404.0</ele></trkpt><trkpt lat="61.11592666" lon="13.89627179"><ele>404.0</ele></trkpt><trkpt lat="61.11600173" lon="13.89627359"><ele>403.0</ele></trkpt><trkpt lat="61.11607462" lon="13.89628257"><ele>403.0</ele></trkpt><trkpt lat="61.11614969" lon="13.89629245"><ele>403.0</ele></trkpt><trkpt lat="61.11623083" lon="13.89630862"><ele>403.0</ele></trkpt><trkpt lat="61.11631067" lon="13.89632479"><ele>403.0</ele></trkpt><trkpt lat="61.11639095" lon="13.89635354"><ele>402.0</ele></trkpt><trkpt lat="61.11646471" lon="13.89638678"><ele>402.0</ele></trkpt><trkpt lat="61.11660487" lon="13.89644427"><ele>402.0</ele></trkpt><trkpt lat="61.11674459" lon="13.89650895"><ele>402.0</ele></trkpt><trkpt lat="61.11682182" lon="13.89652422"><ele>404.0</ele></trkpt><trkpt lat="61.11696284" lon="13.89656824"><ele>404.0</ele></trkpt><trkpt lat="61.11703270" lon="13.89656734"><ele>404.0</ele></trkpt><trkpt lat="61.11713684" lon="13.89657812"><ele>405.0</ele></trkpt><trkpt lat="61.11720974" lon="13.89657453"><ele>405.0</ele></trkpt><trkpt lat="61.11728263" lon="13.89657453"><ele>405.0</ele></trkpt><trkpt lat="61.11735900" lon="13.89662483"><ele>405.0</ele></trkpt><trkpt lat="61.11742799" lon="13.89668232"><ele>405.0</ele></trkpt><trkpt lat="61.11756597" lon="13.89679641"><ele>406.0</ele></trkpt><trkpt lat="61.11768659" lon="13.89691229"><ele>406.0</ele></trkpt><trkpt lat="61.11774560" lon="13.89699314"><ele>406.0</ele></trkpt><trkpt lat="61.11780895" lon="13.89712250"><ele>406.0</ele></trkpt><trkpt lat="61.11787187" lon="13.89725186"><ele>406.0</ele></trkpt><trkpt lat="61.11792697" lon="13.89739559"><ele>406.0</ele></trkpt><trkpt lat="61.11798294" lon="13.89753662"><ele>406.0</ele></trkpt><trkpt lat="61.11803067" lon="13.89768484"><ele>406.0</ele></trkpt><trkpt lat="61.11808187" lon="13.89781330"><ele>405.0</ele></trkpt><trkpt lat="61.11812960" lon="13.89794446"><ele>405.0</ele></trkpt><trkpt lat="61.11817559" lon="13.89809178"><ele>405.0</ele></trkpt><trkpt lat="61.11821898" lon="13.89823641"><ele>405.0</ele></trkpt><trkpt lat="61.11825977" lon="13.89837295"><ele>405.0</ele></trkpt><trkpt lat="61.11832658" lon="13.89856070"><ele>404.0</ele></trkpt><trkpt lat="61.11838776" lon="13.89877720"><ele>404.0</ele></trkpt><trkpt lat="61.11844373" lon="13.89897932"><ele>404.0</ele></trkpt><trkpt lat="61.11850882" lon="13.89918952"><ele>403.0</ele></trkpt><trkpt lat="61.11856262" lon="13.89932337"><ele>403.0</ele></trkpt><trkpt lat="61.11862770" lon="13.89945722"><ele>403.0</ele></trkpt><trkpt lat="61.11868671" lon="13.89959646"><ele>403.0</ele></trkpt><trkpt lat="61.11874485" lon="13.89972312"><ele>403.0</ele></trkpt><trkpt lat="61.11879995" lon="13.89984978"><ele>402.0</ele></trkpt><trkpt lat="61.11885375" lon="13.89997465"><ele>402.0</ele></trkpt><trkpt lat="61.11891580" lon="13.90009772"><ele>402.0</ele></trkpt><trkpt lat="61.11897394" lon="13.90021989"><ele>402.0</ele></trkpt><trkpt lat="61.11902557" lon="13.90034745"><ele>402.0</ele></trkpt><trkpt lat="61.11907677" lon="13.90047591"><ele>402.0</ele></trkpt><trkpt lat="61.11912493" lon="13.90060796"><ele>402.0</ele></trkpt><trkpt lat="61.11916658" lon="13.90074451"><ele>402.0</ele></trkpt><trkpt lat="61.11920476" lon="13.90088285"><ele>402.0</ele></trkpt><trkpt lat="61.11924772" lon="13.90100681"><ele>402.0</ele></trkpt><trkpt lat="61.11929197" lon="13.90113437"><ele>402.0</ele></trkpt><trkpt lat="61.11933276" lon="13.90127541"><ele>402.0</ele></trkpt><trkpt lat="61.11937484" lon="13.90140836"><ele>402.0</ele></trkpt><trkpt lat="61.11941476" lon="13.90153772"><ele>402.0</ele></trkpt><trkpt lat="61.11945381" lon="13.90166887"><ele>402.0</ele></trkpt><trkpt lat="61.11949199" lon="13.90179643"><ele>403.0</ele></trkpt><trkpt lat="61.11953060" lon="13.90192849"><ele>403.0</ele></trkpt><trkpt lat="61.11956878" lon="13.90206952"><ele>403.0</ele></trkpt><trkpt lat="61.11960870" lon="13.90220517"><ele>403.0</ele></trkpt><trkpt lat="61.11964861" lon="13.90235518"><ele>403.0</ele></trkpt><trkpt lat="61.11968289" lon="13.90250161"><ele>402.0</ele></trkpt><trkpt lat="61.11972584" lon="13.90262737"><ele>402.0</ele></trkpt><trkpt lat="61.11981999" lon="13.90284746"><ele>402.0</ele></trkpt><trkpt lat="61.11989592" lon="13.90294178"><ele>402.0</ele></trkpt><trkpt lat="61.11997966" lon="13.90295526"><ele>402.0</ele></trkpt><trkpt lat="61.12005862" lon="13.90295795"><ele>402.0</ele></trkpt><trkpt lat="61.12014062" lon="13.90296514"><ele>402.0</ele></trkpt><trkpt lat="61.12023390" lon="13.90294538"><ele>405.0</ele></trkpt><trkpt lat="61.12032761" lon="13.90292382"><ele>405.0</ele></trkpt><trkpt lat="61.12044476" lon="13.90290585"><ele>407.0</ele></trkpt><trkpt lat="61.12053370" lon="13.90285734"><ele>405.0</ele></trkpt><trkpt lat="61.12061873" lon="13.90279985"><ele>404.0</ele></trkpt><trkpt lat="61.12070160" lon="13.90274775"><ele>404.0</ele></trkpt><trkpt lat="61.12078664" lon="13.90269924"><ele>404.0</ele></trkpt><trkpt lat="61.12087688" lon="13.90267139"><ele>404.0</ele></trkpt><trkpt lat="61.12096972" lon="13.90265343"><ele>403.0</ele></trkpt><trkpt lat="61.12105866" lon="13.90265971"><ele>402.0</ele></trkpt><trkpt lat="61.12114673" lon="13.90266151"><ele>402.0</ele></trkpt><trkpt lat="61.12122873" lon="13.90268127"><ele>402.0</ele></trkpt><trkpt lat="61.12130769" lon="13.90269565"><ele>402.0</ele></trkpt><trkpt lat="61.12145780" lon="13.90268756"><ele>402.0</ele></trkpt><trkpt lat="61.12159880" lon="13.90269565"><ele>402.0</ele></trkpt><trkpt lat="61.12170075" lon="13.90269295"><ele>402.0</ele></trkpt><trkpt lat="61.12180791" lon="13.90268397"><ele>404.0</ele></trkpt><trkpt lat="61.12191594" lon="13.90264444"><ele>404.0</ele></trkpt><trkpt lat="61.12202787" lon="13.90259953"><ele>404.0</ele></trkpt><trkpt lat="61.12213459" lon="13.90255641"><ele>406.0</ele></trkpt><trkpt lat="61.12230683" lon="13.90251598"><ele>406.0</ele></trkpt><trkpt lat="61.12238361" lon="13.90250610"><ele>406.0</ele></trkpt><trkpt lat="61.12246995" lon="13.90248724"><ele>406.0</ele></trkpt><trkpt lat="61.12254890" lon="13.90247286"><ele>406.0</ele></trkpt><trkpt lat="61.12261962" lon="13.90248814"><ele>406.0</ele></trkpt><trkpt lat="61.12268990" lon="13.90255461"><ele>406.0</ele></trkpt><trkpt lat="61.12275063" lon="13.90266331"><ele>406.0</ele></trkpt><trkpt lat="61.12280183" lon="13.90280883"><ele>406.0</ele></trkpt><trkpt lat="61.12285258" lon="13.90296694"><ele>407.0</ele></trkpt><trkpt lat="61.12290985" lon="13.90309091"><ele>407.0</ele></trkpt><trkpt lat="61.12299878" lon="13.90316996"><ele>407.0</ele></trkpt><trkpt lat="61.12308598" lon="13.90314211"><ele>406.0</ele></trkpt><trkpt lat="61.12317492" lon="13.90303341"><ele>405.0</ele></trkpt><trkpt lat="61.12324780" lon="13.90295436"><ele>405.0</ele></trkpt><trkpt lat="61.12335886" lon="13.90286543"><ele>405.0</ele></trkpt><trkpt lat="61.12344475" lon="13.90282231"><ele>404.0</ele></trkpt><trkpt lat="61.12352674" lon="13.90281782"><ele>404.0</ele></trkpt><trkpt lat="61.12360700" lon="13.90282860"><ele>404.0</ele></trkpt><trkpt lat="61.12368161" lon="13.90283848"><ele>404.0</ele></trkpt><trkpt lat="61.12375580" lon="13.90287172"><ele>404.0</ele></trkpt><trkpt lat="61.12386468" lon="13.90293819"><ele>402.0</ele></trkpt><trkpt lat="61.12397357" lon="13.90299479"><ele>402.0</ele></trkpt><trkpt lat="61.12405686" lon="13.90302533"><ele>402.0</ele></trkpt><trkpt lat="61.12413495" lon="13.90305857"><ele>403.0</ele></trkpt><trkpt lat="61.12422778" lon="13.90305767"><ele>404.0</ele></trkpt><trkpt lat="61.12431281" lon="13.90304060"><ele>404.0</ele></trkpt><trkpt lat="61.12439870" lon="13.90303970"><ele>404.0</ele></trkpt><trkpt lat="61.12450195" lon="13.90299748"><ele>404.0</ele></trkpt><trkpt lat="61.12459261" lon="13.90294628"><ele>406.0</ele></trkpt><trkpt lat="61.12467373" lon="13.90290495"><ele>406.0</ele></trkpt><trkpt lat="61.12477481" lon="13.90279356"><ele>406.0</ele></trkpt><trkpt lat="61.12488196" lon="13.90268846"><ele>406.0</ele></trkpt><trkpt lat="61.12501774" lon="13.90267678"><ele>406.0</ele></trkpt><trkpt lat="61.12511361" lon="13.90276841"><ele>406.0</ele></trkpt><trkpt lat="61.12518171" lon="13.90289777"><ele>406.0</ele></trkpt><trkpt lat="61.12522596" lon="13.90305857"><ele>406.0</ele></trkpt><trkpt lat="61.12527281" lon="13.90331548"><ele>406.0</ele></trkpt><trkpt lat="61.12530881" lon="13.90354994"><ele>406.0</ele></trkpt><trkpt lat="61.12535393" lon="13.90375745"><ele>406.0</ele></trkpt><trkpt lat="61.12542377" lon="13.90397575"><ele>406.0</ele></trkpt><trkpt lat="61.12548493" lon="13.90418954"><ele>406.0</ele></trkpt><trkpt lat="61.12553785" lon="13.90441682"><ele>406.0</ele></trkpt><trkpt lat="61.12556692" lon="13.90456684"><ele>406.0</ele></trkpt><trkpt lat="61.12560292" lon="13.90472314"><ele>405.0</ele></trkpt><trkpt lat="61.12564457" lon="13.90487047"><ele>405.0</ele></trkpt><trkpt lat="61.12568361" lon="13.90501599"><ele>405.0</ele></trkpt><trkpt lat="61.12571961" lon="13.90515523"><ele>405.0</ele></trkpt><trkpt lat="61.12574868" lon="13.90529986"><ele>405.0</ele></trkpt><trkpt lat="61.12580897" lon="13.90547414"><ele>404.0</ele></trkpt><trkpt lat="61.12587187" lon="13.90561248"><ele>404.0</ele></trkpt><trkpt lat="61.12594691" lon="13.90576788"><ele>404.0</ele></trkpt><trkpt lat="61.12599767" lon="13.90591790"><ele>404.0</ele></trkpt><trkpt lat="61.12605970" lon="13.90608768"><ele>405.0</ele></trkpt><trkpt lat="61.12612563" lon="13.90623591"><ele>405.0</ele></trkpt><trkpt lat="61.12620285" lon="13.90638054"><ele>405.0</ele></trkpt><trkpt lat="61.12628179" lon="13.90655481"><ele>407.0</ele></trkpt><trkpt lat="61.12632083" lon="13.90678388"><ele>407.0</ele></trkpt><trkpt lat="61.12633688" lon="13.90694827"><ele>407.0</ele></trkpt><trkpt lat="61.12635987" lon="13.90721148"><ele>406.0</ele></trkpt><trkpt lat="61.12641063" lon="13.90746211"><ele>405.0</ele></trkpt><trkpt lat="61.12645878" lon="13.90773070"><ele>405.0</ele></trkpt><trkpt lat="61.12652384" lon="13.90796876"><ele>405.0</ele></trkpt><trkpt lat="61.12656679" lon="13.90812417"><ele>404.0</ele></trkpt><trkpt lat="61.12663098" lon="13.90831641"><ele>404.0</ele></trkpt><trkpt lat="61.12670473" lon="13.90848439"><ele>404.0</ele></trkpt><trkpt lat="61.12680363" lon="13.90865417"><ele>402.0</ele></trkpt><trkpt lat="61.12686999" lon="13.90877095"><ele>401.0</ele></trkpt><trkpt lat="61.12695284" lon="13.90890839"><ele>401.0</ele></trkpt><trkpt lat="61.12704784" lon="13.90899194"><ele>403.0</ele></trkpt><trkpt lat="61.12713763" lon="13.90900631"><ele>403.0</ele></trkpt><trkpt lat="61.12723479" lon="13.90901170"><ele>403.0</ele></trkpt><trkpt lat="61.12733196" lon="13.90902338"><ele>403.0</ele></trkpt><trkpt lat="61.12742999" lon="13.90905841"><ele>403.0</ele></trkpt><trkpt lat="61.12754363" lon="13.90914465"><ele>405.0</ele></trkpt><trkpt lat="61.12763385" lon="13.90922460"><ele>405.0</ele></trkpt><trkpt lat="61.12773969" lon="13.90926592"><ele>405.0</ele></trkpt><trkpt lat="61.12783295" lon="13.90929647"><ele>405.0</ele></trkpt><trkpt lat="61.12791797" lon="13.90930455"><ele>402.0</ele></trkpt><trkpt lat="61.12800689" lon="13.90931892"><ele>402.0</ele></trkpt><trkpt lat="61.12808366" lon="13.90933150"><ele>402.0</ele></trkpt><trkpt lat="61.12818863" lon="13.90933420"><ele>402.0</ele></trkpt><trkpt lat="61.12826497" lon="13.90934947"><ele>402.0</ele></trkpt><trkpt lat="61.12835389" lon="13.90935755"><ele>402.0</ele></trkpt><trkpt lat="61.12843760" lon="13.90936564"><ele>402.0</ele></trkpt><trkpt lat="61.12851568" lon="13.90936025"><ele>402.0</ele></trkpt><trkpt lat="61.12862195" lon="13.90935396"><ele>402.0</ele></trkpt><trkpt lat="61.12870089" lon="13.90932342"><ele>402.0</ele></trkpt><trkpt lat="61.12877072" lon="13.90928748"><ele>402.0</ele></trkpt><trkpt lat="61.12885096" lon="13.90926862"><ele>402.0</ele></trkpt><trkpt lat="61.12892470" lon="13.90927491"><ele>402.0</ele></trkpt><trkpt lat="61.12899887" lon="13.90930365"><ele>402.0</ele></trkpt><trkpt lat="61.12906870" lon="13.90934767"><ele>402.0</ele></trkpt><trkpt lat="61.12914374" lon="13.90941325"><ele>402.0</ele></trkpt><trkpt lat="61.12921791" lon="13.90949140"><ele>402.0</ele></trkpt><trkpt lat="61.12928470" lon="13.90957584"><ele>402.0</ele></trkpt><trkpt lat="61.12936191" lon="13.90967556"><ele>402.0</ele></trkpt><trkpt lat="61.12944692" lon="13.90975371"><ele>402.0</ele></trkpt><trkpt lat="61.12952673" lon="13.90983366"><ele>402.0</ele></trkpt><trkpt lat="61.12960697" lon="13.90990373"><ele>402.0</ele></trkpt><trkpt lat="61.12969198" lon="13.90999536"><ele>402.0</ele></trkpt><trkpt lat="61.12977092" lon="13.91010585"><ele>402.0</ele></trkpt><trkpt lat="61.12984466" lon="13.91023161"><ele>402.0</ele></trkpt><trkpt lat="61.12991362" lon="13.91038792"><ele>402.0</ele></trkpt><trkpt lat="61.12996697" lon="13.91055321"><ele>402.0</ele></trkpt><trkpt lat="61.13001164" lon="13.91072389"><ele>402.0</ele></trkpt><trkpt lat="61.13006369" lon="13.91089996"><ele>402.0</ele></trkpt><trkpt lat="61.13010880" lon="13.91106345"><ele>403.0</ele></trkpt><trkpt lat="61.13014089" lon="13.91123773"><ele>403.0</ele></trkpt><trkpt lat="61.13016084" lon="13.91140930"><ele>403.0</ele></trkpt><trkpt lat="61.13016475" lon="13.91158358"><ele>403.0</ele></trkpt><trkpt lat="61.13016692" lon="13.91176144"><ele>403.0</ele></trkpt><trkpt lat="61.13015781" lon="13.91193751"><ele>404.0</ele></trkpt><trkpt lat="61.13014176" lon="13.91209562"><ele>404.0</ele></trkpt><trkpt lat="61.13011487" lon="13.91223935"><ele>404.0</ele></trkpt><trkpt lat="61.13008798" lon="13.91238757"><ele>404.0</ele></trkpt><trkpt lat="61.13007497" lon="13.91259149"><ele>404.0</ele></trkpt><trkpt lat="61.13007280" lon="13.91278193"><ele>405.0</ele></trkpt><trkpt lat="61.13010880" lon="13.91294183"><ele>405.0</ele></trkpt><trkpt lat="61.13019771" lon="13.91308826"><ele>404.0</ele></trkpt><trkpt lat="61.13027665" lon="13.91322929"><ele>404.0</ele></trkpt><trkpt lat="61.13034474" lon="13.91341075"><ele>404.0</ele></trkpt><trkpt lat="61.13039462" lon="13.91363174"><ele>404.0</ele></trkpt><trkpt lat="61.13043886" lon="13.91387698"><ele>403.0</ele></trkpt><trkpt lat="61.13049481" lon="13.91415545"><ele>403.0</ele></trkpt><trkpt lat="61.13052170" lon="13.91439261"><ele>403.0</ele></trkpt><trkpt lat="61.13053385" lon="13.91464234"><ele>404.0</ele></trkpt><trkpt lat="61.13055987" lon="13.91490375"><ele>404.0</ele></trkpt><trkpt lat="61.13058763" lon="13.91516786"><ele>404.0</ele></trkpt><trkpt lat="61.13059587" lon="13.91540860"><ele>403.0</ele></trkpt><trkpt lat="61.13058589" lon="13.91561881"><ele>403.0</ele></trkpt><trkpt lat="61.13057071" lon="13.91586136"><ele>403.0</ele></trkpt><trkpt lat="61.13055076" lon="13.91610031"><ele>403.0</ele></trkpt><trkpt lat="61.13053298" lon="13.91641382"><ele>402.0</ele></trkpt><trkpt lat="61.13051997" lon="13.91662492"><ele>402.0</ele></trkpt><trkpt lat="61.13053558" lon="13.91687196"><ele>402.0</ele></trkpt><trkpt lat="61.13058980" lon="13.91711450"><ele>405.0</ele></trkpt><trkpt lat="61.13067697" lon="13.91730944"><ele>407.0</ele></trkpt><trkpt lat="61.13078497" lon="13.91740466"><ele>407.0</ele></trkpt><trkpt lat="61.13088082" lon="13.91752414"><ele>408.0</ele></trkpt><trkpt lat="61.13095976" lon="13.91761936"><ele>408.0</ele></trkpt><trkpt lat="61.13106688" lon="13.91766697"><ele>410.0</ele></trkpt><trkpt lat="61.13116187" lon="13.91773524"><ele>410.0</ele></trkpt><trkpt lat="61.13127463" lon="13.91775231"><ele>410.0</ele></trkpt><trkpt lat="61.13137959" lon="13.91769482"><ele>410.0</ele></trkpt><trkpt lat="61.13144768" lon="13.91756187"><ele>408.0</ele></trkpt><trkpt lat="61.13151664" lon="13.91734447"><ele>407.0</ele></trkpt><trkpt lat="61.13155871" lon="13.91719535"><ele>407.0</ele></trkpt><trkpt lat="61.13162073" lon="13.91705971"><ele>407.0</ele></trkpt><trkpt lat="61.13171094" lon="13.91697437"><ele>406.0</ele></trkpt><trkpt lat="61.13181286" lon="13.91700940"><ele>406.0</ele></trkpt><trkpt lat="61.13192259" lon="13.91710552"><ele>406.0</ele></trkpt><trkpt lat="61.13204359" lon="13.91716391"><ele>406.0</ele></trkpt><trkpt lat="61.13213380" lon="13.91718188"><ele>404.0</ele></trkpt><trkpt lat="61.13225263" lon="13.91722320"><ele>404.0</ele></trkpt><trkpt lat="61.13236670" lon="13.91730944"><ele>404.0</ele></trkpt><trkpt lat="61.13247295" lon="13.91740556"><ele>403.0</ele></trkpt><trkpt lat="61.13257660" lon="13.91749988"><ele>403.0</ele></trkpt><trkpt lat="61.13267288" lon="13.91756815"><ele>403.0</ele></trkpt><trkpt lat="61.13278694" lon="13.91762924"><ele>403.0</ele></trkpt><trkpt lat="61.13290968" lon="13.91768314"><ele>402.0</ele></trkpt><trkpt lat="61.13302374" lon="13.91772626"><ele>402.0</ele></trkpt><trkpt lat="61.13314474" lon="13.91779543"><ele>402.0</ele></trkpt><trkpt lat="61.13327094" lon="13.91791131"><ele>402.0</ele></trkpt><trkpt lat="61.13335768" lon="13.91798767"><ele>402.0</ele></trkpt><trkpt lat="61.13345092" lon="13.91807121"><ele>402.0</ele></trkpt><trkpt lat="61.13353071" lon="13.91819069"><ele>402.0</ele></trkpt><trkpt lat="61.13358883" lon="13.91830477"><ele>402.0</ele></trkpt><trkpt lat="61.13364477" lon="13.91846647"><ele>403.0</ele></trkpt><trkpt lat="61.13369898" lon="13.91866949"><ele>403.0</ele></trkpt><trkpt lat="61.13374278" lon="13.91886263"><ele>403.0</ele></trkpt><trkpt lat="61.13378095" lon="13.91904858"><ele>403.0</ele></trkpt><trkpt lat="61.13380393" lon="13.91922285"><ele>403.0</ele></trkpt><trkpt lat="61.13381781" lon="13.91938275"><ele>405.0</ele></trkpt><trkpt lat="61.13384296" lon="13.91953367"><ele>405.0</ele></trkpt><trkpt lat="61.13386898" lon="13.91969177"><ele>405.0</ele></trkpt><trkpt lat="61.13390671" lon="13.91984449"><ele>405.0</ele></trkpt><trkpt lat="61.13394357" lon="13.91997654"><ele>405.0</ele></trkpt><trkpt lat="61.13399692" lon="13.92008523"><ele>407.0</ele></trkpt><trkpt lat="61.13406370" lon="13.92015261"><ele>407.0</ele></trkpt><trkpt lat="61.13414957" lon="13.92018584"><ele>407.0</ele></trkpt><trkpt lat="61.13422589" lon="13.92020651"><ele>407.0</ele></trkpt><trkpt lat="61.13430482" lon="13.92021279"><ele>406.0</ele></trkpt><trkpt lat="61.13438592" lon="13.92019752"><ele>406.0</ele></trkpt><trkpt lat="61.13446485" lon="13.92016968"><ele>406.0</ele></trkpt><trkpt lat="61.13454377" lon="13.92016518"><ele>406.0</ele></trkpt><trkpt lat="61.13462183" lon="13.92018674"><ele>406.0</ele></trkpt><trkpt lat="61.13471594" lon="13.92032868"><ele>406.0</ele></trkpt><trkpt lat="61.13477275" lon="13.92045534"><ele>407.0</ele></trkpt><trkpt lat="61.13483173" lon="13.92057571"><ele>407.0</ele></trkpt><trkpt lat="61.13489157" lon="13.92068351"><ele>407.0</ele></trkpt><trkpt lat="61.13494665" lon="13.92080119"><ele>407.0</ele></trkpt><trkpt lat="61.13499478" lon="13.92093145"><ele>407.0</ele></trkpt><trkpt lat="61.13504899" lon="13.92106260"><ele>407.0</ele></trkpt><trkpt lat="61.13509279" lon="13.92121082"><ele>407.0</ele></trkpt><trkpt lat="61.13511968" lon="13.92136533"><ele>407.0</ele></trkpt><trkpt lat="61.13513962" lon="13.92152972"><ele>407.0</ele></trkpt><trkpt lat="61.13516781" lon="13.92167525"><ele>407.0</ele></trkpt><trkpt lat="61.13524283" lon="13.92192139"><ele>408.0</ele></trkpt><trkpt lat="61.13533997" lon="13.92212441"><ele>408.0</ele></trkpt><trkpt lat="61.13538291" lon="13.92225017"><ele>408.0</ele></trkpt><trkpt lat="61.13541283" lon="13.92239570"><ele>410.0</ele></trkpt><trkpt lat="61.13543668" lon="13.92255111"><ele>410.0</ele></trkpt><trkpt lat="61.13546877" lon="13.92268765"><ele>410.0</ele></trkpt><trkpt lat="61.13549565" lon="13.92283498"><ele>410.0</ele></trkpt><trkpt lat="61.13552471" lon="13.92298859"><ele>410.0</ele></trkpt><trkpt lat="61.13554466" lon="13.92313771"><ele>410.0</ele></trkpt><trkpt lat="61.13558889" lon="13.92342337"><ele>410.0</ele></trkpt><trkpt lat="61.13561881" lon="13.92357788"><ele>410.0</ele></trkpt><trkpt lat="61.13564093" lon="13.92374138"><ele>410.0</ele></trkpt><trkpt lat="61.13565871" lon="13.92389948"><ele>411.0</ele></trkpt><trkpt lat="61.13567475" lon="13.92405489"><ele>411.0</ele></trkpt><trkpt lat="61.13569167" lon="13.92420670"><ele>411.0</ele></trkpt><trkpt lat="61.13570684" lon="13.92436391"><ele>411.0</ele></trkpt><trkpt lat="61.13571682" lon="13.92452471"><ele>411.0</ele></trkpt><trkpt lat="61.13572592" lon="13.92468640"><ele>412.0</ele></trkpt><trkpt lat="61.13572983" lon="13.92484990"><ele>412.0</ele></trkpt><trkpt lat="61.13574457" lon="13.92500441"><ele>412.0</ele></trkpt><trkpt lat="61.13576972" lon="13.92515712"><ele>412.0</ele></trkpt><trkpt lat="61.13580094" lon="13.92531253"><ele>412.0</ele></trkpt><trkpt lat="61.13583564" lon="13.92547782"><ele>412.0</ele></trkpt><trkpt lat="61.13587380" lon="13.92563862"><ele>412.0</ele></trkpt><trkpt lat="61.13591066" lon="13.92580121"><ele>412.0</ele></trkpt><trkpt lat="61.13594361" lon="13.92596561"><ele>412.0</ele></trkpt><trkpt lat="61.13597874" lon="13.92613449"><ele>411.0</ele></trkpt><trkpt lat="61.13600563" lon="13.92630068"><ele>411.0</ele></trkpt><trkpt lat="61.13602687" lon="13.92647226"><ele>411.0</ele></trkpt><trkpt lat="61.13604986" lon="13.92663395"><ele>411.0</ele></trkpt><trkpt lat="61.13607284" lon="13.92680194"><ele>411.0</ele></trkpt><trkpt lat="61.13609886" lon="13.92696992"><ele>410.0</ele></trkpt><trkpt lat="61.13612358" lon="13.92714689"><ele>410.0</ele></trkpt><trkpt lat="61.13614569" lon="13.92733284"><ele>410.0</ele></trkpt><trkpt lat="61.13616564" lon="13.92751340"><ele>410.0</ele></trkpt><trkpt lat="61.13617388" lon="13.92768498"><ele>410.0</ele></trkpt><trkpt lat="61.13617778" lon="13.92786464"><ele>409.0</ele></trkpt><trkpt lat="61.13617692" lon="13.92803892"><ele>409.0</ele></trkpt><trkpt lat="61.13617171" lon="13.92821499"><ele>409.0</ele></trkpt><trkpt lat="61.13616564" lon="13.92837848"><ele>409.0</ele></trkpt><trkpt lat="61.13615870" lon="13.92854377"><ele>409.0</ele></trkpt><trkpt lat="61.13616781" lon="13.92892376"><ele>409.0</ele></trkpt><trkpt lat="61.13619079" lon="13.92906749"><ele>409.0</ele></trkpt><trkpt lat="61.13621594" lon="13.92921481"><ele>409.0</ele></trkpt><trkpt lat="61.13625064" lon="13.92934866"><ele>409.0</ele></trkpt><trkpt lat="61.13628966" lon="13.92948251"><ele>409.0</ele></trkpt><trkpt lat="61.13635774" lon="13.92966936"><ele>409.0</ele></trkpt><trkpt lat="61.13643797" lon="13.92983375"><ele>409.0</ele></trkpt><trkpt lat="61.13652773" lon="13.92997838"><ele>407.0</ele></trkpt><trkpt lat="61.13663788" lon="13.93019757"><ele>407.0</ele></trkpt><trkpt lat="61.13673674" lon="13.93037454"><ele>407.0</ele></trkpt><trkpt lat="61.13682260" lon="13.93055330"><ele>407.0</ele></trkpt><trkpt lat="61.13687768" lon="13.93069164"><ele>407.0</ele></trkpt><trkpt lat="61.13693795" lon="13.93081920"><ele>407.0</ele></trkpt><trkpt lat="61.13699389" lon="13.93093329"><ele>407.0</ele></trkpt><trkpt lat="61.13704462" lon="13.93104827"><ele>407.0</ele></trkpt><trkpt lat="61.13709666" lon="13.93116685"><ele>407.0</ele></trkpt><trkpt lat="61.13715173" lon="13.93127195"><ele>409.0</ele></trkpt><trkpt lat="61.13720593" lon="13.93138334"><ele>409.0</ele></trkpt><trkpt lat="61.13726274" lon="13.93149114"><ele>409.0</ele></trkpt><trkpt lat="61.13732171" lon="13.93160253"><ele>409.0</ele></trkpt><trkpt lat="61.13737678" lon="13.93171033"><ele>409.0</ele></trkpt><trkpt lat="61.13745570" lon="13.93184418"><ele>411.0</ele></trkpt><trkpt lat="61.13754069" lon="13.93198342"><ele>411.0</ele></trkpt><trkpt lat="61.13762785" lon="13.93213523"><ele>411.0</ele></trkpt><trkpt lat="61.13771068" lon="13.93231400"><ele>411.0</ele></trkpt><trkpt lat="61.13780260" lon="13.93242180"><ele>411.0</ele></trkpt><trkpt lat="61.13789887" lon="13.93249187"><ele>411.0</ele></trkpt><trkpt lat="61.13798472" lon="13.93267063"><ele>411.0</ele></trkpt><trkpt lat="61.13802158" lon="13.93287365"><ele>411.0</ele></trkpt><trkpt lat="61.13805367" lon="13.93306499"><ele>411.0</ele></trkpt><trkpt lat="61.13807882" lon="13.93334437"><ele>411.0</ele></trkpt><trkpt lat="61.13808099" lon="13.93362823"><ele>411.0</ele></trkpt><trkpt lat="61.13806971" lon="13.93389414"><ele>411.0</ele></trkpt><trkpt lat="61.13805280" lon="13.93415465"><ele>411.0</ele></trkpt><trkpt lat="61.13801768" lon="13.93439090"><ele>411.0</ele></trkpt><trkpt lat="61.13798169" lon="13.93454811"><ele>412.0</ele></trkpt><trkpt lat="61.13794179" lon="13.93468286"><ele>412.0</ele></trkpt><trkpt lat="61.13790667" lon="13.93481940"><ele>412.0</ele></trkpt><trkpt lat="61.13787762" lon="13.93503679"><ele>412.0</ele></trkpt><trkpt lat="61.13785681" lon="13.93533863"><ele>414.0</ele></trkpt><trkpt lat="61.13784770" lon="13.93561980"><ele>414.0</ele></trkpt><trkpt lat="61.13784857" lon="13.93576263"><ele>414.0</ele></trkpt><trkpt lat="61.13783599" lon="13.93605997"><ele>415.0</ele></trkpt><trkpt lat="61.13782775" lon="13.93621359"><ele>415.0</ele></trkpt><trkpt lat="61.13781691" lon="13.93636989"><ele>415.0</ele></trkpt><trkpt lat="61.13780564" lon="13.93652979"><ele>415.0</ele></trkpt><trkpt lat="61.13778396" lon="13.93681995"><ele>417.0</ele></trkpt><trkpt lat="61.13776661" lon="13.93701937"><ele>417.0</ele></trkpt><trkpt lat="61.13776575" lon="13.93722150"><ele>417.0</ele></trkpt><trkpt lat="61.13778266" lon="13.93755387"><ele>418.0</ele></trkpt><trkpt lat="61.13779783" lon="13.93770838"><ele>418.0</ele></trkpt><trkpt lat="61.13780390" lon="13.93800662"><ele>418.0</ele></trkpt><trkpt lat="61.13779393" lon="13.93829229"><ele>420.0</ele></trkpt><trkpt lat="61.13778569" lon="13.93846117"><ele>420.0</ele></trkpt><trkpt lat="61.13777572" lon="13.93862916"><ele>420.0</ele></trkpt><trkpt lat="61.13776271" lon="13.93879624"><ele>420.0</ele></trkpt><trkpt lat="61.13774970" lon="13.93895524"><ele>420.0</ele></trkpt><trkpt lat="61.13773583" lon="13.93911964"><ele>420.0</ele></trkpt><trkpt lat="61.13772282" lon="13.93927145"><ele>420.0</ele></trkpt><trkpt lat="61.13771198" lon="13.93943494"><ele>420.0</ele></trkpt><trkpt lat="61.13769897" lon="13.93958496"><ele>420.0</ele></trkpt><trkpt lat="61.13767685" lon="13.93973139"><ele>421.0</ele></trkpt><trkpt lat="61.13760877" lon="13.93999999"><ele>421.0</ele></trkpt><trkpt lat="61.13757885" lon="13.94012844"><ele>421.0</ele></trkpt><trkpt lat="61.13754763" lon="13.94028385"><ele>421.0</ele></trkpt><trkpt lat="61.13752769" lon="13.94043657"><ele>421.0</ele></trkpt><trkpt lat="61.13752162" lon="13.94059287"><ele>421.0</ele></trkpt><trkpt lat="61.13755891" lon="13.94094232"><ele>421.0</ele></trkpt><trkpt lat="61.13759880" lon="13.94107796"><ele>421.0</ele></trkpt><trkpt lat="61.13766775" lon="13.94125942"><ele>421.0</ele></trkpt><trkpt lat="61.13770894" lon="13.94140675"><ele>421.0</ele></trkpt><trkpt lat="61.13773192" lon="13.94158821"><ele>421.0</ele></trkpt><trkpt lat="61.13774190" lon="13.94178134"><ele>421.0</ele></trkpt><trkpt lat="61.13773366" lon="13.94194574"><ele>418.0</ele></trkpt><trkpt lat="61.13772889" lon="13.94214337"><ele>418.0</ele></trkpt><trkpt lat="61.13773496" lon="13.94235267"><ele>420.0</ele></trkpt><trkpt lat="61.13781691" lon="13.94251886"><ele>419.0</ele></trkpt><trkpt lat="61.13791578" lon="13.94268056"><ele>419.0</ele></trkpt><trkpt lat="61.13798472" lon="13.94276769"><ele>419.0</ele></trkpt><trkpt lat="61.13804586" lon="13.94289166"><ele>419.0</ele></trkpt><trkpt lat="61.13808879" lon="13.94306414"><ele>419.0</ele></trkpt><trkpt lat="61.13811091" lon="13.94325728"><ele>417.0</ele></trkpt><trkpt lat="61.13811177" lon="13.94342346"><ele>417.0</ele></trkpt><trkpt lat="61.13811958" lon="13.94357618"><ele>417.0</ele></trkpt><trkpt lat="61.13816467" lon="13.94372799"><ele>417.0</ele></trkpt><trkpt lat="61.13831384" lon="13.94387442"><ele>418.0</ele></trkpt><trkpt lat="61.13836284" lon="13.94399389"><ele>418.0</ele></trkpt><trkpt lat="61.13837498" lon="13.94416996"><ele>418.0</ele></trkpt><trkpt lat="61.13837498" lon="13.94433885"><ele>418.0</ele></trkpt><trkpt lat="61.13836977" lon="13.94456433"><ele>419.0</ele></trkpt><trkpt lat="61.13836284" lon="13.94481226"><ele>419.0</ele></trkpt><trkpt lat="61.13836284" lon="13.94502875"><ele>419.0</ele></trkpt><trkpt lat="61.13836761" lon="13.94525423"><ele>421.0</ele></trkpt><trkpt lat="61.13838061" lon="13.94552373"><ele>421.0</ele></trkpt><trkpt lat="61.13836067" lon="13.94574561"><ele>422.0</ele></trkpt><trkpt lat="61.13830777" lon="13.94596390"><ele>423.0</ele></trkpt><trkpt lat="61.13824880" lon="13.94615973"><ele>423.0</ele></trkpt><trkpt lat="61.13820066" lon="13.94636545"><ele>423.0</ele></trkpt><trkpt lat="61.13814993" lon="13.94655948"><ele>423.0</ele></trkpt><trkpt lat="61.13808966" lon="13.94674454"><ele>423.0</ele></trkpt><trkpt lat="61.13802375" lon="13.94692330"><ele>423.0</ele></trkpt><trkpt lat="61.13795697" lon="13.94712991"><ele>422.0</ele></trkpt><trkpt lat="61.13789583" lon="13.94735898"><ele>422.0</ele></trkpt><trkpt lat="61.13784857" lon="13.94754673"><ele>422.0</ele></trkpt><trkpt lat="61.13779566" lon="13.94774975"><ele>421.0</ele></trkpt><trkpt lat="61.13773669" lon="13.94794918"><ele>421.0</ele></trkpt><trkpt lat="61.13768292" lon="13.94819262"><ele>421.0</ele></trkpt><trkpt lat="61.13763869" lon="13.94844595"><ele>422.0</ele></trkpt><trkpt lat="61.13760270" lon="13.94870286"><ele>422.0</ele></trkpt><trkpt lat="61.13760270" lon="13.94896697"><ele>422.0</ele></trkpt><trkpt lat="61.13759360" lon="13.94921490"><ele>422.0</ele></trkpt><trkpt lat="61.13755674" lon="13.94944757"><ele>422.0</ele></trkpt><trkpt lat="61.13747478" lon="13.94963082"><ele>422.0</ele></trkpt><trkpt lat="61.13738979" lon="13.94975299"><ele>422.0</ele></trkpt><trkpt lat="61.13730263" lon="13.94985900"><ele>422.0</ele></trkpt><trkpt lat="61.13720897" lon="13.95004944"><ele>422.0</ele></trkpt><trkpt lat="61.13714783" lon="13.95022730"><ele>425.0</ele></trkpt><trkpt lat="61.13709189" lon="13.95047524"><ele>425.0</ele></trkpt><trkpt lat="61.13706457" lon="13.95075192"><ele>425.0</ele></trkpt><trkpt lat="61.13703985" lon="13.95104657"><ele>424.0</ele></trkpt><trkpt lat="61.13701297" lon="13.95125049"><ele>424.0</ele></trkpt><trkpt lat="61.13700863" lon="13.95152088"><ele>424.0</ele></trkpt><trkpt lat="61.13699866" lon="13.95175175"><ele>424.0</ele></trkpt><trkpt lat="61.13696093" lon="13.95201675"><ele>426.0</ele></trkpt><trkpt lat="61.13694185" lon="13.95225211"><ele>426.0</ele></trkpt><trkpt lat="61.13689979" lon="13.95247848"><ele>426.0</ele></trkpt><trkpt lat="61.13684992" lon="13.95267072"><ele>426.0</ele></trkpt><trkpt lat="61.13679398" lon="13.95283961"><ele>426.0</ele></trkpt><trkpt lat="61.13670769" lon="13.95295639"><ele>426.0</ele></trkpt><trkpt lat="61.13661489" lon="13.95301029"><ele>426.0</ele></trkpt><trkpt lat="61.13652600" lon="13.95303813"><ele>427.0</ele></trkpt><trkpt lat="61.13644187" lon="13.95304891"><ele>427.0</ele></trkpt><trkpt lat="61.13636078" lon="13.95304622"><ele>427.0</ele></trkpt><trkpt lat="61.13628359" lon="13.95306418"><ele>427.0</ele></trkpt><trkpt lat="61.13618776" lon="13.95313695"><ele>427.0</ele></trkpt><trkpt lat="61.13610580" lon="13.95325732"><ele>429.0</ele></trkpt><trkpt lat="61.13596270" lon="13.95345226"><ele>429.0</ele></trkpt><trkpt lat="61.13589982" lon="13.95352233"><ele>429.0</ele></trkpt><trkpt lat="61.13580788" lon="13.95359419"><ele>430.0</ele></trkpt><trkpt lat="61.13571378" lon="13.95366875"><ele>430.0</ele></trkpt><trkpt lat="61.13564483" lon="13.95371097"><ele>430.0</ele></trkpt><trkpt lat="61.13557892" lon="13.95374511"><ele>430.0</ele></trkpt><trkpt lat="61.13550173" lon="13.95383763"><ele>432.0</ele></trkpt><trkpt lat="61.13546877" lon="13.95401550"><ele>432.0</ele></trkpt><trkpt lat="61.13553772" lon="13.95408198"><ele>432.0</ele></trkpt><trkpt lat="61.13562575" lon="13.95402089"><ele>432.0</ele></trkpt><trkpt lat="61.13572159" lon="13.95399035"><ele>432.0</ele></trkpt><trkpt lat="61.13580788" lon="13.95401011"><ele>432.0</ele></trkpt><trkpt lat="61.13588594" lon="13.95406491"><ele>432.0</ele></trkpt><trkpt lat="61.13595099" lon="13.95417360"><ele>432.0</ele></trkpt><trkpt lat="61.13601387" lon="13.95429038"><ele>432.0</ele></trkpt><trkpt lat="61.13608282" lon="13.95445567"><ele>432.0</ele></trkpt><trkpt lat="61.13617084" lon="13.95449071"><ele>432.0</ele></trkpt><trkpt lat="61.13625194" lon="13.95447184"><ele>432.0</ele></trkpt><trkpt lat="61.13633780" lon="13.95443232"><ele>431.0</ele></trkpt><trkpt lat="61.13642583" lon="13.95438740"><ele>431.0</ele></trkpt><trkpt lat="61.13651299" lon="13.95433800"><ele>431.0</ele></trkpt><trkpt lat="61.13659668" lon="13.95430835"><ele>431.0</ele></trkpt><trkpt lat="61.13668774" lon="13.95432722"><ele>431.0</ele></trkpt><trkpt lat="61.13677577" lon="13.95436135"><ele>428.0</ele></trkpt><trkpt lat="61.13685296" lon="13.95438111"><ele>428.0</ele></trkpt><trkpt lat="61.13693969" lon="13.95440178"><ele>428.0</ele></trkpt><trkpt lat="61.13702381" lon="13.95441525"><ele>428.0</ele></trkpt><trkpt lat="61.13711270" lon="13.95443771"><ele>428.0</ele></trkpt><trkpt lat="61.13720160" lon="13.95445567"><ele>427.0</ele></trkpt><trkpt lat="61.13728789" lon="13.95446556"><ele>427.0</ele></trkpt><trkpt lat="61.13736985" lon="13.95446915"><ele>427.0</ele></trkpt><trkpt lat="61.13745267" lon="13.95446915"><ele>427.0</ele></trkpt><trkpt lat="61.13753679" lon="13.95446376"><ele>427.0</ele></trkpt><trkpt lat="61.13761961" lon="13.95445567"><ele>426.0</ele></trkpt><trkpt lat="61.13770764" lon="13.95445118"><ele>426.0</ele></trkpt><trkpt lat="61.13779697" lon="13.95444579"><ele>426.0</ele></trkpt><trkpt lat="61.13788282" lon="13.95443950"><ele>426.0</ele></trkpt><trkpt lat="61.13796998" lon="13.95443322"><ele>426.0</ele></trkpt><trkpt lat="61.13805367" lon="13.95442154"><ele>426.0</ele></trkpt><trkpt lat="61.13813779" lon="13.95440537"><ele>426.0</ele></trkpt><trkpt lat="61.13821974" lon="13.95440896"><ele>426.0</ele></trkpt><trkpt lat="61.13829563" lon="13.95438920"><ele>426.0</ele></trkpt><trkpt lat="61.13837671" lon="13.95436584"><ele>426.0</ele></trkpt><trkpt lat="61.13846257" lon="13.95432722"><ele>423.0</ele></trkpt><trkpt lat="61.13854192" lon="13.95428140"><ele>423.0</ele></trkpt><trkpt lat="61.13861867" lon="13.95424367"><ele>422.0</ele></trkpt><trkpt lat="61.13870192" lon="13.95429128"><ele>422.0</ele></trkpt><trkpt lat="61.13875872" lon="13.95448981"><ele>422.0</ele></trkpt><trkpt lat="61.13877563" lon="13.95472337"><ele>421.0</ele></trkpt><trkpt lat="61.13878387" lon="13.95491741"><ele>421.0</ele></trkpt><trkpt lat="61.13879558" lon="13.95508989"><ele>421.0</ele></trkpt><trkpt lat="61.13880685" lon="13.95524979"><ele>421.0</ele></trkpt><trkpt lat="61.13881466" lon="13.95540879"><ele>421.0</ele></trkpt><trkpt lat="61.13882290" lon="13.95557677"><ele>420.0</ele></trkpt><trkpt lat="61.13882680" lon="13.95573577"><ele>420.0</ele></trkpt><trkpt lat="61.13883981" lon="13.95590017"><ele>420.0</ele></trkpt><trkpt lat="61.13885585" lon="13.95607085"><ele>420.0</ele></trkpt><trkpt lat="61.13886973" lon="13.95623883"><ele>420.0</ele></trkpt><trkpt lat="61.13888187" lon="13.95640592"><ele>418.0</ele></trkpt><trkpt lat="61.13889097" lon="13.95656851"><ele>418.0</ele></trkpt><trkpt lat="61.13890268" lon="13.95673290"><ele>418.0</ele></trkpt><trkpt lat="61.13891092" lon="13.95689999"><ele>418.0</ele></trkpt><trkpt lat="61.13892176" lon="13.95706079"><ele>418.0</ele></trkpt><trkpt lat="61.13893260" lon="13.95721799"><ele>417.0</ele></trkpt><trkpt lat="61.13893780" lon="13.95738149"><ele>417.0</ele></trkpt><trkpt lat="61.13894994" lon="13.95761774"><ele>417.0</ele></trkpt><trkpt lat="61.13895992" lon="13.95777854"><ele>417.0</ele></trkpt><trkpt lat="61.13896989" lon="13.95794563"><ele>416.0</ele></trkpt><trkpt lat="61.13897986" lon="13.95810553"><ele>416.0</ele></trkpt><trkpt lat="61.13899070" lon="13.95825645"><ele>416.0</ele></trkpt><trkpt lat="61.13900284" lon="13.95841186"><ele>416.0</ele></trkpt><trkpt lat="61.13901368" lon="13.95856996"><ele>416.0</ele></trkpt><trkpt lat="61.13902582" lon="13.95873345"><ele>416.0</ele></trkpt><trkpt lat="61.13903666" lon="13.95890054"><ele>417.0</ele></trkpt><trkpt lat="61.13904794" lon="13.95914937"><ele>417.0</ele></trkpt><trkpt lat="61.13904880" lon="13.95930927"><ele>417.0</ele></trkpt><trkpt lat="61.13905661" lon="13.95946917"><ele>417.0</ele></trkpt><trkpt lat="61.13906572" lon="13.95962458"><ele>415.0</ele></trkpt><trkpt lat="61.13907786" lon="13.95978179"><ele>415.0</ele></trkpt><trkpt lat="61.13908479" lon="13.95993450"><ele>415.0</ele></trkpt><trkpt lat="61.13909390" lon="13.96009350"><ele>415.0</ele></trkpt><trkpt lat="61.13909780" lon="13.96024981"><ele>415.0</ele></trkpt><trkpt lat="61.13910691" lon="13.96040612"><ele>416.0</ele></trkpt><trkpt lat="61.13913076" lon="13.96076993"><ele>416.0</ele></trkpt><trkpt lat="61.13914463" lon="13.96109512"><ele>416.0</ele></trkpt><trkpt lat="61.13915590" lon="13.96128916"><ele>416.0</ele></trkpt><trkpt lat="61.13918669" lon="13.96148050"><ele>416.0</ele></trkpt><trkpt lat="61.13922658" lon="13.96162243"><ele>416.0</ele></trkpt><trkpt lat="61.13928989" lon="13.96181737"><ele>417.0</ele></trkpt><trkpt lat="61.13933065" lon="13.96196020"><ele>417.0</ele></trkpt><trkpt lat="61.13936577" lon="13.96211381"><ele>417.0</ele></trkpt><trkpt lat="61.13939785" lon="13.96227551"><ele>417.0</ele></trkpt><trkpt lat="61.13941476" lon="13.96244349"><ele>417.0</ele></trkpt><trkpt lat="61.13942257" lon="13.96261687"><ele>417.0</ele></trkpt><trkpt lat="61.13941476" lon="13.96286570"><ele>417.0</ele></trkpt><trkpt lat="61.13939785" lon="13.96303548"><ele>417.0</ele></trkpt><trkpt lat="61.13937791" lon="13.96320796"><ele>417.0</ele></trkpt><trkpt lat="61.13936100" lon="13.96336427"><ele>417.0</ele></trkpt><trkpt lat="61.13933195" lon="13.96359424"><ele>417.0</ele></trkpt><trkpt lat="61.13931374" lon="13.96375324"><ele>417.0</ele></trkpt><trkpt lat="61.13929986" lon="13.96391044"><ele>417.0</ele></trkpt><trkpt lat="61.13928468" lon="13.96406495"><ele>417.0</ele></trkpt><trkpt lat="61.13926994" lon="13.96421318"><ele>418.0</ele></trkpt><trkpt lat="61.13925173" lon="13.96436050"><ele>418.0</ele></trkpt><trkpt lat="61.13923786" lon="13.96451770"><ele>418.0</ele></trkpt><trkpt lat="61.13920490" lon="13.96475755"><ele>418.0</ele></trkpt><trkpt lat="61.13919666" lon="13.96483571"><ele>417.0</ele></trkpt><trkpt lat="61.13918062" lon="13.96499740"><ele>417.0</ele></trkpt><trkpt lat="61.13916284" lon="13.96516090"><ele>417.0</ele></trkpt><trkpt lat="61.13914897" lon="13.96532170"><ele>417.0</ele></trkpt><trkpt lat="61.13913986" lon="13.96547710"><ele>417.0</ele></trkpt><trkpt lat="61.13912469" lon="13.96562623"><ele>417.0</ele></trkpt><trkpt lat="61.13910561" lon="13.96577355"><ele>417.0</ele></trkpt><trkpt lat="61.13908479" lon="13.96592267"><ele>417.0</ele></trkpt><trkpt lat="61.13906572" lon="13.96608077"><ele>417.0</ele></trkpt><trkpt lat="61.13904664" lon="13.96624966"><ele>417.0</ele></trkpt><trkpt lat="61.13902366" lon="13.96640866"><ele>416.0</ele></trkpt><trkpt lat="61.13900198" lon="13.96656586"><ele>416.0</ele></trkpt><trkpt lat="61.13897683" lon="13.96672486"><ele>416.0</ele></trkpt><trkpt lat="61.13895558" lon="13.96687668"><ele>416.0</ele></trkpt><trkpt lat="61.13892870" lon="13.96703389"><ele>416.0</ele></trkpt><trkpt lat="61.13890268" lon="13.96720277"><ele>414.0</ele></trkpt><trkpt lat="61.13886279" lon="13.96744981"><ele>414.0</ele></trkpt><trkpt lat="61.13883287" lon="13.96761240"><ele>413.0</ele></trkpt><trkpt lat="61.13880295" lon="13.96778039"><ele>412.0</ele></trkpt><trkpt lat="61.13877477" lon="13.96795286"><ele>412.0</ele></trkpt><trkpt lat="61.13875265" lon="13.96811276"><ele>410.0</ele></trkpt><trkpt lat="61.13872794" lon="13.96827087"><ele>410.0</ele></trkpt><trkpt lat="61.13870582" lon="13.96843077"><ele>409.0</ele></trkpt><trkpt lat="61.13868284" lon="13.96858797"><ele>409.0</ele></trkpt><trkpt lat="61.13865466" lon="13.96875326"><ele>409.0</ele></trkpt><trkpt lat="61.13861173" lon="13.96900120"><ele>409.0</ele></trkpt><trkpt lat="61.13859265" lon="13.96916199"><ele>409.0</ele></trkpt><trkpt lat="61.13857270" lon="13.96932369"><ele>409.0</ele></trkpt><trkpt lat="61.13855059" lon="13.96948988"><ele>409.0</ele></trkpt><trkpt lat="61.13853064" lon="13.96965068"><ele>408.0</ele></trkpt><trkpt lat="61.13851200" lon="13.96980159"><ele>407.0</ele></trkpt><trkpt lat="61.13848381" lon="13.96996419"><ele>407.0</ele></trkpt><trkpt lat="61.13845563" lon="13.97011780"><ele>408.0</ele></trkpt><trkpt lat="61.13843178" lon="13.97027141"><ele>408.0</ele></trkpt><trkpt lat="61.13841097" lon="13.97042592"><ele>407.0</ele></trkpt><trkpt lat="61.13839059" lon="13.97057415"><ele>406.0</ele></trkpt><trkpt lat="61.13836891" lon="13.97072416"><ele>406.0</ele></trkpt><trkpt lat="61.13834679" lon="13.97087867"><ele>406.0</ele></trkpt><trkpt lat="61.13832078" lon="13.97103678"><ele>406.0</ele></trkpt><trkpt lat="61.13830300" lon="13.97119488"><ele>405.0</ele></trkpt><trkpt lat="61.13828088" lon="13.97134760"><ele>404.0</ele></trkpt><trkpt lat="61.13823275" lon="13.97159463"><ele>403.0</ele></trkpt><trkpt lat="61.13818289" lon="13.97183897"><ele>403.0</ele></trkpt><trkpt lat="61.13814473" lon="13.97199798"><ele>402.0</ele></trkpt><trkpt lat="61.13809573" lon="13.97223783"><ele>402.0</ele></trkpt><trkpt lat="61.13804370" lon="13.97245432"><ele>402.0</ele></trkpt><trkpt lat="61.13798863" lon="13.97269058"><ele>402.0</ele></trkpt><trkpt lat="61.13795090" lon="13.97291156"><ele>400.0</ele></trkpt><trkpt lat="61.13792488" lon="13.97314512"><ele>399.0</ele></trkpt><trkpt lat="61.13788586" lon="13.97339126"><ele>399.0</ele></trkpt><trkpt lat="61.13785073" lon="13.97364279"><ele>398.0</ele></trkpt><trkpt lat="61.13780390" lon="13.97387456"><ele>398.0</ele></trkpt><trkpt lat="61.13776184" lon="13.97411530"><ele>398.0</ele></trkpt><trkpt lat="61.13772759" lon="13.97434348"><ele>396.0</ele></trkpt><trkpt lat="61.13768683" lon="13.97456626"><ele>394.0</ele></trkpt><trkpt lat="61.13766471" lon="13.97479623"><ele>395.0</ele></trkpt><trkpt lat="61.13764086" lon="13.97501542"><ele>395.0</ele></trkpt><trkpt lat="61.13762482" lon="13.97524089"><ele>396.0</ele></trkpt><trkpt lat="61.13759793" lon="13.97549781"><ele>396.0</ele></trkpt><trkpt lat="61.13756888" lon="13.97574665"><ele>396.0</ele></trkpt><trkpt lat="61.13752985" lon="13.97599099"><ele>394.0</ele></trkpt><trkpt lat="61.13747478" lon="13.97620928"><ele>394.0</ele></trkpt><trkpt lat="61.13741494" lon="13.97643475"><ele>394.0</ele></trkpt><trkpt lat="61.13734166" lon="13.97665394"><ele>394.0</ele></trkpt><trkpt lat="61.13726664" lon="13.97685517"><ele>394.0</ele></trkpt><trkpt lat="61.13719076" lon="13.97704381"><ele>394.0</ele></trkpt><trkpt lat="61.13711184" lon="13.97721270"><ele>394.0</ele></trkpt><trkpt lat="61.13702771" lon="13.97739146"><ele>392.0</ele></trkpt><trkpt lat="61.13694099" lon="13.97755226"><ele>391.0</ele></trkpt><trkpt lat="61.13686857" lon="13.97766994"><ele>390.0</ele></trkpt><trkpt lat="61.13677881" lon="13.97782625"><ele>389.0</ele></trkpt><trkpt lat="61.13667473" lon="13.97799243"><ele>389.0</ele></trkpt><trkpt lat="61.13657066" lon="13.97818916"><ele>388.0</ele></trkpt><trkpt lat="61.13648784" lon="13.97838320"><ele>388.0</ele></trkpt><trkpt lat="61.13642669" lon="13.97858173"><ele>386.0</ele></trkpt><trkpt lat="61.13638767" lon="13.97879373"><ele>386.0</ele></trkpt><trkpt lat="61.13635688" lon="13.97902190"><ele>388.0</ele></trkpt><trkpt lat="61.13633476" lon="13.97922941"><ele>387.0</ele></trkpt><trkpt lat="61.13631568" lon="13.97945938"><ele>387.0</ele></trkpt><trkpt lat="61.13628966" lon="13.97969564"><ele>387.0</ele></trkpt><trkpt lat="61.13626061" lon="13.97992381"><ele>386.0</ele></trkpt><trkpt lat="61.13624500" lon="13.98007742"><ele>386.0</ele></trkpt><trkpt lat="61.13623286" lon="13.98029571"><ele>386.0</ele></trkpt><trkpt lat="61.13624066" lon="13.98044394"><ele>386.0</ele></trkpt><trkpt lat="61.13624890" lon="13.98059934"><ele>386.0</ele></trkpt><trkpt lat="61.13625280" lon="13.98077541"><ele>385.0</ele></trkpt><trkpt lat="61.13625887" lon="13.98095148"><ele>385.0</ele></trkpt><trkpt lat="61.13626278" lon="13.98112127"><ele>385.0</ele></trkpt><trkpt lat="61.13626668" lon="13.98129913"><ele>385.0</ele></trkpt><trkpt lat="61.13626191" lon="13.98146532"><ele>385.0</ele></trkpt><trkpt lat="61.13624196" lon="13.98161983"><ele>385.0</ele></trkpt><trkpt lat="61.13621768" lon="13.98183363"><ele>385.0</ele></trkpt><trkpt lat="61.13619470" lon="13.98206360"><ele>385.0</ele></trkpt><trkpt lat="61.13617258" lon="13.98221991"><ele>385.0</ele></trkpt><trkpt lat="61.13613399" lon="13.98245976"><ele>384.0</ele></trkpt><trkpt lat="61.13609366" lon="13.98270589"><ele>384.0</ele></trkpt><trkpt lat="61.13606460" lon="13.98285591"><ele>384.0</ele></trkpt><trkpt lat="61.13603295" lon="13.98300773"><ele>384.0</ele></trkpt><trkpt lat="61.13599782" lon="13.98315325"><ele>384.0</ele></trkpt><trkpt lat="61.13595879" lon="13.98336616"><ele>384.0</ele></trkpt><trkpt lat="61.13592367" lon="13.98359073"><ele>384.0</ele></trkpt><trkpt lat="61.13588290" lon="13.98381262"><ele>383.0</ele></trkpt><trkpt lat="61.13584474" lon="13.98402911"><ele>383.0</ele></trkpt><trkpt lat="61.13579964" lon="13.98426447"><ele>383.0</ele></trkpt><trkpt lat="61.13576799" lon="13.98442437"><ele>383.0</ele></trkpt><trkpt lat="61.13573069" lon="13.98463997"><ele>382.0</ele></trkpt><trkpt lat="61.13569990" lon="13.98485826"><ele>382.0</ele></trkpt><trkpt lat="61.13565697" lon="13.98507565"><ele>382.0</ele></trkpt><trkpt lat="61.13560884" lon="13.98533526"><ele>379.0</ele></trkpt><trkpt lat="61.13556764" lon="13.98553020"><ele>379.0</ele></trkpt><trkpt lat="61.13551083" lon="13.98573052"><ele>378.0</ele></trkpt><trkpt lat="61.13543971" lon="13.98591468"><ele>378.0</ele></trkpt><trkpt lat="61.13535775" lon="13.98611320"><ele>379.0</ele></trkpt><trkpt lat="61.13527796" lon="13.98632790"><ele>379.0</ele></trkpt><trkpt lat="61.13519773" lon="13.98653092"><ele>380.0</ele></trkpt><trkpt lat="61.13513876" lon="13.98672046"><ele>380.0</ele></trkpt><trkpt lat="61.13508672" lon="13.98696750"><ele>380.0</ele></trkpt><trkpt lat="61.13506070" lon="13.98722172"><ele>379.0</ele></trkpt><trkpt lat="61.13502991" lon="13.98749122"><ele>378.0</ele></trkpt><trkpt lat="61.13501690" lon="13.98770681"><ele>378.0</ele></trkpt><trkpt lat="61.13500692" lon="13.98791972"><ele>377.0</ele></trkpt><trkpt lat="61.13498481" lon="13.98817484"><ele>376.0</ele></trkpt><trkpt lat="61.13496486" lon="13.98843984"><ele>376.0</ele></trkpt><trkpt lat="61.13493277" lon="13.98870754"><ele>376.0</ele></trkpt><trkpt lat="61.13491282" lon="13.98897164"><ele>376.0</ele></trkpt><trkpt lat="61.13489374" lon="13.98922317"><ele>376.0</ele></trkpt><trkpt lat="61.13486685" lon="13.98948817"><ele>376.0</ele></trkpt><trkpt lat="61.13485688" lon="13.98966514"><ele>375.0</ele></trkpt><trkpt lat="61.13483780" lon="13.98983852"><ele>374.0</ele></trkpt><trkpt lat="61.13480397" lon="13.99007298"><ele>374.0</ele></trkpt><trkpt lat="61.13477188" lon="13.99031373"><ele>374.0</ele></trkpt><trkpt lat="61.13474673" lon="13.99048441"><ele>373.0</ele></trkpt><trkpt lat="61.13471767" lon="13.99064610"><ele>372.0</ele></trkpt><trkpt lat="61.13469295" lon="13.99081588"><ele>372.0</ele></trkpt><trkpt lat="61.13466173" lon="13.99105843"><ele>372.0</ele></trkpt><trkpt lat="61.13461966" lon="13.99128660"><ele>372.0</ele></trkpt><trkpt lat="61.13456285" lon="13.99150669"><ele>372.0</ele></trkpt><trkpt lat="61.13451298" lon="13.99165491"><ele>372.0</ele></trkpt><trkpt lat="61.13445964" lon="13.99179774"><ele>372.0</ele></trkpt><trkpt lat="61.13439069" lon="13.99192530"><ele>372.0</ele></trkpt><trkpt lat="61.13429094" lon="13.99208970"><ele>372.0</ele></trkpt><trkpt lat="61.13420985" lon="13.99223971"><ele>372.0</ele></trkpt><trkpt lat="61.13414263" lon="13.99240411"><ele>372.0</ele></trkpt><trkpt lat="61.13407064" lon="13.99255682"><ele>372.0</ele></trkpt><trkpt lat="61.13401079" lon="13.99270953"><ele>372.0</ele></trkpt><trkpt lat="61.13394791" lon="13.99288650"><ele>372.0</ele></trkpt><trkpt lat="61.13387072" lon="13.99310838"><ele>372.0</ele></trkpt><trkpt lat="61.13382388" lon="13.99329523"><ele>374.0</ele></trkpt><trkpt lat="61.13377574" lon="13.99352700"><ele>374.0</ele></trkpt><trkpt lat="61.13372066" lon="13.99373361"><ele>374.0</ele></trkpt><trkpt lat="61.13366168" lon="13.99395999"><ele>374.0</ele></trkpt><trkpt lat="61.13360878" lon="13.99418996"><ele>374.0</ele></trkpt><trkpt lat="61.13357798" lon="13.99438669"><ele>374.0</ele></trkpt><trkpt lat="61.13356194" lon="13.99463552"><ele>373.0</ele></trkpt><trkpt lat="61.13355500" lon="13.99490681"><ele>373.0</ele></trkpt><trkpt lat="61.13354372" lon="13.99515744"><ele>373.0</ele></trkpt><trkpt lat="61.13353375" lon="13.99542244"><ele>372.0</ele></trkpt><trkpt lat="61.13351597" lon="13.99569284"><ele>372.0</ele></trkpt><trkpt lat="61.13349559" lon="13.99588238"><ele>372.0</ele></trkpt><trkpt lat="61.13347173" lon="13.99607013"><ele>372.0</ele></trkpt><trkpt lat="61.13343877" lon="13.99630998"><ele>371.0</ele></trkpt><trkpt lat="61.13342793" lon="13.99646539"><ele>371.0</ele></trkpt><trkpt lat="61.13339671" lon="13.99669985"><ele>371.0</ele></trkpt><trkpt lat="61.13336375" lon="13.99692533"><ele>371.0</ele></trkpt><trkpt lat="61.13333686" lon="13.99707894"><ele>371.0</ele></trkpt><trkpt lat="61.13330000" lon="13.99729543"><ele>371.0</ele></trkpt><trkpt lat="61.13326877" lon="13.99749396"><ele>371.0</ele></trkpt><trkpt lat="61.13324969" lon="13.99772573"><ele>370.0</ele></trkpt><trkpt lat="61.13324492" lon="13.99795480"><ele>370.0</ele></trkpt><trkpt lat="61.13323061" lon="13.99814524"><ele>370.0</ele></trkpt><trkpt lat="61.13321586" lon="13.99836173"><ele>370.0</ele></trkpt><trkpt lat="61.13320068" lon="13.99859260"><ele>370.0</ele></trkpt><trkpt lat="61.13315688" lon="13.99876687"><ele>370.0</ele></trkpt><trkpt lat="61.13310093" lon="13.99894833"><ele>370.0</ele></trkpt><trkpt lat="61.13305973" lon="13.99909116"><ele>370.0</ele></trkpt><trkpt lat="61.13300986" lon="13.99927262"><ele>370.0</ele></trkpt><trkpt lat="61.13295478" lon="13.99947295"><ele>370.0</ele></trkpt><trkpt lat="61.13288973" lon="13.99968046"><ele>369.0</ele></trkpt><trkpt lat="61.13280299" lon="13.99989336"><ele>368.0</ele></trkpt><trkpt lat="61.13270368" lon="14.00011075"><ele>366.0</ele></trkpt><trkpt lat="61.13262474" lon="14.00025179"><ele>366.0</ele></trkpt><trkpt lat="61.13252890" lon="14.00045481"><ele>363.0</ele></trkpt><trkpt lat="61.13244866" lon="14.00065423"><ele>363.0</ele></trkpt><trkpt lat="61.13237580" lon="14.00087612"><ele>362.0</ele></trkpt><trkpt lat="61.13231769" lon="14.00104680"><ele>362.0</ele></trkpt><trkpt lat="61.13226478" lon="14.00120760"><ele>361.0</ele></trkpt><trkpt lat="61.13221187" lon="14.00134144"><ele>361.0</ele></trkpt><trkpt lat="61.13215071" lon="14.00146811"><ele>361.0</ele></trkpt><trkpt lat="61.13208566" lon="14.00159297"><ele>361.0</ele></trkpt><trkpt lat="61.13199458" lon="14.00177084"><ele>360.0</ele></trkpt><trkpt lat="61.13192779" lon="14.00189031"><ele>360.0</ele></trkpt><trkpt lat="61.13185797" lon="14.00200979"><ele>360.0</ele></trkpt><trkpt lat="61.13178684" lon="14.00211400"><ele>360.0</ele></trkpt><trkpt lat="61.13168188" lon="14.00223796"><ele>360.0</ele></trkpt><trkpt lat="61.13158083" lon="14.00231432"><ele>357.0</ele></trkpt><trkpt lat="61.13145679" lon="14.00240774"><ele>355.0</ele></trkpt><trkpt lat="61.13135487" lon="14.00254968"><ele>355.0</ele></trkpt><trkpt lat="61.13125468" lon="14.00273383"><ele>351.0</ele></trkpt><trkpt lat="61.13117097" lon="14.00294673"><ele>351.0</ele></trkpt><trkpt lat="61.13108987" lon="14.00315514"><ele>349.0</ele></trkpt><trkpt lat="61.13103566" lon="14.00328270"><ele>348.0</ele></trkpt><trkpt lat="61.13097797" lon="14.00342464"><ele>348.0</ele></trkpt><trkpt lat="61.13090598" lon="14.00354950"><ele>348.0</ele></trkpt><trkpt lat="61.13082877" lon="14.00366539"><ele>347.0</ele></trkpt><trkpt lat="61.13074290" lon="14.00377947"><ele>346.0</ele></trkpt><trkpt lat="61.13066266" lon="14.00387020"><ele>344.0</ele></trkpt><trkpt lat="61.13056594" lon="14.00395644"><ele>342.0</ele></trkpt><trkpt lat="61.13047269" lon="14.00403010"><ele>342.0</ele></trkpt><trkpt lat="61.13038768" lon="14.00408310"><ele>342.0</ele></trkpt><trkpt lat="61.13024976" lon="14.00418192"><ele>342.0</ele></trkpt><trkpt lat="61.13017993" lon="14.00425378"><ele>343.0</ele></trkpt><trkpt lat="61.13011357" lon="14.00434092"><ele>342.0</ele></trkpt><trkpt lat="61.13004460" lon="14.00443794"><ele>343.0</ele></trkpt><trkpt lat="61.12998258" lon="14.00453226"><ele>343.0</ele></trkpt><trkpt lat="61.12991665" lon="14.00469575"><ele>343.0</ele></trkpt><trkpt lat="61.12987588" lon="14.00483499"><ele>343.0</ele></trkpt><trkpt lat="61.12983381" lon="14.00498681"><ele>342.0</ele></trkpt><trkpt lat="61.12978957" lon="14.00514132"><ele>342.0</ele></trkpt><trkpt lat="61.12975661" lon="14.00527966"><ele>342.0</ele></trkpt><trkpt lat="61.12971584" lon="14.00545842"><ele>342.0</ele></trkpt><trkpt lat="61.12967463" lon="14.00563988"><ele>341.0</ele></trkpt><trkpt lat="61.12962866" lon="14.00582494"><ele>340.0</ele></trkpt><trkpt lat="61.12958398" lon="14.00601538"><ele>339.0</ele></trkpt><trkpt lat="61.12951372" lon="14.00619055"><ele>339.0</ele></trkpt><trkpt lat="61.12942567" lon="14.00638638"><ele>340.0</ele></trkpt><trkpt lat="61.12932157" lon="14.00656694"><ele>340.0</ele></trkpt><trkpt lat="61.12922485" lon="14.00674481"><ele>340.0</ele></trkpt><trkpt lat="61.12914764" lon="14.00686698"><ele>338.0</ele></trkpt><trkpt lat="61.12904094" lon="14.00703766"><ele>337.0</ele></trkpt><trkpt lat="61.12896764" lon="14.00716432"><ele>335.0</ele></trkpt><trkpt lat="61.12887178" lon="14.00736195"><ele>334.0</ele></trkpt><trkpt lat="61.12878677" lon="14.00756228"><ele>335.0</ele></trkpt><trkpt lat="61.12872561" lon="14.00770331"><ele>335.0</ele></trkpt><trkpt lat="61.12867183" lon="14.00784076"><ele>335.0</ele></trkpt><trkpt lat="61.12860893" lon="14.00804647"><ele>335.0</ele></trkpt><trkpt lat="61.12856166" lon="14.00818122"><ele>334.0</ele></trkpt><trkpt lat="61.12848662" lon="14.00836627"><ele>334.0</ele></trkpt><trkpt lat="61.12840377" lon="14.00854683"><ele>334.0</ele></trkpt><trkpt lat="61.12833480" lon="14.00874716"><ele>334.0</ele></trkpt><trkpt lat="61.12826757" lon="14.00893670"><ele>331.0</ele></trkpt><trkpt lat="61.12819557" lon="14.00915589"><ele>330.0</ele></trkpt><trkpt lat="61.12814092" lon="14.00938586"><ele>329.0</ele></trkpt><trkpt lat="61.12807195" lon="14.00961762"><ele>327.0</ele></trkpt><trkpt lat="61.12798867" lon="14.00985298"><ele>327.0</ele></trkpt><trkpt lat="61.12790799" lon="14.01006678"><ele>326.0</ele></trkpt><trkpt lat="61.12782558" lon="14.01028777"><ele>326.0</ele></trkpt><trkpt lat="61.12777396" lon="14.01050157"><ele>326.0</ele></trkpt><trkpt lat="61.12775097" lon="14.01072435"><ele>326.0</ele></trkpt><trkpt lat="61.12774099" lon="14.01096240"><ele>326.0</ele></trkpt><trkpt lat="61.12774273" lon="14.01119237"><ele>326.0</ele></trkpt><trkpt lat="61.12775184" lon="14.01142414"><ele>325.0</ele></trkpt><trkpt lat="61.12776659" lon="14.01165860"><ele>324.0</ele></trkpt><trkpt lat="61.12777266" lon="14.01181850"><ele>324.0</ele></trkpt><trkpt lat="61.12778697" lon="14.01197390"><ele>324.0</ele></trkpt><trkpt lat="61.12779695" lon="14.01212752"><ele>324.0</ele></trkpt><trkpt lat="61.12780259" lon="14.01229999"><ele>326.0</ele></trkpt><trkpt lat="61.12780692" lon="14.01254344"><ele>326.0</ele></trkpt><trkpt lat="61.12780085" lon="14.01271861"><ele>326.0</ele></trkpt><trkpt lat="61.12778784" lon="14.01288839"><ele>326.0</ele></trkpt><trkpt lat="61.12776789" lon="14.01312465"><ele>324.0</ele></trkpt><trkpt lat="61.12773188" lon="14.01336539"><ele>324.0</ele></trkpt><trkpt lat="61.12768981" lon="14.01362231"><ele>324.0</ele></trkpt><trkpt lat="61.12765684" lon="14.01380467"><ele>324.0</ele></trkpt><trkpt lat="61.12763082" lon="14.01398433"><ele>323.0</ele></trkpt><trkpt lat="61.12760696" lon="14.01414873"><ele>323.0</ele></trkpt><trkpt lat="61.12758484" lon="14.01436342"><ele>323.0</ele></trkpt><trkpt lat="61.12757269" lon="14.01457632"><ele>323.0</ele></trkpt><trkpt lat="61.12756792" lon="14.01480090"><ele>323.0</ele></trkpt><trkpt lat="61.12757486" lon="14.01501829"><ele>323.0</ele></trkpt><trkpt lat="61.12758397" lon="14.01524197"><ele>323.0</ele></trkpt><trkpt lat="61.12756792" lon="14.01548722"><ele>323.0</ele></trkpt><trkpt lat="61.12754363" lon="14.01566957"><ele>323.0</ele></trkpt><trkpt lat="61.12751761" lon="14.01585193"><ele>323.0</ele></trkpt><trkpt lat="61.12747163" lon="14.01602710"><ele>323.0</ele></trkpt><trkpt lat="61.12741697" lon="14.01620048"><ele>323.0</ele></trkpt><trkpt lat="61.12735364" lon="14.01635768"><ele>316.0</ele></trkpt><trkpt lat="61.12727774" lon="14.01649692"><ele>315.0</ele></trkpt><trkpt lat="61.12716799" lon="14.01669275"><ele>316.0</ele></trkpt><trkpt lat="61.12709599" lon="14.01682121"><ele>315.0</ele></trkpt><trkpt lat="61.12702789" lon="14.01694877"><ele>315.0</ele></trkpt><trkpt lat="61.12697583" lon="14.01707813"><ele>315.0</ele></trkpt><trkpt lat="61.12692378" lon="14.01721647"><ele>315.0</ele></trkpt><trkpt lat="61.12687563" lon="14.01736469"><ele>315.0</ele></trkpt><trkpt lat="61.12685264" lon="14.01754076"><ele>315.0</ele></trkpt><trkpt lat="61.12684180" lon="14.01777792"><ele>313.0</ele></trkpt><trkpt lat="61.12685481" lon="14.01801687"><ele>313.0</ele></trkpt><trkpt lat="61.12690686" lon="14.01822528"><ele>313.0</ele></trkpt><trkpt lat="61.12693896" lon="14.01843728"><ele>313.0</ele></trkpt><trkpt lat="61.12696499" lon="14.01866096"><ele>313.0</ele></trkpt><trkpt lat="61.12697583" lon="14.01882446"><ele>313.0</ele></trkpt><trkpt lat="61.12698364" lon="14.01906790"><ele>313.0</ele></trkpt><trkpt lat="61.12696976" lon="14.01923499"><ele>312.0</ele></trkpt><trkpt lat="61.12694590" lon="14.01947663"><ele>311.0</ele></trkpt><trkpt lat="61.12692768" lon="14.01963923"><ele>311.0</ele></trkpt><trkpt lat="61.12689385" lon="14.01987638"><ele>311.0</ele></trkpt><trkpt lat="61.12686696" lon="14.02003179"><ele>310.0</ele></trkpt><trkpt lat="61.12683486" lon="14.02027973"><ele>310.0</ele></trkpt><trkpt lat="61.12680493" lon="14.02044142"><ele>310.0</ele></trkpt><trkpt lat="61.12675157" lon="14.02068846"><ele>310.0</ele></trkpt><trkpt lat="61.12670689" lon="14.02092741"><ele>306.0</ele></trkpt><trkpt lat="61.12667696" lon="14.02115199"><ele>306.0</ele></trkpt><trkpt lat="61.12664400" lon="14.02139274"><ele>306.0</ele></trkpt><trkpt lat="61.12662665" lon="14.02155174"><ele>306.0</ele></trkpt><trkpt lat="61.12659194" lon="14.02177273"><ele>305.0</ele></trkpt><trkpt lat="61.12655681" lon="14.02200898"><ele>305.0</ele></trkpt><trkpt lat="61.12654163" lon="14.02226321"><ele>305.0</ele></trkpt><trkpt lat="61.12655464" lon="14.02252552"><ele>304.0</ele></trkpt><trkpt lat="61.12659064" lon="14.02275818"><ele>304.0</ele></trkpt><trkpt lat="61.12663792" lon="14.02300162"><ele>304.0</ele></trkpt><trkpt lat="61.12669779" lon="14.02323339"><ele>303.0</ele></trkpt><trkpt lat="61.12674160" lon="14.02338520"><ele>303.0</ele></trkpt><trkpt lat="61.12678194" lon="14.02353253"><ele>303.0</ele></trkpt><trkpt lat="61.12681881" lon="14.02376789"><ele>303.0</ele></trkpt><trkpt lat="61.12682358" lon="14.02400145"><ele>302.0</ele></trkpt><trkpt lat="61.12681794" lon="14.02420896"><ele>302.0</ele></trkpt><trkpt lat="61.12680363" lon="14.02442545"><ele>302.0</ele></trkpt><trkpt lat="61.12678671" lon="14.02457996"><ele>302.0</ele></trkpt><trkpt lat="61.12678497" lon="14.02479646"><ele>299.0</ele></trkpt><trkpt lat="61.12680493" lon="14.02498331"><ele>299.0</ele></trkpt><trkpt lat="61.12683399" lon="14.02513422"><ele>298.0</ele></trkpt><trkpt lat="61.12685481" lon="14.02534533"><ele>298.0</ele></trkpt><trkpt lat="61.12687563" lon="14.02571184"><ele>298.0</ele></trkpt><trkpt lat="61.12683095" lon="14.02592025"><ele>298.0</ele></trkpt><trkpt lat="61.12675157" lon="14.02606128"><ele>298.0</ele></trkpt><trkpt lat="61.12667870" lon="14.02614932"><ele>300.0</ele></trkpt><trkpt lat="61.12660669" lon="14.02625083"><ele>300.0</ele></trkpt><trkpt lat="61.12653686" lon="14.02641253"><ele>300.0</ele></trkpt><trkpt lat="61.12646572" lon="14.02655626"><ele>299.0</ele></trkpt><trkpt lat="61.12640282" lon="14.02671975"><ele>299.0</ele></trkpt><trkpt lat="61.12636985" lon="14.02691289"><ele>299.0</ele></trkpt><trkpt lat="61.12635380" lon="14.02711052"><ele>299.0</ele></trkpt><trkpt lat="61.12635380" lon="14.02731264"><ele>299.0</ele></trkpt><trkpt lat="61.12635684" lon="14.02753362"><ele>299.0</ele></trkpt><trkpt lat="61.12638286" lon="14.02773754"><ele>299.0</ele></trkpt><trkpt lat="61.12640195" lon="14.02802141"><ele>300.0</ele></trkpt><trkpt lat="61.12638677" lon="14.02815885"><ele>300.0</ele></trkpt><trkpt lat="61.12637766" lon="14.02846248"><ele>300.0</ele></trkpt><trkpt lat="61.12639675" lon="14.02871581"><ele>300.0</ele></trkpt><trkpt lat="61.12639458" lon="14.02888918"><ele>300.0</ele></trkpt><trkpt lat="61.12638894" lon="14.02909939"><ele>298.0</ele></trkpt><trkpt lat="61.12638981" lon="14.02931768"><ele>298.0</ele></trkpt><trkpt lat="61.12639675" lon="14.02965724"><ele>298.0</ele></trkpt><trkpt lat="61.12639675" lon="14.03000399"><ele>299.0</ele></trkpt><trkpt lat="61.12638894" lon="14.03014682"><ele>299.0</ele></trkpt><trkpt lat="61.12637679" lon="14.03029774"><ele>299.0</ele></trkpt><trkpt lat="61.12634166" lon="14.03058969"><ele>299.0</ele></trkpt><trkpt lat="61.12630262" lon="14.03092566"><ele>299.0</ele></trkpt><trkpt lat="61.12626965" lon="14.03119695"><ele>299.0</ele></trkpt><trkpt lat="61.12625967" lon="14.03146914"><ele>299.0</ele></trkpt><trkpt lat="61.12625186" lon="14.03161736"><ele>299.0</ele></trkpt><trkpt lat="61.12624883" lon="14.03177098"><ele>299.0</ele></trkpt><trkpt lat="61.12624666" lon="14.03192549"><ele>299.0</ele></trkpt><trkpt lat="61.12624579" lon="14.03208089"><ele>299.0</ele></trkpt><trkpt lat="61.12623495" lon="14.03237554"><ele>299.0</ele></trkpt><trkpt lat="61.12622887" lon="14.03251927"><ele>299.0</ele></trkpt><trkpt lat="61.12622670" lon="14.03267648"><ele>299.0</ele></trkpt><trkpt lat="61.12621976" lon="14.03282919"><ele>299.0</ele></trkpt><trkpt lat="61.12621065" lon="14.03299448"><ele>299.0</ele></trkpt><trkpt lat="61.12619981" lon="14.03321187"><ele>299.0</ele></trkpt><trkpt lat="61.12618680" lon="14.03335740"><ele>298.0</ele></trkpt><trkpt lat="61.12616598" lon="14.03349933"><ele>298.0</ele></trkpt><trkpt lat="61.12613388" lon="14.03372661"><ele>298.0</ele></trkpt><trkpt lat="61.12610785" lon="14.03394849"><ele>298.0</ele></trkpt><trkpt lat="61.12609874" lon="14.03417397"><ele>299.0</ele></trkpt><trkpt lat="61.12609874" lon="14.03440753"><ele>299.0</ele></trkpt><trkpt lat="61.12609397" lon="14.03477584"><ele>299.0</ele></trkpt><trkpt lat="61.12608789" lon="14.03499413"><ele>298.0</ele></trkpt><trkpt lat="61.12608789" lon="14.03520793"><ele>298.0</ele></trkpt><trkpt lat="61.12609093" lon="14.03541814"><ele>298.0</ele></trkpt><trkpt lat="61.12606968" lon="14.03563373"><ele>297.0</ele></trkpt><trkpt lat="61.12606187" lon="14.03584753"><ele>297.0</ele></trkpt><trkpt lat="61.12604495" lon="14.03606223"><ele>297.0</ele></trkpt><trkpt lat="61.12601892" lon="14.03627423"><ele>297.0</ele></trkpt><trkpt lat="61.12599593" lon="14.03647456"><ele>298.0</ele></trkpt><trkpt lat="61.12596774" lon="14.03668117"><ele>298.0</ele></trkpt><trkpt lat="61.12594171" lon="14.03689317"><ele>298.0</ele></trkpt><trkpt lat="61.12590571" lon="14.03711056"><ele>298.0</ele></trkpt><trkpt lat="61.12584758" lon="14.03745641"><ele>298.0</ele></trkpt><trkpt lat="61.12577167" lon="14.03776364"><ele>296.0</ele></trkpt><trkpt lat="61.12568968" lon="14.03807895"><ele>296.0</ele></trkpt><trkpt lat="61.12562591" lon="14.03831969"><ele>297.0</ele></trkpt><trkpt lat="61.12558991" lon="14.03844636"><ele>297.0</ele></trkpt><trkpt lat="61.12554176" lon="14.03862782"><ele>297.0</ele></trkpt><trkpt lat="61.12548190" lon="14.03881197"><ele>297.0</ele></trkpt><trkpt lat="61.12543374" lon="14.03900241"><ele>296.0</ele></trkpt><trkpt lat="61.12540295" lon="14.03920813"><ele>296.0</ele></trkpt><trkpt lat="61.12536260" lon="14.03943091"><ele>296.0</ele></trkpt><trkpt lat="61.12531966" lon="14.03963573"><ele>297.0</ele></trkpt><trkpt lat="61.12526673" lon="14.03989354"><ele>297.0</ele></trkpt><trkpt lat="61.12522899" lon="14.04009027"><ele>297.0</ele></trkpt><trkpt lat="61.12518562" lon="14.04027892"><ele>296.0</ele></trkpt><trkpt lat="61.12514180" lon="14.04047655"><ele>297.0</ele></trkpt><trkpt lat="61.12512358" lon="14.04069484"><ele>297.0</ele></trkpt><trkpt lat="61.12509669" lon="14.04092840"><ele>297.0</ele></trkpt><trkpt lat="61.12506198" lon="14.04114759"><ele>297.0</ele></trkpt><trkpt lat="61.12504767" lon="14.04137037"><ele>297.0</ele></trkpt><trkpt lat="61.12503379" lon="14.04158327"><ele>297.0</ele></trkpt><trkpt lat="61.12500993" lon="14.04178540"><ele>297.0</ele></trkpt><trkpt lat="61.12498260" lon="14.04199560"><ele>297.0</ele></trkpt><trkpt lat="61.12495484" lon="14.04220760"><ele>297.0</ele></trkpt><trkpt lat="61.12493575" lon="14.04242589"><ele>296.0</ele></trkpt><trkpt lat="61.12492577" lon="14.04266125"><ele>296.0</ele></trkpt><trkpt lat="61.12491666" lon="14.04289571"><ele>296.0</ele></trkpt><trkpt lat="61.12489671" lon="14.04310322"><ele>295.0</ele></trkpt><trkpt lat="61.12486591" lon="14.04345536"><ele>294.0</ele></trkpt><trkpt lat="61.12484595" lon="14.04374193"><ele>294.0</ele></trkpt><trkpt lat="61.12482470" lon="14.04402939"><ele>293.0</ele></trkpt><trkpt lat="61.12478782" lon="14.04430786"><ele>293.0</ele></trkpt><trkpt lat="61.12475963" lon="14.04451717"><ele>293.0</ele></trkpt><trkpt lat="61.12474488" lon="14.04470761"><ele>293.0</ele></trkpt><trkpt lat="61.12472883" lon="14.04490974"><ele>293.0</ele></trkpt><trkpt lat="61.12470584" lon="14.04510736"><ele>293.0</ele></trkpt><trkpt lat="61.12468588" lon="14.04530949"><ele>292.0</ele></trkpt><trkpt lat="61.12466593" lon="14.04549993"><ele>292.0</ele></trkpt><trkpt lat="61.12463773" lon="14.04569935"><ele>292.0</ele></trkpt><trkpt lat="61.12461560" lon="14.04591495"><ele>292.0</ele></trkpt><trkpt lat="61.12460476" lon="14.04606497"><ele>292.0</ele></trkpt><trkpt lat="61.12459088" lon="14.04628236"><ele>292.0</ele></trkpt><trkpt lat="61.12458394" lon="14.04651862"><ele>292.0</ele></trkpt><trkpt lat="61.12458871" lon="14.04667672"><ele>292.0</ele></trkpt><trkpt lat="61.12458264" lon="14.04690040"><ele>292.0</ele></trkpt><trkpt lat="61.12453969" lon="14.04711330"><ele>292.0</ele></trkpt><trkpt lat="61.12449891" lon="14.04732351"><ele>291.0</ele></trkpt><trkpt lat="61.12446898" lon="14.04754899"><ele>291.0</ele></trkpt><trkpt lat="61.12443167" lon="14.04783824"><ele>291.0</ele></trkpt><trkpt lat="61.12441258" lon="14.04797569"><ele>291.0</ele></trkpt><trkpt lat="61.12438265" lon="14.04818230"><ele>291.0</ele></trkpt><trkpt lat="61.12433884" lon="14.04837993"><ele>291.0</ele></trkpt><trkpt lat="61.12430587" lon="14.04855330"><ele>291.0</ele></trkpt><trkpt lat="61.12427594" lon="14.04887580"><ele>291.0</ele></trkpt><trkpt lat="61.12429372" lon="14.04913631"><ele>291.0</ele></trkpt><trkpt lat="61.12431368" lon="14.04939413"><ele>291.0</ele></trkpt><trkpt lat="61.12434795" lon="14.04966631"><ele>291.0</ele></trkpt><trkpt lat="61.12437962" lon="14.04993491"><ele>291.0</ele></trkpt><trkpt lat="61.12439393" lon="14.05022597"><ele>291.0</ele></trkpt><trkpt lat="61.12440087" lon="14.05053139"><ele>291.0</ele></trkpt><trkpt lat="61.12443775" lon="14.05075328"><ele>291.0</ele></trkpt><trkpt lat="61.12447679" lon="14.05091587"><ele>291.0</ele></trkpt><trkpt lat="61.12451496" lon="14.05107577"><ele>291.0</ele></trkpt><trkpt lat="61.12454576" lon="14.05123028"><ele>291.0</ele></trkpt><trkpt lat="61.12457569" lon="14.05137940"><ele>291.0</ele></trkpt><trkpt lat="61.12458697" lon="14.05156895"><ele>287.0</ele></trkpt><trkpt lat="61.12455661" lon="14.05174861"><ele>287.0</ele></trkpt><trkpt lat="61.12447288" lon="14.05193097"><ele>286.0</ele></trkpt><trkpt lat="61.12436964" lon="14.05208368"><ele>285.0</ele></trkpt><trkpt lat="61.12426986" lon="14.05229479"><ele>285.0</ele></trkpt><trkpt lat="61.12420479" lon="14.05244840"><ele>284.0</ele></trkpt><trkpt lat="61.12414796" lon="14.05257057"><ele>284.0</ele></trkpt><trkpt lat="61.12408463" lon="14.05268825"><ele>283.0</ele></trkpt><trkpt lat="61.12398789" lon="14.05292271"><ele>283.0</ele></trkpt><trkpt lat="61.12394798" lon="14.05311764"><ele>283.0</ele></trkpt><trkpt lat="61.12390676" lon="14.05335929"><ele>279.0</ele></trkpt><trkpt lat="61.12388898" lon="14.05359016"><ele>279.0</ele></trkpt><trkpt lat="61.12387987" lon="14.05381114"><ele>277.0</ele></trkpt><trkpt lat="61.12388681" lon="14.05405638"><ele>277.0</ele></trkpt><trkpt lat="61.12390590" lon="14.05428186"><ele>277.0</ele></trkpt><trkpt lat="61.12392976" lon="14.05452081"><ele>277.0</ele></trkpt><trkpt lat="61.12397270" lon="14.05474539"><ele>277.0</ele></trkpt><trkpt lat="61.12399483" lon="14.05490259"><ele>277.0</ele></trkpt><trkpt lat="61.12405166" lon="14.05511729"><ele>277.0</ele></trkpt><trkpt lat="61.12409070" lon="14.05527540"><ele>277.0</ele></trkpt><trkpt lat="61.12412367" lon="14.05549458"><ele>277.0</ele></trkpt><trkpt lat="61.12414276" lon="14.05564730"><ele>277.0</ele></trkpt><trkpt lat="61.12415664" lon="14.05579822"><ele>278.0</ele></trkpt><trkpt lat="61.12420175" lon="14.05597878"><ele>278.0</ele></trkpt><trkpt lat="61.12425468" lon="14.05614496"><ele>278.0</ele></trkpt><trkpt lat="61.12429589" lon="14.05633092"><ele>278.0</ele></trkpt><trkpt lat="61.12430674" lon="14.05652765"><ele>278.0</ele></trkpt><trkpt lat="61.12430066" lon="14.05672438"><ele>278.0</ele></trkpt><trkpt lat="61.12428374" lon="14.05692830"><ele>276.0</ele></trkpt><trkpt lat="61.12425598" lon="14.05713760"><ele>276.0</ele></trkpt><trkpt lat="61.12421390" lon="14.05736937"><ele>276.0</ele></trkpt><trkpt lat="61.12417486" lon="14.05758766"><ele>273.0</ele></trkpt><trkpt lat="61.12412497" lon="14.05783020"><ele>272.0</ele></trkpt><trkpt lat="61.12409374" lon="14.05801166"><ele>269.0</ele></trkpt><trkpt lat="61.12403994" lon="14.05822277"><ele>268.0</ele></trkpt><trkpt lat="61.12399873" lon="14.05841591"><ele>268.0</ele></trkpt><trkpt lat="61.12396967" lon="14.05857311"><ele>268.0</ele></trkpt><trkpt lat="61.12392672" lon="14.05872942"><ele>268.0</ele></trkpt><trkpt lat="61.12388985" lon="14.05887764"><ele>268.0</ele></trkpt><trkpt lat="61.12384299" lon="14.05899981"><ele>268.0</ele></trkpt><trkpt lat="61.12378486" lon="14.05910941"><ele>268.0</ele></trkpt><trkpt lat="61.12369767" lon="14.05919744"><ele>266.0</ele></trkpt><trkpt lat="61.12361481" lon="14.05927380"><ele>266.0</ele></trkpt><trkpt lat="61.12354800" lon="14.05936363"><ele>266.0</ele></trkpt><trkpt lat="61.12345299" lon="14.05950736"><ele>266.0</ele></trkpt><trkpt lat="61.12334888" lon="14.05963761"><ele>259.0</ele></trkpt><trkpt lat="61.12324259" lon="14.05974182"><ele>256.0</ele></trkpt><trkpt lat="61.12312069" lon="14.05983794"><ele>256.0</ele></trkpt><trkpt lat="61.12301483" lon="14.05992597"><ele>256.0</ele></trkpt><trkpt lat="61.12289683" lon="14.06005982"><ele>256.0</ele></trkpt><trkpt lat="61.12277883" lon="14.06019996"><ele>256.0</ele></trkpt><trkpt lat="61.12265693" lon="14.06035537"><ele>256.0</ele></trkpt><trkpt lat="61.12257971" lon="14.06048562"><ele>255.0</ele></trkpt><trkpt lat="61.12246865" lon="14.06065990"><ele>255.0</ele></trkpt><trkpt lat="61.12236973" lon="14.06078925"><ele>255.0</ele></trkpt><trkpt lat="61.12226474" lon="14.06092939"><ele>256.0</ele></trkpt><trkpt lat="61.12218665" lon="14.06107582"><ele>257.0</ele></trkpt><trkpt lat="61.12213459" lon="14.06127524"><ele>257.0</ele></trkpt><trkpt lat="61.12206691" lon="14.06149353"><ele>257.0</ele></trkpt><trkpt lat="61.12198969" lon="14.06166062"><ele>259.0</ele></trkpt><trkpt lat="61.12190466" lon="14.06182322"><ele>259.0</ele></trkpt><trkpt lat="61.12183568" lon="14.06198042"><ele>259.0</ele></trkpt><trkpt lat="61.12176279" lon="14.06212685"><ele>261.0</ele></trkpt><trkpt lat="61.12165477" lon="14.06222656"><ele>261.0</ele></trkpt><trkpt lat="61.12156496" lon="14.06226698"><ele>261.0</ele></trkpt><trkpt lat="61.12144175" lon="14.06222746"><ele>261.0</ele></trkpt><trkpt lat="61.12133980" lon="14.06214212"><ele>259.0</ele></trkpt><trkpt lat="61.12125259" lon="14.06204959"><ele>259.0</ele></trkpt><trkpt lat="61.12116192" lon="14.06195796"><ele>259.0</ele></trkpt><trkpt lat="61.12103393" lon="14.06187262"><ele>259.0</ele></trkpt><trkpt lat="61.12093458" lon="14.06176932"><ele>259.0</ele></trkpt><trkpt lat="61.12084174" lon="14.06167320"><ele>259.0</ele></trkpt><trkpt lat="61.12073674" lon="14.06161211"><ele>259.0</ele></trkpt><trkpt lat="61.12064780" lon="14.06157169"><ele>259.0</ele></trkpt><trkpt lat="61.12056667" lon="14.06151869"><ele>261.0</ele></trkpt><trkpt lat="61.12048294" lon="14.06146838"><ele>261.0</ele></trkpt><trkpt lat="61.12040094" lon="14.06140460"><ele>261.0</ele></trkpt><trkpt lat="61.12031764" lon="14.06135160"><ele>262.0</ele></trkpt><trkpt lat="61.12016578" lon="14.06131118"><ele>262.0</ele></trkpt><trkpt lat="61.12007294" lon="14.06131297"><ele>262.0</ele></trkpt><trkpt lat="61.11998660" lon="14.06131477"><ele>264.0</ele></trkpt><trkpt lat="61.11991197" lon="14.06135340"><ele>264.0</ele></trkpt><trkpt lat="61.11982563" lon="14.06138214"><ele>264.0</ele></trkpt><trkpt lat="61.11972584" lon="14.06142436"><ele>268.0</ele></trkpt><trkpt lat="61.11962475" lon="14.06145670"><ele>268.0</ele></trkpt><trkpt lat="61.11952496" lon="14.06148994"><ele>269.0</ele></trkpt><trkpt lat="61.11943862" lon="14.06154384"><ele>269.0</ele></trkpt><trkpt lat="61.11934360" lon="14.06159325"><ele>270.0</ele></trkpt><trkpt lat="61.11924468" lon="14.06165254"><ele>271.0</ele></trkpt><trkpt lat="61.11914879" lon="14.06170284"><ele>272.0</ele></trkpt><trkpt lat="61.11904076" lon="14.06179447"><ele>272.0</ele></trkpt><trkpt lat="61.11895658" lon="14.06187352"><ele>272.0</ele></trkpt><trkpt lat="61.11887762" lon="14.06195257"><ele>275.0</ele></trkpt><trkpt lat="61.11878086" lon="14.06204240"><ele>275.0</ele></trkpt><trkpt lat="61.11869582" lon="14.06215829"><ele>275.0</ele></trkpt><trkpt lat="61.11862380" lon="14.06225620"><ele>276.0</ele></trkpt><trkpt lat="61.11854960" lon="14.06234873"><ele>276.0</ele></trkpt><trkpt lat="61.11848582" lon="14.06246012"><ele>276.0</ele></trkpt><trkpt lat="61.11839080" lon="14.06263080"><ele>278.0</ele></trkpt><trkpt lat="61.11828493" lon="14.06281496"><ele>278.0</ele></trkpt><trkpt lat="61.11821291" lon="14.06294341"><ele>278.0</ele></trkpt><trkpt lat="61.11814565" lon="14.06306020"><ele>278.0</ele></trkpt><trkpt lat="61.11804673" lon="14.06326591"><ele>279.0</ele></trkpt><trkpt lat="61.11798685" lon="14.06342132"><ele>279.0</ele></trkpt><trkpt lat="61.11791395" lon="14.06362613"><ele>279.0</ele></trkpt><trkpt lat="61.11787968" lon="14.06376358"><ele>279.0</ele></trkpt><trkpt lat="61.11785061" lon="14.06395132"><ele>279.0</ele></trkpt><trkpt lat="61.11784280" lon="14.06415165"><ele>279.0</ele></trkpt><trkpt lat="61.11784583" lon="14.06438252"><ele>279.0</ele></trkpt><trkpt lat="61.11784670" lon="14.06460889"><ele>279.0</ele></trkpt><trkpt lat="61.11785494" lon="14.06485144"><ele>279.0</ele></trkpt><trkpt lat="61.11785277" lon="14.06509578"><ele>279.0</ele></trkpt><trkpt lat="61.11785668" lon="14.06533114"><ele>279.0</ele></trkpt><trkpt lat="61.11785668" lon="14.06557638"><ele>279.0</ele></trkpt><trkpt lat="61.11784974" lon="14.06582791"><ele>279.0</ele></trkpt><trkpt lat="61.11783368" lon="14.06606416"><ele>279.0</ele></trkpt><trkpt lat="61.11782284" lon="14.06627616"><ele>279.0</ele></trkpt><trkpt lat="61.11782067" lon="14.06648547"><ele>279.0</ele></trkpt><trkpt lat="61.11784583" lon="14.06674688"><ele>280.0</ele></trkpt><trkpt lat="61.11788966" lon="14.06701099"><ele>279.0</ele></trkpt><trkpt lat="61.11793174" lon="14.06724096"><ele>279.0</ele></trkpt><trkpt lat="61.11799466" lon="14.06744847"><ele>279.0</ele></trkpt><trkpt lat="61.11806668" lon="14.06762184"><ele>279.0</ele></trkpt><trkpt lat="61.11814392" lon="14.06781947"><ele>279.0</ele></trkpt><trkpt lat="61.11821985" lon="14.06801440"><ele>279.0</ele></trkpt><trkpt lat="61.11828363" lon="14.06820125"><ele>279.0</ele></trkpt><trkpt lat="61.11833483" lon="14.06841595"><ele>278.0</ele></trkpt><trkpt lat="61.11837692" lon="14.06866478"><ele>278.0</ele></trkpt><trkpt lat="61.11841466" lon="14.06890464"><ele>278.0</ele></trkpt><trkpt lat="61.11843462" lon="14.06908070"><ele>277.0</ele></trkpt><trkpt lat="61.11844764" lon="14.06933942"><ele>277.0</ele></trkpt><trkpt lat="61.11845198" lon="14.06953076"><ele>277.0</ele></trkpt><trkpt lat="61.11844460" lon="14.06970234"><ele>277.0</ele></trkpt><trkpt lat="61.11841770" lon="14.06987032"><ele>277.0</ele></trkpt><trkpt lat="61.11837995" lon="14.07003382"><ele>277.0</ele></trkpt><trkpt lat="61.11834177" lon="14.07018833"><ele>277.0</ele></trkpt><trkpt lat="61.11830966" lon="14.07033116"><ele>277.0</ele></trkpt><trkpt lat="61.11826497" lon="14.07052160"><ele>277.0</ele></trkpt><trkpt lat="61.11822592" lon="14.07072193"><ele>278.0</ele></trkpt><trkpt lat="61.11818687" lon="14.07086386"><ele>278.0</ele></trkpt><trkpt lat="61.11813567" lon="14.07101657"><ele>278.0</ele></trkpt><trkpt lat="61.11807189" lon="14.07114414"><ele>278.0</ele></trkpt><trkpt lat="61.11800290" lon="14.07124924"><ele>278.0</ele></trkpt><trkpt lat="61.11792871" lon="14.07132919"><ele>278.0</ele></trkpt><trkpt lat="61.11785581" lon="14.07139477"><ele>278.0</ele></trkpt><trkpt lat="61.11778682" lon="14.07144866"><ele>278.0</ele></trkpt><trkpt lat="61.11772174" lon="14.07153580"><ele>278.0</ele></trkpt><trkpt lat="61.11765882" lon="14.07162563"><ele>278.0</ele></trkpt><trkpt lat="61.11759374" lon="14.07172624"><ele>280.0</ele></trkpt><trkpt lat="61.11753386" lon="14.07183314"><ele>280.0</ele></trkpt><trkpt lat="61.11747181" lon="14.07192926"><ele>280.0</ele></trkpt><trkpt lat="61.11741063" lon="14.07201370"><ele>280.0</ele></trkpt><trkpt lat="61.11734077" lon="14.07210623"><ele>280.0</ele></trkpt><trkpt lat="61.11727092" lon="14.07219157"><ele>279.0</ele></trkpt><trkpt lat="61.11720193" lon="14.07228589"><ele>279.0</ele></trkpt><trkpt lat="61.11713988" lon="14.07240537"><ele>279.0</ele></trkpt><trkpt lat="61.11708173" lon="14.07253832"><ele>279.0</ele></trkpt><trkpt lat="61.11703097" lon="14.07269732"><ele>279.0</ele></trkpt><trkpt lat="61.11698584" lon="14.07286441"><ele>277.0</ele></trkpt><trkpt lat="61.11694679" lon="14.07301263"><ele>277.0</ele></trkpt><trkpt lat="61.11690774" lon="14.07315456"><ele>275.0</ele></trkpt><trkpt lat="61.11686782" lon="14.07330728"><ele>275.0</ele></trkpt><trkpt lat="61.11683658" lon="14.07346359"><ele>275.0</ele></trkpt><trkpt lat="61.11679883" lon="14.07369266"><ele>274.0</ele></trkpt><trkpt lat="61.11678060" lon="14.07385256"><ele>274.0</ele></trkpt><trkpt lat="61.11677279" lon="14.07402952"><ele>273.0</ele></trkpt><trkpt lat="61.11677670" lon="14.07419841"><ele>273.0</ele></trkpt><trkpt lat="61.11677670" lon="14.07437268"><ele>273.0</ele></trkpt><trkpt lat="61.11678668" lon="14.07453168"><ele>273.0</ele></trkpt><trkpt lat="61.11680273" lon="14.07469248"><ele>273.0</ele></trkpt><trkpt lat="61.11682660" lon="14.07485058"><ele>273.0</ele></trkpt><trkpt lat="61.11685263" lon="14.07501857"><ele>273.0</ele></trkpt><trkpt lat="61.11687780" lon="14.07517757"><ele>272.0</ele></trkpt><trkpt lat="61.11689689" lon="14.07534915"><ele>272.0</ele></trkpt><trkpt lat="61.11690296" lon="14.07554947"><ele>272.0</ele></trkpt><trkpt lat="61.11689993" lon="14.07574081"><ele>272.0</ele></trkpt><trkpt lat="61.11688691" lon="14.07592497"><ele>272.0</ele></trkpt><trkpt lat="61.11687172" lon="14.07609834"><ele>271.0</ele></trkpt><trkpt lat="61.11686088" lon="14.07626633"><ele>271.0</ele></trkpt><trkpt lat="61.11685176" lon="14.07642264"><ele>271.0</ele></trkpt><trkpt lat="61.11684395" lon="14.07658254"><ele>271.0</ele></trkpt><trkpt lat="61.11683961" lon="14.07675232"><ele>271.0</ele></trkpt><trkpt lat="61.11682790" lon="14.07693198"><ele>270.0</ele></trkpt><trkpt lat="61.11681965" lon="14.07710625"><ele>270.0</ele></trkpt><trkpt lat="61.11680100" lon="14.07728053"><ele>270.0</ele></trkpt><trkpt lat="61.11678364" lon="14.07744851"><ele>270.0</ele></trkpt><trkpt lat="61.11676064" lon="14.07762548"><ele>270.0</ele></trkpt><trkpt lat="61.11674676" lon="14.07781053"><ele>268.0</ele></trkpt><trkpt lat="61.11672767" lon="14.07798840"><ele>268.0</ele></trkpt><trkpt lat="61.11670857" lon="14.07816357"><ele>268.0</ele></trkpt><trkpt lat="61.11669469" lon="14.07832976"><ele>268.0</ele></trkpt><trkpt lat="61.11667169" lon="14.07863159"><ele>267.0</ele></trkpt><trkpt lat="61.11663785" lon="14.07884180"><ele>267.0</ele></trkpt><trkpt lat="61.11661268" lon="14.07900170"><ele>267.0</ele></trkpt><trkpt lat="61.11657797" lon="14.07924514"><ele>267.0</ele></trkpt><trkpt lat="61.11654369" lon="14.07940235"><ele>267.0</ele></trkpt><trkpt lat="61.11650680" lon="14.07954787"><ele>267.0</ele></trkpt><trkpt lat="61.11646862" lon="14.07967993"><ele>267.0</ele></trkpt><trkpt lat="61.11642783" lon="14.07981647"><ele>267.0</ele></trkpt><trkpt lat="61.11638574" lon="14.07996379"><ele>267.0</ele></trkpt><trkpt lat="61.11631675" lon="14.08014076"><ele>266.0</ele></trkpt><trkpt lat="61.11626685" lon="14.08026024"><ele>266.0</ele></trkpt><trkpt lat="61.11620957" lon="14.08035995"><ele>266.0</ele></trkpt><trkpt lat="61.11614188" lon="14.08048482"><ele>266.0</ele></trkpt><trkpt lat="61.11616097" lon="14.08067975"><ele>267.0</ele></trkpt><trkpt lat="61.11619395" lon="14.08089265"><ele>267.0</ele></trkpt><trkpt lat="61.11622563" lon="14.08112262"><ele>267.0</ele></trkpt><trkpt lat="61.11625687" lon="14.08127264"><ele>267.0</ele></trkpt><trkpt lat="61.11628768" lon="14.08143074"><ele>267.0</ele></trkpt><trkpt lat="61.11634495" lon="14.08164993"><ele>267.0</ele></trkpt><trkpt lat="61.11638574" lon="14.08180085"><ele>267.0</ele></trkpt><trkpt lat="61.11644389" lon="14.08194727"><ele>267.0</ele></trkpt><trkpt lat="61.11649986" lon="14.08208741"><ele>265.0</ele></trkpt><trkpt lat="61.11654499" lon="14.08224911"><ele>265.0</ele></trkpt><trkpt lat="61.11659185" lon="14.08237577"><ele>265.0</ele></trkpt><trkpt lat="61.11663958" lon="14.08250064"><ele>265.0</ele></trkpt><trkpt lat="61.11669078" lon="14.08261023"><ele>265.0</ele></trkpt><trkpt lat="61.11674589" lon="14.08271623"><ele>264.0</ele></trkpt><trkpt lat="61.11680100" lon="14.08284469"><ele>264.0</ele></trkpt><trkpt lat="61.11684959" lon="14.08299112"><ele>264.0</ele></trkpt><trkpt lat="61.11689082" lon="14.08314293"><ele>264.0</ele></trkpt><trkpt lat="61.11693768" lon="14.08330014"><ele>264.0</ele></trkpt><trkpt lat="61.11698063" lon="14.08343578"><ele>262.0</ele></trkpt><trkpt lat="61.11702359" lon="14.08357951"><ele>262.0</ele></trkpt><trkpt lat="61.11705266" lon="14.08373492"><ele>261.0</ele></trkpt><trkpt lat="61.11706394" lon="14.08390740"><ele>261.0</ele></trkpt><trkpt lat="61.11705874" lon="14.08409784"><ele>261.0</ele></trkpt><trkpt lat="61.11705179" lon="14.08427661"><ele>260.0</ele></trkpt><trkpt lat="61.11704789" lon="14.08445447"><ele>260.0</ele></trkpt><trkpt lat="61.11704398" lon="14.08461886"><ele>260.0</ele></trkpt><trkpt lat="61.11702793" lon="14.08485782"><ele>260.0</ele></trkpt><trkpt lat="61.11701274" lon="14.08507790"><ele>261.0</ele></trkpt><trkpt lat="61.11699192" lon="14.08523331"><ele>261.0</ele></trkpt><trkpt lat="61.11697760" lon="14.08545969"><ele>261.0</ele></trkpt><trkpt lat="61.11698063" lon="14.08566989"><ele>261.0</ele></trkpt><trkpt lat="61.11702576" lon="14.08587651"><ele>260.0</ele></trkpt><trkpt lat="61.11708998" lon="14.08606785"><ele>260.0</ele></trkpt><trkpt lat="61.11713858" lon="14.08624571"><ele>260.0</ele></trkpt><trkpt lat="61.11719195" lon="14.08643436"><ele>256.0</ele></trkpt><trkpt lat="61.11726094" lon="14.08658168"><ele>256.0</ele></trkpt><trkpt lat="61.11734381" lon="14.08671463"><ele>253.0</ele></trkpt><trkpt lat="61.11742886" lon="14.08682692"><ele>250.0</ele></trkpt><trkpt lat="61.11750088" lon="14.08700838"><ele>247.0</ele></trkpt><trkpt lat="61.11754080" lon="14.08725093"><ele>244.0</ele></trkpt><trkpt lat="61.11755382" lon="14.08747730"><ele>242.0</ele></trkpt><trkpt lat="61.11759374" lon="14.08770188"><ele>237.0</ele></trkpt><trkpt lat="61.11762194" lon="14.08785549"><ele>237.0</ele></trkpt><trkpt lat="61.11762975" lon="14.08810343"><ele>235.0</ele></trkpt><trkpt lat="61.11761674" lon="14.08831723"><ele>235.0</ele></trkpt><trkpt lat="61.11756597" lon="14.08851037"><ele>235.0</ele></trkpt><trkpt lat="61.11749958" lon="14.08865859"><ele>235.0</ele></trkpt><trkpt lat="61.11742365" lon="14.08876818"><ele>236.0</ele></trkpt><trkpt lat="61.11733687" lon="14.08883376"><ele>237.0</ele></trkpt><trkpt lat="61.11725963" lon="14.08893527"><ele>237.0</ele></trkpt><trkpt lat="61.11717676" lon="14.08905834"><ele>237.0</ele></trkpt><trkpt lat="61.11709475" lon="14.08919668"><ele>239.0</ele></trkpt><trkpt lat="61.11702099" lon="14.08931885"><ele>239.0</ele></trkpt><trkpt lat="61.11696892" lon="14.08949492"><ele>239.0</ele></trkpt><trkpt lat="61.11688995" lon="14.08980574"><ele>239.0</ele></trkpt><trkpt lat="61.11686869" lon="14.08994677"><ele>239.0</ele></trkpt><trkpt lat="61.11689298" lon="14.09013183"><ele>239.0</ele></trkpt><trkpt lat="61.11695677" lon="14.09024052"><ele>238.0</ele></trkpt><trkpt lat="61.11702880" lon="14.09040581"><ele>238.0</ele></trkpt><trkpt lat="61.11706698" lon="14.09058817"><ele>238.0</ele></trkpt><trkpt lat="61.11702793" lon="14.09080556"><ele>237.0</ele></trkpt><trkpt lat="61.11695590" lon="14.09095738"><ele>237.0</ele></trkpt><trkpt lat="61.11689385" lon="14.09114692"><ele>237.0</ele></trkpt><trkpt lat="61.11687780" lon="14.09135174"><ele>233.0</ele></trkpt><trkpt lat="61.11690166" lon="14.09155655"><ele>233.0</ele></trkpt><trkpt lat="61.11699278" lon="14.09167423"><ele>233.0</ele></trkpt><trkpt lat="61.11710083" lon="14.09174430"><ele>231.0</ele></trkpt><trkpt lat="61.11723187" lon="14.09177754"><ele>231.0</ele></trkpt><trkpt lat="61.11737592" lon="14.09178473"><ele>230.0</ele></trkpt><trkpt lat="61.11750088" lon="14.09174161"><ele>229.0</ele></trkpt><trkpt lat="61.11761674" lon="14.09180269"><ele>229.0</ele></trkpt><trkpt lat="61.11769484" lon="14.09196439"><ele>230.0</ele></trkpt><trkpt lat="61.11775168" lon="14.09216741"><ele>230.0</ele></trkpt><trkpt lat="61.11780461" lon="14.09239827"><ele>228.0</ele></trkpt><trkpt lat="61.11780374" lon="14.09265429"><ele>228.0</ele></trkpt><trkpt lat="61.11776990" lon="14.09285911"><ele>228.0</ele></trkpt><trkpt lat="61.11776600" lon="14.09306842"><ele>226.0</ele></trkpt><trkpt lat="61.11775385" lon="14.09326874"><ele>226.0</ele></trkpt><trkpt lat="61.11773389" lon="14.09348434"><ele>226.0</ele></trkpt><trkpt lat="61.11770395" lon="14.09373676"><ele>227.0</ele></trkpt><trkpt lat="61.11767097" lon="14.09392182"><ele>225.0</ele></trkpt><trkpt lat="61.11762498" lon="14.09412124"><ele>225.0</ele></trkpt><trkpt lat="61.11757465" lon="14.09430450"><ele>225.0</ele></trkpt><trkpt lat="61.11753777" lon="14.09446440"><ele>225.0</ele></trkpt><trkpt lat="61.11748960" lon="14.09459286"><ele>225.0</ele></trkpt><trkpt lat="61.11739892" lon="14.09469167"><ele>226.0</ele></trkpt><trkpt lat="61.11730086" lon="14.09476713"><ele>226.0</ele></trkpt><trkpt lat="61.11720887" lon="14.09487583"><ele>226.0</ele></trkpt><trkpt lat="61.11713380" lon="14.09495039"><ele>226.0</ele></trkpt><trkpt lat="61.11706264" lon="14.09504741"><ele>226.0</ele></trkpt><trkpt lat="61.11697586" lon="14.09520551"><ele>226.0</ele></trkpt><trkpt lat="61.11689168" lon="14.09533577"><ele>226.0</ele></trkpt><trkpt lat="61.11681098" lon="14.09548489"><ele>228.0</ele></trkpt><trkpt lat="61.11672767" lon="14.09562143"><ele>228.0</ele></trkpt><trkpt lat="61.11665086" lon="14.09577325"><ele>228.0</ele></trkpt><trkpt lat="61.11657363" lon="14.09589092"><ele>229.0</ele></trkpt><trkpt lat="61.11650463" lon="14.09603016"><ele>231.0</ele></trkpt><trkpt lat="61.11646862" lon="14.09621611"><ele>230.0</ele></trkpt><trkpt lat="61.11642566" lon="14.09643351"><ele>230.0</ele></trkpt><trkpt lat="61.11637576" lon="14.09663024"><ele>229.0</ele></trkpt><trkpt lat="61.11632196" lon="14.09680721"><ele>229.0</ele></trkpt><trkpt lat="61.11627162" lon="14.09699046"><ele>229.0</ele></trkpt><trkpt lat="61.11624862" lon="14.09716653"><ele>227.0</ele></trkpt><trkpt lat="61.11622172" lon="14.09731386"><ele>227.0</ele></trkpt><trkpt lat="61.11619091" lon="14.09749172"><ele>227.0</ele></trkpt><trkpt lat="61.11614188" lon="14.09767767"><ele>225.0</ele></trkpt><trkpt lat="61.11607896" lon="14.09788339"><ele>224.0</ele></trkpt><trkpt lat="61.11600259" lon="14.09807742"><ele>224.0</ele></trkpt><trkpt lat="61.11593186" lon="14.09827416"><ele>224.0</ele></trkpt><trkpt lat="61.11584682" lon="14.09846999"><ele>224.0</ele></trkpt><trkpt lat="61.11577088" lon="14.09866223"><ele>224.0</ele></trkpt><trkpt lat="61.11569668" lon="14.09885267"><ele>224.0</ele></trkpt><trkpt lat="61.11561857" lon="14.09904850"><ele>224.0</ele></trkpt><trkpt lat="61.11554394" lon="14.09924074"><ele>225.0</ele></trkpt><trkpt lat="61.11547364" lon="14.09942939"><ele>225.0</ele></trkpt><trkpt lat="61.11539380" lon="14.09961624"><ele>224.0</ele></trkpt><trkpt lat="61.11529790" lon="14.09973482"><ele>224.0</ele></trkpt><trkpt lat="61.11521285" lon="14.09983183"><ele>224.0</ele></trkpt><trkpt lat="61.11514299" lon="14.09992616"><ele>224.0</ele></trkpt><trkpt lat="61.11507876" lon="14.10006989"><ele>223.0</ele></trkpt><trkpt lat="61.11500282" lon="14.10022350"><ele>223.0</ele></trkpt><trkpt lat="61.11492298" lon="14.10039148"><ele>223.0</ele></trkpt><trkpt lat="61.11484270" lon="14.10057923"><ele>225.0</ele></trkpt><trkpt lat="61.11476676" lon="14.10075800"><ele>225.0</ele></trkpt><trkpt lat="61.11469169" lon="14.10093586"><ele>225.0</ele></trkpt><trkpt lat="61.11462096" lon="14.10110834"><ele>226.0</ele></trkpt><trkpt lat="61.11456194" lon="14.10126285"><ele>228.0</ele></trkpt><trkpt lat="61.11448991" lon="14.10140928"><ele>229.0</ele></trkpt><trkpt lat="61.11441180" lon="14.10155031"><ele>229.0</ele></trkpt><trkpt lat="61.11433586" lon="14.10168416"><ele>230.0</ele></trkpt><trkpt lat="61.11425688" lon="14.10180633"><ele>230.0</ele></trkpt><trkpt lat="61.11417964" lon="14.10193928"><ele>231.0</ele></trkpt><trkpt lat="61.11410370" lon="14.10208391"><ele>232.0</ele></trkpt><trkpt lat="61.11404165" lon="14.10225459"><ele>232.0</ele></trkpt><trkpt lat="61.11400476" lon="14.10249534"><ele>232.0</ele></trkpt><trkpt lat="61.11398393" lon="14.10269746"><ele>233.0</ele></trkpt><trkpt lat="61.11397872" lon="14.10292743"><ele>233.0</ele></trkpt><trkpt lat="61.11397699" lon="14.10314752"><ele>234.0</ele></trkpt><trkpt lat="61.11395963" lon="14.10338916"><ele>236.0</ele></trkpt><trkpt lat="61.11393793" lon="14.10360655"><ele>237.0</ele></trkpt><trkpt lat="61.11392969" lon="14.10380329"><ele>238.0</ele></trkpt><trkpt lat="61.11390278" lon="14.10396139"><ele>239.0</ele></trkpt><trkpt lat="61.11386069" lon="14.10415632"><ele>239.0</ele></trkpt><trkpt lat="61.11381165" lon="14.10435126"><ele>240.0</ele></trkpt><trkpt lat="61.11376479" lon="14.10454440"><ele>242.0</ele></trkpt><trkpt lat="61.11372790" lon="14.10468633"><ele>242.0</ele></trkpt><trkpt lat="61.11365760" lon="14.10495043"><ele>242.0</ele></trkpt><trkpt lat="61.11357081" lon="14.10525856"><ele>242.0</ele></trkpt><trkpt lat="61.11352264" lon="14.10544451"><ele>242.0</ele></trkpt><trkpt lat="61.11349096" lon="14.10564573"><ele>242.0</ele></trkpt><trkpt lat="61.11346796" lon="14.10579395"><ele>242.0</ele></trkpt><trkpt lat="61.11344366" lon="14.10594756"><ele>243.0</ele></trkpt><trkpt lat="61.11342587" lon="14.10609758"><ele>243.0</ele></trkpt><trkpt lat="61.11337857" lon="14.10637157"><ele>243.0</ele></trkpt><trkpt lat="61.11333474" lon="14.10654225"><ele>244.0</ele></trkpt><trkpt lat="61.11328570" lon="14.10672281"><ele>244.0</ele></trkpt><trkpt lat="61.11324187" lon="14.10691954"><ele>244.0</ele></trkpt><trkpt lat="61.11321063" lon="14.10706866"><ele>244.0</ele></trkpt><trkpt lat="61.11316983" lon="14.10727438"><ele>245.0</ele></trkpt><trkpt lat="61.11312166" lon="14.10747290"><ele>245.0</ele></trkpt><trkpt lat="61.11308174" lon="14.10761843"><ele>245.0</ele></trkpt><trkpt lat="61.11304485" lon="14.10776396"><ele>245.0</ele></trkpt><trkpt lat="61.11297499" lon="14.10809633"><ele>246.0</ele></trkpt><trkpt lat="61.11293289" lon="14.10837661"><ele>246.0</ele></trkpt><trkpt lat="61.11291597" lon="14.10851764"><ele>246.0</ele></trkpt><trkpt lat="61.11288863" lon="14.10872246"><ele>246.0</ele></trkpt><trkpt lat="61.11285565" lon="14.10891739"><ele>246.0</ele></trkpt><trkpt lat="61.11280791" lon="14.10912041"><ele>246.0</ele></trkpt><trkpt lat="61.11275366" lon="14.10931445"><ele>247.0</ele></trkpt><trkpt lat="61.11270766" lon="14.10952286"><ele>247.0</ele></trkpt><trkpt lat="61.11267685" lon="14.10975732"><ele>247.0</ele></trkpt><trkpt lat="61.11265863" lon="14.10998369"><ele>248.0</ele></trkpt><trkpt lat="61.11265472" lon="14.11022265"><ele>248.0</ele></trkpt><trkpt lat="61.11265863" lon="14.11038345"><ele>248.0</ele></trkpt><trkpt lat="61.11265559" lon="14.11059455"><ele>248.0</ele></trkpt><trkpt lat="61.11265081" lon="14.11078948"><ele>248.0</ele></trkpt><trkpt lat="61.11264865" lon="14.11099160"><ele>248.0</ele></trkpt><trkpt lat="61.11264083" lon="14.11119552"><ele>248.0</ele></trkpt><trkpt lat="61.11261176" lon="14.11144166"><ele>248.0</ele></trkpt><trkpt lat="61.11258268" lon="14.11161683"><ele>248.0</ele></trkpt><trkpt lat="61.11255664" lon="14.11184411"><ele>248.0</ele></trkpt><trkpt lat="61.11255057" lon="14.11208396"><ele>248.0</ele></trkpt><trkpt lat="61.11255578" lon="14.11224835"><ele>249.0</ele></trkpt><trkpt lat="61.11256098" lon="14.11240825"><ele>249.0</ele></trkpt><trkpt lat="61.11257661" lon="14.11266337"><ele>249.0</ele></trkpt><trkpt lat="61.11259180" lon="14.11284573"><ele>249.0</ele></trkpt><trkpt lat="61.11261697" lon="14.11301371"><ele>247.0</ele></trkpt><trkpt lat="61.11264257" lon="14.11317721"><ele>247.0</ele></trkpt><trkpt lat="61.11267295" lon="14.11335148"><ele>247.0</ele></trkpt><trkpt lat="61.11269682" lon="14.11352845"><ele>247.0</ele></trkpt><trkpt lat="61.11271678" lon="14.11369823"><ele>247.0</ele></trkpt><trkpt lat="61.11273587" lon="14.11385813"><ele>245.0</ele></trkpt><trkpt lat="61.11275497" lon="14.11402342"><ele>245.0</ele></trkpt><trkpt lat="61.11278491" lon="14.11418691"><ele>245.0</ele></trkpt><trkpt lat="61.11282787" lon="14.11433154"><ele>245.0</ele></trkpt><trkpt lat="61.11287691" lon="14.11446449"><ele>245.0</ele></trkpt><trkpt lat="61.11293897" lon="14.11458397"><ele>244.0</ele></trkpt><trkpt lat="61.11300970" lon="14.11469087"><ele>244.0</ele></trkpt><trkpt lat="61.11308782" lon="14.11478968"><ele>244.0</ele></trkpt><trkpt lat="61.11316159" lon="14.11487861"><ele>244.0</ele></trkpt><trkpt lat="61.11323797" lon="14.11498282"><ele>244.0</ele></trkpt><trkpt lat="61.11331478" lon="14.11509421"><ele>241.0</ele></trkpt><trkpt lat="61.11338464" lon="14.11520650"><ele>239.0</ele></trkpt><trkpt lat="61.11344974" lon="14.11532328"><ele>239.0</ele></trkpt><trkpt lat="61.11352091" lon="14.11544994"><ele>235.0</ele></trkpt><trkpt lat="61.11359164" lon="14.11557391"><ele>235.0</ele></trkpt><trkpt lat="61.11366281" lon="14.11568081"><ele>234.0</ele></trkpt><trkpt lat="61.11372877" lon="14.11578951"><ele>232.0</ele></trkpt><trkpt lat="61.11378996" lon="14.11589551"><ele>231.0</ele></trkpt><trkpt lat="61.11384463" lon="14.11599163"><ele>232.0</ele></trkpt><trkpt lat="61.11390495" lon="14.11608326"><ele>231.0</ele></trkpt><trkpt lat="61.11396484" lon="14.11618477"><ele>231.0</ele></trkpt><trkpt lat="61.11402776" lon="14.11628448"><ele>231.0</ele></trkpt><trkpt lat="61.11409068" lon="14.11639856"><ele>231.0</ele></trkpt><trkpt lat="61.11415360" lon="14.11650726"><ele>231.0</ele></trkpt><trkpt lat="61.11427468" lon="14.11667345"><ele>230.0</ele></trkpt><trkpt lat="61.11440182" lon="14.11678125"><ele>230.0</ele></trkpt><trkpt lat="61.11446691" lon="14.11681179"><ele>230.0</ele></trkpt><trkpt lat="61.11453070" lon="14.11685132"><ele>230.0</ele></trkpt><trkpt lat="61.11460100" lon="14.11695013"><ele>230.0</ele></trkpt><trkpt lat="61.11470167" lon="14.11716752"><ele>230.0</ele></trkpt><trkpt lat="61.11474290" lon="14.11729868"><ele>230.0</ele></trkpt><trkpt lat="61.11477674" lon="14.11744151"><ele>230.0</ele></trkpt><trkpt lat="61.11481059" lon="14.11759692"><ele>231.0</ele></trkpt><trkpt lat="61.11484270" lon="14.11775412"><ele>232.0</ele></trkpt><trkpt lat="61.11485963" lon="14.11797151"><ele>232.0</ele></trkpt><trkpt lat="61.11485399" lon="14.11819340"><ele>232.0</ele></trkpt><trkpt lat="61.11486397" lon="14.11841259"><ele>231.0</ele></trkpt><trkpt lat="61.11486570" lon="14.11864435"><ele>231.0</ele></trkpt><trkpt lat="61.11488870" lon="14.11880874"><ele>231.0</ele></trkpt><trkpt lat="61.11491864" lon="14.11897942"><ele>231.0</ele></trkpt><trkpt lat="61.11498677" lon="14.11921748"><ele>228.0</ele></trkpt><trkpt lat="61.11505663" lon="14.11943397"><ele>228.0</ele></trkpt><trkpt lat="61.11513257" lon="14.11961813"><ele>228.0</ele></trkpt><trkpt lat="61.11521285" lon="14.11979959"><ele>227.0</ele></trkpt><trkpt lat="61.11525277" lon="14.11999991"><ele>227.0</ele></trkpt><trkpt lat="61.11527273" lon="14.12020652"><ele>227.0</ele></trkpt><trkpt lat="61.11528662" lon="14.12043559"><ele>227.0</ele></trkpt><trkpt lat="61.11528098" lon="14.12066646"><ele>229.0</ele></trkpt><trkpt lat="61.11525190" lon="14.12086948"><ele>229.0</ele></trkpt><trkpt lat="61.11522370" lon="14.12104645"><ele>229.0</ele></trkpt><trkpt lat="61.11519289" lon="14.12123689"><ele>229.0</ele></trkpt><trkpt lat="61.11517596" lon="14.12144620"><ele>229.0</ele></trkpt><trkpt lat="61.11516859" lon="14.12169144"><ele>229.0</ele></trkpt><trkpt lat="61.11517379" lon="14.12191332"><ele>230.0</ele></trkpt><trkpt lat="61.11520460" lon="14.12219899"><ele>230.0</ele></trkpt><trkpt lat="61.11524583" lon="14.12244512"><ele>230.0</ele></trkpt><trkpt lat="61.11528965" lon="14.12270025"><ele>230.0</ele></trkpt><trkpt lat="61.11532176" lon="14.12292482"><ele>230.0</ele></trkpt><trkpt lat="61.11532090" lon="14.12319881"><ele>230.0</ele></trkpt><trkpt lat="61.11531873" lon="14.12344585"><ele>232.0</ele></trkpt><trkpt lat="61.11529660" lon="14.12364527"><ele>232.0</ele></trkpt><trkpt lat="61.11528271" lon="14.12386356"><ele>232.0</ele></trkpt><trkpt lat="61.11527186" lon="14.12410072"><ele>234.0</ele></trkpt><trkpt lat="61.11528879" lon="14.12437830"><ele>234.0</ele></trkpt><trkpt lat="61.11531873" lon="14.12467115"><ele>234.0</ele></trkpt><trkpt lat="61.11534693" lon="14.12487327"><ele>230.0</ele></trkpt><trkpt lat="61.11537861" lon="14.12507539"><ele>230.0</ele></trkpt><trkpt lat="61.11543589" lon="14.12535028"><ele>229.0</ele></trkpt><trkpt lat="61.11551183" lon="14.12560989"><ele>229.0</ele></trkpt><trkpt lat="61.11559167" lon="14.12583357"><ele>228.0</ele></trkpt><trkpt lat="61.11566760" lon="14.12603659"><ele>228.0</ele></trkpt><trkpt lat="61.11575179" lon="14.12622793"><ele>228.0</ele></trkpt><trkpt lat="61.11584378" lon="14.12637615"><ele>227.0</ele></trkpt><trkpt lat="61.11590279" lon="14.12649742"><ele>227.0</ele></trkpt><trkpt lat="61.11596180" lon="14.12663487"><ele>227.0</ele></trkpt><trkpt lat="61.11601691" lon="14.12676512"><ele>228.0</ele></trkpt><trkpt lat="61.11605380" lon="14.12698970"><ele>228.0</ele></trkpt><trkpt lat="61.11605380" lon="14.12722416"><ele>228.0</ele></trkpt><trkpt lat="61.11604989" lon="14.12737777"><ele>228.0</ele></trkpt><trkpt lat="61.11603557" lon="14.12753049"><ele>228.0</ele></trkpt><trkpt lat="61.11601084" lon="14.12769039"><ele>228.0</ele></trkpt><trkpt lat="61.11597699" lon="14.12784400"><ele>227.0</ele></trkpt><trkpt lat="61.11593490" lon="14.12804522"><ele>227.0</ele></trkpt><trkpt lat="61.11589368" lon="14.12822668"><ele>227.0</ele></trkpt><trkpt lat="61.11585593" lon="14.12837670"><ele>228.0</ele></trkpt><trkpt lat="61.11580776" lon="14.12850785"><ele>230.0</ele></trkpt><trkpt lat="61.11576480" lon="14.12865787"><ele>231.0</ele></trkpt><trkpt lat="61.11572662" lon="14.12879891"><ele>231.0</ele></trkpt><trkpt lat="61.11568062" lon="14.12894084"><ele>234.0</ele></trkpt><trkpt lat="61.11558776" lon="14.12917800"><ele>236.0</ele></trkpt><trkpt lat="61.11553786" lon="14.12931724"><ele>237.0</ele></trkpt><trkpt lat="61.11548796" lon="14.12945198"><ele>237.0</ele></trkpt><trkpt lat="61.11542070" lon="14.12959032"><ele>238.0</ele></trkpt><trkpt lat="61.11536386" lon="14.12972417"><ele>239.0</ele></trkpt><trkpt lat="61.11531395" lon="14.12988856"><ele>240.0</ele></trkpt><trkpt lat="61.11526969" lon="14.13004128"><ele>242.0</ele></trkpt><trkpt lat="61.11521589" lon="14.13017692"><ele>242.0</ele></trkpt><trkpt lat="61.11515557" lon="14.13028652"><ele>242.0</ele></trkpt><trkpt lat="61.11508397" lon="14.13037096"><ele>242.0</ele></trkpt><trkpt lat="61.11500282" lon="14.13041049"><ele>242.0</ele></trkpt><trkpt lat="61.11492081" lon="14.13044193"><ele>244.0</ele></trkpt><trkpt lat="61.11481580" lon="14.13045720"><ele>244.0</ele></trkpt><trkpt lat="61.11472597" lon="14.13046169"><ele>245.0</ele></trkpt><trkpt lat="61.11461966" lon="14.13048864"><ele>245.0</ele></trkpt><trkpt lat="61.11452983" lon="14.13048145"><ele>245.0</ele></trkpt><trkpt lat="61.11444174" lon="14.13046079"><ele>245.0</ele></trkpt><trkpt lat="61.11435799" lon="14.13043025"><ele>247.0</ele></trkpt><trkpt lat="61.11426166" lon="14.13041767"><ele>249.0</ele></trkpt><trkpt lat="61.11415577" lon="14.13041498"><ele>249.0</ele></trkpt><trkpt lat="61.11405076" lon="14.13041138"><ele>250.0</ele></trkpt><trkpt lat="61.11394574" lon="14.13045540"><ele>251.0</ele></trkpt><trkpt lat="61.11388369" lon="14.13060362"><ele>253.0</ele></trkpt><trkpt lat="61.11387458" lon="14.13081652"><ele>253.0</ele></trkpt><trkpt lat="61.11386460" lon="14.13101595"><ele>253.0</ele></trkpt><trkpt lat="61.11385375" lon="14.13121717"><ele>253.0</ele></trkpt><trkpt lat="61.11380080" lon="14.13141121"><ele>253.0</ele></trkpt><trkpt lat="61.11375871" lon="14.13155224"><ele>253.0</ele></trkpt><trkpt lat="61.11371488" lon="14.13170945"><ele>254.0</ele></trkpt><trkpt lat="61.11366671" lon="14.13187115"><ele>254.0</ele></trkpt><trkpt lat="61.11360770" lon="14.13205081"><ele>254.0</ele></trkpt><trkpt lat="61.11355258" lon="14.13222059"><ele>255.0</ele></trkpt><trkpt lat="61.11349574" lon="14.13236971"><ele>255.0</ele></trkpt><trkpt lat="61.11343889" lon="14.13250266"><ele>255.0</ele></trkpt><trkpt lat="61.11337293" lon="14.13263112"><ele>255.0</ele></trkpt><trkpt lat="61.11330393" lon="14.13278563"><ele>255.0</ele></trkpt><trkpt lat="61.11325272" lon="14.13298326"><ele>255.0</ele></trkpt><trkpt lat="61.11320672" lon="14.13318538"><ele>255.0</ele></trkpt><trkpt lat="61.11319761" lon="14.13340727"><ele>257.0</ele></trkpt><trkpt lat="61.11318589" lon="14.13360579"><ele>257.0</ele></trkpt><trkpt lat="61.11316159" lon="14.13377647"><ele>258.0</ele></trkpt><trkpt lat="61.11313859" lon="14.13395254"><ele>259.0</ele></trkpt><trkpt lat="61.11312861" lon="14.13414029"><ele>259.0</ele></trkpt><trkpt lat="61.11311559" lon="14.13435948"><ele>259.0</ele></trkpt><trkpt lat="61.11310778" lon="14.13456070"><ele>260.0</ele></trkpt><trkpt lat="61.11311082" lon="14.13476013"><ele>259.0</ele></trkpt><trkpt lat="61.11309997" lon="14.13496315"><ele>259.0</ele></trkpt><trkpt lat="61.11309997" lon="14.13514012"><ele>261.0</ele></trkpt><trkpt lat="61.11309563" lon="14.13531169"><ele>261.0</ele></trkpt><trkpt lat="61.11308782" lon="14.13549765"><ele>261.0</ele></trkpt><trkpt lat="61.11307697" lon="14.13567282"><ele>262.0</ele></trkpt><trkpt lat="61.11307089" lon="14.13584080"><ele>263.0</ele></trkpt><trkpt lat="61.11304572" lon="14.13600250"><ele>263.0</ele></trkpt><trkpt lat="61.11302185" lon="14.13616689"><ele>263.0</ele></trkpt><trkpt lat="61.11300797" lon="14.13636542"><ele>266.0</ele></trkpt><trkpt lat="61.11300667" lon="14.13655047"><ele>266.0</ele></trkpt><trkpt lat="61.11300276" lon="14.13673013"><ele>267.0</ele></trkpt><trkpt lat="61.11299799" lon="14.13691159"><ele>268.0</ele></trkpt><trkpt lat="61.11297889" lon="14.13714156"><ele>268.0</ele></trkpt><trkpt lat="61.11295893" lon="14.13732841"><ele>268.0</ele></trkpt><trkpt lat="61.11295199" lon="14.13750448"><ele>269.0</ele></trkpt><trkpt lat="61.11295199" lon="14.13771559"><ele>269.0</ele></trkpt><trkpt lat="61.11298497" lon="14.13791411"><ele>269.0</ele></trkpt><trkpt lat="61.11302489" lon="14.13813690"><ele>270.0</ele></trkpt><trkpt lat="61.11305787" lon="14.13839831"><ele>270.0</ele></trkpt><trkpt lat="61.11309389" lon="14.13866151"><ele>270.0</ele></trkpt><trkpt lat="61.11312557" lon="14.13888699"><ele>270.0</ele></trkpt><trkpt lat="61.11315595" lon="14.13911696"><ele>271.0</ele></trkpt><trkpt lat="61.11318589" lon="14.13935142"><ele>271.0</ele></trkpt><trkpt lat="61.11323059" lon="14.13954276"><ele>271.0</ele></trkpt><trkpt lat="61.11327398" lon="14.13972422"><ele>273.0</ele></trkpt><trkpt lat="61.11331998" lon="14.13990388"><ele>273.0</ele></trkpt><trkpt lat="61.11336381" lon="14.14008444"><ele>273.0</ele></trkpt><trkpt lat="61.11340374" lon="14.14028567"><ele>272.0</ele></trkpt><trkpt lat="61.11344583" lon="14.14049767"><ele>272.0</ele></trkpt><trkpt lat="61.11349183" lon="14.14068182"><ele>272.0</ele></trkpt><trkpt lat="61.11352481" lon="14.14090191"><ele>272.0</ele></trkpt><trkpt lat="61.11356560" lon="14.14113188"><ele>273.0</ele></trkpt><trkpt lat="61.11361290" lon="14.14137981"><ele>273.0</ele></trkpt><trkpt lat="61.11366975" lon="14.14159721"><ele>273.0</ele></trkpt><trkpt lat="61.11372096" lon="14.14177777"><ele>273.0</ele></trkpt><trkpt lat="61.11376696" lon="14.14194935"><ele>273.0</ele></trkpt><trkpt lat="61.11382077" lon="14.14210565"><ele>273.0</ele></trkpt><trkpt lat="61.11388369" lon="14.14228711"><ele>272.0</ele></trkpt><trkpt lat="61.11395572" lon="14.14251528"><ele>272.0</ele></trkpt><trkpt lat="61.11400086" lon="14.14269135"><ele>272.0</ele></trkpt><trkpt lat="61.11405293" lon="14.14292312"><ele>272.0</ele></trkpt><trkpt lat="61.11408764" lon="14.14313961"><ele>275.0</ele></trkpt><trkpt lat="61.11411672" lon="14.14334353"><ele>275.0</ele></trkpt><trkpt lat="61.11416879" lon="14.14354565"><ele>276.0</ele></trkpt><trkpt lat="61.11423779" lon="14.14371993"><ele>275.0</ele></trkpt><trkpt lat="61.11430071" lon="14.14384749"><ele>275.0</ele></trkpt><trkpt lat="61.11435799" lon="14.14398223"><ele>275.0</ele></trkpt><trkpt lat="61.11440876" lon="14.14411968"><ele>275.0</ele></trkpt><trkpt lat="61.11447776" lon="14.14431371"><ele>273.0</ele></trkpt><trkpt lat="61.11453895" lon="14.14448798"><ele>271.0</ele></trkpt><trkpt lat="61.11457062" lon="14.14470538"><ele>272.0</ele></trkpt><trkpt lat="61.11461575" lon="14.14489941"><ele>272.0</ele></trkpt><trkpt lat="61.11467000" lon="14.14508177"><ele>273.0</ele></trkpt><trkpt lat="61.11473465" lon="14.14526772"><ele>273.0</ele></trkpt><trkpt lat="61.11480191" lon="14.14547523"><ele>273.0</ele></trkpt><trkpt lat="61.11485963" lon="14.14565130"><ele>273.0</ele></trkpt><trkpt lat="61.11490562" lon="14.14581749"><ele>273.0</ele></trkpt><trkpt lat="61.11494598" lon="14.14599176"><ele>273.0</ele></trkpt><trkpt lat="61.11499458" lon="14.14618131"><ele>273.0</ele></trkpt><trkpt lat="61.11506358" lon="14.14635918"><ele>274.0</ele></trkpt><trkpt lat="61.11513474" lon="14.14650380"><ele>274.0</ele></trkpt><trkpt lat="61.11521198" lon="14.14666999"><ele>274.0</ele></trkpt><trkpt lat="61.11530397" lon="14.14683169"><ele>273.0</ele></trkpt><trkpt lat="61.11536472" lon="14.14696554"><ele>273.0</ele></trkpt><trkpt lat="61.11542070" lon="14.14710927"><ele>273.0</ele></trkpt><trkpt lat="61.11547060" lon="14.14725929"><ele>273.0</ele></trkpt><trkpt lat="61.11552484" lon="14.14741919"><ele>271.0</ele></trkpt><trkpt lat="61.11557084" lon="14.14758538"><ele>270.0</ele></trkpt><trkpt lat="61.11561380" lon="14.14773360"><ele>270.0</ele></trkpt><trkpt lat="61.11565979" lon="14.14787194"><ele>270.0</ele></trkpt><trkpt lat="61.11570579" lon="14.14802735"><ele>270.0</ele></trkpt><trkpt lat="61.11574658" lon="14.14819174"><ele>268.0</ele></trkpt><trkpt lat="61.11578259" lon="14.14836961"><ele>268.0</ele></trkpt><trkpt lat="61.11582382" lon="14.14859598"><ele>268.0</ele></trkpt><trkpt lat="61.11585159" lon="14.14877924"><ele>268.0</ele></trkpt><trkpt lat="61.11586287" lon="14.14897148"><ele>268.0</ele></trkpt><trkpt lat="61.11588457" lon="14.14916192"><ele>268.0</ele></trkpt><trkpt lat="61.11590279" lon="14.14940985"><ele>268.0</ele></trkpt><trkpt lat="61.11591581" lon="14.14963174"><ele>268.0</ele></trkpt><trkpt lat="61.11593577" lon="14.14986979"><ele>268.0</ele></trkpt><trkpt lat="61.11596180" lon="14.15003598"><ele>268.0</ele></trkpt><trkpt lat="61.11599261" lon="14.15020576"><ele>268.0</ele></trkpt><trkpt lat="61.11602776" lon="14.15036566"><ele>268.0</ele></trkpt><trkpt lat="61.11606291" lon="14.15050939"><ele>268.0</ele></trkpt><trkpt lat="61.11610500" lon="14.15065312"><ele>268.0</ele></trkpt><trkpt lat="61.11615099" lon="14.15079416"><ele>268.0</ele></trkpt><trkpt lat="61.11619872" lon="14.15093789"><ele>268.0</ele></trkpt><trkpt lat="61.11627162" lon="14.15112384"><ele>267.0</ele></trkpt><trkpt lat="61.11633497" lon="14.15130350"><ele>267.0</ele></trkpt><trkpt lat="61.11638965" lon="14.15153347"><ele>267.0</ele></trkpt><trkpt lat="61.11643781" lon="14.15167541"><ele>267.0</ele></trkpt><trkpt lat="61.11648467" lon="14.15180566"><ele>265.0</ele></trkpt><trkpt lat="61.11653284" lon="14.15194759"><ele>265.0</ele></trkpt><trkpt lat="61.11658187" lon="14.15208594"><ele>265.0</ele></trkpt><trkpt lat="61.11663394" lon="14.15220990"><ele>265.0</ele></trkpt><trkpt lat="61.11668688" lon="14.15233926"><ele>265.0</ele></trkpt><trkpt lat="61.11673461" lon="14.15248030"><ele>263.0</ele></trkpt><trkpt lat="61.11678277" lon="14.15262492"><ele>263.0</ele></trkpt><trkpt lat="61.11681792" lon="14.15277854"><ele>263.0</ele></trkpt><trkpt lat="61.11684265" lon="14.15294383"><ele>263.0</ele></trkpt><trkpt lat="61.11685480" lon="14.15311720"><ele>263.0</ele></trkpt><trkpt lat="61.11684482" lon="14.15333459"><ele>262.0</ele></trkpt><trkpt lat="61.11683484" lon="14.15353761"><ele>262.0</ele></trkpt><trkpt lat="61.11678277" lon="14.15369392"><ele>262.0</ele></trkpt><trkpt lat="61.11672463" lon="14.15385831"><ele>262.0</ele></trkpt><trkpt lat="61.11668384" lon="14.15408199"><ele>262.0</ele></trkpt><trkpt lat="61.11664088" lon="14.15423650"><ele>262.0</ele></trkpt><trkpt lat="61.11661572" lon="14.15442066"><ele>262.0</ele></trkpt><trkpt lat="61.11660096" lon="14.15463086"><ele>262.0</ele></trkpt><trkpt lat="61.11659793" lon="14.15484466"><ele>261.0</ele></trkpt><trkpt lat="61.11660574" lon="14.15508092"><ele>261.0</ele></trkpt><trkpt lat="61.11661572" lon="14.15530640"><ele>261.0</ele></trkpt><trkpt lat="61.11663481" lon="14.15548157"><ele>261.0</ele></trkpt><trkpt lat="61.11669165" lon="14.15565764"><ele>261.0</ele></trkpt><trkpt lat="61.11676672" lon="14.15586245"><ele>261.0</ele></trkpt><trkpt lat="61.11682573" lon="14.15607535"><ele>261.0</ele></trkpt><trkpt lat="61.11685393" lon="14.15629814"><ele>259.0</ele></trkpt><trkpt lat="61.11687476" lon="14.15651822"><ele>259.0</ele></trkpt><trkpt lat="61.11688257" lon="14.15675179"><ele>259.0</ele></trkpt><trkpt lat="61.11688561" lon="14.15699343"><ele>259.0</ele></trkpt><trkpt lat="61.11688387" lon="14.15723059"><ele>259.0</ele></trkpt><trkpt lat="61.11687867" lon="14.15747223"><ele>259.0</ele></trkpt><trkpt lat="61.11688387" lon="14.15766447"><ele>259.0</ele></trkpt><trkpt lat="61.11689559" lon="14.15792139"><ele>258.0</ele></trkpt><trkpt lat="61.11690557" lon="14.15819178"><ele>258.0</ele></trkpt><trkpt lat="61.11692075" lon="14.15841996"><ele>258.0</ele></trkpt><trkpt lat="61.11690687" lon="14.15867777"><ele>257.0</ele></trkpt><trkpt lat="61.11689298" lon="14.15891762"><ele>257.0</ele></trkpt><trkpt lat="61.11688561" lon="14.15916286"><ele>257.0</ele></trkpt><trkpt lat="61.11683180" lon="14.15937487"><ele>257.0</ele></trkpt><trkpt lat="61.11672680" lon="14.15950153"><ele>257.0</ele></trkpt><trkpt lat="61.11662873" lon="14.15954195"><ele>257.0</ele></trkpt><trkpt lat="61.11653197" lon="14.15959944"><ele>260.0</ele></trkpt><trkpt lat="61.11641785" lon="14.15968029"><ele>261.0</ele></trkpt><trkpt lat="61.11632499" lon="14.15974946"><ele>263.0</ele></trkpt><trkpt lat="61.11622563" lon="14.15983660"><ele>265.0</ele></trkpt><trkpt lat="61.11613494" lon="14.15992823"><ele>265.0</ele></trkpt><trkpt lat="61.11604685" lon="14.16001986"><ele>266.0</ele></trkpt><trkpt lat="61.11594965" lon="14.16011238"><ele>268.0</ele></trkpt><trkpt lat="61.11584595" lon="14.16023366"><ele>268.0</ele></trkpt><trkpt lat="61.11575569" lon="14.16036750"><ele>269.0</ele></trkpt><trkpt lat="61.11563593" lon="14.16057771"><ele>272.0</ele></trkpt><trkpt lat="61.11554697" lon="14.16075468"><ele>272.0</ele></trkpt><trkpt lat="61.11550358" lon="14.16083912"><ele>272.0</ele></trkpt><trkpt lat="61.11542157" lon="14.16102866"><ele>273.0</ele></trkpt><trkpt lat="61.11535084" lon="14.16121462"><ele>273.0</ele></trkpt><trkpt lat="61.11528098" lon="14.16139428"><ele>276.0</ele></trkpt><trkpt lat="61.11520764" lon="14.16157035"><ele>277.0</ele></trkpt><trkpt lat="61.11513691" lon="14.16175989"><ele>278.0</ele></trkpt><trkpt lat="61.11506271" lon="14.16192159"><ele>278.0</ele></trkpt><trkpt lat="61.11497071" lon="14.16208868"><ele>279.0</ele></trkpt><trkpt lat="61.11490389" lon="14.16228631"><ele>279.0</ele></trkpt><trkpt lat="61.11487395" lon="14.16246327"><ele>279.0</ele></trkpt><trkpt lat="61.11484791" lon="14.16268965"><ele>279.0</ele></trkpt><trkpt lat="61.11483489" lon="14.16293040"><ele>279.0</ele></trkpt><trkpt lat="61.11482491" lon="14.16315048"><ele>280.0</ele></trkpt><trkpt lat="61.11479063" lon="14.16336428"><ele>280.0</ele></trkpt><trkpt lat="61.11474593" lon="14.16356371"><ele>280.0</ele></trkpt><trkpt lat="61.11467173" lon="14.16377122"><ele>280.0</ele></trkpt><trkpt lat="61.11459666" lon="14.16398053"><ele>280.0</ele></trkpt><trkpt lat="61.11451768" lon="14.16414672"><ele>281.0</ele></trkpt><trkpt lat="61.11442699" lon="14.16433267"><ele>282.0</ele></trkpt><trkpt lat="61.11435973" lon="14.16447640"><ele>282.0</ele></trkpt><trkpt lat="61.11428683" lon="14.16463271"><ele>284.0</ele></trkpt><trkpt lat="61.11419396" lon="14.16481776"><ele>286.0</ele></trkpt><trkpt lat="61.11408157" lon="14.16494981"><ele>287.0</ele></trkpt><trkpt lat="61.11400693" lon="14.16511151"><ele>286.0</ele></trkpt><trkpt lat="61.11393880" lon="14.16533249"><ele>286.0</ele></trkpt><trkpt lat="61.11386893" lon="14.16551665"><ele>287.0</ele></trkpt><trkpt lat="61.11377998" lon="14.16570170"><ele>289.0</ele></trkpt><trkpt lat="61.11370577" lon="14.16584633"><ele>290.0</ele></trkpt><trkpt lat="61.11363200" lon="14.16597030"><ele>290.0</ele></trkpt><trkpt lat="61.11354477" lon="14.16613469"><ele>290.0</ele></trkpt><trkpt lat="61.11345885" lon="14.16624967"><ele>290.0</ele></trkpt><trkpt lat="61.11336859" lon="14.16638891"><ele>289.0</ele></trkpt><trkpt lat="61.11327659" lon="14.16652276"><ele>289.0</ele></trkpt><trkpt lat="61.11318285" lon="14.16667817"><ele>289.0</ele></trkpt><trkpt lat="61.11309085" lon="14.16683448"><ele>289.0</ele></trkpt><trkpt lat="61.11302793" lon="14.16701055"><ele>291.0</ele></trkpt><trkpt lat="61.11298974" lon="14.16721716"><ele>291.0</ele></trkpt><trkpt lat="61.11297499" lon="14.16744623"><ele>291.0</ele></trkpt><trkpt lat="61.11295763" lon="14.16768698"><ele>291.0</ele></trkpt><trkpt lat="61.11295372" lon="14.16789269"><ele>291.0</ele></trkpt><trkpt lat="61.11295980" lon="14.16813254"><ele>291.0</ele></trkpt><trkpt lat="61.11295589" lon="14.16834365"><ele>290.0</ele></trkpt><trkpt lat="61.11297499" lon="14.16854397"><ele>290.0</ele></trkpt><trkpt lat="61.11299365" lon="14.16876585"><ele>290.0</ele></trkpt><trkpt lat="61.11301882" lon="14.16901648"><ele>290.0</ele></trkpt><trkpt lat="61.11305267" lon="14.16926622"><ele>290.0</ele></trkpt><trkpt lat="61.11309172" lon="14.16950337"><ele>290.0</ele></trkpt><trkpt lat="61.11312991" lon="14.16974322"><ele>290.0</ele></trkpt><trkpt lat="61.11318980" lon="14.16997049"><ele>291.0</ele></trkpt><trkpt lat="61.11323883" lon="14.17020855"><ele>291.0</ele></trkpt><trkpt lat="61.11327268" lon="14.17039450"><ele>291.0</ele></trkpt><trkpt lat="61.11329959" lon="14.17057955"><ele>291.0</ele></trkpt><trkpt lat="61.11334168" lon="14.17073316"><ele>288.0</ele></trkpt><trkpt lat="61.11338378" lon="14.17088588"><ele>288.0</ele></trkpt><trkpt lat="61.11341893" lon="14.17112213"><ele>286.0</ele></trkpt><trkpt lat="61.11341979" lon="14.17129641"><ele>287.0</ele></trkpt><trkpt lat="61.11342674" lon="14.17147248"><ele>285.0</ele></trkpt><trkpt lat="61.11344887" lon="14.17171951"><ele>285.0</ele></trkpt><trkpt lat="61.11349183" lon="14.17194319"><ele>285.0</ele></trkpt><trkpt lat="61.11356864" lon="14.17216238"><ele>285.0</ele></trkpt><trkpt lat="61.11362592" lon="14.17230342"><ele>283.0</ele></trkpt><trkpt lat="61.11368190" lon="14.17243457"><ele>283.0</ele></trkpt><trkpt lat="61.11374092" lon="14.17258100"><ele>283.0</ele></trkpt><trkpt lat="61.11382467" lon="14.17278312"><ele>283.0</ele></trkpt><trkpt lat="61.11387978" lon="14.17291338"><ele>282.0</ele></trkpt><trkpt lat="61.11392969" lon="14.17305621"><ele>282.0</ele></trkpt><trkpt lat="61.11397395" lon="14.17321072"><ele>282.0</ele></trkpt><trkpt lat="61.11403384" lon="14.17343889"><ele>282.0</ele></trkpt><trkpt lat="61.11407593" lon="14.17359520"><ele>282.0</ele></trkpt><trkpt lat="61.11410370" lon="14.17377845"><ele>279.0</ele></trkpt><trkpt lat="61.11412366" lon="14.17396081"><ele>279.0</ele></trkpt><trkpt lat="61.11412887" lon="14.17413778"><ele>279.0</ele></trkpt><trkpt lat="61.11410978" lon="14.17438931"><ele>279.0</ele></trkpt><trkpt lat="61.11409980" lon="14.17455011"><ele>278.0</ele></trkpt><trkpt lat="61.11410370" lon="14.17471450"><ele>278.0</ele></trkpt><trkpt lat="61.11413798" lon="14.17493279"><ele>278.0</ele></trkpt><trkpt lat="61.11420698" lon="14.17514389"><ele>278.0</ele></trkpt><trkpt lat="61.11424560" lon="14.17528942"><ele>277.0</ele></trkpt><trkpt lat="61.11428986" lon="14.17543674"><ele>277.0</ele></trkpt><trkpt lat="61.11433369" lon="14.17558317"><ele>277.0</ele></trkpt><trkpt lat="61.11437795" lon="14.17573229"><ele>277.0</ele></trkpt><trkpt lat="61.11441657" lon="14.17588410"><ele>277.0</ele></trkpt><trkpt lat="61.11446474" lon="14.17601616"><ele>275.0</ele></trkpt><trkpt lat="61.11451681" lon="14.17612485"><ele>275.0</ele></trkpt><trkpt lat="61.11461272" lon="14.17625062"><ele>273.0</ele></trkpt><trkpt lat="61.11473899" lon="14.17628924"><ele>273.0</ele></trkpt><trkpt lat="61.11486266" lon="14.17628296"><ele>272.0</ele></trkpt><trkpt lat="61.11496377" lon="14.17619762"><ele>272.0</ele></trkpt><trkpt lat="61.11504969" lon="14.17605838"><ele>272.0</ele></trkpt><trkpt lat="61.11512172" lon="14.17586973"><ele>272.0</ele></trkpt><trkpt lat="61.11517076" lon="14.17565863"><ele>272.0</ele></trkpt><trkpt lat="61.11519289" lon="14.17544842"><ele>272.0</ele></trkpt><trkpt lat="61.11521762" lon="14.17523372"><ele>272.0</ele></trkpt><trkpt lat="61.11524800" lon="14.17498759"><ele>271.0</ele></trkpt><trkpt lat="61.11529399" lon="14.17474684"><ele>271.0</ele></trkpt><trkpt lat="61.11539597" lon="14.17457346"><ele>271.0</ele></trkpt><trkpt lat="61.11549968" lon="14.17458155"><ele>269.0</ele></trkpt><trkpt lat="61.11560686" lon="14.17468485"><ele>268.0</ele></trkpt><trkpt lat="61.11569060" lon="14.17480972"><ele>268.0</ele></trkpt><trkpt lat="61.11571664" lon="14.17502352"><ele>267.0</ele></trkpt><trkpt lat="61.11567368" lon="14.17526966"><ele>267.0</ele></trkpt><trkpt lat="61.11565285" lon="14.17550412"><ele>267.0</ele></trkpt><trkpt lat="61.11564678" lon="14.17572151"><ele>267.0</ele></trkpt><trkpt lat="61.11563159" lon="14.17592722"><ele>267.0</ele></trkpt><trkpt lat="61.11556086" lon="14.17610060"><ele>269.0</ele></trkpt><trkpt lat="61.11548579" lon="14.17617875"><ele>269.0</ele></trkpt><trkpt lat="61.11540768" lon="14.17626140"><ele>269.0</ele></trkpt><trkpt lat="61.11532958" lon="14.17632248"><ele>269.0</ele></trkpt><trkpt lat="61.11525364" lon="14.17638536"><ele>269.0</ele></trkpt><trkpt lat="61.11518161" lon="14.17644645"><ele>270.0</ele></trkpt><trkpt lat="61.11509959" lon="14.17650753"><ele>270.0</ele></trkpt><trkpt lat="61.11502279" lon="14.17657311"><ele>270.0</ele></trkpt><trkpt lat="61.11495466" lon="14.17663869"><ele>270.0</ele></trkpt><trkpt lat="61.11482968" lon="14.17677523"><ele>271.0</ele></trkpt><trkpt lat="61.11474073" lon="14.17685518"><ele>271.0</ele></trkpt><trkpt lat="61.11465264" lon="14.17696029"><ele>271.0</ele></trkpt><trkpt lat="61.11452159" lon="14.17717049"><ele>272.0</ele></trkpt><trkpt lat="61.11442091" lon="14.17738339"><ele>272.0</ele></trkpt><trkpt lat="61.11436971" lon="14.17748670"><ele>272.0</ele></trkpt><trkpt lat="61.11431460" lon="14.17758911"><ele>273.0</ele></trkpt><trkpt lat="61.11425471" lon="14.17769421"><ele>273.0</ele></trkpt><trkpt lat="61.11419266" lon="14.17779392"><ele>273.0</ele></trkpt><trkpt lat="61.11413191" lon="14.17788465"><ele>273.0</ele></trkpt><trkpt lat="61.11405857" lon="14.17802838"><ele>272.0</ele></trkpt><trkpt lat="61.11402168" lon="14.17824577"><ele>272.0</ele></trkpt><trkpt lat="61.11401084" lon="14.17850090"><ele>272.0</ele></trkpt><trkpt lat="61.11401474" lon="14.17873536"><ele>272.0</ele></trkpt><trkpt lat="61.11401865" lon="14.17897251"><ele>271.0</ele></trkpt><trkpt lat="61.11402689" lon="14.17920518"><ele>271.0</ele></trkpt><trkpt lat="61.11402776" lon="14.17943874"><ele>271.0</ele></trkpt><trkpt lat="61.11401865" lon="14.17966871"><ele>271.0</ele></trkpt><trkpt lat="61.11401084" lon="14.17988879"><ele>271.0</ele></trkpt><trkpt lat="61.11400086" lon="14.18011247"><ele>271.0</ele></trkpt><trkpt lat="61.11399087" lon="14.18034514"><ele>271.0</ele></trkpt><trkpt lat="61.11397959" lon="14.18050953"><ele>272.0</ele></trkpt><trkpt lat="61.11396484" lon="14.18066943"><ele>272.0</ele></trkpt><trkpt lat="61.11394097" lon="14.18092275"><ele>272.0</ele></trkpt><trkpt lat="61.11392969" lon="14.18116889"><ele>271.0</ele></trkpt><trkpt lat="61.11391493" lon="14.18138000"><ele>271.0</ele></trkpt><trkpt lat="61.11389758" lon="14.18161895"><ele>271.0</ele></trkpt><trkpt lat="61.11387892" lon="14.18186958"><ele>271.0</ele></trkpt><trkpt lat="61.11385375" lon="14.18210314"><ele>271.0</ele></trkpt><trkpt lat="61.11382858" lon="14.18235467"><ele>271.0</ele></trkpt><trkpt lat="61.11380558" lon="14.18259991"><ele>271.0</ele></trkpt><trkpt lat="61.11378171" lon="14.18285683"><ele>268.0</ele></trkpt><trkpt lat="61.11374569" lon="14.18311734"><ele>268.0</ele></trkpt><trkpt lat="61.11369666" lon="14.18335719"><ele>266.0</ele></trkpt><trkpt lat="61.11364588" lon="14.18358356"><ele>265.0</ele></trkpt><trkpt lat="61.11360770" lon="14.18380724"><ele>265.0</ele></trkpt><trkpt lat="61.11358687" lon="14.18405967"><ele>265.0</ele></trkpt><trkpt lat="61.11356560" lon="14.18430761"><ele>265.0</ele></trkpt><trkpt lat="61.11354000" lon="14.18457890"><ele>264.0</ele></trkpt><trkpt lat="61.11350875" lon="14.18483582"><ele>264.0</ele></trkpt><trkpt lat="61.11348576" lon="14.18508734"><ele>264.0</ele></trkpt><trkpt lat="61.11347274" lon="14.18533348"><ele>261.0</ele></trkpt><trkpt lat="61.11347187" lon="14.18559669"><ele>261.0</ele></trkpt><trkpt lat="61.11348879" lon="14.18584552"><ele>260.0</ele></trkpt><trkpt lat="61.11350398" lon="14.18609436"><ele>260.0</ele></trkpt><trkpt lat="61.11352481" lon="14.18635577"><ele>260.0</ele></trkpt><trkpt lat="61.11352481" lon="14.18661358"><ele>260.0</ele></trkpt><trkpt lat="61.11351092" lon="14.18686691"><ele>260.0</ele></trkpt><trkpt lat="61.11348792" lon="14.18713011"><ele>258.0</ele></trkpt><trkpt lat="61.11344062" lon="14.18737445"><ele>258.0</ele></trkpt><trkpt lat="61.11340157" lon="14.18754154"><ele>258.0</ele></trkpt><trkpt lat="61.11333995" lon="14.18780026"><ele>256.0</ele></trkpt><trkpt lat="61.11326964" lon="14.18804011"><ele>255.0</ele></trkpt><trkpt lat="61.11320065" lon="14.18826379"><ele>255.0</ele></trkpt><trkpt lat="61.11313859" lon="14.18847669"><ele>256.0</ele></trkpt><trkpt lat="61.11306872" lon="14.18870486"><ele>254.0</ele></trkpt><trkpt lat="61.11301274" lon="14.18892225"><ele>254.0</ele></trkpt><trkpt lat="61.11297195" lon="14.18914054"><ele>254.0</ele></trkpt><trkpt lat="61.11294287" lon="14.18935075"><ele>253.0</ele></trkpt><trkpt lat="61.11292985" lon="14.18958341"><ele>253.0</ele></trkpt><trkpt lat="61.11291684" lon="14.18981877"><ele>253.0</ele></trkpt><trkpt lat="61.11289861" lon="14.19003257"><ele>253.0</ele></trkpt><trkpt lat="61.11286563" lon="14.19024457"><ele>254.0</ele></trkpt><trkpt lat="61.11282093" lon="14.19047634"><ele>254.0</ele></trkpt><trkpt lat="61.11276972" lon="14.19068385"><ele>254.0</ele></trkpt><trkpt lat="61.11271374" lon="14.19087699"><ele>254.0</ele></trkpt><trkpt lat="61.11265168" lon="14.19108090"><ele>254.0</ele></trkpt><trkpt lat="61.11258095" lon="14.19129560"><ele>254.0</ele></trkpt><trkpt lat="61.11251064" lon="14.19150491"><ele>253.0</ele></trkpt><trkpt lat="61.11243774" lon="14.19167289"><ele>253.0</ele></trkpt><trkpt lat="61.11237394" lon="14.19183549"><ele>253.0</ele></trkpt><trkpt lat="61.11232187" lon="14.19201425"><ele>253.0</ele></trkpt><trkpt lat="61.11226458" lon="14.19220559"><ele>254.0</ele></trkpt><trkpt lat="61.11219862" lon="14.19236639"><ele>254.0</ele></trkpt><trkpt lat="61.11213092" lon="14.19257031"><ele>254.0</ele></trkpt><trkpt lat="61.11207797" lon="14.19281555"><ele>254.0</ele></trkpt><trkpt lat="61.11201071" lon="14.19304911"><ele>254.0</ele></trkpt><trkpt lat="61.11194561" lon="14.19325932"><ele>254.0</ele></trkpt><trkpt lat="61.11188095" lon="14.19346863"><ele>254.0</ele></trkpt><trkpt lat="61.11180761" lon="14.19365188"><ele>254.0</ele></trkpt><trkpt lat="61.11173470" lon="14.19384143"><ele>254.0</ele></trkpt><trkpt lat="61.11165788" lon="14.19401750"><ele>254.0</ele></trkpt><trkpt lat="61.11159279" lon="14.19422231"><ele>255.0</ele></trkpt><trkpt lat="61.11152465" lon="14.19444330"><ele>256.0</ele></trkpt><trkpt lat="61.11145869" lon="14.19466428"><ele>256.0</ele></trkpt><trkpt lat="61.11139489" lon="14.19486640"><ele>254.0</ele></trkpt><trkpt lat="61.11132762" lon="14.19504786"><ele>254.0</ele></trkpt><trkpt lat="61.11125471" lon="14.19521944"><ele>254.0</ele></trkpt><trkpt lat="61.11119092" lon="14.19539461"><ele>256.0</ele></trkpt><trkpt lat="61.11112582" lon="14.19557428"><ele>256.0</ele></trkpt><trkpt lat="61.11105985" lon="14.19574675"><ele>256.0</ele></trkpt><trkpt lat="61.11097870" lon="14.19591025"><ele>256.0</ele></trkpt><trkpt lat="61.11088886" lon="14.19604589"><ele>257.0</ele></trkpt><trkpt lat="61.11081161" lon="14.19610069"><ele>257.0</ele></trkpt><trkpt lat="61.11073480" lon="14.19614111"><ele>257.0</ele></trkpt><trkpt lat="61.11062890" lon="14.19621927"><ele>259.0</ele></trkpt><trkpt lat="61.11052387" lon="14.19627856"><ele>260.0</ele></trkpt><trkpt lat="61.11044489" lon="14.19633515"><ele>261.0</ele></trkpt><trkpt lat="61.11038673" lon="14.19644654"><ele>261.0</ele></trkpt><trkpt lat="61.11033899" lon="14.19660375"><ele>263.0</ele></trkpt><trkpt lat="61.11030557" lon="14.19677083"><ele>263.0</ele></trkpt><trkpt lat="61.11028257" lon="14.19694960"><ele>264.0</ele></trkpt><trkpt lat="61.11027997" lon="14.19711668"><ele>266.0</ele></trkpt><trkpt lat="61.11027389" lon="14.19728916"><ele>266.0</ele></trkpt><trkpt lat="61.11028691" lon="14.19748140"><ele>266.0</ele></trkpt><trkpt lat="61.11029472" lon="14.19769430"><ele>266.0</ele></trkpt><trkpt lat="61.11028474" lon="14.19792696"><ele>266.0</ele></trkpt><trkpt lat="61.11023657" lon="14.19813537"><ele>266.0</ele></trkpt><trkpt lat="61.11016583" lon="14.19830785"><ele>266.0</ele></trkpt><trkpt lat="61.11009074" lon="14.19847314"><ele>267.0</ele></trkpt><trkpt lat="61.11003259" lon="14.19863753"><ele>267.0</ele></trkpt><trkpt lat="61.10997877" lon="14.19881899"><ele>267.0</ele></trkpt><trkpt lat="61.10992062" lon="14.19900943"><ele>268.0</ele></trkpt><trkpt lat="61.10986376" lon="14.19919179"><ele>268.0</ele></trkpt><trkpt lat="61.10980387" lon="14.19937954"><ele>268.0</ele></trkpt><trkpt lat="61.10974962" lon="14.19956819"><ele>268.0</ele></trkpt><trkpt lat="61.10970188" lon="14.19977660"><ele>268.0</ele></trkpt><trkpt lat="61.10965370" lon="14.19998680"><ele>268.0</ele></trkpt><trkpt lat="61.10958860" lon="14.20019252"><ele>268.0</ele></trkpt><trkpt lat="61.10952393" lon="14.20039553"><ele>268.0</ele></trkpt><trkpt lat="61.10946795" lon="14.20057340"><ele>268.0</ele></trkpt><trkpt lat="61.10941196" lon="14.20074318"><ele>268.0</ele></trkpt><trkpt lat="61.10935771" lon="14.20092285"><ele>268.0</ele></trkpt><trkpt lat="61.10929478" lon="14.20112766"><ele>268.0</ele></trkpt><trkpt lat="61.10920971" lon="14.20135314"><ele>268.0</ele></trkpt><trkpt lat="61.10913896" lon="14.20158041"><ele>267.0</ele></trkpt><trkpt lat="61.10908081" lon="14.20180319"><ele>266.0</ele></trkpt><trkpt lat="61.10902395" lon="14.20201699"><ele>266.0</ele></trkpt><trkpt lat="61.10894192" lon="14.20222720"><ele>266.0</ele></trkpt><trkpt lat="61.10887378" lon="14.20242752"><ele>265.0</ele></trkpt><trkpt lat="61.10880868" lon="14.20260270"><ele>265.0</ele></trkpt><trkpt lat="61.10875660" lon="14.20275810"><ele>265.0</ele></trkpt><trkpt lat="61.10870495" lon="14.20295214"><ele>265.0</ele></trkpt><trkpt lat="61.10863898" lon="14.20317133"><ele>265.0</ele></trkpt><trkpt lat="61.10856259" lon="14.20338513"><ele>265.0</ele></trkpt><trkpt lat="61.10849662" lon="14.20358725"><ele>265.0</ele></trkpt><trkpt lat="61.10842891" lon="14.20378668"><ele>265.0</ele></trkpt><trkpt lat="61.10836598" lon="14.20397712"><ele>265.0</ele></trkpt><trkpt lat="61.10830478" lon="14.20417744"><ele>265.0</ele></trkpt><trkpt lat="61.10824098" lon="14.20438136"><ele>266.0</ele></trkpt><trkpt lat="61.10816980" lon="14.20459336"><ele>266.0</ele></trkpt><trkpt lat="61.10809297" lon="14.20477842"><ele>266.0</ele></trkpt><trkpt lat="61.10802874" lon="14.20497155"><ele>265.0</ele></trkpt><trkpt lat="61.10796884" lon="14.20516289"><ele>265.0</ele></trkpt><trkpt lat="61.10790981" lon="14.20537220"><ele>265.0</ele></trkpt><trkpt lat="61.10783776" lon="14.20561475"><ele>261.0</ele></trkpt><trkpt lat="61.10775790" lon="14.20582765"><ele>260.0</ele></trkpt><trkpt lat="61.10768064" lon="14.20601270"><ele>261.0</ele></trkpt><trkpt lat="61.10761293" lon="14.20620135"><ele>261.0</ele></trkpt><trkpt lat="61.10755998" lon="14.20640437"><ele>262.0</ele></trkpt><trkpt lat="61.10749661" lon="14.20658133"><ele>262.0</ele></trkpt><trkpt lat="61.10741588" lon="14.20679783"><ele>262.0</ele></trkpt><trkpt lat="61.10734860" lon="14.20697839"><ele>263.0</ele></trkpt><trkpt lat="61.10727482" lon="14.20715985"><ele>263.0</ele></trkpt><trkpt lat="61.10721796" lon="14.20735029"><ele>263.0</ele></trkpt><trkpt lat="61.10716197" lon="14.20755511"><ele>264.0</ele></trkpt><trkpt lat="61.10709382" lon="14.20775094"><ele>264.0</ele></trkpt><trkpt lat="61.10702090" lon="14.20795845"><ele>264.0</ele></trkpt><trkpt lat="61.10694581" lon="14.20817674"><ele>263.0</ele></trkpt><trkpt lat="61.10687767" lon="14.20837437"><ele>262.0</ele></trkpt><trkpt lat="61.10682081" lon="14.20857649"><ele>262.0</ele></trkpt><trkpt lat="61.10675787" lon="14.20876873"><ele>262.0</ele></trkpt><trkpt lat="61.10669363" lon="14.20897714"><ele>262.0</ele></trkpt><trkpt lat="61.10662766" lon="14.20917387"><ele>262.0</ele></trkpt><trkpt lat="61.10657383" lon="14.20936072"><ele>262.0</ele></trkpt><trkpt lat="61.10651697" lon="14.20953230"><ele>262.0</ele></trkpt><trkpt lat="61.10644492" lon="14.20972634"><ele>262.0</ele></trkpt><trkpt lat="61.10637374" lon="14.20991498"><ele>262.0</ele></trkpt><trkpt lat="61.10630689" lon="14.21009824"><ele>262.0</ele></trkpt><trkpt lat="61.10624265" lon="14.21030395"><ele>262.0</ele></trkpt><trkpt lat="61.10617798" lon="14.21049619"><ele>262.0</ele></trkpt><trkpt lat="61.10610896" lon="14.21067945"><ele>262.0</ele></trkpt><trkpt lat="61.10602997" lon="14.21086540"><ele>264.0</ele></trkpt><trkpt lat="61.10595097" lon="14.21106393"><ele>264.0</ele></trkpt><trkpt lat="61.10588195" lon="14.21125527"><ele>264.0</ele></trkpt><trkpt lat="61.10581597" lon="14.21148793"><ele>264.0</ele></trkpt><trkpt lat="61.10576085" lon="14.21168017"><ele>264.0</ele></trkpt><trkpt lat="61.10568880" lon="14.21188050"><ele>264.0</ele></trkpt><trkpt lat="61.10560459" lon="14.21209519"><ele>261.0</ele></trkpt><trkpt lat="61.10556465" lon="14.21223713"><ele>261.0</ele></trkpt><trkpt lat="61.10552689" lon="14.21238445"><ele>260.0</ele></trkpt><trkpt lat="61.10548392" lon="14.21252998"><ele>260.0</ele></trkpt><trkpt lat="61.10540188" lon="14.21275725"><ele>259.0</ele></trkpt><trkpt lat="61.10533069" lon="14.21298542"><ele>258.0</ele></trkpt><trkpt lat="61.10526168" lon="14.21319293"><ele>256.0</ele></trkpt><trkpt lat="61.10519570" lon="14.21339775"><ele>256.0</ele></trkpt><trkpt lat="61.10512581" lon="14.21360616"><ele>255.0</ele></trkpt><trkpt lat="61.10504985" lon="14.21379031"><ele>255.0</ele></trkpt><trkpt lat="61.10497085" lon="14.21397447"><ele>256.0</ele></trkpt><trkpt lat="61.10489358" lon="14.21416671"><ele>256.0</ele></trkpt><trkpt lat="61.10481068" lon="14.21437871"><ele>256.0</ele></trkpt><trkpt lat="61.10476076" lon="14.21454131"><ele>256.0</ele></trkpt><trkpt lat="61.10469999" lon="14.21477038"><ele>256.0</ele></trkpt><trkpt lat="61.10463791" lon="14.21497879"><ele>254.0</ele></trkpt><trkpt lat="61.10457193" lon="14.21519438"><ele>253.0</ele></trkpt><trkpt lat="61.10449988" lon="14.21540818"><ele>252.0</ele></trkpt><trkpt lat="61.10443694" lon="14.21562018"><ele>249.0</ele></trkpt><trkpt lat="61.10436661" lon="14.21582769"><ele>249.0</ele></trkpt><trkpt lat="61.10429586" lon="14.21601724"><ele>249.0</ele></trkpt><trkpt lat="61.10422988" lon="14.21622295"><ele>249.0</ele></trkpt><trkpt lat="61.10415695" lon="14.21643855"><ele>249.0</ele></trkpt><trkpt lat="61.10410877" lon="14.21658497"><ele>249.0</ele></trkpt><trkpt lat="61.10405668" lon="14.21672331"><ele>249.0</ele></trkpt><trkpt lat="61.10400459" lon="14.21686525"><ele>249.0</ele></trkpt><trkpt lat="61.10395771" lon="14.21701616"><ele>249.0</ele></trkpt><trkpt lat="61.10390388" lon="14.21723356"><ele>249.0</ele></trkpt><trkpt lat="61.10384571" lon="14.21745095"><ele>249.0</ele></trkpt><trkpt lat="61.10379059" lon="14.21764229"><ele>249.0</ele></trkpt><trkpt lat="61.10372677" lon="14.21784261"><ele>249.0</ele></trkpt><trkpt lat="61.10367078" lon="14.21803126"><ele>249.0</ele></trkpt><trkpt lat="61.10360783" lon="14.21821362"><ele>249.0</ele></trkpt><trkpt lat="61.10354967" lon="14.21839777"><ele>249.0</ele></trkpt><trkpt lat="61.10349280" lon="14.21859271"><ele>249.0</ele></trkpt><trkpt lat="61.10344288" lon="14.21878585"><ele>249.0</ele></trkpt><trkpt lat="61.10338080" lon="14.21896281"><ele>250.0</ele></trkpt><trkpt lat="61.10330874" lon="14.21911014"><ele>250.0</ele></trkpt><trkpt lat="61.10323799" lon="14.21929070"><ele>250.0</ele></trkpt><trkpt lat="61.10316680" lon="14.21945868"><ele>250.0</ele></trkpt><trkpt lat="61.10310168" lon="14.21964553"><ele>251.0</ele></trkpt><trkpt lat="61.10303874" lon="14.21983867"><ele>251.0</ele></trkpt><trkpt lat="61.10296494" lon="14.22004528"><ele>251.0</ele></trkpt><trkpt lat="61.10289592" lon="14.22025998"><ele>250.0</ele></trkpt><trkpt lat="61.10283862" lon="14.22045671"><ele>250.0</ele></trkpt><trkpt lat="61.10276091" lon="14.22066153"><ele>250.0</ele></trkpt><trkpt lat="61.10269493" lon="14.22084478"><ele>250.0</ele></trkpt><trkpt lat="61.10263676" lon="14.22103343"><ele>250.0</ele></trkpt><trkpt lat="61.10258163" lon="14.22120860"><ele>250.0</ele></trkpt><trkpt lat="61.10252997" lon="14.22139994"><ele>250.0</ele></trkpt><trkpt lat="61.10247657" lon="14.22160117"><ele>250.0</ele></trkpt><trkpt lat="61.10241797" lon="14.22179790"><ele>250.0</ele></trkpt><trkpt lat="61.10234981" lon="14.22198924"><ele>250.0</ele></trkpt><trkpt lat="61.10228166" lon="14.22218327"><ele>250.0</ele></trkpt><trkpt lat="61.10221871" lon="14.22235755"><ele>250.0</ele></trkpt><trkpt lat="61.10214969" lon="14.22255787"><ele>250.0</ele></trkpt><trkpt lat="61.10207589" lon="14.22277167"><ele>251.0</ele></trkpt><trkpt lat="61.10201295" lon="14.22296930"><ele>251.0</ele></trkpt><trkpt lat="61.10195781" lon="14.22316962"><ele>251.0</ele></trkpt><trkpt lat="61.10189400" lon="14.22336995"><ele>250.0</ele></trkpt><trkpt lat="61.10183192" lon="14.22355320"><ele>249.0</ele></trkpt><trkpt lat="61.10175682" lon="14.22376521"><ele>249.0</ele></trkpt><trkpt lat="61.10168562" lon="14.22396553"><ele>249.0</ele></trkpt><trkpt lat="61.10162094" lon="14.22417933"><ele>249.0</ele></trkpt><trkpt lat="61.10156364" lon="14.22438774"><ele>249.0</ele></trkpt><trkpt lat="61.10152196" lon="14.22462400"><ele>249.0</ele></trkpt><trkpt lat="61.10151762" lon="14.22483959"><ele>249.0</ele></trkpt><trkpt lat="61.10152977" lon="14.22506597"><ele>249.0</ele></trkpt><trkpt lat="61.10156364" lon="14.22531750"><ele>249.0</ele></trkpt><trkpt lat="61.10160792" lon="14.22555914"><ele>247.0</ele></trkpt><trkpt lat="61.10164178" lon="14.22580169"><ele>245.0</ele></trkpt><trkpt lat="61.10164785" lon="14.22604513"><ele>246.0</ele></trkpt><trkpt lat="61.10161182" lon="14.22624815"><ele>246.0</ele></trkpt><trkpt lat="61.10154757" lon="14.22640985"><ele>248.0</ele></trkpt><trkpt lat="61.10148680" lon="14.22656166"><ele>249.0</ele></trkpt><trkpt lat="61.10140692" lon="14.22677277"><ele>250.0</ele></trkpt><trkpt lat="61.10133268" lon="14.22694165"><ele>250.0</ele></trkpt><trkpt lat="61.10125367" lon="14.22710155"><ele>250.0</ele></trkpt><trkpt lat="61.10114775" lon="14.22721474"><ele>251.0</ele></trkpt><trkpt lat="61.10103488" lon="14.22729020"><ele>252.0</ele></trkpt><trkpt lat="61.10091896" lon="14.22733152"><ele>252.0</ele></trkpt><trkpt lat="61.10080175" lon="14.22734140"><ele>252.0</ele></trkpt><trkpt lat="61.10068193" lon="14.22731445"><ele>252.0</ele></trkpt><trkpt lat="61.10057861" lon="14.22728570"><ele>254.0</ele></trkpt><trkpt lat="61.10047876" lon="14.22724887"><ele>254.0</ele></trkpt><trkpt lat="61.10037369" lon="14.22723899"><ele>254.0</ele></trkpt><trkpt lat="61.10029989" lon="14.22731715"><ele>255.0</ele></trkpt><trkpt lat="61.10023868" lon="14.22764144"><ele>255.0</ele></trkpt><trkpt lat="61.10018875" lon="14.22789566"><ele>255.0</ele></trkpt><trkpt lat="61.10011278" lon="14.22813910"><ele>255.0</ele></trkpt><trkpt lat="61.10005460" lon="14.22831248"><ele>255.0</ele></trkpt><trkpt lat="61.10001770" lon="14.22844094"><ele>255.0</ele></trkpt><trkpt lat="61.09997776" lon="14.22862779"><ele>255.0</ele></trkpt><trkpt lat="61.09993695" lon="14.22882452"><ele>255.0</ele></trkpt><trkpt lat="61.09990483" lon="14.22901047"><ele>255.0</ele></trkpt><trkpt lat="61.09985273" lon="14.22920990"><ele>255.0</ele></trkpt><trkpt lat="61.09979976" lon="14.22937519"><ele>255.0</ele></trkpt><trkpt lat="61.09974072" lon="14.22953419"><ele>255.0</ele></trkpt><trkpt lat="61.09967386" lon="14.22967882"><ele>255.0</ele></trkpt><trkpt lat="61.09961482" lon="14.22985578"><ele>255.0</ele></trkpt><trkpt lat="61.09956880" lon="14.23000760"><ele>255.0</ele></trkpt><trkpt lat="61.09952061" lon="14.23014684"><ele>255.0</ele></trkpt><trkpt lat="61.09945375" lon="14.23032650"><ele>255.0</ele></trkpt><trkpt lat="61.09939992" lon="14.23050257"><ele>255.0</ele></trkpt><trkpt lat="61.09933696" lon="14.23069212"><ele>255.0</ele></trkpt><trkpt lat="61.09927358" lon="14.23086729"><ele>255.0</ele></trkpt><trkpt lat="61.09922191" lon="14.23102270"><ele>256.0</ele></trkpt><trkpt lat="61.09916157" lon="14.23117631"><ele>256.0</ele></trkpt><trkpt lat="61.09909297" lon="14.23131465"><ele>256.0</ele></trkpt><trkpt lat="61.09901482" lon="14.23146287"><ele>257.0</ele></trkpt><trkpt lat="61.09893885" lon="14.23162187"><ele>257.0</ele></trkpt><trkpt lat="61.09887372" lon="14.23171620"><ele>257.0</ele></trkpt><trkpt lat="61.09881077" lon="14.23180513"><ele>257.0</ele></trkpt><trkpt lat="61.09871265" lon="14.23191023"><ele>258.0</ele></trkpt><trkpt lat="61.09862365" lon="14.23202432"><ele>258.0</ele></trkpt><trkpt lat="61.09853595" lon="14.23213481"><ele>258.0</ele></trkpt><trkpt lat="61.09846171" lon="14.23223363"><ele>260.0</ele></trkpt><trkpt lat="61.09836576" lon="14.23233783"><ele>260.0</ele></trkpt><trkpt lat="61.09828978" lon="14.23239532"><ele>259.0</ele></trkpt><trkpt lat="61.09821684" lon="14.23247437"><ele>262.0</ele></trkpt><trkpt lat="61.09812176" lon="14.23258127"><ele>262.0</ele></trkpt><trkpt lat="61.09805099" lon="14.23266931"><ele>264.0</ele></trkpt><trkpt lat="61.09796589" lon="14.23277351"><ele>265.0</ele></trkpt><trkpt lat="61.09790294" lon="14.23284538"><ele>265.0</ele></trkpt><trkpt lat="61.09783564" lon="14.23291185"><ele>265.0</ele></trkpt><trkpt lat="61.09774273" lon="14.23299540"><ele>265.0</ele></trkpt><trkpt lat="61.09765068" lon="14.23312745"><ele>265.0</ele></trkpt><trkpt lat="61.09757557" lon="14.23324962"><ele>265.0</ele></trkpt><trkpt lat="61.09750089" lon="14.23335293"><ele>265.0</ele></trkpt><trkpt lat="61.09742969" lon="14.23343288"><ele>263.0</ele></trkpt><trkpt lat="61.09736370" lon="14.23351013"><ele>263.0</ele></trkpt><trkpt lat="61.09728771" lon="14.23357211"><ele>263.0</ele></trkpt><trkpt lat="61.09721086" lon="14.23362242"><ele>264.0</ele></trkpt><trkpt lat="61.09713358" lon="14.23369878"><ele>266.0</ele></trkpt><trkpt lat="61.09706281" lon="14.23380298"><ele>269.0</ele></trkpt><trkpt lat="61.09699595" lon="14.23392875"><ele>268.0</ele></trkpt><trkpt lat="61.09694992" lon="14.23410841"><ele>269.0</ele></trkpt><trkpt lat="61.09690390" lon="14.23428717"><ele>269.0</ele></trkpt><trkpt lat="61.09679970" lon="14.23457463"><ele>270.0</ele></trkpt><trkpt lat="61.09671763" lon="14.23479293"><ele>270.0</ele></trkpt><trkpt lat="61.09667291" lon="14.23490521"><ele>270.0</ele></trkpt><trkpt lat="61.09662559" lon="14.23502918"><ele>269.0</ele></trkpt><trkpt lat="61.09658000" lon="14.23514956"><ele>269.0</ele></trkpt><trkpt lat="61.09653788" lon="14.23527981"><ele>269.0</ele></trkpt><trkpt lat="61.09650098" lon="14.23541097"><ele>269.0</ele></trkpt><trkpt lat="61.09644583" lon="14.23556458"><ele>269.0</ele></trkpt><trkpt lat="61.09640676" lon="14.23571639"><ele>269.0</ele></trkpt><trkpt lat="61.09635682" lon="14.23589695"><ele>269.0</ele></trkpt><trkpt lat="61.09632079" lon="14.23605147"><ele>269.0</ele></trkpt><trkpt lat="61.09629864" lon="14.23621316"><ele>270.0</ele></trkpt><trkpt lat="61.09629864" lon="14.23640630"><ele>273.0</ele></trkpt><trkpt lat="61.09631688" lon="14.23659495"><ele>273.0</ele></trkpt><trkpt lat="61.09636985" lon="14.23676113"><ele>273.0</ele></trkpt><trkpt lat="61.09646060" lon="14.23688600"><ele>273.0</ele></trkpt><trkpt lat="61.09657088" lon="14.23701715"><ele>273.0</ele></trkpt><trkpt lat="61.09667465" lon="14.23717346"><ele>273.0</ele></trkpt><trkpt lat="61.09673674" lon="14.23729473"><ele>271.0</ele></trkpt><trkpt lat="61.09679492" lon="14.23743667"><ele>271.0</ele></trkpt><trkpt lat="61.09682965" lon="14.23760196"><ele>271.0</ele></trkpt><trkpt lat="61.09683877" lon="14.23775198"><ele>271.0</ele></trkpt><trkpt lat="61.09680794" lon="14.23809064"><ele>270.0</ele></trkpt><trkpt lat="61.09678580" lon="14.23830264"><ele>270.0</ele></trkpt><trkpt lat="61.09676496" lon="14.23851465"><ele>270.0</ele></trkpt><trkpt lat="61.09674586" lon="14.23870868"><ele>270.0</ele></trkpt><trkpt lat="61.09673066" lon="14.23893596"><ele>271.0</ele></trkpt><trkpt lat="61.09676062" lon="14.23911472"><ele>271.0</ele></trkpt><trkpt lat="61.09681272" lon="14.23930337"><ele>272.0</ele></trkpt><trkpt lat="61.09688870" lon="14.23949740"><ele>274.0</ele></trkpt><trkpt lat="61.09693690" lon="14.23962496"><ele>274.0</ele></trkpt><trkpt lat="61.09700159" lon="14.23981720"><ele>274.0</ele></trkpt><trkpt lat="61.09705673" lon="14.24003549"><ele>273.0</ele></trkpt><trkpt lat="61.09710666" lon="14.24022953"><ele>273.0</ele></trkpt><trkpt lat="61.09714357" lon="14.24043794"><ele>273.0</ele></trkpt><trkpt lat="61.09717179" lon="14.24064365"><ele>273.0</ele></trkpt><trkpt lat="61.09720392" lon="14.24086554"><ele>273.0</ele></trkpt><trkpt lat="61.09723778" lon="14.24109191"><ele>273.0</ele></trkpt><trkpt lat="61.09726774" lon="14.24134344"><ele>273.0</ele></trkpt><trkpt lat="61.09730291" lon="14.24160126"><ele>272.0</ele></trkpt><trkpt lat="61.09733461" lon="14.24183123"><ele>272.0</ele></trkpt><trkpt lat="61.09732896" lon="14.24209353"><ele>272.0</ele></trkpt><trkpt lat="61.09730378" lon="14.24231182"><ele>272.0</ele></trkpt><trkpt lat="61.09724082" lon="14.24251754"><ele>272.0</ele></trkpt><trkpt lat="61.09720479" lon="14.24264959"><ele>272.0</ele></trkpt><trkpt lat="61.09716875" lon="14.24286159"><ele>272.0</ele></trkpt><trkpt lat="61.09714878" lon="14.24306371"><ele>272.0</ele></trkpt><trkpt lat="61.09714661" lon="14.24328919"><ele>273.0</ele></trkpt><trkpt lat="61.09712967" lon="14.24351197"><ele>273.0</ele></trkpt><trkpt lat="61.09710058" lon="14.24371320"><ele>273.0</ele></trkpt><trkpt lat="61.09703372" lon="14.24390184"><ele>273.0</ele></trkpt><trkpt lat="61.09698900" lon="14.24403749"><ele>273.0</ele></trkpt><trkpt lat="61.09695470" lon="14.24418571"><ele>273.0</ele></trkpt><trkpt lat="61.09692387" lon="14.24454414"><ele>273.0</ele></trkpt><trkpt lat="61.09692691" lon="14.24469595"><ele>273.0</ele></trkpt><trkpt lat="61.09689782" lon="14.24484058"><ele>273.0</ele></trkpt><trkpt lat="61.09684181" lon="14.24494299"><ele>273.0</ele></trkpt><trkpt lat="61.09675584" lon="14.24520889"><ele>273.0</ele></trkpt><trkpt lat="61.09674890" lon="14.24536789"><ele>273.0</ele></trkpt><trkpt lat="61.09675063" lon="14.24553139"><ele>273.0</ele></trkpt><trkpt lat="61.09674976" lon="14.24568859"><ele>273.0</ele></trkpt><trkpt lat="61.09674369" lon="14.24584220"><ele>273.0</ele></trkpt><trkpt lat="61.09673196" lon="14.24600031"><ele>273.0</ele></trkpt><trkpt lat="61.09671981" lon="14.24615033"><ele>273.0</ele></trkpt><trkpt lat="61.09670374" lon="14.24630484"><ele>273.0</ele></trkpt><trkpt lat="61.09667899" lon="14.24646563"><ele>272.0</ele></trkpt><trkpt lat="61.09664860" lon="14.24660936"><ele>272.0</ele></trkpt><trkpt lat="61.09660692" lon="14.24675040"><ele>272.0</ele></trkpt><trkpt lat="61.09652486" lon="14.24700193"><ele>272.0</ele></trkpt><trkpt lat="61.09648491" lon="14.24711871"><ele>271.0</ele></trkpt><trkpt lat="61.09642760" lon="14.24729388"><ele>271.0</ele></trkpt><trkpt lat="61.09636160" lon="14.24744210"><ele>271.0</ele></trkpt><trkpt lat="61.09630472" lon="14.24763973"><ele>271.0</ele></trkpt><trkpt lat="61.09627563" lon="14.24777987"><ele>274.0</ele></trkpt><trkpt lat="61.09625392" lon="14.24793079"><ele>274.0</ele></trkpt><trkpt lat="61.09622179" lon="14.24814998"><ele>274.0</ele></trkpt><trkpt lat="61.09620182" lon="14.24830988"><ele>274.0</ele></trkpt><trkpt lat="61.09618185" lon="14.24846349"><ele>273.0</ele></trkpt><trkpt lat="61.09616578" lon="14.24861890"><ele>273.0</ele></trkpt><trkpt lat="61.09614364" lon="14.24878778"><ele>273.0</ele></trkpt><trkpt lat="61.09611758" lon="14.24896115"><ele>273.0</ele></trkpt><trkpt lat="61.09608198" lon="14.24912285"><ele>273.0</ele></trkpt><trkpt lat="61.09604290" lon="14.24928275"><ele>270.0</ele></trkpt><trkpt lat="61.09600600" lon="14.24941929"><ele>270.0</ele></trkpt><trkpt lat="61.09594391" lon="14.24961333"><ele>268.0</ele></trkpt><trkpt lat="61.09588269" lon="14.24981276"><ele>268.0</ele></trkpt><trkpt lat="61.09582798" lon="14.25001578"><ele>268.0</ele></trkpt><trkpt lat="61.09576589" lon="14.25020532"><ele>268.0</ele></trkpt><trkpt lat="61.09570466" lon="14.25037870"><ele>268.0</ele></trkpt><trkpt lat="61.09563780" lon="14.25054219"><ele>268.0</ele></trkpt><trkpt lat="61.09557961" lon="14.25064999"><ele>269.0</ele></trkpt><trkpt lat="61.09550059" lon="14.25082246"><ele>269.0</ele></trkpt><trkpt lat="61.09541766" lon="14.25098596"><ele>269.0</ele></trkpt><trkpt lat="61.09535557" lon="14.25110184"><ele>269.0</ele></trkpt><trkpt lat="61.09530173" lon="14.25130486"><ele>270.0</ele></trkpt><trkpt lat="61.09527567" lon="14.25152225"><ele>270.0</ele></trkpt><trkpt lat="61.09525787" lon="14.25168754"><ele>270.0</ele></trkpt><trkpt lat="61.09521966" lon="14.25189865"><ele>269.0</ele></trkpt><trkpt lat="61.09518883" lon="14.25211065"><ele>269.0</ele></trkpt><trkpt lat="61.09516278" lon="14.25226785"><ele>269.0</ele></trkpt><trkpt lat="61.09512370" lon="14.25248794"><ele>269.0</ele></trkpt><trkpt lat="61.09508375" lon="14.25268557"><ele>269.0</ele></trkpt><trkpt lat="61.09502774" lon="14.25290116"><ele>269.0</ele></trkpt><trkpt lat="61.09497564" lon="14.25311496"><ele>269.0</ele></trkpt><trkpt lat="61.09492483" lon="14.25334763"><ele>268.0</ele></trkpt><trkpt lat="61.09487881" lon="14.25358748"><ele>268.0</ele></trkpt><trkpt lat="61.09483886" lon="14.25380667"><ele>268.0</ele></trkpt><trkpt lat="61.09479283" lon="14.25403394"><ele>265.0</ele></trkpt><trkpt lat="61.09474160" lon="14.25428457"><ele>265.0</ele></trkpt><trkpt lat="61.09468298" lon="14.25453071"><ele>262.0</ele></trkpt><trkpt lat="61.09462566" lon="14.25477685"><ele>262.0</ele></trkpt><trkpt lat="61.09457399" lon="14.25502927"><ele>262.0</ele></trkpt><trkpt lat="61.09452796" lon="14.25526733"><ele>261.0</ele></trkpt><trkpt lat="61.09449366" lon="14.25543082"><ele>261.0</ele></trkpt><trkpt lat="61.09446370" lon="14.25566348"><ele>259.0</ele></trkpt><trkpt lat="61.09441159" lon="14.25588088"><ele>259.0</ele></trkpt><trkpt lat="61.09437078" lon="14.25605515"><ele>256.0</ele></trkpt><trkpt lat="61.09430999" lon="14.25630129"><ele>256.0</ele></trkpt><trkpt lat="61.09426700" lon="14.25645310"><ele>254.0</ele></trkpt><trkpt lat="61.09420795" lon="14.25665972"><ele>252.0</ele></trkpt><trkpt lat="61.09416800" lon="14.25680165"><ele>251.0</ele></trkpt><trkpt lat="61.09412675" lon="14.25694448"><ele>250.0</ele></trkpt><trkpt lat="61.09408897" lon="14.25709181"><ele>249.0</ele></trkpt><trkpt lat="61.09403860" lon="14.25732267"><ele>250.0</ele></trkpt><trkpt lat="61.09399691" lon="14.25747539"><ele>250.0</ele></trkpt><trkpt lat="61.09395566" lon="14.25763439"><ele>248.0</ele></trkpt><trkpt lat="61.09391789" lon="14.25778441"><ele>248.0</ele></trkpt><trkpt lat="61.09387273" lon="14.25801977"><ele>245.0</ele></trkpt><trkpt lat="61.09382887" lon="14.25819045"><ele>245.0</ele></trkpt><trkpt lat="61.09377980" lon="14.25836292"><ele>245.0</ele></trkpt><trkpt lat="61.09372379" lon="14.25852642"><ele>245.0</ele></trkpt><trkpt lat="61.09366300" lon="14.25867643"><ele>245.0</ele></trkpt><trkpt lat="61.09361393" lon="14.25880938"><ele>245.0</ele></trkpt><trkpt lat="61.09357789" lon="14.25896300"><ele>245.0</ele></trkpt><trkpt lat="61.09353664" lon="14.25913278"><ele>245.0</ele></trkpt><trkpt lat="61.09348974" lon="14.25928280"><ele>245.0</ele></trkpt><trkpt lat="61.09344197" lon="14.25941665"><ele>245.0</ele></trkpt><trkpt lat="61.09335860" lon="14.25966548"><ele>243.0</ele></trkpt><trkpt lat="61.09331474" lon="14.25978495"><ele>243.0</ele></trkpt><trkpt lat="61.09325178" lon="14.25995294"><ele>243.0</ele></trkpt><trkpt lat="61.09319186" lon="14.26011015"><ele>245.0</ele></trkpt><trkpt lat="61.09309459" lon="14.26040479"><ele>245.0</ele></trkpt><trkpt lat="61.09305898" lon="14.26054134"><ele>245.0</ele></trkpt><trkpt lat="61.09302468" lon="14.26067519"><ele>243.0</ele></trkpt><trkpt lat="61.09298777" lon="14.26080454"><ele>243.0</ele></trkpt><trkpt lat="61.09295172" lon="14.26095276"><ele>243.0</ele></trkpt><trkpt lat="61.09291872" lon="14.26111536"><ele>243.0</ele></trkpt><trkpt lat="61.09288572" lon="14.26127436"><ele>243.0</ele></trkpt><trkpt lat="61.09285880" lon="14.26143786"><ele>237.0</ele></trkpt><trkpt lat="61.09283578" lon="14.26159776"><ele>235.0</ele></trkpt><trkpt lat="61.09281798" lon="14.26175586"><ele>235.0</ele></trkpt><trkpt lat="61.09279887" lon="14.26191935"><ele>233.0</ele></trkpt><trkpt lat="61.09277499" lon="14.26208554"><ele>232.0</ele></trkpt><trkpt lat="61.09274676" lon="14.26224634"><ele>232.0</ele></trkpt><trkpt lat="61.09271376" lon="14.26239636"><ele>232.0</ele></trkpt><trkpt lat="61.09267381" lon="14.26260746"><ele>232.0</ele></trkpt><trkpt lat="61.09263299" lon="14.26275389"><ele>232.0</ele></trkpt><trkpt lat="61.09256568" lon="14.26292547"><ele>232.0</ele></trkpt><trkpt lat="61.09248796" lon="14.26306830"><ele>233.0</ele></trkpt><trkpt lat="61.09243975" lon="14.26320843"><ele>233.0</ele></trkpt><trkpt lat="61.09238461" lon="14.26334947"><ele>235.0</ele></trkpt><trkpt lat="61.09233163" lon="14.26349949"><ele>237.0</ele></trkpt><trkpt lat="61.09227083" lon="14.26367556"><ele>239.0</ele></trkpt><trkpt lat="61.09221482" lon="14.26384983"><ele>239.0</ele></trkpt><trkpt lat="61.09216357" lon="14.26400434"><ele>240.0</ele></trkpt><trkpt lat="61.09210799" lon="14.26415436"><ele>240.0</ele></trkpt><trkpt lat="61.09204676" lon="14.26432235"><ele>240.0</ele></trkpt><trkpt lat="61.09199378" lon="14.26447955"><ele>239.0</ele></trkpt><trkpt lat="61.09192387" lon="14.26462687"><ele>239.0</ele></trkpt><trkpt lat="61.09185699" lon="14.26478049"><ele>239.0</ele></trkpt><trkpt lat="61.09178665" lon="14.26493500"><ele>237.0</ele></trkpt><trkpt lat="61.09172672" lon="14.26511017"><ele>237.0</ele></trkpt><trkpt lat="61.09166896" lon="14.26529792"><ele>237.0</ele></trkpt><trkpt lat="61.09161468" lon="14.26552519"><ele>237.0</ele></trkpt><trkpt lat="61.09155388" lon="14.26576145"><ele>237.0</ele></trkpt><trkpt lat="61.09149092" lon="14.26601477"><ele>237.0</ele></trkpt><trkpt lat="61.09144098" lon="14.26618186"><ele>237.0</ele></trkpt><trkpt lat="61.09136672" lon="14.26641452"><ele>235.0</ele></trkpt><trkpt lat="61.09130983" lon="14.26664539"><ele>235.0</ele></trkpt><trkpt lat="61.09125772" lon="14.26689512"><ele>233.0</ele></trkpt><trkpt lat="61.09119779" lon="14.26712689"><ele>233.0</ele></trkpt><trkpt lat="61.09113483" lon="14.26734068"><ele>232.0</ele></trkpt><trkpt lat="61.09108098" lon="14.26757245"><ele>231.0</ele></trkpt><trkpt lat="61.09103060" lon="14.26781320"><ele>231.0</ele></trkpt><trkpt lat="61.09098761" lon="14.26796951"><ele>231.0</ele></trkpt><trkpt lat="61.09094375" lon="14.26812671"><ele>231.0</ele></trkpt><trkpt lat="61.09086298" lon="14.26831087"><ele>231.0</ele></trkpt><trkpt lat="61.09078872" lon="14.26840429"><ele>231.0</ele></trkpt><trkpt lat="61.09071185" lon="14.26849053"><ele>231.0</ele></trkpt><trkpt lat="61.09063672" lon="14.26856329"><ele>232.0</ele></trkpt><trkpt lat="61.09053076" lon="14.26865941"><ele>232.0</ele></trkpt><trkpt lat="61.09041785" lon="14.26876631"><ele>232.0</ele></trkpt><trkpt lat="61.09030885" lon="14.26886153"><ele>230.0</ele></trkpt><trkpt lat="61.09020766" lon="14.26898370"><ele>230.0</ele></trkpt><trkpt lat="61.09014773" lon="14.26906635"><ele>230.0</ele></trkpt><trkpt lat="61.09003178" lon="14.26923344"><ele>230.0</ele></trkpt><trkpt lat="61.08991757" lon="14.26937088"><ele>232.0</ele></trkpt><trkpt lat="61.08979467" lon="14.26948496"><ele>232.0</ele></trkpt><trkpt lat="61.08967090" lon="14.26959815"><ele>234.0</ele></trkpt><trkpt lat="61.08954061" lon="14.26980387"><ele>233.0</ele></trkpt><trkpt lat="61.08947894" lon="14.26988831"><ele>233.0</ele></trkpt><trkpt lat="61.08940772" lon="14.26998083"><ele>233.0</ele></trkpt><trkpt lat="61.08931999" lon="14.27010660"><ele>233.0</ele></trkpt><trkpt lat="61.08925789" lon="14.27024045"><ele>233.0</ele></trkpt><trkpt lat="61.08918493" lon="14.27036441"><ele>233.0</ele></trkpt><trkpt lat="61.08910893" lon="14.27048928"><ele>234.0</ele></trkpt><trkpt lat="61.08900861" lon="14.27062672"><ele>234.0</ele></trkpt><trkpt lat="61.08891958" lon="14.27077135"><ele>234.0</ele></trkpt><trkpt lat="61.08883098" lon="14.27090250"><ele>234.0</ele></trkpt><trkpt lat="61.08874760" lon="14.27102378"><ele>234.0</ele></trkpt><trkpt lat="61.08866465" lon="14.27115673"><ele>234.0</ele></trkpt><trkpt lat="61.08858083" lon="14.27130136"><ele>232.0</ele></trkpt><trkpt lat="61.08849093" lon="14.27143161"><ele>231.0</ele></trkpt><trkpt lat="61.08837671" lon="14.27155648"><ele>231.0</ele></trkpt><trkpt lat="61.08827682" lon="14.27168853"><ele>231.0</ele></trkpt><trkpt lat="61.08818171" lon="14.27182687"><ele>231.0</ele></trkpt><trkpt lat="61.08807487" lon="14.27196970"><ele>231.0</ele></trkpt><trkpt lat="61.08797281" lon="14.27212242"><ele>231.0</ele></trkpt><trkpt lat="61.08789594" lon="14.27231555"><ele>232.0</ele></trkpt><trkpt lat="61.08785164" lon="14.27252486"><ele>232.0</ele></trkpt><trkpt lat="61.08782297" lon="14.27273058"><ele>232.0</ele></trkpt><trkpt lat="61.08778997" lon="14.27296324"><ele>232.0</ele></trkpt><trkpt lat="61.08775783" lon="14.27320399"><ele>232.0</ele></trkpt><trkpt lat="61.08772873" lon="14.27343575"><ele>232.0</ele></trkpt><trkpt lat="61.08769181" lon="14.27365674"><ele>232.0</ele></trkpt><trkpt lat="61.08768095" lon="14.27389030"><ele>231.0</ele></trkpt><trkpt lat="61.08764187" lon="14.27409242"><ele>231.0</ele></trkpt><trkpt lat="61.08763275" lon="14.27431161"><ele>231.0</ele></trkpt><trkpt lat="61.08759366" lon="14.27452092"><ele>230.0</ele></trkpt><trkpt lat="61.08753980" lon="14.27477155"><ele>230.0</ele></trkpt><trkpt lat="61.08748074" lon="14.27502487"><ele>230.0</ele></trkpt><trkpt lat="61.08743079" lon="14.27525574"><ele>229.0</ele></trkpt><trkpt lat="61.08739474" lon="14.27546864"><ele>229.0</ele></trkpt><trkpt lat="61.08734176" lon="14.27567795"><ele>229.0</ele></trkpt><trkpt lat="61.08727487" lon="14.27587019"><ele>229.0</ele></trkpt><trkpt lat="61.08720582" lon="14.27604626"><ele>231.0</ele></trkpt><trkpt lat="61.08714892" lon="14.27617023"><ele>231.0</ele></trkpt><trkpt lat="61.08709159" lon="14.27628970"><ele>231.0</ele></trkpt><trkpt lat="61.08703991" lon="14.27641097"><ele>231.0</ele></trkpt><trkpt lat="61.08698084" lon="14.27653045"><ele>231.0</ele></trkpt><trkpt lat="61.08692394" lon="14.27665442"><ele>231.0</ele></trkpt><trkpt lat="61.08686965" lon="14.27677659"><ele>231.0</ele></trkpt><trkpt lat="61.08682058" lon="14.27689696"><ele>231.0</ele></trkpt><trkpt lat="61.08677671" lon="14.27701464"><ele>231.0</ele></trkpt><trkpt lat="61.08670896" lon="14.27719610"><ele>230.0</ele></trkpt><trkpt lat="61.08667073" lon="14.27733444"><ele>230.0</ele></trkpt><trkpt lat="61.08661862" lon="14.27746919"><ele>230.0</ele></trkpt><trkpt lat="61.08654261" lon="14.27760124"><ele>230.0</ele></trkpt><trkpt lat="61.08646487" lon="14.27774228"><ele>230.0</ele></trkpt><trkpt lat="61.08638495" lon="14.27787613"><ele>227.0</ele></trkpt><trkpt lat="61.08631198" lon="14.27799381"><ele>227.0</ele></trkpt><trkpt lat="61.08621990" lon="14.27815011"><ele>226.0</ele></trkpt><trkpt lat="61.08613174" lon="14.27829923"><ele>226.0</ele></trkpt><trkpt lat="61.08604357" lon="14.27843937"><ele>225.0</ele></trkpt><trkpt lat="61.08595279" lon="14.27857232"><ele>225.0</ele></trkpt><trkpt lat="61.08585984" lon="14.27869539"><ele>225.0</ele></trkpt><trkpt lat="61.08575995" lon="14.27881037"><ele>223.0</ele></trkpt><trkpt lat="61.08565571" lon="14.27891727"><ele>223.0</ele></trkpt><trkpt lat="61.08555798" lon="14.27902058"><ele>223.0</ele></trkpt><trkpt lat="61.08545374" lon="14.27912658"><ele>224.0</ele></trkpt><trkpt lat="61.08537165" lon="14.27925235"><ele>225.0</ele></trkpt><trkpt lat="61.08528565" lon="14.27938440"><ele>225.0</ele></trkpt><trkpt lat="61.08519487" lon="14.27953711"><ele>225.0</ele></trkpt><trkpt lat="61.08509671" lon="14.27967994"><ele>224.0</ele></trkpt><trkpt lat="61.08498899" lon="14.27979852"><ele>224.0</ele></trkpt><trkpt lat="61.08487172" lon="14.27989015"><ele>224.0</ele></trkpt><trkpt lat="61.08474576" lon="14.27998178"><ele>223.0</ele></trkpt><trkpt lat="61.08463283" lon="14.28004017"><ele>223.0</ele></trkpt><trkpt lat="61.08452989" lon="14.28008329"><ele>223.0</ele></trkpt><trkpt lat="61.08442998" lon="14.28012730"><ele>224.0</ele></trkpt><trkpt lat="61.08433182" lon="14.28017312"><ele>225.0</ele></trkpt><trkpt lat="61.08424582" lon="14.28022522"><ele>225.0</ele></trkpt><trkpt lat="61.08414765" lon="14.28034021"><ele>225.0</ele></trkpt><trkpt lat="61.08406295" lon="14.28050190"><ele>226.0</ele></trkpt><trkpt lat="61.08400084" lon="14.28066360"><ele>226.0</ele></trkpt><trkpt lat="61.08392960" lon="14.28081631"><ele>226.0</ele></trkpt><trkpt lat="61.08385099" lon="14.28098070"><ele>227.0</ele></trkpt><trkpt lat="61.08375760" lon="14.28115588"><ele>227.0</ele></trkpt><trkpt lat="61.08368984" lon="14.28127086"><ele>227.0</ele></trkpt><trkpt lat="61.08359297" lon="14.28143884"><ele>227.0</ele></trkpt><trkpt lat="61.08352261" lon="14.28153496"><ele>227.0</ele></trkpt><trkpt lat="61.08345094" lon="14.28161671"><ele>227.0</ele></trkpt><trkpt lat="61.08337058" lon="14.28172271"><ele>227.0</ele></trkpt><trkpt lat="61.08328457" lon="14.28184039"><ele>227.0</ele></trkpt><trkpt lat="61.08318163" lon="14.28196256"><ele>227.0</ele></trkpt><trkpt lat="61.08308389" lon="14.28208294"><ele>227.0</ele></trkpt><trkpt lat="61.08299485" lon="14.28217636"><ele>227.0</ele></trkpt><trkpt lat="61.08288669" lon="14.28228146"><ele>227.0</ele></trkpt><trkpt lat="61.08279590" lon="14.28237399"><ele>227.0</ele></trkpt><trkpt lat="61.08269687" lon="14.28245484"><ele>228.0</ele></trkpt><trkpt lat="61.08258957" lon="14.28254916"><ele>230.0</ele></trkpt><trkpt lat="61.08250357" lon="14.28258779"><ele>230.0</ele></trkpt><trkpt lat="61.08241365" lon="14.28261294"><ele>231.0</ele></trkpt><trkpt lat="61.08233372" lon="14.28263899"><ele>231.0</ele></trkpt><trkpt lat="61.08224858" lon="14.28266684"><ele>230.0</ele></trkpt><trkpt lat="61.08217257" lon="14.28269918"><ele>230.0</ele></trkpt><trkpt lat="61.08209872" lon="14.28272254"><ele>230.0</ele></trkpt><trkpt lat="61.08199360" lon="14.28273242"><ele>230.0</ele></trkpt><trkpt lat="61.08191975" lon="14.28273332"><ele>230.0</ele></trkpt><trkpt lat="61.08181159" lon="14.28272344"><ele>230.0</ele></trkpt><trkpt lat="61.08173775" lon="14.28270727"><ele>230.0</ele></trkpt><trkpt lat="61.08163870" lon="14.28265786"><ele>230.0</ele></trkpt><trkpt lat="61.08153793" lon="14.28260935"><ele>232.0</ele></trkpt><trkpt lat="61.08143758" lon="14.28254557"><ele>232.0</ele></trkpt><trkpt lat="61.08134288" lon="14.28247999"><ele>232.0</ele></trkpt><trkpt lat="61.08124862" lon="14.28240723"><ele>233.0</ele></trkpt><trkpt lat="61.08115566" lon="14.28234974"><ele>234.0</ele></trkpt><trkpt lat="61.08105661" lon="14.28236321"><ele>234.0</ele></trkpt><trkpt lat="61.08097364" lon="14.28243957"><ele>234.0</ele></trkpt><trkpt lat="61.08091978" lon="14.28264169"><ele>235.0</ele></trkpt><trkpt lat="61.08087764" lon="14.28284920"><ele>234.0</ele></trkpt><trkpt lat="61.08084984" lon="14.28302347"><ele>234.0</ele></trkpt><trkpt lat="61.08082073" lon="14.28322380"><ele>235.0</ele></trkpt><trkpt lat="61.08079293" lon="14.28343131"><ele>235.0</ele></trkpt><trkpt lat="61.08076991" lon="14.28365768"><ele>235.0</ele></trkpt><trkpt lat="61.08075688" lon="14.28382118"><ele>235.0</ele></trkpt><trkpt lat="61.08073993" lon="14.28406732"><ele>235.0</ele></trkpt><trkpt lat="61.08073863" lon="14.28423530"><ele>235.0</ele></trkpt><trkpt lat="61.08074471" lon="14.28447335"><ele>235.0</ele></trkpt><trkpt lat="61.08075557" lon="14.28470692"><ele>235.0</ele></trkpt><trkpt lat="61.08075470" lon="14.28496294"><ele>235.0</ele></trkpt><trkpt lat="61.08072864" lon="14.28520189"><ele>235.0</ele></trkpt><trkpt lat="61.08066565" lon="14.28542467"><ele>233.0</ele></trkpt><trkpt lat="61.08059571" lon="14.28554055"><ele>233.0</ele></trkpt><trkpt lat="61.08050492" lon="14.28570854"><ele>233.0</ele></trkpt><trkpt lat="61.08043976" lon="14.28582173"><ele>233.0</ele></trkpt><trkpt lat="61.08036157" lon="14.28592234"><ele>233.0</ele></trkpt><trkpt lat="61.08029858" lon="14.28604451"><ele>233.0</ele></trkpt><trkpt lat="61.08023559" lon="14.28615051"><ele>233.0</ele></trkpt><trkpt lat="61.08017564" lon="14.28626190"><ele>233.0</ele></trkpt><trkpt lat="61.08011569" lon="14.28637958"><ele>233.0</ele></trkpt><trkpt lat="61.08005487" lon="14.28648378"><ele>233.0</ele></trkpt><trkpt lat="61.07998797" lon="14.28657721"><ele>233.0</ele></trkpt><trkpt lat="61.07992281" lon="14.28666075"><ele>233.0</ele></trkpt><trkpt lat="61.07985591" lon="14.28674160"><ele>233.0</ele></trkpt><trkpt lat="61.07979075" lon="14.28682335"><ele>233.0</ele></trkpt><trkpt lat="61.07972081" lon="14.28688264"><ele>233.0</ele></trkpt><trkpt lat="61.07961959" lon="14.28696438"><ele>233.0</ele></trkpt><trkpt lat="61.07950968" lon="14.28705152"><ele>233.0</ele></trkpt><trkpt lat="61.07943669" lon="14.28709913"><ele>233.0</ele></trkpt><trkpt lat="61.07933287" lon="14.28716740"><ele>234.0</ele></trkpt><trkpt lat="61.07922687" lon="14.28723747"><ele>234.0</ele></trkpt><trkpt lat="61.07911175" lon="14.28730934"><ele>234.0</ele></trkpt><trkpt lat="61.07899662" lon="14.28738749"><ele>234.0</ele></trkpt><trkpt lat="61.07888671" lon="14.28748271"><ele>234.0</ele></trkpt><trkpt lat="61.07879592" lon="14.28765878"><ele>234.0</ele></trkpt><trkpt lat="61.07873162" lon="14.28786090"><ele>233.0</ele></trkpt><trkpt lat="61.07869469" lon="14.28805494"><ele>233.0</ele></trkpt><trkpt lat="61.07866168" lon="14.28825885"><ele>233.0</ele></trkpt><trkpt lat="61.07860868" lon="14.28848433"><ele>232.0</ele></trkpt><trkpt lat="61.07851875" lon="14.28869633"><ele>232.0</ele></trkpt><trkpt lat="61.07842795" lon="14.28886432"><ele>232.0</ele></trkpt><trkpt lat="61.07835583" lon="14.28902152"><ele>232.0</ele></trkpt><trkpt lat="61.07828372" lon="14.28923083"><ele>232.0</ele></trkpt><trkpt lat="61.07819379" lon="14.28938444"><ele>232.0</ele></trkpt><trkpt lat="61.07810082" lon="14.28952189"><ele>231.0</ele></trkpt><trkpt lat="61.07800481" lon="14.28964226"><ele>231.0</ele></trkpt><trkpt lat="61.07788273" lon="14.28974826"><ele>231.0</ele></trkpt><trkpt lat="61.07778976" lon="14.28983180"><ele>231.0</ele></trkpt><trkpt lat="61.07771373" lon="14.28992433"><ele>231.0</ele></trkpt><trkpt lat="61.07764769" lon="14.29002225"><ele>232.0</ele></trkpt><trkpt lat="61.07758470" lon="14.29012196"><ele>232.0</ele></trkpt><trkpt lat="61.07749390" lon="14.29026569"><ele>232.0</ele></trkpt><trkpt lat="61.07741570" lon="14.29041930"><ele>232.0</ele></trkpt><trkpt lat="61.07731968" lon="14.29053249"><ele>233.0</ele></trkpt><trkpt lat="61.07721759" lon="14.29061514"><ele>233.0</ele></trkpt><trkpt lat="61.07711897" lon="14.29068790"><ele>233.0</ele></trkpt><trkpt lat="61.07701774" lon="14.29078043"><ele>234.0</ele></trkpt><trkpt lat="61.07692259" lon="14.29087834"><ele>234.0</ele></trkpt><trkpt lat="61.07681876" lon="14.29101039"><ele>234.0</ele></trkpt><trkpt lat="61.07674360" lon="14.29114963"><ele>235.0</ele></trkpt><trkpt lat="61.07669798" lon="14.29134457"><ele>235.0</ele></trkpt><trkpt lat="61.07667495" lon="14.29156376"><ele>237.0</ele></trkpt><trkpt lat="61.07662977" lon="14.29174881"><ele>238.0</ele></trkpt><trkpt lat="61.07651768" lon="14.29186379"><ele>239.0</ele></trkpt><trkpt lat="61.07640298" lon="14.29196171"><ele>239.0</ele></trkpt><trkpt lat="61.07629176" lon="14.29206052"><ele>239.0</ele></trkpt><trkpt lat="61.07617880" lon="14.29217192"><ele>239.0</ele></trkpt><trkpt lat="61.07608191" lon="14.29230217"><ele>240.0</ele></trkpt><trkpt lat="61.07600197" lon="14.29241536"><ele>241.0</ele></trkpt><trkpt lat="61.07592072" lon="14.29254921"><ele>241.0</ele></trkpt><trkpt lat="61.07584860" lon="14.29267677"><ele>241.0</ele></trkpt><trkpt lat="61.07576866" lon="14.29284116"><ele>243.0</ele></trkpt><trkpt lat="61.07571869" lon="14.29299837"><ele>243.0</ele></trkpt><trkpt lat="61.07566873" lon="14.29317444"><ele>243.0</ele></trkpt><trkpt lat="61.07562789" lon="14.29335949"><ele>243.0</ele></trkpt><trkpt lat="61.07558791" lon="14.29356341"><ele>243.0</ele></trkpt><trkpt lat="61.07553578" lon="14.29374217"><ele>243.0</ele></trkpt><trkpt lat="61.07548190" lon="14.29391914"><ele>243.0</ele></trkpt><trkpt lat="61.07542586" lon="14.29412755"><ele>243.0</ele></trkpt><trkpt lat="61.07535981" lon="14.29435662"><ele>243.0</ele></trkpt><trkpt lat="61.07528986" lon="14.29455874"><ele>243.0</ele></trkpt><trkpt lat="61.07522165" lon="14.29476535"><ele>243.0</ele></trkpt><trkpt lat="61.07517690" lon="14.29500700"><ele>243.0</ele></trkpt><trkpt lat="61.07513084" lon="14.29522439"><ele>243.0</ele></trkpt><trkpt lat="61.07507957" lon="14.29539866"><ele>245.0</ele></trkpt><trkpt lat="61.07500267" lon="14.29557923"><ele>245.0</ele></trkpt><trkpt lat="61.07492881" lon="14.29579213"><ele>245.0</ele></trkpt><trkpt lat="61.07487276" lon="14.29602389"><ele>246.0</ele></trkpt><trkpt lat="61.07485277" lon="14.29619547"><ele>246.0</ele></trkpt><trkpt lat="61.07481888" lon="14.29642993"><ele>248.0</ele></trkpt><trkpt lat="61.07477978" lon="14.29661588"><ele>249.0</ele></trkpt><trkpt lat="61.07476675" lon="14.29680992"><ele>250.0</ele></trkpt><trkpt lat="61.07480585" lon="14.29705965"><ele>251.0</ele></trkpt><trkpt lat="61.07487363" lon="14.29728243"><ele>252.0</ele></trkpt><trkpt lat="61.07492099" lon="14.29745042"><ele>252.0</ele></trkpt><trkpt lat="61.07497964" lon="14.29768937"><ele>252.0</ele></trkpt><trkpt lat="61.07504786" lon="14.29791664"><ele>252.0</ele></trkpt><trkpt lat="61.07510086" lon="14.29809092"><ele>252.0</ele></trkpt><trkpt lat="61.07515474" lon="14.29829124"><ele>254.0</ele></trkpt><trkpt lat="61.07520471" lon="14.29849695"><ele>254.0</ele></trkpt><trkpt lat="61.07524598" lon="14.29870357"><ele>254.0</ele></trkpt><trkpt lat="61.07527770" lon="14.29891647"><ele>254.0</ele></trkpt><trkpt lat="61.07530898" lon="14.29913925"><ele>255.0</ele></trkpt><trkpt lat="61.07532897" lon="14.29939796"><ele>255.0</ele></trkpt><trkpt lat="61.07534070" lon="14.29963961"><ele>255.0</ele></trkpt><trkpt lat="61.07533070" lon="14.29987227"><ele>255.0</ele></trkpt><trkpt lat="61.07531376" lon="14.30009685"><ele>255.0</ele></trkpt><trkpt lat="61.07528899" lon="14.30030975"><ele>255.0</ele></trkpt><trkpt lat="61.07527379" lon="14.30051277"><ele>257.0</ele></trkpt><trkpt lat="61.07525163" lon="14.30073017"><ele>257.0</ele></trkpt><trkpt lat="61.07522991" lon="14.30096193"><ele>257.0</ele></trkpt><trkpt lat="61.07523382" lon="14.30117932"><ele>257.0</ele></trkpt><trkpt lat="61.07524381" lon="14.30137516"><ele>258.0</ele></trkpt><trkpt lat="61.07527770" lon="14.30159973"><ele>258.0</ele></trkpt><trkpt lat="61.07531159" lon="14.30177311"><ele>258.0</ele></trkpt><trkpt lat="61.07535677" lon="14.30195547"><ele>259.0</ele></trkpt><trkpt lat="61.07540674" lon="14.30215130"><ele>259.0</ele></trkpt><trkpt lat="61.07546365" lon="14.30232917"><ele>259.0</ele></trkpt><trkpt lat="61.07552578" lon="14.30251242"><ele>260.0</ele></trkpt><trkpt lat="61.07559183" lon="14.30270736"><ele>260.0</ele></trkpt><trkpt lat="61.07564787" lon="14.30288253"><ele>260.0</ele></trkpt><trkpt lat="61.07570783" lon="14.30305860"><ele>262.0</ele></trkpt><trkpt lat="61.07575997" lon="14.30324455"><ele>262.0</ele></trkpt><trkpt lat="61.07580298" lon="14.30343859"><ele>262.0</ele></trkpt><trkpt lat="61.07582992" lon="14.30366137"><ele>262.0</ele></trkpt><trkpt lat="61.07583600" lon="14.30391918"><ele>262.0</ele></trkpt><trkpt lat="61.07582079" lon="14.30410334"><ele>262.0</ele></trkpt><trkpt lat="61.07579994" lon="14.30429378"><ele>262.0</ele></trkpt><trkpt lat="61.07577387" lon="14.30446716"><ele>262.0</ele></trkpt><trkpt lat="61.07574693" lon="14.30463963"><ele>258.0</ele></trkpt><trkpt lat="61.07571478" lon="14.30480942"><ele>258.0</ele></trkpt><trkpt lat="61.07568567" lon="14.30497291"><ele>258.0</ele></trkpt><trkpt lat="61.07565569" lon="14.30512922"><ele>258.0</ele></trkpt><trkpt lat="61.07559791" lon="14.30540949"><ele>259.0</ele></trkpt><trkpt lat="61.07553491" lon="14.30552358"><ele>259.0</ele></trkpt><trkpt lat="61.07546279" lon="14.30561341"><ele>259.0</ele></trkpt><trkpt lat="61.07539457" lon="14.30569515"><ele>259.0</ele></trkpt><trkpt lat="61.07532897" lon="14.30578768"><ele>259.0</ele></trkpt><trkpt lat="61.07526857" lon="14.30588380"><ele>260.0</ele></trkpt><trkpt lat="61.07515995" lon="14.30607065"><ele>260.0</ele></trkpt><trkpt lat="61.07510782" lon="14.30617216"><ele>260.0</ele></trkpt><trkpt lat="61.07499398" lon="14.30636889"><ele>260.0</ele></trkpt><trkpt lat="61.07488493" lon="14.30655664"><ele>260.0</ele></trkpt><trkpt lat="61.07478282" lon="14.30672732"><ele>260.0</ele></trkpt><trkpt lat="61.07466290" lon="14.30690788"><ele>261.0</ele></trkpt><trkpt lat="61.07456471" lon="14.30706419"><ele>261.0</ele></trkpt><trkpt lat="61.07447868" lon="14.30723576"><ele>263.0</ele></trkpt><trkpt lat="61.07442567" lon="14.30737051"><ele>263.0</ele></trkpt><trkpt lat="61.07440178" lon="14.30764540"><ele>264.0</ele></trkpt><trkpt lat="61.07444783" lon="14.30780350"><ele>266.0</ele></trkpt><trkpt lat="61.07452083" lon="14.30794094"><ele>267.0</ele></trkpt><trkpt lat="61.07465161" lon="14.30818349"><ele>268.0</ele></trkpt><trkpt lat="61.07469897" lon="14.30830296"><ele>268.0</ele></trkpt><trkpt lat="61.07475197" lon="14.30842424"><ele>268.0</ele></trkpt><trkpt lat="61.07479673" lon="14.30854192"><ele>268.0</ele></trkpt><trkpt lat="61.07484061" lon="14.30872158"><ele>267.0</ele></trkpt><trkpt lat="61.07486972" lon="14.30891382"><ele>267.0</ele></trkpt><trkpt lat="61.07482975" lon="14.30908899"><ele>267.0</ele></trkpt><trkpt lat="61.07470766" lon="14.30924350"><ele>268.0</ele></trkpt><trkpt lat="61.07463075" lon="14.30933962"><ele>269.0</ele></trkpt><trkpt lat="61.07459078" lon="14.30949054"><ele>269.0</ele></trkpt><trkpt lat="61.07461468" lon="14.30968727"><ele>269.0</ele></trkpt><trkpt lat="61.07465986" lon="14.30983100"><ele>271.0</ele></trkpt><trkpt lat="61.07470375" lon="14.30996036"><ele>271.0</ele></trkpt><trkpt lat="61.07474372" lon="14.31009061"><ele>271.0</ele></trkpt><trkpt lat="61.07473286" lon="14.31028285"><ele>271.0</ele></trkpt><trkpt lat="61.07466160" lon="14.31037268"><ele>271.0</ele></trkpt><trkpt lat="61.07453864" lon="14.31051821"><ele>271.0</ele></trkpt><trkpt lat="61.07445696" lon="14.31062511"><ele>271.0</ele></trkpt><trkpt lat="61.07440960" lon="14.31076794"><ele>272.0</ele></trkpt><trkpt lat="61.07445478" lon="14.31096826"><ele>274.0</ele></trkpt><trkpt lat="61.07450258" lon="14.31115062"><ele>274.0</ele></trkpt><trkpt lat="61.07456471" lon="14.31134376"><ele>274.0</ele></trkpt><trkpt lat="61.07460468" lon="14.31149019"><ele>274.0</ele></trkpt><trkpt lat="61.07464857" lon="14.31163212"><ele>274.0</ele></trkpt><trkpt lat="61.07469071" lon="14.31178663"><ele>274.0</ele></trkpt><trkpt lat="61.07473199" lon="14.31194384"><ele>274.0</ele></trkpt><trkpt lat="61.07476284" lon="14.31211182"><ele>274.0</ele></trkpt><trkpt lat="61.07479282" lon="14.31227621"><ele>272.0</ele></trkpt><trkpt lat="61.07481584" lon="14.31244420"><ele>272.0</ele></trkpt><trkpt lat="61.07483974" lon="14.31261757"><ele>272.0</ele></trkpt><trkpt lat="61.07486972" lon="14.31277478"><ele>272.0</ele></trkpt><trkpt lat="61.07489796" lon="14.31292300"><ele>272.0</ele></trkpt><trkpt lat="61.07492577" lon="14.31306853"><ele>272.0</ele></trkpt><trkpt lat="61.07497486" lon="14.31327424"><ele>272.0</ele></trkpt><trkpt lat="61.07500962" lon="14.31350331"><ele>272.0</ele></trkpt><trkpt lat="61.07504960" lon="14.31374855"><ele>270.0</ele></trkpt><trkpt lat="61.07507697" lon="14.31393450"><ele>269.0</ele></trkpt><trkpt lat="61.07509782" lon="14.31412225"><ele>269.0</ele></trkpt><trkpt lat="61.07510782" lon="14.31429832"><ele>266.0</ele></trkpt><trkpt lat="61.07510173" lon="14.31447798"><ele>266.0</ele></trkpt><trkpt lat="61.07508175" lon="14.31465765"><ele>265.0</ele></trkpt><trkpt lat="61.07505872" lon="14.31482922"><ele>265.0</ele></trkpt><trkpt lat="61.07504091" lon="14.31501248"><ele>265.0</ele></trkpt><trkpt lat="61.07503091" lon="14.31519394"><ele>265.0</ele></trkpt><trkpt lat="61.07502396" lon="14.31535743"><ele>265.0</ele></trkpt><trkpt lat="61.07502266" lon="14.31551464"><ele>265.0</ele></trkpt><trkpt lat="61.07502874" lon="14.31567364"><ele>265.0</ele></trkpt><trkpt lat="61.07502961" lon="14.31583893"><ele>265.0</ele></trkpt><trkpt lat="61.07503178" lon="14.31600153"><ele>265.0</ele></trkpt><trkpt lat="61.07503395" lon="14.31616682"><ele>265.0</ele></trkpt><trkpt lat="61.07503873" lon="14.31634019"><ele>264.0</ele></trkpt><trkpt lat="61.07504960" lon="14.31650997"><ele>264.0</ele></trkpt><trkpt lat="61.07505785" lon="14.31667616"><ele>264.0</ele></trkpt><trkpt lat="61.07505959" lon="14.31683067"><ele>264.0</ele></trkpt><trkpt lat="61.07504960" lon="14.31698249"><ele>264.0</ele></trkpt><trkpt lat="61.07500962" lon="14.31721874"><ele>263.0</ele></trkpt><trkpt lat="61.07497269" lon="14.31742446"><ele>263.0</ele></trkpt><trkpt lat="61.07494662" lon="14.31765263"><ele>263.0</ele></trkpt><trkpt lat="61.07492968" lon="14.31781522"><ele>263.0</ele></trkpt><trkpt lat="61.07491795" lon="14.31798411"><ele>262.0</ele></trkpt><trkpt lat="61.07491577" lon="14.31816647"><ele>262.0</ele></trkpt><trkpt lat="61.07491577" lon="14.31835242"><ele>262.0</ele></trkpt><trkpt lat="61.07491273" lon="14.31853657"><ele>262.0</ele></trkpt><trkpt lat="61.07490665" lon="14.31872881"><ele>262.0</ele></trkpt><trkpt lat="61.07490361" lon="14.31892554"><ele>258.0</ele></trkpt><trkpt lat="61.07489796" lon="14.31910880"><ele>258.0</ele></trkpt><trkpt lat="61.07488884" lon="14.31930194"><ele>256.0</ele></trkpt><trkpt lat="61.07487580" lon="14.31949597"><ele>255.0</ele></trkpt><trkpt lat="61.07487667" lon="14.31967114"><ele>255.0</ele></trkpt><trkpt lat="61.07488884" lon="14.31992447"><ele>252.0</ele></trkpt><trkpt lat="61.07490361" lon="14.32016342"><ele>252.0</ele></trkpt><trkpt lat="61.07491795" lon="14.32039519"><ele>250.0</ele></trkpt><trkpt lat="61.07491795" lon="14.32058922"><ele>247.0</ele></trkpt><trkpt lat="61.07492490" lon="14.32080212"><ele>247.0</ele></trkpt><trkpt lat="61.07492577" lon="14.32100873"><ele>247.0</ele></trkpt><trkpt lat="61.07492577" lon="14.32120277"><ele>247.0</ele></trkpt><trkpt lat="61.07491795" lon="14.32139232"><ele>246.0</ele></trkpt><trkpt lat="61.07490361" lon="14.32166630"><ele>246.0</ele></trkpt><trkpt lat="61.07488666" lon="14.32184327"><ele>246.0</ele></trkpt><trkpt lat="61.07486494" lon="14.32200676"><ele>246.0</ele></trkpt><trkpt lat="61.07485191" lon="14.32217295"><ele>246.0</ele></trkpt><trkpt lat="61.07483279" lon="14.32234273"><ele>246.0</ele></trkpt><trkpt lat="61.07481280" lon="14.32251970"><ele>242.0</ele></trkpt><trkpt lat="61.07477891" lon="14.32272272"><ele>242.0</ele></trkpt><trkpt lat="61.07474198" lon="14.32290238"><ele>240.0</ele></trkpt><trkpt lat="61.07470157" lon="14.32307845"><ele>239.0</ele></trkpt><trkpt lat="61.07466073" lon="14.32325722"><ele>239.0</ele></trkpt><trkpt lat="61.07459860" lon="14.32350246"><ele>238.0</ele></trkpt><trkpt lat="61.07453560" lon="14.32372344"><ele>238.0</ele></trkpt><trkpt lat="61.07449172" lon="14.32393365"><ele>239.0</ele></trkpt><trkpt lat="61.07445696" lon="14.32413936"><ele>239.0</ele></trkpt><trkpt lat="61.07441698" lon="14.32434867"><ele>239.0</ele></trkpt><trkpt lat="61.07439482" lon="14.32450947"><ele>239.0</ele></trkpt><trkpt lat="61.07436180" lon="14.32473674"><ele>239.0</ele></trkpt><trkpt lat="61.07432487" lon="14.32491730"><ele>237.0</ele></trkpt><trkpt lat="61.07429098" lon="14.32510146"><ele>237.0</ele></trkpt><trkpt lat="61.07425883" lon="14.32536556"><ele>233.0</ele></trkpt><trkpt lat="61.07420799" lon="14.32561979"><ele>233.0</ele></trkpt><trkpt lat="61.07415585" lon="14.32583898"><ele>232.0</ele></trkpt><trkpt lat="61.07409068" lon="14.32605996"><ele>231.0</ele></trkpt><trkpt lat="61.07403159" lon="14.32624681"><ele>231.0</ele></trkpt><trkpt lat="61.07397163" lon="14.32648217"><ele>230.0</ele></trkpt><trkpt lat="61.07391992" lon="14.32664566"><ele>230.0</ele></trkpt><trkpt lat="61.07382998" lon="14.32678939"><ele>230.0</ele></trkpt><trkpt lat="61.07375394" lon="14.32693492"><ele>230.0</ele></trkpt><trkpt lat="61.07369572" lon="14.32712177"><ele>232.0</ele></trkpt><trkpt lat="61.07364966" lon="14.32733287"><ele>232.0</ele></trkpt><trkpt lat="61.07360969" lon="14.32755386"><ele>232.0</ele></trkpt><trkpt lat="61.07357884" lon="14.32774430"><ele>232.0</ele></trkpt><trkpt lat="61.07355364" lon="14.32792846"><ele>229.0</ele></trkpt><trkpt lat="61.07353061" lon="14.32810273"><ele>229.0</ele></trkpt><trkpt lat="61.07348890" lon="14.32826443"><ele>227.0</ele></trkpt><trkpt lat="61.07344284" lon="14.32844140"><ele>227.0</ele></trkpt><trkpt lat="61.07339461" lon="14.32861118"><ele>227.0</ele></trkpt><trkpt lat="61.07334464" lon="14.32878455"><ele>226.0</ele></trkpt><trkpt lat="61.07328989" lon="14.32896871"><ele>226.0</ele></trkpt><trkpt lat="61.07324297" lon="14.32916634"><ele>224.0</ele></trkpt><trkpt lat="61.07320560" lon="14.32934420"><ele>224.0</ele></trkpt><trkpt lat="61.07316171" lon="14.32952476"><ele>224.0</ele></trkpt><trkpt lat="61.07311392" lon="14.32970712"><ele>222.0</ele></trkpt><trkpt lat="61.07306786" lon="14.32986073"><ele>222.0</ele></trkpt><trkpt lat="61.07302658" lon="14.33000896"><ele>221.0</ele></trkpt><trkpt lat="61.07298487" lon="14.33016526"><ele>221.0</ele></trkpt><trkpt lat="61.07295489" lon="14.33032516"><ele>221.0</ele></trkpt><trkpt lat="61.07292360" lon="14.33048866"><ele>221.0</ele></trkpt><trkpt lat="61.07289579" lon="14.33065574"><ele>221.0</ele></trkpt><trkpt lat="61.07286277" lon="14.33081474"><ele>221.0</ele></trkpt><trkpt lat="61.07282975" lon="14.33097464"><ele>221.0</ele></trkpt><trkpt lat="61.07278586" lon="14.33117317"><ele>221.0</ele></trkpt><trkpt lat="61.07274067" lon="14.33130612"><ele>222.0</ele></trkpt><trkpt lat="61.07267984" lon="14.33150285"><ele>222.0</ele></trkpt><trkpt lat="61.07263465" lon="14.33164119"><ele>222.0</ele></trkpt><trkpt lat="61.07259685" lon="14.33181457"><ele>222.0</ele></trkpt><trkpt lat="61.07255557" lon="14.33199962"><ele>218.0</ele></trkpt><trkpt lat="61.07251168" lon="14.33216940"><ele>218.0</ele></trkpt><trkpt lat="61.07246693" lon="14.33234278"><ele>216.0</ele></trkpt><trkpt lat="61.07242261" lon="14.33250268"><ele>216.0</ele></trkpt><trkpt lat="61.07236873" lon="14.33266977"><ele>216.0</ele></trkpt><trkpt lat="61.07231571" lon="14.33281350"><ele>215.0</ele></trkpt><trkpt lat="61.07226357" lon="14.33295184"><ele>215.0</ele></trkpt><trkpt lat="61.07221360" lon="14.33309287"><ele>215.0</ele></trkpt><trkpt lat="61.07216885" lon="14.33321864"><ele>215.0</ele></trkpt><trkpt lat="61.07209194" lon="14.33338482"><ele>215.0</ele></trkpt><trkpt lat="61.07202372" lon="14.33353844"><ele>215.0</ele></trkpt><trkpt lat="61.07195289" lon="14.33367139"><ele>215.0</ele></trkpt><trkpt lat="61.07187294" lon="14.33380613"><ele>215.0</ele></trkpt><trkpt lat="61.07177864" lon="14.33398041"><ele>215.0</ele></trkpt><trkpt lat="61.07169695" lon="14.33415378"><ele>215.0</ele></trkpt><trkpt lat="61.07161700" lon="14.33433884"><ele>215.0</ele></trkpt><trkpt lat="61.07155877" lon="14.33453287"><ele>216.0</ele></trkpt><trkpt lat="61.07151097" lon="14.33474487"><ele>216.0</ele></trkpt><trkpt lat="61.07145796" lon="14.33494250"><ele>216.0</ele></trkpt><trkpt lat="61.07140495" lon="14.33511498"><ele>215.0</ele></trkpt><trkpt lat="61.07133890" lon="14.33531171"><ele>215.0</ele></trkpt><trkpt lat="61.07127893" lon="14.33550754"><ele>215.0</ele></trkpt><trkpt lat="61.07123982" lon="14.33569799"><ele>215.0</ele></trkpt><trkpt lat="61.07119594" lon="14.33587765"><ele>214.0</ele></trkpt><trkpt lat="61.07115770" lon="14.33606091"><ele>214.0</ele></trkpt><trkpt lat="61.07112076" lon="14.33627650"><ele>214.0</ele></trkpt><trkpt lat="61.07107296" lon="14.33647413"><ele>214.0</ele></trkpt><trkpt lat="61.07101691" lon="14.33665918"><ele>214.0</ele></trkpt><trkpt lat="61.07096781" lon="14.33685052"><ele>214.0</ele></trkpt><trkpt lat="61.07090958" lon="14.33705444"><ele>214.0</ele></trkpt><trkpt lat="61.07085396" lon="14.33728441"><ele>214.0</ele></trkpt><trkpt lat="61.07080485" lon="14.33750899"><ele>214.0</ele></trkpt><trkpt lat="61.07075662" lon="14.33775154"><ele>214.0</ele></trkpt><trkpt lat="61.07070360" lon="14.33798150"><ele>214.0</ele></trkpt><trkpt lat="61.07064798" lon="14.33817554"><ele>214.0</ele></trkpt><trkpt lat="61.07060496" lon="14.33837047"><ele>214.0</ele></trkpt><trkpt lat="61.07056194" lon="14.33861482"><ele>214.0</ele></trkpt><trkpt lat="61.07051675" lon="14.33887353"><ele>214.0</ele></trkpt><trkpt lat="61.07046895" lon="14.33908194"><ele>214.0</ele></trkpt><trkpt lat="61.07042463" lon="14.33928316"><ele>214.0</ele></trkpt><trkpt lat="61.07035075" lon="14.33947720"><ele>215.0</ele></trkpt><trkpt lat="61.07026776" lon="14.33968291"><ele>215.0</ele></trkpt><trkpt lat="61.07015260" lon="14.33987246"><ele>215.0</ele></trkpt><trkpt lat="61.07007264" lon="14.33997936"><ele>216.0</ele></trkpt><trkpt lat="61.06997661" lon="14.34013836"><ele>216.0</ele></trkpt><trkpt lat="61.06989969" lon="14.34031084"><ele>216.0</ele></trkpt><trkpt lat="61.06981191" lon="14.34047613"><ele>216.0</ele></trkpt><trkpt lat="61.06974673" lon="14.34060369"><ele>216.0</ele></trkpt><trkpt lat="61.06969284" lon="14.34072765"><ele>216.0</ele></trkpt><trkpt lat="61.06961071" lon="14.34088935"><ele>216.0</ele></trkpt><trkpt lat="61.06955683" lon="14.34100883"><ele>216.0</ele></trkpt><trkpt lat="61.06948991" lon="14.34116962"><ele>216.0</ele></trkpt><trkpt lat="61.06943776" lon="14.34128191"><ele>216.0</ele></trkpt><trkpt lat="61.06936171" lon="14.34144451"><ele>216.0</ele></trkpt><trkpt lat="61.06930391" lon="14.34161339"><ele>216.0</ele></trkpt><trkpt lat="61.06925481" lon="14.34177778"><ele>216.0</ele></trkpt><trkpt lat="61.06919571" lon="14.34197272"><ele>216.0</ele></trkpt><trkpt lat="61.06913878" lon="14.34211016"><ele>216.0</ele></trkpt><trkpt lat="61.06907360" lon="14.34225659"><ele>216.0</ele></trkpt><trkpt lat="61.06901363" lon="14.34238864"><ele>216.0</ele></trkpt><trkpt lat="61.06895887" lon="14.34251350"><ele>216.0</ele></trkpt><trkpt lat="61.06890759" lon="14.34265184"><ele>216.0</ele></trkpt><trkpt lat="61.06886066" lon="14.34279468"><ele>216.0</ele></trkpt><trkpt lat="61.06881981" lon="14.34294290"><ele>216.0</ele></trkpt><trkpt lat="61.06875375" lon="14.34315131"><ele>216.0</ele></trkpt><trkpt lat="61.06867379" lon="14.34335433"><ele>216.0</ele></trkpt><trkpt lat="61.06858384" lon="14.34351872"><ele>216.0</ele></trkpt><trkpt lat="61.06851083" lon="14.34362652"><ele>216.0</ele></trkpt><trkpt lat="61.06844260" lon="14.34372623"><ele>216.0</ele></trkpt><trkpt lat="61.06835873" lon="14.34385020"><ele>215.0</ele></trkpt><trkpt lat="61.06828485" lon="14.34400740"><ele>215.0</ele></trkpt><trkpt lat="61.06821880" lon="14.34417000"><ele>215.0</ele></trkpt><trkpt lat="61.06815796" lon="14.34432990"><ele>215.0</ele></trkpt><trkpt lat="61.06808060" lon="14.34448531"><ele>215.0</ele></trkpt><trkpt lat="61.06800194" lon="14.34465149"><ele>215.0</ele></trkpt><trkpt lat="61.06794458" lon="14.34479612"><ele>215.0</ele></trkpt><trkpt lat="61.06788895" lon="14.34492728"><ele>215.0</ele></trkpt><trkpt lat="61.06782289" lon="14.34510874"><ele>215.0</ele></trkpt><trkpt lat="61.06777074" lon="14.34525965"><ele>215.0</ele></trkpt><trkpt lat="61.06771295" lon="14.34539260"><ele>215.0</ele></trkpt><trkpt lat="61.06763298" lon="14.34555700"><ele>215.0</ele></trkpt><trkpt lat="61.06756475" lon="14.34573756"><ele>215.0</ele></trkpt><trkpt lat="61.06751086" lon="14.34590285"><ele>215.0</ele></trkpt><trkpt lat="61.06745697" lon="14.34605915"><ele>215.0</ele></trkpt><trkpt lat="61.06739179" lon="14.34625229"><ele>215.0</ele></trkpt><trkpt lat="61.06732964" lon="14.34645441"><ele>215.0</ele></trkpt><trkpt lat="61.06727184" lon="14.34663857"><ele>215.0</ele></trkpt><trkpt lat="61.06720578" lon="14.34682721"><ele>215.0</ele></trkpt><trkpt lat="61.06713668" lon="14.34703383"><ele>215.0</ele></trkpt><trkpt lat="61.06706367" lon="14.34721169"><ele>216.0</ele></trkpt><trkpt lat="61.06700196" lon="14.34737339"><ele>216.0</ele></trkpt><trkpt lat="61.06692677" lon="14.34753239"><ele>216.0</ele></trkpt><trkpt lat="61.06686680" lon="14.34769948"><ele>216.0</ele></trkpt><trkpt lat="61.06679292" lon="14.34787465"><ele>216.0</ele></trkpt><trkpt lat="61.06671165" lon="14.34805162"><ele>216.0</ele></trkpt><trkpt lat="61.06663081" lon="14.34825643"><ele>216.0</ele></trkpt><trkpt lat="61.06655085" lon="14.34842891"><ele>216.0</ele></trkpt><trkpt lat="61.06646958" lon="14.34858612"><ele>216.0</ele></trkpt><trkpt lat="61.06638396" lon="14.34873793"><ele>216.0</ele></trkpt><trkpt lat="61.06628487" lon="14.34891490"><ele>216.0</ele></trkpt><trkpt lat="61.06617883" lon="14.34907210"><ele>216.0</ele></trkpt><trkpt lat="61.06606887" lon="14.34922212"><ele>216.0</ele></trkpt><trkpt lat="61.06598673" lon="14.34931914"><ele>214.0</ele></trkpt><trkpt lat="61.06590981" lon="14.34942874"><ele>213.0</ele></trkpt><trkpt lat="61.06579681" lon="14.34960121"><ele>213.0</ele></trkpt><trkpt lat="61.06569164" lon="14.34978087"><ele>213.0</ele></trkpt><trkpt lat="61.06559689" lon="14.34996683"><ele>213.0</ele></trkpt><trkpt lat="61.06554300" lon="14.35010427"><ele>213.0</ele></trkpt><trkpt lat="61.06549171" lon="14.35022644"><ele>213.0</ele></trkpt><trkpt lat="61.06541261" lon="14.35039173"><ele>213.0</ele></trkpt><trkpt lat="61.06533091" lon="14.35055073"><ele>214.0</ele></trkpt><trkpt lat="61.06527180" lon="14.35065763"><ele>214.0</ele></trkpt><trkpt lat="61.06520574" lon="14.35075555"><ele>214.0</ele></trkpt><trkpt lat="61.06511490" lon="14.35090736"><ele>214.0</ele></trkpt><trkpt lat="61.06505362" lon="14.35101067"><ele>214.0</ele></trkpt><trkpt lat="61.06499364" lon="14.35110858"><ele>214.0</ele></trkpt><trkpt lat="61.06490976" lon="14.35126040"><ele>214.0</ele></trkpt><trkpt lat="61.06481979" lon="14.35139515"><ele>214.0</ele></trkpt><trkpt lat="61.06473287" lon="14.35153169"><ele>213.0</ele></trkpt><trkpt lat="61.06464377" lon="14.35167812"><ele>213.0</ele></trkpt><trkpt lat="61.06458684" lon="14.35179130"><ele>213.0</ele></trkpt><trkpt lat="61.06450165" lon="14.35191527"><ele>213.0</ele></trkpt><trkpt lat="61.06444297" lon="14.35201588"><ele>213.0</ele></trkpt><trkpt lat="61.06437995" lon="14.35210122"><ele>213.0</ele></trkpt><trkpt lat="61.06429085" lon="14.35222699"><ele>213.0</ele></trkpt><trkpt lat="61.06421088" lon="14.35239587"><ele>213.0</ele></trkpt><trkpt lat="61.06415177" lon="14.35249379"><ele>212.0</ele></trkpt><trkpt lat="61.06409483" lon="14.35259799"><ele>212.0</ele></trkpt><trkpt lat="61.06402095" lon="14.35274711"><ele>212.0</ele></trkpt><trkpt lat="61.06395358" lon="14.35290791"><ele>212.0</ele></trkpt><trkpt lat="61.06385796" lon="14.35306242"><ele>213.0</ele></trkpt><trkpt lat="61.06378190" lon="14.35316213"><ele>213.0</ele></trkpt><trkpt lat="61.06370757" lon="14.35326544"><ele>213.0</ele></trkpt><trkpt lat="61.06362977" lon="14.35336515"><ele>213.0</ele></trkpt><trkpt lat="61.06354763" lon="14.35342354"><ele>213.0</ele></trkpt><trkpt lat="61.06346287" lon="14.35347026"><ele>213.0</ele></trkpt><trkpt lat="61.06338159" lon="14.35351338"><ele>213.0</ele></trkpt><trkpt lat="61.06329684" lon="14.35351517"><ele>213.0</ele></trkpt><trkpt lat="61.06320991" lon="14.35348822"><ele>213.0</ele></trkpt><trkpt lat="61.06309169" lon="14.35339749"><ele>213.0</ele></trkpt><trkpt lat="61.06301171" lon="14.35330497"><ele>213.0</ele></trkpt><trkpt lat="61.06292565" lon="14.35316752"><ele>213.0</ele></trkpt><trkpt lat="61.06285089" lon="14.35302200"><ele>213.0</ele></trkpt><trkpt lat="61.06278482" lon="14.35286030"><ele>213.0</ele></trkpt><trkpt lat="61.06271180" lon="14.35272286"><ele>213.0</ele></trkpt><trkpt lat="61.06262487" lon="14.35258991"><ele>213.0</ele></trkpt><trkpt lat="61.06255794" lon="14.35248391"><ele>213.0</ele></trkpt><trkpt lat="61.06249969" lon="14.35238868"><ele>214.0</ele></trkpt><trkpt lat="61.06244188" lon="14.35226921"><ele>214.0</ele></trkpt><trkpt lat="61.06235191" lon="14.35203834"><ele>214.0</ele></trkpt><trkpt lat="61.06227671" lon="14.35182275"><ele>216.0</ele></trkpt><trkpt lat="61.06221195" lon="14.35152630"><ele>216.0</ele></trkpt><trkpt lat="61.06218283" lon="14.35137718"><ele>216.0</ele></trkpt><trkpt lat="61.06215588" lon="14.35123435"><ele>218.0</ele></trkpt><trkpt lat="61.06211067" lon="14.35104391"><ele>218.0</ele></trkpt><trkpt lat="61.06204374" lon="14.35090018"><ele>218.0</ele></trkpt><trkpt lat="61.06195463" lon="14.35079687"><ele>218.0</ele></trkpt><trkpt lat="61.06185683" lon="14.35070344"><ele>218.0</ele></trkpt><trkpt lat="61.06174469" lon="14.35060912"><ele>218.0</ele></trkpt><trkpt lat="61.06166167" lon="14.35054085"><ele>218.0</ele></trkpt><trkpt lat="61.06156778" lon="14.35045371"><ele>217.0</ele></trkpt><trkpt lat="61.06148780" lon="14.35037197"><ele>217.0</ele></trkpt><trkpt lat="61.06142390" lon="14.35025968"><ele>217.0</ele></trkpt><trkpt lat="61.06136392" lon="14.35014379"><ele>217.0</ele></trkpt><trkpt lat="61.06130567" lon="14.35002971"><ele>217.0</ele></trkpt><trkpt lat="61.06125264" lon="14.34990933"><ele>217.0</ele></trkpt><trkpt lat="61.06116484" lon="14.34966499"><ele>217.0</ele></trkpt><trkpt lat="61.06107791" lon="14.34944670"><ele>217.0</ele></trkpt><trkpt lat="61.06095098" lon="14.34927063"><ele>219.0</ele></trkpt><trkpt lat="61.06090577" lon="14.34915655"><ele>219.0</ele></trkpt><trkpt lat="61.06080362" lon="14.34892568"><ele>219.0</ele></trkpt><trkpt lat="61.06068757" lon="14.34876578"><ele>222.0</ele></trkpt><trkpt lat="61.06057064" lon="14.34863552"><ele>222.0</ele></trkpt><trkpt lat="61.06051500" lon="14.34858342"><ele>222.0</ele></trkpt><trkpt lat="61.06037068" lon="14.34850527"><ele>223.0</ele></trkpt><trkpt lat="61.06031287" lon="14.34848371"><ele>223.0</ele></trkpt><trkpt lat="61.06022376" lon="14.34846394"><ele>224.0</ele></trkpt><trkpt lat="61.06013595" lon="14.34847113"><ele>226.0</ele></trkpt><trkpt lat="61.06001859" lon="14.34846125"><ele>228.0</ele></trkpt><trkpt lat="61.05990774" lon="14.34843969"><ele>228.0</ele></trkpt><trkpt lat="61.05978690" lon="14.34840735"><ele>228.0</ele></trkpt><trkpt lat="61.05968866" lon="14.34839388"><ele>228.0</ele></trkpt><trkpt lat="61.05958998" lon="14.34834986"><ele>228.0</ele></trkpt><trkpt lat="61.05949087" lon="14.34828787"><ele>228.0</ele></trkpt><trkpt lat="61.05938785" lon="14.34823128"><ele>228.0</ele></trkpt><trkpt lat="61.05925961" lon="14.34820523"><ele>228.0</ele></trkpt><trkpt lat="61.05915963" lon="14.34822140"><ele>229.0</ele></trkpt><trkpt lat="61.05911399" lon="14.34841723"><ele>229.0</ele></trkpt><trkpt lat="61.05910268" lon="14.34868583"><ele>231.0</ele></trkpt><trkpt lat="61.05909877" lon="14.34890322"><ele>231.0</ele></trkpt><trkpt lat="61.05908182" lon="14.34910534"><ele>231.0</ele></trkpt><trkpt lat="61.05901879" lon="14.34930387"><ele>231.0</ele></trkpt><trkpt lat="61.05893793" lon="14.34951138"><ele>231.0</ele></trkpt><trkpt lat="61.05885795" lon="14.34970362"><ele>231.0</ele></trkpt><trkpt lat="61.05876579" lon="14.34986532"><ele>230.0</ele></trkpt><trkpt lat="61.05865364" lon="14.35001534"><ele>230.0</ele></trkpt><trkpt lat="61.05856278" lon="14.35009978"><ele>230.0</ele></trkpt><trkpt lat="61.05846584" lon="14.35016356"><ele>230.0</ele></trkpt><trkpt lat="61.05837281" lon="14.35021386"><ele>230.0</ele></trkpt><trkpt lat="61.05825283" lon="14.35025339"><ele>231.0</ele></trkpt><trkpt lat="61.05812590" lon="14.35025159"><ele>231.0</ele></trkpt><trkpt lat="61.05800678" lon="14.35024171"><ele>231.0</ele></trkpt><trkpt lat="61.05789463" lon="14.35022734"><ele>231.0</ele></trkpt><trkpt lat="61.05780290" lon="14.35022554"><ele>231.0</ele></trkpt><trkpt lat="61.05772074" lon="14.35024081"><ele>231.0</ele></trkpt><trkpt lat="61.05760597" lon="14.35027136"><ele>231.0</ele></trkpt><trkpt lat="61.05752598" lon="14.35031358"><ele>230.0</ele></trkpt><trkpt lat="61.05741470" lon="14.35036568"><ele>230.0</ele></trkpt><trkpt lat="61.05730297" lon="14.35042317"><ele>230.0</ele></trkpt><trkpt lat="61.05720081" lon="14.35052019"><ele>228.0</ele></trkpt><trkpt lat="61.05709561" lon="14.35060643"><ele>228.0</ele></trkpt><trkpt lat="61.05702561" lon="14.35067560"><ele>228.0</ele></trkpt><trkpt lat="61.05695780" lon="14.35074567"><ele>228.0</ele></trkpt><trkpt lat="61.05688476" lon="14.35079687"><ele>228.0</ele></trkpt><trkpt lat="61.05680868" lon="14.35085167"><ele>229.0</ele></trkpt><trkpt lat="61.05673695" lon="14.35089389"><ele>229.0</ele></trkpt><trkpt lat="61.05666566" lon="14.35094329"><ele>229.0</ele></trkpt><trkpt lat="61.05658697" lon="14.35099091"><ele>229.0</ele></trkpt><trkpt lat="61.05648568" lon="14.35107086"><ele>229.0</ele></trkpt><trkpt lat="61.05638090" lon="14.35115620"><ele>229.0</ele></trkpt><trkpt lat="61.05627961" lon="14.35124693"><ele>229.0</ele></trkpt><trkpt lat="61.05620570" lon="14.35131969"><ele>229.0</ele></trkpt><trkpt lat="61.05613267" lon="14.35138976"><ele>229.0</ele></trkpt><trkpt lat="61.05606267" lon="14.35145623"><ele>229.0</ele></trkpt><trkpt lat="61.05599659" lon="14.35152720"><ele>229.0</ele></trkpt><trkpt lat="61.05593269" lon="14.35160984"><ele>229.0</ele></trkpt><trkpt lat="61.05586791" lon="14.35169878"><ele>229.0</ele></trkpt><trkpt lat="61.05580096" lon="14.35179759"><ele>228.0</ele></trkpt><trkpt lat="61.05573879" lon="14.35190180"><ele>228.0</ele></trkpt><trkpt lat="61.05567966" lon="14.35199343"><ele>228.0</ele></trkpt><trkpt lat="61.05560880" lon="14.35209314"><ele>228.0</ele></trkpt><trkpt lat="61.05553880" lon="14.35219465"><ele>228.0</ele></trkpt><trkpt lat="61.05546881" lon="14.35229167"><ele>226.0</ele></trkpt><trkpt lat="61.05539273" lon="14.35239048"><ele>226.0</ele></trkpt><trkpt lat="61.05532099" lon="14.35248031"><ele>226.0</ele></trkpt><trkpt lat="61.05525361" lon="14.35257733"><ele>226.0</ele></trkpt><trkpt lat="61.05519057" lon="14.35268782"><ele>226.0</ele></trkpt><trkpt lat="61.05512057" lon="14.35283964"><ele>226.0</ele></trkpt><trkpt lat="61.05505275" lon="14.35296271"><ele>226.0</ele></trkpt><trkpt lat="61.05497188" lon="14.35308668"><ele>226.0</ele></trkpt><trkpt lat="61.05487798" lon="14.35325017"><ele>228.0</ele></trkpt><trkpt lat="61.05480885" lon="14.35339120"><ele>228.0</ele></trkpt><trkpt lat="61.05473885" lon="14.35354212"><ele>228.0</ele></trkpt><trkpt lat="61.05464668" lon="14.35372448"><ele>228.0</ele></trkpt><trkpt lat="61.05457495" lon="14.35385923"><ele>228.0</ele></trkpt><trkpt lat="61.05450495" lon="14.35397691"><ele>228.0</ele></trkpt><trkpt lat="61.05443191" lon="14.35409189"><ele>228.0</ele></trkpt><trkpt lat="61.05434974" lon="14.35419340"><ele>228.0</ele></trkpt><trkpt lat="61.05427496" lon="14.35426796"><ele>228.0</ele></trkpt><trkpt lat="61.05419670" lon="14.35433623"><ele>228.0</ele></trkpt><trkpt lat="61.05412062" lon="14.35438564"><ele>228.0</ele></trkpt><trkpt lat="61.05397584" lon="14.35446200"><ele>228.0</ele></trkpt><trkpt lat="61.05389975" lon="14.35448984"><ele>228.0</ele></trkpt><trkpt lat="61.05382584" lon="14.35451140"><ele>228.0</ele></trkpt><trkpt lat="61.05375193" lon="14.35453386"><ele>228.0</ele></trkpt><trkpt lat="61.05367671" lon="14.35456979"><ele>228.0</ele></trkpt><trkpt lat="61.05357498" lon="14.35457339"><ele>228.0</ele></trkpt><trkpt lat="61.05346498" lon="14.35457878"><ele>227.0</ele></trkpt><trkpt lat="61.05335759" lon="14.35455812"><ele>227.0</ele></trkpt><trkpt lat="61.05322672" lon="14.35457788"><ele>227.0</ele></trkpt><trkpt lat="61.05310889" lon="14.35457968"><ele>228.0</ele></trkpt><trkpt lat="61.05298367" lon="14.35455273"><ele>228.0</ele></trkpt><trkpt lat="61.05286193" lon="14.35448445"><ele>228.0</ele></trkpt><trkpt lat="61.05274063" lon="14.35440450"><ele>228.0</ele></trkpt><trkpt lat="61.05266280" lon="14.35434881"><ele>228.0</ele></trkpt><trkpt lat="61.05256758" lon="14.35423113"><ele>228.0</ele></trkpt><trkpt lat="61.05246975" lon="14.35408560"><ele>228.0</ele></trkpt><trkpt lat="61.05235193" lon="14.35397062"><ele>228.0</ele></trkpt><trkpt lat="61.05223975" lon="14.35391043"><ele>228.0</ele></trkpt><trkpt lat="61.05214583" lon="14.35390953"><ele>228.0</ele></trkpt><trkpt lat="61.05204496" lon="14.35396613"><ele>225.0</ele></trkpt><trkpt lat="61.05195191" lon="14.35407392"><ele>225.0</ele></trkpt><trkpt lat="61.05188582" lon="14.35422035"><ele>223.0</ele></trkpt><trkpt lat="61.05181669" lon="14.35436498"><ele>223.0</ele></trkpt><trkpt lat="61.05173060" lon="14.35452488"><ele>222.0</ele></trkpt><trkpt lat="61.05164886" lon="14.35469286"><ele>222.0</ele></trkpt><trkpt lat="61.05156190" lon="14.35486354"><ele>222.0</ele></trkpt><trkpt lat="61.05146885" lon="14.35500278"><ele>221.0</ele></trkpt><trkpt lat="61.05138971" lon="14.35509351"><ele>221.0</ele></trkpt><trkpt lat="61.05130884" lon="14.35516358"><ele>221.0</ele></trkpt><trkpt lat="61.05122579" lon="14.35524892"><ele>221.0</ele></trkpt><trkpt lat="61.05113796" lon="14.35532797"><ele>221.0</ele></trkpt><trkpt lat="61.05104665" lon="14.35539175"><ele>221.0</ele></trkpt><trkpt lat="61.05096490" lon="14.35545553"><ele>221.0</ele></trkpt><trkpt lat="61.05085490" lon="14.35555345"><ele>221.0</ele></trkpt><trkpt lat="61.05074793" lon="14.35560196"><ele>221.0</ele></trkpt><trkpt lat="61.05063357" lon="14.35563340"><ele>221.0</ele></trkpt><trkpt lat="61.05052183" lon="14.35566754"><ele>221.0</ele></trkpt><trkpt lat="61.05040573" lon="14.35567562"><ele>221.0</ele></trkpt><trkpt lat="61.05032181" lon="14.35567742"><ele>220.0</ele></trkpt><trkpt lat="61.05023484" lon="14.35568191"><ele>220.0</ele></trkpt><trkpt lat="61.05014266" lon="14.35569538"><ele>220.0</ele></trkpt><trkpt lat="61.05005961" lon="14.35571784"><ele>220.0</ele></trkpt><trkpt lat="61.04997264" lon="14.35575916"><ele>220.0</ele></trkpt><trkpt lat="61.04985481" lon="14.35580947"><ele>220.0</ele></trkpt><trkpt lat="61.04977480" lon="14.35583732"><ele>220.0</ele></trkpt><trkpt lat="61.04966087" lon="14.35587954"><ele>220.0</ele></trkpt><trkpt lat="61.04956695" lon="14.35593344"><ele>220.0</ele></trkpt><trkpt lat="61.04946389" lon="14.35598644"><ele>221.0</ele></trkpt><trkpt lat="61.04935171" lon="14.35608525"><ele>221.0</ele></trkpt><trkpt lat="61.04927778" lon="14.35625593"><ele>219.0</ele></trkpt><trkpt lat="61.04920995" lon="14.35646793"><ele>219.0</ele></trkpt><trkpt lat="61.04915299" lon="14.35662514"><ele>219.0</ele></trkpt><trkpt lat="61.04906863" lon="14.35679133"><ele>219.0</ele></trkpt><trkpt lat="61.04900297" lon="14.35693236"><ele>218.0</ele></trkpt><trkpt lat="61.04894687" lon="14.35706262"><ele>218.0</ele></trkpt><trkpt lat="61.04888686" lon="14.35720096"><ele>218.0</ele></trkpt><trkpt lat="61.04881685" lon="14.35733571"><ele>218.0</ele></trkpt><trkpt lat="61.04875076" lon="14.35744440"><ele>218.0</ele></trkpt><trkpt lat="61.04868858" lon="14.35753873"><ele>218.0</ele></trkpt><trkpt lat="61.04860987" lon="14.35766988"><ele>218.0</ele></trkpt><trkpt lat="61.04853464" lon="14.35785044"><ele>218.0</ele></trkpt><trkpt lat="61.04850159" lon="14.35806334"><ele>218.0</ele></trkpt><trkpt lat="61.04848072" lon="14.35830140"><ele>218.0</ele></trkpt><trkpt lat="61.04846159" lon="14.35854214"><ele>218.0</ele></trkpt><trkpt lat="61.04845289" lon="14.35870474"><ele>218.0</ele></trkpt><trkpt lat="61.04843158" lon="14.35894189"><ele>218.0</ele></trkpt><trkpt lat="61.04840767" lon="14.35915390"><ele>218.0</ele></trkpt><trkpt lat="61.04838288" lon="14.35940453"><ele>218.0</ele></trkpt><trkpt lat="61.04836679" lon="14.35964797"><ele>218.0</ele></trkpt><trkpt lat="61.04833592" lon="14.35993274"><ele>218.0</ele></trkpt><trkpt lat="61.04829200" lon="14.36017079"><ele>218.0</ele></trkpt><trkpt lat="61.04824764" lon="14.36039088"><ele>220.0</ele></trkpt><trkpt lat="61.04821285" lon="14.36058851"><ele>220.0</ele></trkpt><trkpt lat="61.04818589" lon="14.36082746"><ele>220.0</ele></trkpt><trkpt lat="61.04815893" lon="14.36103856"><ele>220.0</ele></trkpt><trkpt lat="61.04812066" lon="14.36125865"><ele>220.0</ele></trkpt><trkpt lat="61.04805587" lon="14.36144819"><ele>220.0</ele></trkpt><trkpt lat="61.04794585" lon="14.36164223"><ele>220.0</ele></trkpt><trkpt lat="61.04784584" lon="14.36177518"><ele>220.0</ele></trkpt><trkpt lat="61.04777800" lon="14.36190184"><ele>220.0</ele></trkpt><trkpt lat="61.04770059" lon="14.36203569"><ele>220.0</ele></trkpt><trkpt lat="61.04763058" lon="14.36215337"><ele>220.0</ele></trkpt><trkpt lat="61.04756970" lon="14.36227914"><ele>220.0</ele></trkpt><trkpt lat="61.04751187" lon="14.36240759"><ele>220.0</ele></trkpt><trkpt lat="61.04745881" lon="14.36252258"><ele>220.0</ele></trkpt><trkpt lat="61.04740967" lon="14.36264924"><ele>220.0</ele></trkpt><trkpt lat="61.04731792" lon="14.36289089"><ele>220.0</ele></trkpt><trkpt lat="61.04727574" lon="14.36301935"><ele>221.0</ele></trkpt><trkpt lat="61.04723486" lon="14.36315320"><ele>221.0</ele></trkpt><trkpt lat="61.04719659" lon="14.36328615"><ele>221.0</ele></trkpt><trkpt lat="61.04715789" lon="14.36342000"><ele>221.0</ele></trkpt><trkpt lat="61.04711571" lon="14.36355744"><ele>221.0</ele></trkpt><trkpt lat="61.04707265" lon="14.36368949"><ele>222.0</ele></trkpt><trkpt lat="61.04702960" lon="14.36382783"><ele>222.0</ele></trkpt><trkpt lat="61.04698699" lon="14.36396976"><ele>222.0</ele></trkpt><trkpt lat="61.04694263" lon="14.36410451"><ele>222.0</ele></trkpt><trkpt lat="61.04689262" lon="14.36423477"><ele>222.0</ele></trkpt><trkpt lat="61.04684783" lon="14.36436592"><ele>221.0</ele></trkpt><trkpt lat="61.04680565" lon="14.36449258"><ele>221.0</ele></trkpt><trkpt lat="61.04676172" lon="14.36462015"><ele>221.0</ele></trkpt><trkpt lat="61.04668475" lon="14.36487796"><ele>221.0</ele></trkpt><trkpt lat="61.04664996" lon="14.36501900"><ele>221.0</ele></trkpt><trkpt lat="61.04658690" lon="14.36528670"><ele>221.0</ele></trkpt><trkpt lat="61.04654994" lon="14.36542324"><ele>221.0</ele></trkpt><trkpt lat="61.04651298" lon="14.36555619"><ele>221.0</ele></trkpt><trkpt lat="61.04647993" lon="14.36569812"><ele>221.0</ele></trkpt><trkpt lat="61.04643992" lon="14.36584096"><ele>221.0</ele></trkpt><trkpt lat="61.04636990" lon="14.36610326"><ele>221.0</ele></trkpt><trkpt lat="61.04630772" lon="14.36634581"><ele>220.0</ele></trkpt><trkpt lat="61.04626684" lon="14.36652457"><ele>220.0</ele></trkpt><trkpt lat="61.04623466" lon="14.36670693"><ele>220.0</ele></trkpt><trkpt lat="61.04620378" lon="14.36689827"><ele>219.0</ele></trkpt><trkpt lat="61.04613681" lon="14.36706087"><ele>219.0</ele></trkpt><trkpt lat="61.04605983" lon="14.36719472"><ele>219.0</ele></trkpt><trkpt lat="61.04596460" lon="14.36732587"><ele>219.0</ele></trkpt><trkpt lat="61.04590589" lon="14.36742379"><ele>220.0</ele></trkpt><trkpt lat="61.04584370" lon="14.36753428"><ele>220.0</ele></trkpt><trkpt lat="61.04577281" lon="14.36764028"><ele>220.0</ele></trkpt><trkpt lat="61.04570671" lon="14.36774179"><ele>220.0</ele></trkpt><trkpt lat="61.04563974" lon="14.36784869"><ele>219.0</ele></trkpt><trkpt lat="61.04557668" lon="14.36795379"><ele>219.0</ele></trkpt><trkpt lat="61.04551971" lon="14.36805890"><ele>219.0</ele></trkpt><trkpt lat="61.04545578" lon="14.36815861"><ele>219.0</ele></trkpt><trkpt lat="61.04536967" lon="14.36828797"><ele>219.0</ele></trkpt><trkpt lat="61.04529487" lon="14.36844338"><ele>217.0</ele></trkpt><trkpt lat="61.04520876" lon="14.36857992"><ele>217.0</ele></trkpt><trkpt lat="61.04512570" lon="14.36872455"><ele>217.0</ele></trkpt><trkpt lat="61.04505872" lon="14.36887636"><ele>218.0</ele></trkpt><trkpt lat="61.04500871" lon="14.36900033"><ele>218.0</ele></trkpt><trkpt lat="61.04496392" lon="14.36912340"><ele>218.0</ele></trkpt><trkpt lat="61.04490173" lon="14.36924198"><ele>218.0</ele></trkpt><trkpt lat="61.04482997" lon="14.36936594"><ele>218.0</ele></trkpt><trkpt lat="61.04476865" lon="14.36947195"><ele>220.0</ele></trkpt><trkpt lat="61.04471559" lon="14.36958693"><ele>220.0</ele></trkpt><trkpt lat="61.04466471" lon="14.36969922"><ele>220.0</ele></trkpt><trkpt lat="61.04456381" lon="14.36990583"><ele>220.0</ele></trkpt><trkpt lat="61.04450988" lon="14.37000914"><ele>220.0</ele></trkpt><trkpt lat="61.04445596" lon="14.37013131"><ele>220.0</ele></trkpt><trkpt lat="61.04439594" lon="14.37025977"><ele>220.0</ele></trkpt><trkpt lat="61.04433070" lon="14.37038913"><ele>220.0</ele></trkpt><trkpt lat="61.04427373" lon="14.37051938"><ele>220.0</ele></trkpt><trkpt lat="61.04421197" lon="14.37065233"><ele>216.0</ele></trkpt><trkpt lat="61.04415587" lon="14.37078349"><ele>216.0</ele></trkpt><trkpt lat="61.04410194" lon="14.37090925"><ele>214.0</ele></trkpt><trkpt lat="61.04405367" lon="14.37103771"><ele>214.0</ele></trkpt><trkpt lat="61.04400974" lon="14.37116617"><ele>214.0</ele></trkpt><trkpt lat="61.04396973" lon="14.37129373"><ele>214.0</ele></trkpt><trkpt lat="61.04392189" lon="14.37145183"><ele>214.0</ele></trkpt><trkpt lat="61.04387666" lon="14.37160095"><ele>214.0</ele></trkpt><trkpt lat="61.04383795" lon="14.37175546"><ele>214.0</ele></trkpt><trkpt lat="61.04380186" lon="14.37189560"><ele>214.0</ele></trkpt><trkpt lat="61.04375184" lon="14.37208694"><ele>214.0</ele></trkpt><trkpt lat="61.04371966" lon="14.37222528"><ele>214.0</ele></trkpt><trkpt lat="61.04368269" lon="14.37236722"><ele>214.0</ele></trkpt><trkpt lat="61.04364877" lon="14.37252622"><ele>214.0</ele></trkpt><trkpt lat="61.04360267" lon="14.37267624"><ele>214.0</ele></trkpt><trkpt lat="61.04355961" lon="14.37282985"><ele>215.0</ele></trkpt><trkpt lat="61.04352090" lon="14.37297538"><ele>215.0</ele></trkpt><trkpt lat="61.04344479" lon="14.37322241"><ele>215.0</ele></trkpt><trkpt lat="61.04335694" lon="14.37344160"><ele>215.0</ele></trkpt><trkpt lat="61.04329170" lon="14.37354042"><ele>215.0</ele></trkpt><trkpt lat="61.04315383" lon="14.37371649"><ele>215.0</ele></trkpt><trkpt lat="61.04306467" lon="14.37385662"><ele>214.0</ele></trkpt><trkpt lat="61.04299291" lon="14.37397969"><ele>214.0</ele></trkpt><trkpt lat="61.04292680" lon="14.37407851"><ele>214.0</ele></trkpt><trkpt lat="61.04283286" lon="14.37416654"><ele>214.0</ele></trkpt><trkpt lat="61.04277197" lon="14.37425458"><ele>214.0</ele></trkpt><trkpt lat="61.04270891" lon="14.37432824"><ele>215.0</ele></trkpt><trkpt lat="61.04261670" lon="14.37442975"><ele>215.0</ele></trkpt><trkpt lat="61.04255059" lon="14.37450431"><ele>215.0</ele></trkpt><trkpt lat="61.04248666" lon="14.37458426"><ele>215.0</ele></trkpt><trkpt lat="61.04242185" lon="14.37465792"><ele>217.0</ele></trkpt><trkpt lat="61.04235487" lon="14.37474865"><ele>217.0</ele></trkpt><trkpt lat="61.04228572" lon="14.37484118"><ele>217.0</ele></trkpt><trkpt lat="61.04221483" lon="14.37495616"><ele>217.0</ele></trkpt><trkpt lat="61.04214698" lon="14.37506216"><ele>217.0</ele></trkpt><trkpt lat="61.04208261" lon="14.37515828"><ele>217.0</ele></trkpt><trkpt lat="61.04202085" lon="14.37524542"><ele>217.0</ele></trkpt><trkpt lat="61.04195995" lon="14.37533435"><ele>217.0</ele></trkpt><trkpt lat="61.04189776" lon="14.37542059"><ele>217.0</ele></trkpt><trkpt lat="61.04178163" lon="14.37558678"><ele>217.0</ele></trkpt><trkpt lat="61.04171987" lon="14.37565685"><ele>217.0</ele></trkpt><trkpt lat="61.04165071" lon="14.37572961"><ele>217.0</ele></trkpt><trkpt lat="61.04157460" lon="14.37578710"><ele>217.0</ele></trkpt><trkpt lat="61.04149587" lon="14.37583022"><ele>217.0</ele></trkpt><trkpt lat="61.04141758" lon="14.37587424"><ele>218.0</ele></trkpt><trkpt lat="61.04134060" lon="14.37591287"><ele>218.0</ele></trkpt><trkpt lat="61.04125665" lon="14.37593532"><ele>218.0</ele></trkpt><trkpt lat="61.04117967" lon="14.37594161"><ele>218.0</ele></trkpt><trkpt lat="61.04110268" lon="14.37592544"><ele>218.0</ele></trkpt><trkpt lat="61.04102483" lon="14.37588412"><ele>218.0</ele></trkpt><trkpt lat="61.04094784" lon="14.37582573"><ele>218.0</ele></trkpt><trkpt lat="61.04087259" lon="14.37577363"><ele>218.0</ele></trkpt><trkpt lat="61.04079169" lon="14.37573410"><ele>218.0</ele></trkpt><trkpt lat="61.04070775" lon="14.37570266"><ele>218.0</ele></trkpt><trkpt lat="61.04062772" lon="14.37568829"><ele>219.0</ele></trkpt><trkpt lat="61.04054159" lon="14.37568200"><ele>219.0</ele></trkpt><trkpt lat="61.04046374" lon="14.37566942"><ele>218.0</ele></trkpt><trkpt lat="61.04038979" lon="14.37566044"><ele>218.0</ele></trkpt><trkpt lat="61.04031498" lon="14.37566224"><ele>218.0</ele></trkpt><trkpt lat="61.04023669" lon="14.37565325"><ele>218.0</ele></trkpt><trkpt lat="61.04015796" lon="14.37563888"><ele>218.0</ele></trkpt><trkpt lat="61.04008184" lon="14.37561463"><ele>218.0</ele></trkpt><trkpt lat="61.03994266" lon="14.37552300"><ele>218.0</ele></trkpt><trkpt lat="61.03987393" lon="14.37546461"><ele>218.0</ele></trkpt><trkpt lat="61.03972996" lon="14.37539993"><ele>218.0</ele></trkpt><trkpt lat="61.03965775" lon="14.37535591"><ele>218.0</ele></trkpt><trkpt lat="61.03958598" lon="14.37531459"><ele>218.0</ele></trkpt><trkpt lat="61.03951160" lon="14.37526338"><ele>218.0</ele></trkpt><trkpt lat="61.03943679" lon="14.37523284"><ele>218.0</ele></trkpt><trkpt lat="61.03936067" lon="14.37520320"><ele>218.0</ele></trkpt><trkpt lat="61.03928672" lon="14.37516637"><ele>218.0</ele></trkpt><trkpt lat="61.03920886" lon="14.37513043"><ele>218.0</ele></trkpt><trkpt lat="61.03912970" lon="14.37509181"><ele>218.0</ele></trkpt><trkpt lat="61.03904966" lon="14.37504330"><ele>218.0</ele></trkpt><trkpt lat="61.03896876" lon="14.37499120"><ele>218.0</ele></trkpt><trkpt lat="61.03889394" lon="14.37492921"><ele>218.0</ele></trkpt><trkpt lat="61.03881869" lon="14.37486723"><ele>218.0</ele></trkpt><trkpt lat="61.03874692" lon="14.37480345"><ele>217.0</ele></trkpt><trkpt lat="61.03867166" lon="14.37474326"><ele>217.0</ele></trkpt><trkpt lat="61.03859685" lon="14.37470194"><ele>217.0</ele></trkpt><trkpt lat="61.03852595" lon="14.37468128"><ele>217.0</ele></trkpt><trkpt lat="61.03839458" lon="14.37475584"><ele>218.0</ele></trkpt><trkpt lat="61.03829279" lon="14.37491484"><ele>218.0</ele></trkpt><trkpt lat="61.03824190" lon="14.37502264"><ele>218.0</ele></trkpt><trkpt lat="61.03818666" lon="14.37513852"><ele>218.0</ele></trkpt><trkpt lat="61.03813098" lon="14.37524991"><ele>218.0</ele></trkpt><trkpt lat="61.03807791" lon="14.37536400"><ele>218.0</ele></trkpt><trkpt lat="61.03802093" lon="14.37547718"><ele>218.0</ele></trkpt><trkpt lat="61.03796177" lon="14.37558139"><ele>218.0</ele></trkpt><trkpt lat="61.03790000" lon="14.37567661"><ele>218.0</ele></trkpt><trkpt lat="61.03784171" lon="14.37576914"><ele>217.0</ele></trkpt><trkpt lat="61.03778081" lon="14.37585627"><ele>217.0</ele></trkpt><trkpt lat="61.03771687" lon="14.37593532"><ele>217.0</ele></trkpt><trkpt lat="61.03765292" lon="14.37601258"><ele>217.0</ele></trkpt><trkpt lat="61.03758898" lon="14.37608624"><ele>217.0</ele></trkpt><trkpt lat="61.03752590" lon="14.37617248"><ele>217.0</ele></trkpt><trkpt lat="61.03746065" lon="14.37623716"><ele>217.0</ele></trkpt><trkpt lat="61.03734581" lon="14.37641862"><ele>217.0</ele></trkpt><trkpt lat="61.03728578" lon="14.37651294"><ele>217.0</ele></trkpt><trkpt lat="61.03722358" lon="14.37661715"><ele>218.0</ele></trkpt><trkpt lat="61.03716964" lon="14.37674021"><ele>218.0</ele></trkpt><trkpt lat="61.03710178" lon="14.37690730"><ele>218.0</ele></trkpt><trkpt lat="61.03704784" lon="14.37701779"><ele>218.0</ele></trkpt><trkpt lat="61.03698998" lon="14.37713637"><ele>218.0</ele></trkpt><trkpt lat="61.03687993" lon="14.37733310"><ele>218.0</ele></trkpt><trkpt lat="61.03676465" lon="14.37748582"><ele>218.0</ele></trkpt><trkpt lat="61.03671288" lon="14.37756667"><ele>219.0</ele></trkpt><trkpt lat="61.03660196" lon="14.37775711"><ele>220.0</ele></trkpt><trkpt lat="61.03653279" lon="14.37784065"><ele>220.0</ele></trkpt><trkpt lat="61.03646971" lon="14.37793318"><ele>220.0</ele></trkpt><trkpt lat="61.03640664" lon="14.37801672"><ele>220.0</ele></trkpt><trkpt lat="61.03633486" lon="14.37806523"><ele>220.0</ele></trkpt><trkpt lat="61.03624568" lon="14.37807242"><ele>220.0</ele></trkpt><trkpt lat="61.03616564" lon="14.37804547"><ele>220.0</ele></trkpt><trkpt lat="61.03609081" lon="14.37801313"><ele>220.0</ele></trkpt><trkpt lat="61.03601991" lon="14.37797899"><ele>220.0</ele></trkpt><trkpt lat="61.03587157" lon="14.37789814"><ele>220.0</ele></trkpt><trkpt lat="61.03580892" lon="14.37786311"><ele>220.0</ele></trkpt><trkpt lat="61.03571670" lon="14.37780113"><ele>220.0</ele></trkpt><trkpt lat="61.03562882" lon="14.37774723"><ele>222.0</ele></trkpt><trkpt lat="61.03554486" lon="14.37768884"><ele>222.0</ele></trkpt><trkpt lat="61.03546177" lon="14.37761787"><ele>222.0</ele></trkpt><trkpt lat="61.03538782" lon="14.37756038"><ele>223.0</ele></trkpt><trkpt lat="61.03529777" lon="14.37751456"><ele>223.0</ele></trkpt><trkpt lat="61.03520772" lon="14.37751816"><ele>223.0</ele></trkpt><trkpt lat="61.03510984" lon="14.37756397"><ele>224.0</ele></trkpt><trkpt lat="61.03502065" lon="14.37762326"><ele>226.0</ele></trkpt><trkpt lat="61.03494191" lon="14.37771758"><ele>226.0</ele></trkpt><trkpt lat="61.03485795" lon="14.37780292"><ele>226.0</ele></trkpt><trkpt lat="61.03475963" lon="14.37791521"><ele>226.0</ele></trkpt><trkpt lat="61.03469394" lon="14.37800325"><ele>226.0</ele></trkpt><trkpt lat="61.03460172" lon="14.37812721"><ele>226.0</ele></trkpt><trkpt lat="61.03452297" lon="14.37823950"><ele>226.0</ele></trkpt><trkpt lat="61.03445293" lon="14.37836527"><ele>226.0</ele></trkpt><trkpt lat="61.03438376" lon="14.37851618"><ele>226.0</ele></trkpt><trkpt lat="61.03432677" lon="14.37867519"><ele>226.0</ele></trkpt><trkpt lat="61.03426065" lon="14.37885126"><ele>226.0</ele></trkpt><trkpt lat="61.03419365" lon="14.37905338"><ele>226.0</ele></trkpt><trkpt lat="61.03410098" lon="14.37926358"><ele>226.0</ele></trkpt><trkpt lat="61.03401659" lon="14.37949535"><ele>226.0</ele></trkpt><trkpt lat="61.03396873" lon="14.37968399"><ele>226.0</ele></trkpt><trkpt lat="61.03390869" lon="14.37984928"><ele>226.0</ele></trkpt><trkpt lat="61.03386475" lon="14.38000559"><ele>226.0</ele></trkpt><trkpt lat="61.03381081" lon="14.38021759"><ele>225.0</ele></trkpt><trkpt lat="61.03376295" lon="14.38044936"><ele>225.0</ele></trkpt><trkpt lat="61.03370988" lon="14.38066585"><ele>225.0</ele></trkpt><trkpt lat="61.03364157" lon="14.38085360"><ele>225.0</ele></trkpt><trkpt lat="61.03357588" lon="14.38104315"><ele>225.0</ele></trkpt><trkpt lat="61.03350671" lon="14.38123359"><ele>225.0</ele></trkpt><trkpt lat="61.03341100" lon="14.38139978"><ele>225.0</ele></trkpt><trkpt lat="61.03329092" lon="14.38156327"><ele>225.0</ele></trkpt><trkpt lat="61.03320957" lon="14.38167376"><ele>225.0</ele></trkpt><trkpt lat="61.03310472" lon="14.38172946"><ele>225.0</ele></trkpt><trkpt lat="61.03300596" lon="14.38176180"><ele>225.0</ele></trkpt><trkpt lat="61.03292069" lon="14.38177168"><ele>225.0</ele></trkpt><trkpt lat="61.03283759" lon="14.38177348"><ele>225.0</ele></trkpt><trkpt lat="61.03271795" lon="14.38176180"><ele>225.0</ele></trkpt><trkpt lat="61.03263181" lon="14.38174563"><ele>225.0</ele></trkpt><trkpt lat="61.03252478" lon="14.38174563"><ele>227.0</ele></trkpt><trkpt lat="61.03241688" lon="14.38171149"><ele>227.0</ele></trkpt><trkpt lat="61.03233770" lon="14.38165580"><ele>227.0</ele></trkpt><trkpt lat="61.03224460" lon="14.38153363"><ele>227.0</ele></trkpt><trkpt lat="61.03214888" lon="14.38140966"><ele>227.0</ele></trkpt><trkpt lat="61.03208580" lon="14.38132522"><ele>227.0</ele></trkpt><trkpt lat="61.03199661" lon="14.38120933"><ele>227.0</ele></trkpt><trkpt lat="61.03189567" lon="14.38112938"><ele>227.0</ele></trkpt><trkpt lat="61.03180996" lon="14.38108357"><ele>228.0</ele></trkpt><trkpt lat="61.03172686" lon="14.38105752"><ele>228.0</ele></trkpt><trkpt lat="61.03164376" lon="14.38104135"><ele>228.0</ele></trkpt><trkpt lat="61.03156197" lon="14.38102338"><ele>228.0</ele></trkpt><trkpt lat="61.03148191" lon="14.38100542"><ele>228.0</ele></trkpt><trkpt lat="61.03140577" lon="14.38098565"><ele>228.0</ele></trkpt><trkpt lat="61.03133398" lon="14.38097577"><ele>228.0</ele></trkpt><trkpt lat="61.03125567" lon="14.38096948"><ele>228.0</ele></trkpt><trkpt lat="61.03111383" lon="14.38097936"><ele>228.0</ele></trkpt><trkpt lat="61.03103377" lon="14.38099374"><ele>229.0</ele></trkpt><trkpt lat="61.03096199" lon="14.38100362"><ele>229.0</ele></trkpt><trkpt lat="61.03088497" lon="14.38103147"><ele>229.0</ele></trkpt><trkpt lat="61.03081057" lon="14.38106381"><ele>229.0</ele></trkpt><trkpt lat="61.03071485" lon="14.38109974"><ele>230.0</ele></trkpt><trkpt lat="61.03062262" lon="14.38112759"><ele>230.0</ele></trkpt><trkpt lat="61.03052472" lon="14.38116352"><ele>230.0</ele></trkpt><trkpt lat="61.03041290" lon="14.38119586"><ele>230.0</ele></trkpt><trkpt lat="61.03029978" lon="14.38121652"><ele>230.0</ele></trkpt><trkpt lat="61.03022059" lon="14.38123179"><ele>230.0</ele></trkpt><trkpt lat="61.03013574" lon="14.38125515"><ele>230.0</ele></trkpt><trkpt lat="61.03006091" lon="14.38126862"><ele>230.0</ele></trkpt><trkpt lat="61.02995866" lon="14.38126144"><ele>230.0</ele></trkpt><trkpt lat="61.02987773" lon="14.38125155"><ele>230.0</ele></trkpt><trkpt lat="61.02979593" lon="14.38123898"><ele>230.0</ele></trkpt><trkpt lat="61.02971283" lon="14.38122191"><ele>230.0</ele></trkpt><trkpt lat="61.02963190" lon="14.38120484"><ele>230.0</ele></trkpt><trkpt lat="61.02955662" lon="14.38117789"><ele>230.0</ele></trkpt><trkpt lat="61.02948570" lon="14.38114286"><ele>230.0</ele></trkpt><trkpt lat="61.02939259" lon="14.38110064"><ele>230.0</ele></trkpt><trkpt lat="61.02930295" lon="14.38106470"><ele>230.0</ele></trkpt><trkpt lat="61.02920070" lon="14.38101620"><ele>231.0</ele></trkpt><trkpt lat="61.02910063" lon="14.38097397"><ele>231.0</ele></trkpt><trkpt lat="61.02898793" lon="14.38096769"><ele>232.0</ele></trkpt><trkpt lat="61.02887263" lon="14.38102518"><ele>232.0</ele></trkpt><trkpt lat="61.02878560" lon="14.38112130"><ele>232.0</ele></trkpt><trkpt lat="61.02871599" lon="14.38127491"><ele>233.0</ele></trkpt><trkpt lat="61.02864680" lon="14.38143751"><ele>234.0</ele></trkpt><trkpt lat="61.02857283" lon="14.38162166"><ele>234.0</ele></trkpt><trkpt lat="61.02850278" lon="14.38178336"><ele>234.0</ele></trkpt><trkpt lat="61.02841358" lon="14.38194595"><ele>232.0</ele></trkpt><trkpt lat="61.02830958" lon="14.38205734"><ele>232.0</ele></trkpt><trkpt lat="61.02822778" lon="14.38216334"><ele>232.0</ele></trkpt><trkpt lat="61.02813379" lon="14.38232145"><ele>232.0</ele></trkpt><trkpt lat="61.02805286" lon="14.38244452"><ele>232.0</ele></trkpt><trkpt lat="61.02798280" lon="14.38254154"><ele>232.0</ele></trkpt><trkpt lat="61.02791492" lon="14.38263945"><ele>232.0</ele></trkpt><trkpt lat="61.02783660" lon="14.38274455"><ele>232.0</ele></trkpt><trkpt lat="61.02776698" lon="14.38284157"><ele>232.0</ele></trkpt><trkpt lat="61.02770388" lon="14.38293230"><ele>232.0</ele></trkpt><trkpt lat="61.02763383" lon="14.38303022"><ele>232.0</ele></trkpt><trkpt lat="61.02756290" lon="14.38312724"><ele>232.0</ele></trkpt><trkpt lat="61.02749894" lon="14.38321258"><ele>232.0</ele></trkpt><trkpt lat="61.02739973" lon="14.38333115"><ele>232.0</ele></trkpt><trkpt lat="61.02733359" lon="14.38344344"><ele>232.0</ele></trkpt><trkpt lat="61.02726396" lon="14.38355394"><ele>232.0</ele></trkpt><trkpt lat="61.02719565" lon="14.38366084"><ele>232.0</ele></trkpt><trkpt lat="61.02712994" lon="14.38376953"><ele>230.0</ele></trkpt><trkpt lat="61.02705684" lon="14.38386386"><ele>230.0</ele></trkpt><trkpt lat="61.02698591" lon="14.38395638"><ele>230.0</ele></trkpt><trkpt lat="61.02690889" lon="14.38402376"><ele>230.0</ele></trkpt><trkpt lat="61.02682491" lon="14.38409382"><ele>230.0</ele></trkpt><trkpt lat="61.02674876" lon="14.38416299"><ele>230.0</ele></trkpt><trkpt lat="61.02667870" lon="14.38424025"><ele>230.0</ele></trkpt><trkpt lat="61.02660994" lon="14.38432289"><ele>230.0</ele></trkpt><trkpt lat="61.02654467" lon="14.38441722"><ele>230.0</ele></trkpt><trkpt lat="61.02648375" lon="14.38453130"><ele>230.0</ele></trkpt><trkpt lat="61.02642979" lon="14.38462922"><ele>229.0</ele></trkpt><trkpt lat="61.02637975" lon="14.38475858"><ele>229.0</ele></trkpt><trkpt lat="61.02633667" lon="14.38489871"><ele>229.0</ele></trkpt><trkpt lat="61.02630577" lon="14.38503436"><ele>229.0</ele></trkpt><trkpt lat="61.02627793" lon="14.38518797"><ele>229.0</ele></trkpt><trkpt lat="61.02625486" lon="14.38535416"><ele>229.0</ele></trkpt><trkpt lat="61.02622571" lon="14.38551855"><ele>229.0</ele></trkpt><trkpt lat="61.02619699" lon="14.38567755"><ele>229.0</ele></trkpt><trkpt lat="61.02616566" lon="14.38583476"><ele>229.0</ele></trkpt><trkpt lat="61.02614259" lon="14.38598118"><ele>229.0</ele></trkpt><trkpt lat="61.02610473" lon="14.38611234"><ele>229.0</ele></trkpt><trkpt lat="61.02607166" lon="14.38624798"><ele>229.0</ele></trkpt><trkpt lat="61.02603990" lon="14.38639171"><ele>229.0</ele></trkpt><trkpt lat="61.02600770" lon="14.38653814"><ele>229.0</ele></trkpt><trkpt lat="61.02597158" lon="14.38668726"><ele>229.0</ele></trkpt><trkpt lat="61.02593589" lon="14.38683638"><ele>228.0</ele></trkpt><trkpt lat="61.02589673" lon="14.38698460"><ele>228.0</ele></trkpt><trkpt lat="61.02584886" lon="14.38711845"><ele>228.0</ele></trkpt><trkpt lat="61.02577793" lon="14.38729811"><ele>228.0</ele></trkpt><trkpt lat="61.02571788" lon="14.38741040"><ele>228.0</ele></trkpt><trkpt lat="61.02564869" lon="14.38751191"><ele>225.0</ele></trkpt><trkpt lat="61.02557558" lon="14.38759546"><ele>225.0</ele></trkpt><trkpt lat="61.02550074" lon="14.38767271"><ele>225.0</ele></trkpt><trkpt lat="61.02543372" lon="14.38775266"><ele>225.0</ele></trkpt><trkpt lat="61.02535974" lon="14.38784249"><ele>225.0</ele></trkpt><trkpt lat="61.02528663" lon="14.38795029"><ele>224.0</ele></trkpt><trkpt lat="61.02522571" lon="14.38805180"><ele>224.0</ele></trkpt><trkpt lat="61.02513389" lon="14.38818834"><ele>224.0</ele></trkpt><trkpt lat="61.02506557" lon="14.38830423"><ele>224.0</ele></trkpt><trkpt lat="61.02499768" lon="14.38840933"><ele>224.0</ele></trkpt><trkpt lat="61.02493197" lon="14.38850635"><ele>225.0</ele></trkpt><trkpt lat="61.02486278" lon="14.38858271"><ele>225.0</ele></trkpt><trkpt lat="61.02478880" lon="14.38862942"><ele>225.0</ele></trkpt><trkpt lat="61.02471265" lon="14.38868422"><ele>225.0</ele></trkpt><trkpt lat="61.02463693" lon="14.38873183"><ele>225.0</ele></trkpt><trkpt lat="61.02455598" lon="14.38877135"><ele>226.0</ele></trkpt><trkpt lat="61.02446982" lon="14.38880369"><ele>226.0</ele></trkpt><trkpt lat="61.02438583" lon="14.38882974"><ele>226.0</ele></trkpt><trkpt lat="61.02430793" lon="14.38885400"><ele>226.0</ele></trkpt><trkpt lat="61.02423265" lon="14.38888454"><ele>226.0</ele></trkpt><trkpt lat="61.02415562" lon="14.38892137"><ele>226.0</ele></trkpt><trkpt lat="61.02408469" lon="14.38896359"><ele>226.0</ele></trkpt><trkpt lat="61.02401593" lon="14.38901659"><ele>226.0</ele></trkpt><trkpt lat="61.02394064" lon="14.38907678"><ele>226.0</ele></trkpt><trkpt lat="61.02386884" lon="14.38912169"><ele>226.0</ele></trkpt><trkpt lat="61.02379485" lon="14.38916392"><ele>226.0</ele></trkpt><trkpt lat="61.02372261" lon="14.38921781"><ele>226.0</ele></trkpt><trkpt lat="61.02365168" lon="14.38927081"><ele>226.0</ele></trkpt><trkpt lat="61.02357682" lon="14.38932561"><ele>226.0</ele></trkpt><trkpt lat="61.02350197" lon="14.38938041"><ele>226.0</ele></trkpt><trkpt lat="61.02342799" lon="14.38943431"><ele>227.0</ele></trkpt><trkpt lat="61.02335096" lon="14.38949180"><ele>227.0</ele></trkpt><trkpt lat="61.02327263" lon="14.38954031"><ele>227.0</ele></trkpt><trkpt lat="61.02319777" lon="14.38957355"><ele>227.0</ele></trkpt><trkpt lat="61.02312684" lon="14.38960229"><ele>227.0</ele></trkpt><trkpt lat="61.02305285" lon="14.38964182"><ele>227.0</ele></trkpt><trkpt lat="61.02298279" lon="14.38969123"><ele>227.0</ele></trkpt><trkpt lat="61.02290489" lon="14.38972626"><ele>227.0</ele></trkpt><trkpt lat="61.02282786" lon="14.38975770"><ele>227.0</ele></trkpt><trkpt lat="61.02275083" lon="14.38978735"><ele>227.0</ele></trkpt><trkpt lat="61.02260982" lon="14.38985472"><ele>227.0</ele></trkpt><trkpt lat="61.02252191" lon="14.38990862"><ele>227.0</ele></trkpt><trkpt lat="61.02243574" lon="14.39000025"><ele>227.0</ele></trkpt><trkpt lat="61.02233390" lon="14.39006852"><ele>227.0</ele></trkpt><trkpt lat="61.02223772" lon="14.39014398"><ele>227.0</ele></trkpt><trkpt lat="61.02215068" lon="14.39023022"><ele>227.0</ele></trkpt><trkpt lat="61.02207060" lon="14.39033981"><ele>228.0</ele></trkpt><trkpt lat="61.02198269" lon="14.39043593"><ele>228.0</ele></trkpt><trkpt lat="61.02191697" lon="14.39050869"><ele>228.0</ele></trkpt><trkpt lat="61.02181383" lon="14.39063715"><ele>228.0</ele></trkpt><trkpt lat="61.02170764" lon="14.39074854"><ele>229.0</ele></trkpt><trkpt lat="61.02161276" lon="14.39086532"><ele>229.0</ele></trkpt><trkpt lat="61.02151483" lon="14.39098121"><ele>229.0</ele></trkpt><trkpt lat="61.02141691" lon="14.39113033"><ele>229.0</ele></trkpt><trkpt lat="61.02135598" lon="14.39123813"><ele>229.0</ele></trkpt><trkpt lat="61.02129374" lon="14.39134682"><ele>229.0</ele></trkpt><trkpt lat="61.02122498" lon="14.39149145"><ele>229.0</ele></trkpt><trkpt lat="61.02116796" lon="14.39166572"><ele>228.0</ele></trkpt><trkpt lat="61.02111487" lon="14.39187862"><ele>228.0</ele></trkpt><trkpt lat="61.02105698" lon="14.39209422"><ele>228.0</ele></trkpt><trkpt lat="61.02100171" lon="14.39230083"><ele>226.0</ele></trkpt><trkpt lat="61.02095384" lon="14.39251643"><ele>226.0</ele></trkpt><trkpt lat="61.02089377" lon="14.39272484"><ele>226.0</ele></trkpt><trkpt lat="61.02082457" lon="14.39293864"><ele>225.0</ele></trkpt><trkpt lat="61.02076669" lon="14.39315333"><ele>225.0</ele></trkpt><trkpt lat="61.02069575" lon="14.39338690"><ele>225.0</ele></trkpt><trkpt lat="61.02063090" lon="14.39361956"><ele>225.0</ele></trkpt><trkpt lat="61.02055560" lon="14.39384054"><ele>224.0</ele></trkpt><trkpt lat="61.02049162" lon="14.39405884"><ele>224.0</ele></trkpt><trkpt lat="61.02044592" lon="14.39428252"><ele>224.0</ele></trkpt><trkpt lat="61.02039761" lon="14.39453494"><ele>224.0</ele></trkpt><trkpt lat="61.02037193" lon="14.39477839"><ele>224.0</ele></trkpt><trkpt lat="61.02036367" lon="14.39501374"><ele>224.0</ele></trkpt><trkpt lat="61.02036192" lon="14.39525988"><ele>223.0</ele></trkpt><trkpt lat="61.02038282" lon="14.39551411"><ele>223.0</ele></trkpt><trkpt lat="61.02039587" lon="14.39577552"><ele>223.0</ele></trkpt><trkpt lat="61.02042286" lon="14.39597045"><ele>223.0</ele></trkpt><trkpt lat="61.02044070" lon="14.39622198"><ele>221.0</ele></trkpt><trkpt lat="61.02046769" lon="14.39648159"><ele>221.0</ele></trkpt><trkpt lat="61.02048074" lon="14.39664419"><ele>220.0</ele></trkpt><trkpt lat="61.02049598" lon="14.39681936"><ele>220.0</ele></trkpt><trkpt lat="61.02050686" lon="14.39698824"><ele>220.0</ele></trkpt><trkpt lat="61.02051991" lon="14.39715084"><ele>220.0</ele></trkpt><trkpt lat="61.02052383" lon="14.39731523"><ele>220.0</ele></trkpt><trkpt lat="61.02054167" lon="14.39747423"><ele>220.0</ele></trkpt><trkpt lat="61.02056082" lon="14.39763952"><ele>220.0</ele></trkpt><trkpt lat="61.02057562" lon="14.39780751"><ele>220.0</ele></trkpt><trkpt lat="61.02058172" lon="14.39797100"><ele>220.0</ele></trkpt><trkpt lat="61.02058868" lon="14.39813898"><ele>220.0</ele></trkpt><trkpt lat="61.02059869" lon="14.39830787"><ele>220.0</ele></trkpt><trkpt lat="61.02059695" lon="14.39849292"><ele>220.0</ele></trkpt><trkpt lat="61.02059695" lon="14.39865821"><ele>219.0</ele></trkpt><trkpt lat="61.02059260" lon="14.39882889"><ele>219.0</ele></trkpt><trkpt lat="61.02058476" lon="14.39899418"><ele>219.0</ele></trkpt><trkpt lat="61.02056692" lon="14.39916037"><ele>219.0</ele></trkpt><trkpt lat="61.02053993" lon="14.39931488"><ele>219.0</ele></trkpt><trkpt lat="61.02051164" lon="14.39946130"><ele>216.0</ele></trkpt><trkpt lat="61.02046682" lon="14.39967151"><ele>216.0</ele></trkpt><trkpt lat="61.02042199" lon="14.39985387"><ele>215.0</ele></trkpt><trkpt lat="61.02034364" lon="14.40004341"><ele>215.0</ele></trkpt><trkpt lat="61.02026965" lon="14.40018714"><ele>215.0</ele></trkpt><trkpt lat="61.02019958" lon="14.40031830"><ele>215.0</ele></trkpt><trkpt lat="61.02013691" lon="14.40042969"><ele>215.0</ele></trkpt><trkpt lat="61.02007162" lon="14.40053030"><ele>215.0</ele></trkpt><trkpt lat="61.02001200" lon="14.40064349"><ele>215.0</ele></trkpt><trkpt lat="61.01995585" lon="14.40077195"><ele>215.0</ele></trkpt><trkpt lat="61.01990580" lon="14.40089412"><ele>215.0</ele></trkpt><trkpt lat="61.01985662" lon="14.40103875"><ele>215.0</ele></trkpt><trkpt lat="61.01980787" lon="14.40118427"><ele>215.0</ele></trkpt><trkpt lat="61.01975390" lon="14.40132980"><ele>215.0</ele></trkpt><trkpt lat="61.01970167" lon="14.40146365"><ele>215.0</ele></trkpt><trkpt lat="61.01964857" lon="14.40159121"><ele>215.0</ele></trkpt><trkpt lat="61.01956979" lon="14.40177357"><ele>215.0</ele></trkpt><trkpt lat="61.01949885" lon="14.40196760"><ele>215.0</ele></trkpt><trkpt lat="61.01942964" lon="14.40216883"><ele>215.0</ele></trkpt><trkpt lat="61.01934999" lon="14.40235118"><ele>215.0</ele></trkpt><trkpt lat="61.01926077" lon="14.40254342"><ele>215.0</ele></trkpt><trkpt lat="61.01916980" lon="14.40272488"><ele>215.0</ele></trkpt><trkpt lat="61.01908797" lon="14.40291083"><ele>215.0</ele></trkpt><trkpt lat="61.01902094" lon="14.40310757"><ele>215.0</ele></trkpt><trkpt lat="61.01895087" lon="14.40328723"><ele>215.0</ele></trkpt><trkpt lat="61.01888776" lon="14.40347947"><ele>215.0</ele></trkpt><trkpt lat="61.01881463" lon="14.40365194"><ele>215.0</ele></trkpt><trkpt lat="61.01873977" lon="14.40384329"><ele>215.0</ele></trkpt><trkpt lat="61.01866795" lon="14.40407325"><ele>215.0</ele></trkpt><trkpt lat="61.01859788" lon="14.40424843"><ele>215.0</ele></trkpt><trkpt lat="61.01853172" lon="14.40444695"><ele>215.0</ele></trkpt><trkpt lat="61.01845990" lon="14.40462841"><ele>215.0</ele></trkpt><trkpt lat="61.01839592" lon="14.40484491"><ele>215.0</ele></trkpt><trkpt lat="61.01834978" lon="14.40503984"><ele>215.0</ele></trkpt><trkpt lat="61.01830060" lon="14.40523927"><ele>215.0</ele></trkpt><trkpt lat="61.01825359" lon="14.40544049"><ele>215.0</ele></trkpt><trkpt lat="61.01820397" lon="14.40564081"><ele>215.0</ele></trkpt><trkpt lat="61.01815174" lon="14.40583395"><ele>216.0</ele></trkpt><trkpt lat="61.01809559" lon="14.40602260"><ele>217.0</ele></trkpt><trkpt lat="61.01804858" lon="14.40622562"><ele>217.0</ele></trkpt><trkpt lat="61.01801289" lon="14.40641786"><ele>217.0</ele></trkpt><trkpt lat="61.01796762" lon="14.40665411"><ele>218.0</ele></trkpt><trkpt lat="61.01794760" lon="14.40689127"><ele>218.0</ele></trkpt><trkpt lat="61.01798198" lon="14.40709788"><ele>219.0</ele></trkpt><trkpt lat="61.01806294" lon="14.40727844"><ele>219.0</ele></trkpt><trkpt lat="61.01816871" lon="14.40746080"><ele>219.0</ele></trkpt><trkpt lat="61.01825794" lon="14.40763058"><ele>219.0</ele></trkpt><trkpt lat="61.01834760" lon="14.40782013"><ele>219.0</ele></trkpt><trkpt lat="61.01841681" lon="14.40800338"><ele>219.0</ele></trkpt><trkpt lat="61.01844684" lon="14.40823784"><ele>219.0</ele></trkpt><trkpt lat="61.01843379" lon="14.40850554"><ele>219.0</ele></trkpt><trkpt lat="61.01840680" lon="14.40868610"><ele>219.0</ele></trkpt><trkpt lat="61.01837677" lon="14.40890889"><ele>218.0</ele></trkpt><trkpt lat="61.01832366" lon="14.40908945"><ele>218.0</ele></trkpt><trkpt lat="61.01826577" lon="14.40927270"><ele>218.0</ele></trkpt><trkpt lat="61.01821790" lon="14.40945865"><ele>218.0</ele></trkpt><trkpt lat="61.01817089" lon="14.40965449"><ele>219.0</ele></trkpt><trkpt lat="61.01810777" lon="14.40981618"><ele>219.0</ele></trkpt><trkpt lat="61.01803683" lon="14.40998237"><ele>219.0</ele></trkpt><trkpt lat="61.01794586" lon="14.41014946"><ele>217.0</ele></trkpt><trkpt lat="61.01787795" lon="14.41026444"><ele>217.0</ele></trkpt><trkpt lat="61.01781484" lon="14.41037583"><ele>217.0</ele></trkpt><trkpt lat="61.01772300" lon="14.41055370"><ele>217.0</ele></trkpt><trkpt lat="61.01766685" lon="14.41068036"><ele>215.0</ele></trkpt><trkpt lat="61.01758284" lon="14.41086721"><ele>215.0</ele></trkpt><trkpt lat="61.01751668" lon="14.41098489"><ele>213.0</ele></trkpt><trkpt lat="61.01744094" lon="14.41111155"><ele>213.0</ele></trkpt><trkpt lat="61.01737174" lon="14.41122564"><ele>213.0</ele></trkpt><trkpt lat="61.01730079" lon="14.41133344"><ele>213.0</ele></trkpt><trkpt lat="61.01722461" lon="14.41143225"><ele>213.0</ele></trkpt><trkpt lat="61.01713059" lon="14.41155083"><ele>213.0</ele></trkpt><trkpt lat="61.01703396" lon="14.41166132"><ele>213.0</ele></trkpt><trkpt lat="61.01693167" lon="14.41174756"><ele>213.0</ele></trkpt><trkpt lat="61.01682590" lon="14.41179338"><ele>212.0</ele></trkpt><trkpt lat="61.01673275" lon="14.41182122"><ele>212.0</ele></trkpt><trkpt lat="61.01664874" lon="14.41185087"><ele>212.0</ele></trkpt><trkpt lat="61.01655689" lon="14.41188321"><ele>212.0</ele></trkpt><trkpt lat="61.01646461" lon="14.41190387"><ele>212.0</ele></trkpt><trkpt lat="61.01636972" lon="14.41189578"><ele>212.0</ele></trkpt><trkpt lat="61.01628484" lon="14.41184817"><ele>212.0</ele></trkpt><trkpt lat="61.01615773" lon="14.41168288"><ele>212.0</ele></trkpt><trkpt lat="61.01609375" lon="14.41152029"><ele>212.0</ele></trkpt><trkpt lat="61.01604978" lon="14.41140081"><ele>213.0</ele></trkpt><trkpt lat="61.01595968" lon="14.41109898"><ele>213.0</ele></trkpt><trkpt lat="61.01594357" lon="14.41094267"><ele>213.0</ele></trkpt><trkpt lat="61.01591789" lon="14.41072977"><ele>215.0</ele></trkpt><trkpt lat="61.01589961" lon="14.41057346"><ele>215.0</ele></trkpt><trkpt lat="61.01587479" lon="14.41042255"><ele>215.0</ele></trkpt><trkpt lat="61.01584781" lon="14.41028421"><ele>215.0</ele></trkpt><trkpt lat="61.01582561" lon="14.41016473"><ele>215.0</ele></trkpt><trkpt lat="61.01575161" lon="14.41003897"><ele>215.0</ele></trkpt><trkpt lat="61.01564278" lon="14.41001471"><ele>215.0</ele></trkpt><trkpt lat="61.01555267" lon="14.41001561"><ele>215.0</ele></trkpt><trkpt lat="61.01547171" lon="14.41002639"><ele>216.0</ele></trkpt><trkpt lat="61.01539771" lon="14.41003537"><ele>216.0</ele></trkpt><trkpt lat="61.01532371" lon="14.41004256"><ele>216.0</ele></trkpt><trkpt lat="61.01523665" lon="14.41010993"><ele>216.0</ele></trkpt><trkpt lat="61.01518789" lon="14.41026354"><ele>215.0</ele></trkpt><trkpt lat="61.01503162" lon="14.41031834"><ele>215.0</ele></trkpt><trkpt lat="61.01495587" lon="14.41031295"><ele>215.0</ele></trkpt><trkpt lat="61.01488579" lon="14.41031834"><ele>214.0</ele></trkpt><trkpt lat="61.01482964" lon="14.41043333"><ele>214.0</ele></trkpt><trkpt lat="61.01488057" lon="14.41065880"><ele>214.0</ele></trkpt><trkpt lat="61.01492758" lon="14.41083667"><ele>214.0</ele></trkpt><trkpt lat="61.01496589" lon="14.41101454"><ele>213.0</ele></trkpt><trkpt lat="61.01500158" lon="14.41117084"><ele>213.0</ele></trkpt><trkpt lat="61.01502291" lon="14.41132356"><ele>213.0</ele></trkpt><trkpt lat="61.01503858" lon="14.41148615"><ele>213.0</ele></trkpt><trkpt lat="61.01503858" lon="14.41165144"><ele>213.0</ele></trkpt><trkpt lat="61.01501072" lon="14.41179697"><ele>212.0</ele></trkpt><trkpt lat="61.01494673" lon="14.41188860"><ele>212.0</ele></trkpt><trkpt lat="61.01486098" lon="14.41188680"><ele>212.0</ele></trkpt><trkpt lat="61.01478697" lon="14.41188051"><ele>212.0</ele></trkpt><trkpt lat="61.01471384" lon="14.41188141"><ele>212.0</ele></trkpt><trkpt lat="61.01465072" lon="14.41199011"><ele>212.0</ele></trkpt><trkpt lat="61.01466291" lon="14.41214192"><ele>212.0</ele></trkpt><trkpt lat="61.01469991" lon="14.41243477"><ele>212.0</ele></trkpt><trkpt lat="61.01472168" lon="14.41257311"><ele>212.0</ele></trkpt><trkpt lat="61.01475084" lon="14.41273032"><ele>212.0</ele></trkpt><trkpt lat="61.01477566" lon="14.41287854"><ele>212.0</ele></trkpt><trkpt lat="61.01480265" lon="14.41303664"><ele>212.0</ele></trkpt><trkpt lat="61.01481875" lon="14.41318756"><ele>212.0</ele></trkpt><trkpt lat="61.01486272" lon="14.41335824"><ele>212.0</ele></trkpt><trkpt lat="61.01493977" lon="14.41344089"><ele>213.0</ele></trkpt><trkpt lat="61.01508298" lon="14.41363672"><ele>213.0</ele></trkpt><trkpt lat="61.01512695" lon="14.41376967"><ele>210.0</ele></trkpt><trkpt lat="61.01516090" lon="14.41390531"><ele>210.0</ele></trkpt><trkpt lat="61.01518180" lon="14.41407689"><ele>210.0</ele></trkpt><trkpt lat="61.01519965" lon="14.41423949"><ele>209.0</ele></trkpt><trkpt lat="61.01521575" lon="14.41440657"><ele>209.0</ele></trkpt><trkpt lat="61.01522663" lon="14.41457366"><ele>207.0</ele></trkpt><trkpt lat="61.01522098" lon="14.41480094"><ele>207.0</ele></trkpt><trkpt lat="61.01521096" lon="14.41501473"><ele>207.0</ele></trkpt><trkpt lat="61.01518963" lon="14.41524560"><ele>207.0</ele></trkpt><trkpt lat="61.01515873" lon="14.41544323"><ele>208.0</ele></trkpt><trkpt lat="61.01513957" lon="14.41563278"><ele>208.0</ele></trkpt><trkpt lat="61.01516090" lon="14.41583130"><ele>208.0</ele></trkpt><trkpt lat="61.01520182" lon="14.41603163"><ele>209.0</ele></trkpt><trkpt lat="61.01522794" lon="14.41617266"><ele>209.0</ele></trkpt><trkpt lat="61.01526189" lon="14.41632268"><ele>209.0</ele></trkpt><trkpt lat="61.01529889" lon="14.41648977"><ele>209.0</ele></trkpt><trkpt lat="61.01532458" lon="14.41662811"><ele>209.0</ele></trkpt><trkpt lat="61.01535766" lon="14.41679699"><ele>209.0</ele></trkpt><trkpt lat="61.01538683" lon="14.41696767"><ele>209.0</ele></trkpt><trkpt lat="61.01541294" lon="14.41714644"><ele>209.0</ele></trkpt><trkpt lat="61.01543166" lon="14.41734047"><ele>211.0</ele></trkpt><trkpt lat="61.01543688" lon="14.41755697"><ele>211.0</ele></trkpt><trkpt lat="61.01543297" lon="14.41776268"><ele>211.0</ele></trkpt><trkpt lat="61.01544080" lon="14.41800253"><ele>210.0</ele></trkpt><trkpt lat="61.01544994" lon="14.41817052"><ele>210.0</ele></trkpt><trkpt lat="61.01546866" lon="14.41835647"><ele>210.0</ele></trkpt><trkpt lat="61.01548999" lon="14.41850918"><ele>210.0</ele></trkpt><trkpt lat="61.01551698" lon="14.41866189"><ele>210.0</ele></trkpt><trkpt lat="61.01553962" lon="14.41881281"><ele>209.0</ele></trkpt><trkpt lat="61.01555180" lon="14.41898259"><ele>209.0</ele></trkpt><trkpt lat="61.01555877" lon="14.41915327"><ele>209.0</ele></trkpt><trkpt lat="61.01555964" lon="14.41931497"><ele>209.0</ele></trkpt><trkpt lat="61.01555093" lon="14.41949014"><ele>209.0</ele></trkpt><trkpt lat="61.01554876" lon="14.41966711"><ele>209.0</ele></trkpt><trkpt lat="61.01554876" lon="14.41990426"><ele>209.0</ele></trkpt><trkpt lat="61.01553657" lon="14.42012794"><ele>209.0</ele></trkpt><trkpt lat="61.01552569" lon="14.42035252"><ele>209.0</ele></trkpt><trkpt lat="61.01549957" lon="14.42059327"><ele>209.0</ele></trkpt><trkpt lat="61.01549086" lon="14.42081695"><ele>209.0</ele></trkpt><trkpt lat="61.01547998" lon="14.42105680"><ele>209.0</ele></trkpt><trkpt lat="61.01546997" lon="14.42130474"><ele>209.0</ele></trkpt><trkpt lat="61.01545168" lon="14.42156166"><ele>209.0</ele></trkpt><trkpt lat="61.01542687" lon="14.42178893"><ele>209.0</ele></trkpt><trkpt lat="61.01541077" lon="14.42202429"><ele>209.0</ele></trkpt><trkpt lat="61.01539597" lon="14.42226055"><ele>209.0</ele></trkpt><trkpt lat="61.01536462" lon="14.42248423"><ele>209.0</ele></trkpt><trkpt lat="61.01534286" lon="14.42264592"><ele>209.0</ele></trkpt><trkpt lat="61.01531282" lon="14.42287320"><ele>210.0</ele></trkpt><trkpt lat="61.01527191" lon="14.42310047"><ele>210.0</ele></trkpt><trkpt lat="61.01523795" lon="14.42334122"><ele>210.0</ele></trkpt><trkpt lat="61.01519486" lon="14.42358197"><ele>209.0</ele></trkpt><trkpt lat="61.01514959" lon="14.42379397"><ele>209.0</ele></trkpt><trkpt lat="61.01510170" lon="14.42403112"><ele>209.0</ele></trkpt><trkpt lat="61.01507558" lon="14.42427636"><ele>209.0</ele></trkpt><trkpt lat="61.01505774" lon="14.42451262"><ele>209.0</ele></trkpt><trkpt lat="61.01504685" lon="14.42475247"><ele>209.0</ele></trkpt><trkpt lat="61.01504859" lon="14.42498783"><ele>209.0</ele></trkpt><trkpt lat="61.01505774" lon="14.42523038"><ele>209.0</ele></trkpt><trkpt lat="61.01506296" lon="14.42546214"><ele>209.0</ele></trkpt><trkpt lat="61.01506296" lon="14.42563192"><ele>209.0</ele></trkpt><trkpt lat="61.01504990" lon="14.42586459"><ele>209.0</ele></trkpt><trkpt lat="61.01503858" lon="14.42608198"><ele>209.0</ele></trkpt><trkpt lat="61.01502988" lon="14.42632363"><ele>209.0</ele></trkpt><trkpt lat="61.01503684" lon="14.42655988"><ele>209.0</ele></trkpt><trkpt lat="61.01503858" lon="14.42679614"><ele>209.0</ele></trkpt><trkpt lat="61.01504381" lon="14.42703779"><ele>209.0</ele></trkpt><trkpt lat="61.01503684" lon="14.42720847"><ele>209.0</ele></trkpt><trkpt lat="61.01503075" lon="14.42736926"><ele>209.0</ele></trkpt><trkpt lat="61.01502596" lon="14.42753545"><ele>209.0</ele></trkpt><trkpt lat="61.01502161" lon="14.42769895"><ele>209.0</ele></trkpt><trkpt lat="61.01501464" lon="14.42786244"><ele>209.0</ele></trkpt><trkpt lat="61.01500681" lon="14.42803312"><ele>209.0</ele></trkpt><trkpt lat="61.01499592" lon="14.42820380"><ele>209.0</ele></trkpt><trkpt lat="61.01498460" lon="14.42837897"><ele>209.0</ele></trkpt><trkpt lat="61.01496458" lon="14.42854875"><ele>209.0</ele></trkpt><trkpt lat="61.01492889" lon="14.42870865"><ele>209.0</ele></trkpt><trkpt lat="61.01489363" lon="14.42885867"><ele>209.0</ele></trkpt><trkpt lat="61.01486185" lon="14.42902037"><ele>209.0</ele></trkpt><trkpt lat="61.01482398" lon="14.42917667"><ele>208.0</ele></trkpt><trkpt lat="61.01478872" lon="14.42932849"><ele>208.0</ele></trkpt><trkpt lat="61.01475171" lon="14.42947761"><ele>208.0</ele></trkpt><trkpt lat="61.01472560" lon="14.42963122"><ele>208.0</ele></trkpt><trkpt lat="61.01467684" lon="14.42984861"><ele>208.0</ele></trkpt><trkpt lat="61.01463462" lon="14.43007768"><ele>208.0</ele></trkpt><trkpt lat="61.01460893" lon="14.43029238"><ele>208.0</ele></trkpt><trkpt lat="61.01458499" lon="14.43050079"><ele>208.0</ele></trkpt><trkpt lat="61.01456366" lon="14.43072717"><ele>208.0</ele></trkpt><trkpt lat="61.01454189" lon="14.43094456"><ele>208.0</ele></trkpt><trkpt lat="61.01454364" lon="14.43115566"><ele>208.0</ele></trkpt><trkpt lat="61.01454581" lon="14.43139821"><ele>209.0</ele></trkpt><trkpt lat="61.01453275" lon="14.43162638"><ele>209.0</ele></trkpt><trkpt lat="61.01453493" lon="14.43184737"><ele>209.0</ele></trkpt><trkpt lat="61.01454364" lon="14.43206656"><ele>210.0</ele></trkpt><trkpt lat="61.01454668" lon="14.43232168"><ele>211.0</ele></trkpt><trkpt lat="61.01453798" lon="14.43257051"><ele>211.0</ele></trkpt><trkpt lat="61.01451882" lon="14.43278611"><ele>211.0</ele></trkpt><trkpt lat="61.01448182" lon="14.43300440"><ele>211.0</ele></trkpt><trkpt lat="61.01444787" lon="14.43323347"><ele>211.0</ele></trkpt><trkpt lat="61.01441391" lon="14.43345176"><ele>211.0</ele></trkpt><trkpt lat="61.01436995" lon="14.43365657"><ele>209.0</ele></trkpt><trkpt lat="61.01432163" lon="14.43381198"><ele>209.0</ele></trkpt><trkpt lat="61.01426286" lon="14.43399524"><ele>209.0</ele></trkpt><trkpt lat="61.01419887" lon="14.43416951"><ele>209.0</ele></trkpt><trkpt lat="61.01416186" lon="14.43434199"><ele>209.0</ele></trkpt><trkpt lat="61.01411572" lon="14.43451177"><ele>206.0</ele></trkpt><trkpt lat="61.01405782" lon="14.43467167"><ele>206.0</ele></trkpt><trkpt lat="61.01400471" lon="14.43482438"><ele>203.0</ele></trkpt><trkpt lat="61.01392462" lon="14.43503459"><ele>203.0</ele></trkpt><trkpt lat="61.01384495" lon="14.43524659"><ele>202.0</ele></trkpt><trkpt lat="61.01376093" lon="14.43543973"><ele>202.0</ele></trkpt><trkpt lat="61.01368475" lon="14.43553226"><ele>203.0</ele></trkpt><trkpt lat="61.01356896" lon="14.43565353"><ele>203.0</ele></trkpt><trkpt lat="61.01348973" lon="14.43571731"><ele>203.0</ele></trkpt><trkpt lat="61.01340876" lon="14.43577480"><ele>203.0</ele></trkpt><trkpt lat="61.01333083" lon="14.43584577"><ele>203.0</ele></trkpt><trkpt lat="61.01325683" lon="14.43594458"><ele>203.0</ele></trkpt><trkpt lat="61.01316584" lon="14.43609640"><ele>202.0</ele></trkpt><trkpt lat="61.01309488" lon="14.43625270"><ele>202.0</ele></trkpt><trkpt lat="61.01302479" lon="14.43641799"><ele>202.0</ele></trkpt><trkpt lat="61.01294078" lon="14.43659586"><ele>202.0</ele></trkpt><trkpt lat="61.01288375" lon="14.43672881"><ele>202.0</ele></trkpt><trkpt lat="61.01281583" lon="14.43684919"><ele>202.0</ele></trkpt><trkpt lat="61.01274792" lon="14.43696237"><ele>202.0</ele></trkpt><trkpt lat="61.01268480" lon="14.43706927"><ele>202.0</ele></trkpt><trkpt lat="61.01261993" lon="14.43717258"><ele>202.0</ele></trkpt><trkpt lat="61.01254984" lon="14.43725612"><ele>203.0</ele></trkpt><trkpt lat="61.01248062" lon="14.43733517"><ele>203.0</ele></trkpt><trkpt lat="61.01240792" lon="14.43740884"><ele>203.0</ele></trkpt><trkpt lat="61.01233087" lon="14.43747980"><ele>203.0</ele></trkpt><trkpt lat="61.01226078" lon="14.43755167"><ele>203.0</ele></trkpt><trkpt lat="61.01218894" lon="14.43762533"><ele>203.0</ele></trkpt><trkpt lat="61.01211972" lon="14.43770438"><ele>203.0</ele></trkpt><trkpt lat="61.01205573" lon="14.43778433"><ele>203.0</ele></trkpt><trkpt lat="61.01199173" lon="14.43786788"><ele>203.0</ele></trkpt><trkpt lat="61.01192991" lon="14.43795142"><ele>203.0</ele></trkpt><trkpt lat="61.01186461" lon="14.43802867"><ele>203.0</ele></trkpt><trkpt lat="61.01180061" lon="14.43812120"><ele>203.0</ele></trkpt><trkpt lat="61.01173488" lon="14.43822900"><ele>203.0</ele></trkpt><trkpt lat="61.01167697" lon="14.43834219"><ele>203.0</ele></trkpt><trkpt lat="61.01161690" lon="14.43846436"><ele>203.0</ele></trkpt><trkpt lat="61.01153070" lon="14.43863414"><ele>201.0</ele></trkpt><trkpt lat="61.01146060" lon="14.43874194"><ele>201.0</ele></trkpt><trkpt lat="61.01135873" lon="14.43886411"><ele>201.0</ele></trkpt><trkpt lat="61.01128994" lon="14.43893867"><ele>201.0</ele></trkpt><trkpt lat="61.01119895" lon="14.43904557"><ele>200.0</ele></trkpt><trkpt lat="61.01111972" lon="14.43917492"><ele>200.0</ele></trkpt><trkpt lat="61.01104092" lon="14.43930698"><ele>200.0</ele></trkpt><trkpt lat="61.01095080" lon="14.43943094"><ele>200.0</ele></trkpt><trkpt lat="61.01088158" lon="14.43950820"><ele>200.0</ele></trkpt><trkpt lat="61.01077970" lon="14.43963666"><ele>200.0</ele></trkpt><trkpt lat="61.01069176" lon="14.43976512"><ele>200.0</ele></trkpt><trkpt lat="61.01059685" lon="14.43993220"><ele>201.0</ele></trkpt><trkpt lat="61.01050281" lon="14.44011726"><ele>201.0</ele></trkpt><trkpt lat="61.01041095" lon="14.44026278"><ele>201.0</ele></trkpt><trkpt lat="61.01031386" lon="14.44041819"><ele>202.0</ele></trkpt><trkpt lat="61.01021764" lon="14.44053946"><ele>202.0</ele></trkpt><trkpt lat="61.01011794" lon="14.44065984"><ele>202.0</ele></trkpt><trkpt lat="61.01001389" lon="14.44078021"><ele>202.0</ele></trkpt><trkpt lat="61.00990461" lon="14.44089520"><ele>202.0</ele></trkpt><trkpt lat="61.00979489" lon="14.44099671"><ele>202.0</ele></trkpt><trkpt lat="61.00968997" lon="14.44110271"><ele>201.0</ele></trkpt><trkpt lat="61.00957198" lon="14.44120422"><ele>201.0</ele></trkpt><trkpt lat="61.00945486" lon="14.44128147"><ele>201.0</ele></trkpt><trkpt lat="61.00934079" lon="14.44134166"><ele>201.0</ele></trkpt><trkpt lat="61.00923978" lon="14.44143958"><ele>201.0</ele></trkpt><trkpt lat="61.00914182" lon="14.44161385"><ele>201.0</ele></trkpt><trkpt lat="61.00906476" lon="14.44179172"><ele>201.0</ele></trkpt><trkpt lat="61.00897681" lon="14.44198126"><ele>201.0</ele></trkpt><trkpt lat="61.00891672" lon="14.44211960"><ele>201.0</ele></trkpt><trkpt lat="61.00884358" lon="14.44230735"><ele>201.0</ele></trkpt><trkpt lat="61.00877783" lon="14.44250498"><ele>201.0</ele></trkpt><trkpt lat="61.00872559" lon="14.44274663"><ele>201.0</ele></trkpt><trkpt lat="61.00868989" lon="14.44293437"><ele>201.0</ele></trkpt><trkpt lat="61.00867378" lon="14.44313829"><ele>203.0</ele></trkpt><trkpt lat="61.00869163" lon="14.44336287"><ele>203.0</ele></trkpt><trkpt lat="61.00873778" lon="14.44351648"><ele>203.0</ele></trkpt><trkpt lat="61.00878698" lon="14.44366111"><ele>203.0</ele></trkpt><trkpt lat="61.00885272" lon="14.44387940"><ele>202.0</ele></trkpt><trkpt lat="61.00890584" lon="14.44404379"><ele>202.0</ele></trkpt><trkpt lat="61.00895068" lon="14.44419381"><ele>202.0</ele></trkpt><trkpt lat="61.00899292" lon="14.44434024"><ele>202.0</ele></trkpt><trkpt lat="61.00903167" lon="14.44448756"><ele>202.0</ele></trkpt><trkpt lat="61.00906389" lon="14.44463848"><ele>201.0</ele></trkpt><trkpt lat="61.00908870" lon="14.44478580"><ele>201.0</ele></trkpt><trkpt lat="61.00909262" lon="14.44495019"><ele>201.0</ele></trkpt><trkpt lat="61.00908174" lon="14.44513345"><ele>201.0</ele></trkpt><trkpt lat="61.00906780" lon="14.44530233"><ele>201.0</ele></trkpt><trkpt lat="61.00904081" lon="14.44546044"><ele>200.0</ele></trkpt><trkpt lat="61.00901469" lon="14.44561944"><ele>200.0</ele></trkpt><trkpt lat="61.00898464" lon="14.44577485"><ele>200.0</ele></trkpt><trkpt lat="61.00895068" lon="14.44593654"><ele>200.0</ele></trkpt><trkpt lat="61.00891063" lon="14.44610632"><ele>200.0</ele></trkpt><trkpt lat="61.00888494" lon="14.44626982"><ele>201.0</ele></trkpt><trkpt lat="61.00885272" lon="14.44642972"><ele>201.0</ele></trkpt><trkpt lat="61.00882268" lon="14.44658872"><ele>201.0</ele></trkpt><trkpt lat="61.00880570" lon="14.44674682"><ele>201.0</ele></trkpt><trkpt lat="61.00879873" lon="14.44690493"><ele>201.0</ele></trkpt><trkpt lat="61.00879699" lon="14.44705584"><ele>201.0</ele></trkpt><trkpt lat="61.00880570" lon="14.44720946"><ele>201.0</ele></trkpt><trkpt lat="61.00881658" lon="14.44736397"><ele>201.0</ele></trkpt><trkpt lat="61.00882790" lon="14.44752297"><ele>201.0</ele></trkpt><trkpt lat="61.00883574" lon="14.44768197"><ele>201.0</ele></trkpt><trkpt lat="61.00883966" lon="14.44783468"><ele>201.0</ele></trkpt><trkpt lat="61.00883792" lon="14.44799189"><ele>201.0</ele></trkpt><trkpt lat="61.00883095" lon="14.44816077"><ele>201.0</ele></trkpt><trkpt lat="61.00882181" lon="14.44832696"><ele>201.0</ele></trkpt><trkpt lat="61.00882094" lon="14.44848237"><ele>201.0</ele></trkpt><trkpt lat="61.00881876" lon="14.44864317"><ele>201.0</ele></trkpt><trkpt lat="61.00881092" lon="14.44880127"><ele>201.0</ele></trkpt><trkpt lat="61.00880657" lon="14.44895398"><ele>201.0</ele></trkpt><trkpt lat="61.00880178" lon="14.44910939"><ele>201.0</ele></trkpt><trkpt lat="61.00879394" lon="14.44927828"><ele>201.0</ele></trkpt><trkpt lat="61.00878567" lon="14.44944626"><ele>200.0</ele></trkpt><trkpt lat="61.00877174" lon="14.44960436"><ele>200.0</ele></trkpt><trkpt lat="61.00875694" lon="14.44976157"><ele>200.0</ele></trkpt><trkpt lat="61.00874083" lon="14.44991338"><ele>200.0</ele></trkpt><trkpt lat="61.00872689" lon="14.45012449"><ele>200.0</ele></trkpt><trkpt lat="61.00872167" lon="14.45032481"><ele>200.0</ele></trkpt><trkpt lat="61.00873473" lon="14.45053951"><ele>200.0</ele></trkpt><trkpt lat="61.00877958" lon="14.45074792"><ele>200.0</ele></trkpt><trkpt lat="61.00884358" lon="14.45092938"><ele>199.0</ele></trkpt><trkpt lat="61.00891890" lon="14.45109018"><ele>199.0</ele></trkpt><trkpt lat="61.00899684" lon="14.45127433"><ele>199.0</ele></trkpt><trkpt lat="61.00907695" lon="14.45144411"><ele>199.0</ele></trkpt><trkpt lat="61.00915880" lon="14.45160581"><ele>199.0</ele></trkpt><trkpt lat="61.00921192" lon="14.45173696"><ele>199.0</ele></trkpt><trkpt lat="61.00925197" lon="14.45189956"><ele>199.0</ele></trkpt><trkpt lat="61.00928680" lon="14.45209539"><ele>199.0</ele></trkpt><trkpt lat="61.00930596" lon="14.45225529"><ele>199.0</ele></trkpt><trkpt lat="61.00931989" lon="14.45243046"><ele>199.0</ele></trkpt><trkpt lat="61.00933861" lon="14.45258947"><ele>199.0</ele></trkpt><trkpt lat="61.00935559" lon="14.45274218"><ele>199.0</ele></trkpt><trkpt lat="61.00936474" lon="14.45290747"><ele>199.0</ele></trkpt><trkpt lat="61.00935385" lon="14.45308084"><ele>199.0</ele></trkpt><trkpt lat="61.00934166" lon="14.45324973"><ele>199.0</ele></trkpt><trkpt lat="61.00932294" lon="14.45340963"><ele>199.0</ele></trkpt><trkpt lat="61.00930161" lon="14.45363241"><ele>199.0</ele></trkpt><trkpt lat="61.00928463" lon="14.45385250"><ele>199.0</ele></trkpt><trkpt lat="61.00925197" lon="14.45406630"><ele>199.0</ele></trkpt><trkpt lat="61.00918971" lon="14.45427650"><ele>199.0</ele></trkpt><trkpt lat="61.00911962" lon="14.45449300"><ele>200.0</ele></trkpt><trkpt lat="61.00906476" lon="14.45464212"><ele>200.0</ele></trkpt><trkpt lat="61.00901382" lon="14.45478854"><ele>200.0</ele></trkpt><trkpt lat="61.00896157" lon="14.45493227"><ele>200.0</ele></trkpt><trkpt lat="61.00888668" lon="14.45511912"><ele>200.0</ele></trkpt><trkpt lat="61.00880962" lon="14.45528711"><ele>200.0</ele></trkpt><trkpt lat="61.00872864" lon="14.45545869"><ele>200.0</ele></trkpt><trkpt lat="61.00866986" lon="14.45557547"><ele>200.0</ele></trkpt><trkpt lat="61.00861369" lon="14.45569135"><ele>200.0</ele></trkpt><trkpt lat="61.00856188" lon="14.45581262"><ele>200.0</ele></trkpt><trkpt lat="61.00850963" lon="14.45592940"><ele>200.0</ele></trkpt><trkpt lat="61.00845782" lon="14.45604618"><ele>200.0</ele></trkpt><trkpt lat="61.00841385" lon="14.45617734"><ele>200.0</ele></trkpt><trkpt lat="61.00835899" lon="14.45636958"><ele>200.0</ele></trkpt><trkpt lat="61.00831196" lon="14.45655463"><ele>200.0</ele></trkpt><trkpt lat="61.00828279" lon="14.45670465"><ele>200.0</ele></trkpt><trkpt lat="61.00825057" lon="14.45686185"><ele>200.0</ele></trkpt><trkpt lat="61.00821269" lon="14.45699750"><ele>200.0</ele></trkpt><trkpt lat="61.00817394" lon="14.45714662"><ele>200.0</ele></trkpt><trkpt lat="61.00812474" lon="14.45730382"><ele>200.0</ele></trkpt><trkpt lat="61.00807467" lon="14.45744217"><ele>200.0</ele></trkpt><trkpt lat="61.00802678" lon="14.45758230"><ele>200.0</ele></trkpt><trkpt lat="61.00797366" lon="14.45771795"><ele>200.0</ele></trkpt><trkpt lat="61.00788396" lon="14.45796768"><ele>200.0</ele></trkpt><trkpt lat="61.00784695" lon="14.45810961"><ele>200.0</ele></trkpt><trkpt lat="61.00781082" lon="14.45824077"><ele>200.0</ele></trkpt><trkpt lat="61.00777772" lon="14.45838540"><ele>200.0</ele></trkpt><trkpt lat="61.00776074" lon="14.45853092"><ele>200.0</ele></trkpt><trkpt lat="61.00775378" lon="14.45868543"><ele>200.0</ele></trkpt><trkpt lat="61.00775465" lon="14.45883815"><ele>200.0</ele></trkpt><trkpt lat="61.00775683" lon="14.45899625"><ele>200.0</ele></trkpt><trkpt lat="61.00775595" lon="14.45915166"><ele>200.0</ele></trkpt><trkpt lat="61.00774681" lon="14.45931425"><ele>201.0</ele></trkpt><trkpt lat="61.00772678" lon="14.45947954"><ele>201.0</ele></trkpt><trkpt lat="61.00770458" lon="14.45963765"><ele>201.0</ele></trkpt><trkpt lat="61.00768063" lon="14.45977868"><ele>201.0</ele></trkpt><trkpt lat="61.00765363" lon="14.45991972"><ele>201.0</ele></trkpt><trkpt lat="61.00761096" lon="14.46012813"><ele>201.0</ele></trkpt><trkpt lat="61.00757178" lon="14.46033115"><ele>201.0</ele></trkpt><trkpt lat="61.00754478" lon="14.46047128"><ele>201.0</ele></trkpt><trkpt lat="61.00751387" lon="14.46062040"><ele>200.0</ele></trkpt><trkpt lat="61.00748382" lon="14.46076414"><ele>200.0</ele></trkpt><trkpt lat="61.00744681" lon="14.46090068"><ele>200.0</ele></trkpt><trkpt lat="61.00741764" lon="14.46105699"><ele>200.0</ele></trkpt><trkpt lat="61.00737192" lon="14.46126629"><ele>200.0</ele></trkpt><trkpt lat="61.00733100" lon="14.46141362"><ele>200.0</ele></trkpt><trkpt lat="61.00728571" lon="14.46155465"><ele>200.0</ele></trkpt><trkpt lat="61.00723564" lon="14.46168581"><ele>200.0</ele></trkpt><trkpt lat="61.00715770" lon="14.46186816"><ele>200.0</ele></trkpt><trkpt lat="61.00708760" lon="14.46205861"><ele>200.0</ele></trkpt><trkpt lat="61.00703796" lon="14.46218437"><ele>200.0</ele></trkpt><trkpt lat="61.00698876" lon="14.46231732"><ele>200.0</ele></trkpt><trkpt lat="61.00694391" lon="14.46244398"><ele>200.0</ele></trkpt><trkpt lat="61.00689079" lon="14.46256975"><ele>200.0</ele></trkpt><trkpt lat="61.00684072" lon="14.46269731"><ele>201.0</ele></trkpt><trkpt lat="61.00678977" lon="14.46282397"><ele>201.0</ele></trkpt><trkpt lat="61.00672795" lon="14.46298387"><ele>201.0</ele></trkpt><trkpt lat="61.00667569" lon="14.46315365"><ele>201.0</ele></trkpt><trkpt lat="61.00663694" lon="14.46328121"><ele>203.0</ele></trkpt><trkpt lat="61.00659471" lon="14.46342584"><ele>203.0</ele></trkpt><trkpt lat="61.00654594" lon="14.46357766"><ele>203.0</ele></trkpt><trkpt lat="61.00650980" lon="14.46373756"><ele>203.0</ele></trkpt><trkpt lat="61.00647192" lon="14.46388578"><ele>203.0</ele></trkpt><trkpt lat="61.00639485" lon="14.46414719"><ele>202.0</ele></trkpt><trkpt lat="61.00635000" lon="14.46426936"><ele>202.0</ele></trkpt><trkpt lat="61.00630994" lon="14.46448136"><ele>202.0</ele></trkpt><trkpt lat="61.00628773" lon="14.46462779"><ele>200.0</ele></trkpt><trkpt lat="61.00626596" lon="14.46477152"><ele>200.0</ele></trkpt><trkpt lat="61.00623461" lon="14.46499520"><ele>200.0</ele></trkpt><trkpt lat="61.00622373" lon="14.46522158"><ele>200.0</ele></trkpt><trkpt lat="61.00620065" lon="14.46542998"><ele>200.0</ele></trkpt><trkpt lat="61.00612184" lon="14.46576326"><ele>200.0</ele></trkpt><trkpt lat="61.00607873" lon="14.46589980"><ele>200.0</ele></trkpt><trkpt lat="61.00601559" lon="14.46603365"><ele>200.0</ele></trkpt><trkpt lat="61.00594766" lon="14.46615493"><ele>200.0</ele></trkpt><trkpt lat="61.00587887" lon="14.46631123"><ele>200.0</ele></trkpt><trkpt lat="61.00582574" lon="14.46644059"><ele>200.0</ele></trkpt><trkpt lat="61.00575477" lon="14.46661666"><ele>203.0</ele></trkpt><trkpt lat="61.00567770" lon="14.46679542"><ele>203.0</ele></trkpt><trkpt lat="61.00562370" lon="14.46692388"><ele>204.0</ele></trkpt><trkpt lat="61.00557188" lon="14.46705055"><ele>204.0</ele></trkpt><trkpt lat="61.00551963" lon="14.46716912"><ele>204.0</ele></trkpt><trkpt lat="61.00546782" lon="14.46728950"><ele>204.0</ele></trkpt><trkpt lat="61.00540598" lon="14.46745119"><ele>204.0</ele></trkpt><trkpt lat="61.00533283" lon="14.46763086"><ele>204.0</ele></trkpt><trkpt lat="61.00525968" lon="14.46782130"><ele>203.0</ele></trkpt><trkpt lat="61.00518696" lon="14.46802342"><ele>203.0</ele></trkpt><trkpt lat="61.00514472" lon="14.46816715"><ele>203.0</ele></trkpt><trkpt lat="61.00510074" lon="14.46832166"><ele>203.0</ele></trkpt><trkpt lat="61.00505284" lon="14.46852827"><ele>201.0</ele></trkpt><trkpt lat="61.00501365" lon="14.46873489"><ele>201.0</ele></trkpt><trkpt lat="61.00497098" lon="14.46897923"><ele>201.0</ele></trkpt><trkpt lat="61.00492177" lon="14.46918315"><ele>200.0</ele></trkpt><trkpt lat="61.00487692" lon="14.46938527"><ele>200.0</ele></trkpt><trkpt lat="61.00483686" lon="14.46959996"><ele>200.0</ele></trkpt><trkpt lat="61.00479680" lon="14.46981376"><ele>200.0</ele></trkpt><trkpt lat="61.00478069" lon="14.47002038"><ele>200.0</ele></trkpt><trkpt lat="61.00480594" lon="14.47026472"><ele>200.0</ele></trkpt><trkpt lat="61.00483468" lon="14.47049738"><ele>200.0</ele></trkpt><trkpt lat="61.00485559" lon="14.47072915"><ele>200.0</ele></trkpt><trkpt lat="61.00488171" lon="14.47096361"><ele>200.0</ele></trkpt><trkpt lat="61.00490784" lon="14.47118998"><ele>200.0</ele></trkpt><trkpt lat="61.00492395" lon="14.47142714"><ele>200.0</ele></trkpt><trkpt lat="61.00494267" lon="14.47159153"><ele>200.0</ele></trkpt><trkpt lat="61.00497795" lon="14.47180982"><ele>200.0</ele></trkpt><trkpt lat="61.00499188" lon="14.47203979"><ele>200.0</ele></trkpt><trkpt lat="61.00498186" lon="14.47227784"><ele>201.0</ele></trkpt><trkpt lat="61.00497359" lon="14.47251590"><ele>201.0</ele></trkpt><trkpt lat="61.00495182" lon="14.47269736"><ele>201.0</ele></trkpt><trkpt lat="61.00491785" lon="14.47290127"><ele>203.0</ele></trkpt><trkpt lat="61.00489173" lon="14.47311148"><ele>203.0</ele></trkpt><trkpt lat="61.00487257" lon="14.47333336"><ele>203.0</ele></trkpt><trkpt lat="61.00487387" lon="14.47355345"><ele>202.0</ele></trkpt><trkpt lat="61.00488258" lon="14.47378522"><ele>202.0</ele></trkpt><trkpt lat="61.00488389" lon="14.47403764"><ele>202.0</ele></trkpt><trkpt lat="61.00490479" lon="14.47427120"><ele>203.0</ele></trkpt><trkpt lat="61.00495400" lon="14.47450926"><ele>203.0</ele></trkpt><trkpt lat="61.00499188" lon="14.47466197"><ele>203.0</ele></trkpt><trkpt lat="61.00503063" lon="14.47482367"><ele>203.0</ele></trkpt><trkpt lat="61.00507374" lon="14.47497458"><ele>203.0</ele></trkpt><trkpt lat="61.00509987" lon="14.47520455"><ele>204.0</ele></trkpt><trkpt lat="61.00511380" lon="14.47542284"><ele>204.0</ele></trkpt><trkpt lat="61.00511163" lon="14.47564922"><ele>204.0</ele></trkpt><trkpt lat="61.00511467" lon="14.47588817"><ele>204.0</ele></trkpt><trkpt lat="61.00511598" lon="14.47606244"><ele>204.0</ele></trkpt><trkpt lat="61.00511293" lon="14.47624570"><ele>204.0</ele></trkpt><trkpt lat="61.00511380" lon="14.47643614"><ele>204.0</ele></trkpt><trkpt lat="61.00510988" lon="14.47668767"><ele>202.0</ele></trkpt><trkpt lat="61.00508768" lon="14.47685476"><ele>202.0</ele></trkpt><trkpt lat="61.00505894" lon="14.47709461"><ele>202.0</ele></trkpt><trkpt lat="61.00502672" lon="14.47734883"><ele>202.0</ele></trkpt><trkpt lat="61.00498883" lon="14.47760216"><ele>201.0</ele></trkpt><trkpt lat="61.00494398" lon="14.47783931"><ele>201.0</ele></trkpt><trkpt lat="61.00489478" lon="14.47806838"><ele>201.0</ele></trkpt><trkpt lat="61.00484470" lon="14.47828667"><ele>200.0</ele></trkpt><trkpt lat="61.00480899" lon="14.47850586"><ele>200.0</ele></trkpt><trkpt lat="61.00474368" lon="14.47871247"><ele>200.0</ele></trkpt><trkpt lat="61.00468576" lon="14.47892178"><ele>200.0</ele></trkpt><trkpt lat="61.00464657" lon="14.47913648"><ele>200.0</ele></trkpt><trkpt lat="61.00462393" lon="14.47936196"><ele>200.0</ele></trkpt><trkpt lat="61.00458866" lon="14.47958564"><ele>200.0</ele></trkpt><trkpt lat="61.00455861" lon="14.47980662"><ele>201.0</ele></trkpt><trkpt lat="61.00453074" lon="14.48002312"><ele>201.0</ele></trkpt><trkpt lat="61.00448284" lon="14.48024949"><ele>201.0</ele></trkpt><trkpt lat="61.00443364" lon="14.48049114"><ele>201.0</ele></trkpt><trkpt lat="61.00438791" lon="14.48071123"><ele>201.0</ele></trkpt><trkpt lat="61.00436092" lon="14.48092952"><ele>201.0</ele></trkpt><trkpt lat="61.00434176" lon="14.48114960"><ele>201.0</ele></trkpt><trkpt lat="61.00433784" lon="14.48136250"><ele>201.0</ele></trkpt><trkpt lat="61.00435177" lon="14.48158798"><ele>201.0</ele></trkpt><trkpt lat="61.00441491" lon="14.48184220"><ele>201.0</ele></trkpt><trkpt lat="61.00445672" lon="14.48200660"><ele>201.0</ele></trkpt><trkpt lat="61.00451768" lon="14.48223567"><ele>201.0</ele></trkpt><trkpt lat="61.00455774" lon="14.48240635"><ele>201.0</ele></trkpt><trkpt lat="61.00459562" lon="14.48255726"><ele>201.0</ele></trkpt><trkpt lat="61.00463699" lon="14.48270459"><ele>200.0</ele></trkpt><trkpt lat="61.00466965" lon="14.48285371"><ele>200.0</ele></trkpt><trkpt lat="61.00469970" lon="14.48300642"><ele>200.0</ele></trkpt><trkpt lat="61.00473584" lon="14.48314656"><ele>200.0</ele></trkpt><trkpt lat="61.00477285" lon="14.48328580"><ele>200.0</ele></trkpt><trkpt lat="61.00480290" lon="14.48343671"><ele>199.0</ele></trkpt><trkpt lat="61.00481378" lon="14.48359931"><ele>199.0</ele></trkpt><trkpt lat="61.00481161" lon="14.48377089"><ele>199.0</ele></trkpt><trkpt lat="61.00474977" lon="14.48401343"><ele>199.0</ele></trkpt><trkpt lat="61.00464091" lon="14.48413650"><ele>198.0</ele></trkpt><trkpt lat="61.00453597" lon="14.48427215"><ele>198.0</ele></trkpt><trkpt lat="61.00444278" lon="14.48440779"><ele>198.0</ele></trkpt><trkpt lat="61.00435177" lon="14.48456051"><ele>198.0</ele></trkpt><trkpt lat="61.00426294" lon="14.48470154"><ele>198.0</ele></trkpt><trkpt lat="61.00417498" lon="14.48485695"><ele>198.0</ele></trkpt><trkpt lat="61.00407177" lon="14.48500248"><ele>198.0</ele></trkpt><trkpt lat="61.00397684" lon="14.48511028"><ele>198.0</ele></trkpt><trkpt lat="61.00387974" lon="14.48527826"><ele>198.0</ele></trkpt><trkpt lat="61.00378176" lon="14.48543636"><ele>198.0</ele></trkpt><trkpt lat="61.00369467" lon="14.48558369"><ele>198.0</ele></trkpt><trkpt lat="61.00361062" lon="14.48575077"><ele>198.0</ele></trkpt><trkpt lat="61.00353659" lon="14.48589990"><ele>198.0</ele></trkpt><trkpt lat="61.00346866" lon="14.48604452"><ele>198.0</ele></trkpt><trkpt lat="61.00340683" lon="14.48621790"><ele>199.0</ele></trkpt><trkpt lat="61.00334064" lon="14.48644338"><ele>199.0</ele></trkpt><trkpt lat="61.00330885" lon="14.48666795"><ele>199.0</ele></trkpt><trkpt lat="61.00327183" lon="14.48691319"><ele>199.0</ele></trkpt><trkpt lat="61.00324483" lon="14.48717011"><ele>199.0</ele></trkpt><trkpt lat="61.00322959" lon="14.48741356"><ele>199.0</ele></trkpt><trkpt lat="61.00321391" lon="14.48759591"><ele>199.0</ele></trkpt><trkpt lat="61.00318996" lon="14.48780522"><ele>191.0</ele></trkpt><trkpt lat="61.00317385" lon="14.48799117"><ele>191.0</ele></trkpt><trkpt lat="61.00316079" lon="14.48815916"><ele>191.0</ele></trkpt><trkpt lat="61.00314685" lon="14.48832535"><ele>191.0</ele></trkpt><trkpt lat="61.00313597" lon="14.48848794"><ele>191.0</ele></trkpt><trkpt lat="61.00312987" lon="14.48864964"><ele>191.0</ele></trkpt><trkpt lat="61.00312159" lon="14.48881133"><ele>191.0</ele></trkpt><trkpt lat="61.00311463" lon="14.48898381"><ele>191.0</ele></trkpt><trkpt lat="61.00310461" lon="14.48914191"><ele>191.0</ele></trkpt><trkpt lat="61.00308066" lon="14.48934314"><ele>191.0</ele></trkpt><trkpt lat="61.00306977" lon="14.48953987"><ele>191.0</ele></trkpt><trkpt lat="61.00304277" lon="14.48976175"><ele>191.0</ele></trkpt><trkpt lat="61.00299792" lon="14.48997914"><ele>191.0</ele></trkpt><trkpt lat="61.00296265" lon="14.49022349"><ele>191.0</ele></trkpt><trkpt lat="61.00294566" lon="14.49044717"><ele>191.0</ele></trkpt><trkpt lat="61.00300184" lon="14.49068522"><ele>191.0</ele></trkpt><trkpt lat="61.00305061" lon="14.49083793"><ele>191.0</ele></trkpt><trkpt lat="61.00308981" lon="14.49098795"><ele>191.0</ele></trkpt><trkpt lat="61.00313379" lon="14.49112180"><ele>191.0</ele></trkpt><trkpt lat="61.00320695" lon="14.49128979"><ele>191.0</ele></trkpt><trkpt lat="61.00327575" lon="14.49142364"><ele>191.0</ele></trkpt><trkpt lat="61.00335065" lon="14.49155928"><ele>191.0</ele></trkpt><trkpt lat="61.00344471" lon="14.49167337"><ele>191.0</ele></trkpt><trkpt lat="61.00355575" lon="14.49178656"><ele>191.0</ele></trkpt><trkpt lat="61.00365286" lon="14.49190244"><ele>191.0</ele></trkpt><trkpt lat="61.00375171" lon="14.49200664"><ele>191.0</ele></trkpt><trkpt lat="61.00383489" lon="14.49215127"><ele>191.0</ele></trkpt><trkpt lat="61.00390499" lon="14.49228063"><ele>194.0</ele></trkpt><trkpt lat="61.00394985" lon="14.49249173"><ele>194.0</ele></trkpt><trkpt lat="61.00396596" lon="14.49266690"><ele>195.0</ele></trkpt><trkpt lat="61.00399078" lon="14.49296425"><ele>196.0</ele></trkpt><trkpt lat="61.00403258" lon="14.49324093"><ele>196.0</ele></trkpt><trkpt lat="61.00406481" lon="14.49337478"><ele>195.0</ele></trkpt><trkpt lat="61.00411880" lon="14.49350773"><ele>195.0</ele></trkpt><trkpt lat="61.00417672" lon="14.49364158"><ele>194.0</ele></trkpt><trkpt lat="61.00423986" lon="14.49377812"><ele>194.0</ele></trkpt><trkpt lat="61.00429386" lon="14.49392275"><ele>194.0</ele></trkpt><trkpt lat="61.00434698" lon="14.49414912"><ele>194.0</ele></trkpt><trkpt lat="61.00438791" lon="14.49434496"><ele>190.0</ele></trkpt><trkpt lat="61.00443799" lon="14.49455067"><ele>190.0</ele></trkpt><trkpt lat="61.00449286" lon="14.49477435"><ele>189.0</ele></trkpt><trkpt lat="61.00454990" lon="14.49496929"><ele>188.0</ele></trkpt><trkpt lat="61.00462567" lon="14.49517051"><ele>188.0</ele></trkpt><trkpt lat="61.00469578" lon="14.49533580"><ele>188.0</ele></trkpt><trkpt lat="61.00477372" lon="14.49547414"><ele>188.0</ele></trkpt><trkpt lat="61.00484775" lon="14.49565829"><ele>188.0</ele></trkpt><trkpt lat="61.00492395" lon="14.49584155"><ele>188.0</ele></trkpt><trkpt lat="61.00501278" lon="14.49600864"><ele>188.0</ele></trkpt><trkpt lat="61.00509987" lon="14.49615057"><ele>188.0</ele></trkpt><trkpt lat="61.00519392" lon="14.49628622"><ele>188.0</ele></trkpt><trkpt lat="61.00528885" lon="14.49644522"><ele>188.0</ele></trkpt><trkpt lat="61.00536984" lon="14.49663297"><ele>188.0</ele></trkpt><trkpt lat="61.00542471" lon="14.49687551"><ele>188.0</ele></trkpt><trkpt lat="61.00544169" lon="14.49704170"><ele>188.0</ele></trkpt><trkpt lat="61.00544082" lon="14.49730131"><ele>188.0</ele></trkpt><trkpt lat="61.00543298" lon="14.49747469"><ele>188.0</ele></trkpt><trkpt lat="61.00541992" lon="14.49768489"><ele>188.0</ele></trkpt><trkpt lat="61.00539161" lon="14.49784928"><ele>188.0</ele></trkpt><trkpt lat="61.00533675" lon="14.49806219"><ele>188.0</ele></trkpt><trkpt lat="61.00525968" lon="14.49828587"><ele>187.0</ele></trkpt><trkpt lat="61.00516562" lon="14.49849338"><ele>187.0</ele></trkpt><trkpt lat="61.00509160" lon="14.49861375"><ele>187.0</ele></trkpt><trkpt lat="61.00500799" lon="14.49879341"><ele>187.0</ele></trkpt><trkpt lat="61.00495879" lon="14.49892636"><ele>186.0</ele></trkpt><trkpt lat="61.00492482" lon="14.49906740"><ele>186.0</ele></trkpt><trkpt lat="61.00488476" lon="14.49920125"><ele>186.0</ele></trkpt><trkpt lat="61.00482293" lon="14.49943122"><ele>186.0</ele></trkpt><trkpt lat="61.00477764" lon="14.49957764"><ele>186.0</ele></trkpt><trkpt lat="61.00474280" lon="14.49972856"><ele>186.0</ele></trkpt><trkpt lat="61.00470361" lon="14.49995853"><ele>186.0</ele></trkpt><trkpt lat="61.00467488" lon="14.50020287"><ele>186.0</ele></trkpt><trkpt lat="61.00463873" lon="14.50041936"><ele>186.0</ele></trkpt><trkpt lat="61.00459258" lon="14.50063766"><ele>186.0</ele></trkpt><trkpt lat="61.00456166" lon="14.50086583"><ele>186.0</ele></trkpt><trkpt lat="61.00452290" lon="14.50110478"><ele>186.0</ele></trkpt><trkpt lat="61.00448981" lon="14.50134553"><ele>186.0</ele></trkpt><trkpt lat="61.00446194" lon="14.50159436"><ele>186.0</ele></trkpt><trkpt lat="61.00442667" lon="14.50181175"><ele>186.0</ele></trkpt><trkpt lat="61.00437398" lon="14.50202825"><ele>185.0</ele></trkpt><trkpt lat="61.00433392" lon="14.50223935"><ele>185.0</ele></trkpt><trkpt lat="61.00432260" lon="14.50247471"><ele>185.0</ele></trkpt><trkpt lat="61.00430561" lon="14.50271456"><ele>184.0</ele></trkpt><trkpt lat="61.00425771" lon="14.50292746"><ele>184.0</ele></trkpt><trkpt lat="61.00420677" lon="14.50312868"><ele>184.0</ele></trkpt><trkpt lat="61.00415887" lon="14.50334518"><ele>184.0</ele></trkpt><trkpt lat="61.00413883" lon="14.50358593"><ele>182.0</ele></trkpt><trkpt lat="61.00411576" lon="14.50381140"><ele>182.0</ele></trkpt><trkpt lat="61.00408571" lon="14.50401352"><ele>182.0</ele></trkpt><trkpt lat="61.00405566" lon="14.50425158"><ele>182.0</ele></trkpt><trkpt lat="61.00402779" lon="14.50446628"><ele>182.0</ele></trkpt><trkpt lat="61.00400994" lon="14.50467289"><ele>182.0</ele></trkpt><trkpt lat="61.00401081" lon="14.50489298"><ele>182.0</ele></trkpt><trkpt lat="61.00401081" lon="14.50510138"><ele>183.0</ele></trkpt><trkpt lat="61.00403171" lon="14.50536100"><ele>183.0</ele></trkpt><trkpt lat="61.00403171" lon="14.50560354"><ele>183.0</ele></trkpt><trkpt lat="61.00399775" lon="14.50583082"><ele>185.0</ele></trkpt><trkpt lat="61.00397162" lon="14.50605719"><ele>185.0</ele></trkpt><trkpt lat="61.00399470" lon="14.50630423"><ele>185.0</ele></trkpt><trkpt lat="61.00405261" lon="14.50654857"><ele>185.0</ele></trkpt><trkpt lat="61.00413187" lon="14.50671835"><ele>185.0</ele></trkpt><trkpt lat="61.00421199" lon="14.50688634"><ele>185.0</ele></trkpt><trkpt lat="61.00427078" lon="14.50709115"><ele>185.0</ele></trkpt><trkpt lat="61.00428079" lon="14.50725375"><ele>185.0</ele></trkpt><trkpt lat="61.00427470" lon="14.50741814"><ele>185.0</ele></trkpt><trkpt lat="61.00426991" lon="14.50758343"><ele>185.0</ele></trkpt><trkpt lat="61.00425684" lon="14.50781789"><ele>184.0</ele></trkpt><trkpt lat="61.00425771" lon="14.50806313"><ele>184.0</ele></trkpt><trkpt lat="61.00425858" lon="14.50832274"><ele>184.0</ele></trkpt><trkpt lat="61.00424291" lon="14.50858595"><ele>184.0</ele></trkpt><trkpt lat="61.00422288" lon="14.50884736"><ele>179.0</ele></trkpt><trkpt lat="61.00420067" lon="14.50903062"><ele>178.0</ele></trkpt><trkpt lat="61.00415364" lon="14.50927316"><ele>178.0</ele></trkpt><trkpt lat="61.00413666" lon="14.50953816"><ele>177.0</ele></trkpt><trkpt lat="61.00410574" lon="14.50973579"><ele>177.0</ele></trkpt><trkpt lat="61.00407874" lon="14.50994959"><ele>177.0</ele></trkpt><trkpt lat="61.00405174" lon="14.51019573"><ele>177.0</ele></trkpt><trkpt lat="61.00405479" lon="14.51044456"><ele>176.0</ele></trkpt><trkpt lat="61.00409093" lon="14.51065657"><ele>176.0</ele></trkpt><trkpt lat="61.00414493" lon="14.51089192"><ele>176.0</ele></trkpt><trkpt lat="61.00421373" lon="14.51106171"><ele>177.0</ele></trkpt><trkpt lat="61.00429778" lon="14.51120095"><ele>177.0</ele></trkpt><trkpt lat="61.00438269" lon="14.51133030"><ele>177.0</ele></trkpt><trkpt lat="61.00445193" lon="14.51143541"><ele>180.0</ele></trkpt><trkpt lat="61.00451071" lon="14.51152434"><ele>180.0</ele></trkpt><trkpt lat="61.00458300" lon="14.51162944"><ele>181.0</ele></trkpt><trkpt lat="61.00464962" lon="14.51172376"><ele>181.0</ele></trkpt><trkpt lat="61.00472495" lon="14.51180282"><ele>180.0</ele></trkpt><trkpt lat="61.00484078" lon="14.51192499"><ele>180.0</ele></trkpt><trkpt lat="61.00495791" lon="14.51208399"><ele>180.0</ele></trkpt><trkpt lat="61.00502976" lon="14.51220796"><ele>180.0</ele></trkpt><trkpt lat="61.00509160" lon="14.51233462"><ele>177.0</ele></trkpt><trkpt lat="61.00514864" lon="14.51246667"><ele>176.0</ele></trkpt><trkpt lat="61.00523486" lon="14.51265172"><ele>175.0</ele></trkpt><trkpt lat="61.00528972" lon="14.51277749"><ele>175.0</ele></trkpt><trkpt lat="61.00533283" lon="14.51293380"><ele>175.0</ele></trkpt><trkpt lat="61.00540598" lon="14.51315478"><ele>174.0</ele></trkpt><trkpt lat="61.00546782" lon="14.51331738"><ele>174.0</ele></trkpt><trkpt lat="61.00552094" lon="14.51353926"><ele>173.0</ele></trkpt><trkpt lat="61.00553792" lon="14.51378450"><ele>172.0</ele></trkpt><trkpt lat="61.00557188" lon="14.51400099"><ele>172.0</ele></trkpt><trkpt lat="61.00561673" lon="14.51423545"><ele>172.0</ele></trkpt><trkpt lat="61.00566376" lon="14.51448698"><ele>172.0</ele></trkpt><trkpt lat="61.00572385" lon="14.51473043"><ele>172.0</ele></trkpt><trkpt lat="61.00577262" lon="14.51494692"><ele>172.0</ele></trkpt><trkpt lat="61.00580658" lon="14.51520474"><ele>172.0</ele></trkpt><trkpt lat="61.00586493" lon="14.51546525"><ele>172.0</ele></trkpt><trkpt lat="61.00590064" lon="14.51569881"><ele>172.0</ele></trkpt><trkpt lat="61.00595289" lon="14.51594135"><ele>172.0</ele></trkpt><trkpt lat="61.00600383" lon="14.51617671"><ele>172.0</ele></trkpt><trkpt lat="61.00602082" lon="14.51635817"><ele>172.0</ele></trkpt><trkpt lat="61.00601994" lon="14.51660611"><ele>172.0</ele></trkpt><trkpt lat="61.00602865" lon="14.51685045"><ele>172.0</ele></trkpt><trkpt lat="61.00604564" lon="14.51706874"><ele>173.0</ele></trkpt><trkpt lat="61.00606566" lon="14.51726727"><ele>173.0</ele></trkpt><trkpt lat="61.00608395" lon="14.51743435"><ele>173.0</ele></trkpt><trkpt lat="61.00610398" lon="14.51760593"><ele>173.0</ele></trkpt><trkpt lat="61.00611661" lon="14.51777841"><ele>174.0</ele></trkpt><trkpt lat="61.00612184" lon="14.51801017"><ele>174.0</ele></trkpt><trkpt lat="61.00613795" lon="14.51822487"><ele>174.0</ele></trkpt><trkpt lat="61.00617670" lon="14.51843867"><ele>173.0</ele></trkpt><trkpt lat="61.00622590" lon="14.51862822"><ele>173.0</ele></trkpt><trkpt lat="61.00631386" lon="14.51875218"><ele>173.0</ele></trkpt><trkpt lat="61.00641880" lon="14.51869918"><ele>172.0</ele></trkpt><trkpt lat="61.00654463" lon="14.51862462"><ele>172.0</ele></trkpt><trkpt lat="61.00666481" lon="14.51867762"><ele>172.0</ele></trkpt><trkpt lat="61.00679761" lon="14.51877913"><ele>171.0</ele></trkpt><trkpt lat="61.00691082" lon="14.51890220"><ele>171.0</ele></trkpt><trkpt lat="61.00700095" lon="14.51902168"><ele>171.0</ele></trkpt><trkpt lat="61.00707976" lon="14.51910522"><ele>171.0</ele></trkpt><trkpt lat="61.00715161" lon="14.51915014"><ele>171.0</ele></trkpt><trkpt lat="61.00722388" lon="14.51912139"><ele>172.0</ele></trkpt><trkpt lat="61.00729965" lon="14.51909534"><ele>172.0</ele></trkpt><trkpt lat="61.00737889" lon="14.51908276"><ele>172.0</ele></trkpt><trkpt lat="61.00746162" lon="14.51909444"><ele>172.0</ele></trkpt><trkpt lat="61.00753999" lon="14.51915912"><ele>172.0</ele></trkpt><trkpt lat="61.00760792" lon="14.51928129"><ele>173.0</ele></trkpt><trkpt lat="61.00766278" lon="14.51946365"><ele>173.0</ele></trkpt><trkpt lat="61.00771894" lon="14.51962894"><ele>173.0</ele></trkpt><trkpt lat="61.00776466" lon="14.51975740"><ele>173.0</ele></trkpt><trkpt lat="61.00780167" lon="14.51988676"><ele>173.0</ele></trkpt><trkpt lat="61.00785087" lon="14.52008169"><ele>173.0</ele></trkpt><trkpt lat="61.00788658" lon="14.52023800"><ele>173.0</ele></trkpt><trkpt lat="61.00792184" lon="14.52039880"><ele>173.0</ele></trkpt><trkpt lat="61.00795668" lon="14.52054971"><ele>173.0</ele></trkpt><trkpt lat="61.00800065" lon="14.52067278"><ele>173.0</ele></trkpt><trkpt lat="61.00806596" lon="14.52085514"><ele>173.0</ele></trkpt><trkpt lat="61.00812387" lon="14.52102133"><ele>173.0</ele></trkpt><trkpt lat="61.00818570" lon="14.52114170"><ele>173.0</ele></trkpt><trkpt lat="61.00825362" lon="14.52129711"><ele>172.0</ele></trkpt><trkpt lat="61.00833199" lon="14.52144174"><ele>172.0</ele></trkpt><trkpt lat="61.00839599" lon="14.52153427"><ele>172.0</ele></trkpt><trkpt lat="61.00847262" lon="14.52162589"><ele>172.0</ele></trkpt><trkpt lat="61.00854359" lon="14.52171662"><ele>172.0</ele></trkpt><trkpt lat="61.00861064" lon="14.52182532"><ele>172.0</ele></trkpt><trkpt lat="61.00866376" lon="14.52194390"><ele>172.0</ele></trkpt><trkpt lat="61.00871993" lon="14.52206966"><ele>172.0</ele></trkpt><trkpt lat="61.00877696" lon="14.52218644"><ele>172.0</ele></trkpt><trkpt lat="61.00883400" lon="14.52229873"><ele>172.0</ele></trkpt><trkpt lat="61.00888363" lon="14.52243078"><ele>172.0</ele></trkpt><trkpt lat="61.00898464" lon="14.52266075"><ele>172.0</ele></trkpt><trkpt lat="61.00902775" lon="14.52276496"><ele>172.0</ele></trkpt><trkpt lat="61.00907782" lon="14.52287276"><ele>174.0</ele></trkpt><trkpt lat="61.00912571" lon="14.52298415"><ele>174.0</ele></trkpt><trkpt lat="61.00917186" lon="14.52309823"><ele>174.0</ele></trkpt><trkpt lat="61.00925589" lon="14.52332820"><ele>174.0</ele></trkpt><trkpt lat="61.00933382" lon="14.52352583"><ele>174.0</ele></trkpt><trkpt lat="61.00938694" lon="14.52362644"><ele>174.0</ele></trkpt><trkpt lat="61.00944485" lon="14.52374682"><ele>174.0</ele></trkpt><trkpt lat="61.00949883" lon="14.52390582"><ele>174.0</ele></trkpt><trkpt lat="61.00954063" lon="14.52406572"><ele>174.0</ele></trkpt><trkpt lat="61.00957677" lon="14.52422652"><ele>173.0</ele></trkpt><trkpt lat="61.00961595" lon="14.52437564"><ele>173.0</ele></trkpt><trkpt lat="61.00964773" lon="14.52451757"><ele>173.0</ele></trkpt><trkpt lat="61.00967081" lon="14.52467388"><ele>173.0</ele></trkpt><trkpt lat="61.00969258" lon="14.52496583"><ele>173.0</ele></trkpt><trkpt lat="61.00969998" lon="14.52512393"><ele>173.0</ele></trkpt><trkpt lat="61.00970085" lon="14.52528383"><ele>173.0</ele></trkpt><trkpt lat="61.00970782" lon="14.52546170"><ele>173.0</ele></trkpt><trkpt lat="61.00970695" lon="14.52575365"><ele>172.0</ele></trkpt><trkpt lat="61.00967386" lon="14.52594859"><ele>172.0</ele></trkpt><trkpt lat="61.00964773" lon="14.52610489"><ele>172.0</ele></trkpt><trkpt lat="61.00961682" lon="14.52625491"><ele>172.0</ele></trkpt><trkpt lat="61.00956893" lon="14.52648039"><ele>172.0</ele></trkpt><trkpt lat="61.00951277" lon="14.52671575"><ele>172.0</ele></trkpt><trkpt lat="61.00948664" lon="14.52687385"><ele>172.0</ele></trkpt><trkpt lat="61.00944267" lon="14.52709394"><ele>172.0</ele></trkpt><trkpt lat="61.00944398" lon="14.52732570"><ele>173.0</ele></trkpt><trkpt lat="61.00955587" lon="14.52738769"><ele>173.0</ele></trkpt><trkpt lat="61.00966776" lon="14.52745686"><ele>173.0</ele></trkpt><trkpt lat="61.00977574" lon="14.52759430"><ele>173.0</ele></trkpt><trkpt lat="61.00985889" lon="14.52775690"><ele>173.0</ele></trkpt><trkpt lat="61.00991070" lon="14.52798237"><ele>172.0</ele></trkpt><trkpt lat="61.00995293" lon="14.52817731"><ele>172.0</ele></trkpt><trkpt lat="61.00998167" lon="14.52836236"><ele>172.0</ele></trkpt><trkpt lat="61.00999168" lon="14.52853394"><ele>172.0</ele></trkpt><trkpt lat="61.00997470" lon="14.52871360"><ele>172.0</ele></trkpt><trkpt lat="61.00995293" lon="14.52889326"><ele>172.0</ele></trkpt><trkpt lat="61.00993595" lon="14.52906215"><ele>173.0</ele></trkpt><trkpt lat="61.00989590" lon="14.52930290"><ele>173.0</ele></trkpt><trkpt lat="61.00985062" lon="14.52953556"><ele>173.0</ele></trkpt><trkpt lat="61.00981274" lon="14.52976553"><ele>173.0</ele></trkpt><trkpt lat="61.00977182" lon="14.52997933"><ele>173.0</ele></trkpt><trkpt lat="61.00975266" lon="14.53021558"><ele>173.0</ele></trkpt><trkpt lat="61.00975092" lon="14.53044825"><ele>173.0</ele></trkpt><trkpt lat="61.00973481" lon="14.53068720"><ele>173.0</ele></trkpt><trkpt lat="61.00970695" lon="14.53092166"><ele>173.0</ele></trkpt><trkpt lat="61.00967995" lon="14.53108875"><ele>173.0</ele></trkpt><trkpt lat="61.00966297" lon="14.53124865"><ele>172.0</ele></trkpt><trkpt lat="61.00964861" lon="14.53147682"><ele>172.0</ele></trkpt><trkpt lat="61.00964599" lon="14.53164391"><ele>172.0</ele></trkpt><trkpt lat="61.00964295" lon="14.53180830"><ele>172.0</ele></trkpt><trkpt lat="61.00963380" lon="14.53197269"><ele>172.0</ele></trkpt><trkpt lat="61.00962988" lon="14.53213978"><ele>172.0</ele></trkpt><trkpt lat="61.00963380" lon="14.53230237"><ele>172.0</ele></trkpt><trkpt lat="61.00962684" lon="14.53246676"><ele>172.0</ele></trkpt><trkpt lat="61.00962161" lon="14.53262666"><ele>172.0</ele></trkpt><trkpt lat="61.00960986" lon="14.53278746"><ele>172.0</ele></trkpt><trkpt lat="61.00959897" lon="14.53293479"><ele>173.0</ele></trkpt><trkpt lat="61.00959288" lon="14.53308660"><ele>173.0</ele></trkpt><trkpt lat="61.00958678" lon="14.53324021"><ele>173.0</ele></trkpt><trkpt lat="61.00957764" lon="14.53339472"><ele>173.0</ele></trkpt><trkpt lat="61.00956762" lon="14.53354564"><ele>173.0</ele></trkpt><trkpt lat="61.00954760" lon="14.53384478"><ele>173.0</ele></trkpt><trkpt lat="61.00954063" lon="14.53399480"><ele>173.0</ele></trkpt><trkpt lat="61.00952757" lon="14.53416638"><ele>173.0</ele></trkpt><trkpt lat="61.00952496" lon="14.53431999"><ele>173.0</ele></trkpt><trkpt lat="61.00951581" lon="14.53447270"><ele>173.0</ele></trkpt><trkpt lat="61.00950580" lon="14.53462182"><ele>173.0</ele></trkpt><trkpt lat="61.00949100" lon="14.53477094"><ele>173.0</ele></trkpt><trkpt lat="61.00945878" lon="14.53492366"><ele>173.0</ele></trkpt><trkpt lat="61.00941568" lon="14.53504762"><ele>173.0</ele></trkpt><trkpt lat="61.00935472" lon="14.53514823"><ele>173.0</ele></trkpt><trkpt lat="61.00928376" lon="14.53523537"><ele>173.0</ele></trkpt><trkpt lat="61.00921192" lon="14.53533149"><ele>173.0</ele></trkpt><trkpt lat="61.00914574" lon="14.53542761"><ele>173.0</ele></trkpt><trkpt lat="61.00905082" lon="14.53555966"><ele>173.0</ele></trkpt><trkpt lat="61.00896157" lon="14.53568453"><ele>173.0</ele></trkpt><trkpt lat="61.00886186" lon="14.53582467"><ele>173.0</ele></trkpt><trkpt lat="61.00876869" lon="14.53596121"><ele>173.0</ele></trkpt><trkpt lat="61.00866594" lon="14.53610763"><ele>171.0</ele></trkpt><trkpt lat="61.00855578" lon="14.53623430"><ele>171.0</ele></trkpt><trkpt lat="61.00847393" lon="14.53632054"><ele>171.0</ele></trkpt><trkpt lat="61.00839861" lon="14.53639869"><ele>171.0</ele></trkpt><trkpt lat="61.00833068" lon="14.53646966"><ele>170.0</ele></trkpt><trkpt lat="61.00820398" lon="14.53658644"><ele>170.0</ele></trkpt><trkpt lat="61.00809557" lon="14.53668974"><ele>170.0</ele></trkpt><trkpt lat="61.00801676" lon="14.53675173"><ele>174.0</ele></trkpt><trkpt lat="61.00786089" lon="14.53686671"><ele>176.0</ele></trkpt><trkpt lat="61.00779079" lon="14.53694936"><ele>176.0</ele></trkpt><trkpt lat="61.00771459" lon="14.53702841"><ele>174.0</ele></trkpt><trkpt lat="61.00764362" lon="14.53710656"><ele>174.0</ele></trkpt><trkpt lat="61.00756960" lon="14.53718741"><ele>174.0</ele></trkpt><trkpt lat="61.00749993" lon="14.53727994"><ele>174.0</ele></trkpt><trkpt lat="61.00743070" lon="14.53737067"><ele>174.0</ele></trkpt><trkpt lat="61.00735668" lon="14.53744163"><ele>172.0</ele></trkpt><trkpt lat="61.00728789" lon="14.53749912"><ele>172.0</ele></trkpt><trkpt lat="61.00719863" lon="14.53755123"><ele>172.0</ele></trkpt><trkpt lat="61.00711372" lon="14.53764555"><ele>172.0</ele></trkpt><trkpt lat="61.00703274" lon="14.53772281"><ele>172.0</ele></trkpt><trkpt lat="61.00695088" lon="14.53776952"><ele>172.0</ele></trkpt><trkpt lat="61.00686597" lon="14.53786294"><ele>172.0</ele></trkpt><trkpt lat="61.00675973" lon="14.53794559"><ele>175.0</ele></trkpt><trkpt lat="61.00665262" lon="14.53803183"><ele>175.0</ele></trkpt><trkpt lat="61.00661169" lon="14.53820071"><ele>176.0</ele></trkpt><trkpt lat="61.00663694" lon="14.53837229"><ele>176.0</ele></trkpt><trkpt lat="61.00664260" lon="14.53854836"><ele>176.0</ele></trkpt><trkpt lat="61.00665088" lon="14.53872263"><ele>176.0</ele></trkpt><trkpt lat="61.00665958" lon="14.53888612"><ele>176.0</ele></trkpt><trkpt lat="61.00667178" lon="14.53905770"><ele>176.0</ele></trkpt><trkpt lat="61.00669268" lon="14.53935684"><ele>177.0</ele></trkpt><trkpt lat="61.00671358" lon="14.53963532"><ele>177.0</ele></trkpt><trkpt lat="61.00671967" lon="14.53986080"><ele>177.0</ele></trkpt><trkpt lat="61.00671967" lon="14.54003148"><ele>177.0</ele></trkpt><trkpt lat="61.00673578" lon="14.54028031"><ele>177.0</ele></trkpt><trkpt lat="61.00674667" lon="14.54044650"><ele>177.0</ele></trkpt><trkpt lat="61.00675581" lon="14.54063874"><ele>177.0</ele></trkpt><trkpt lat="61.00677192" lon="14.54080582"><ele>177.0</ele></trkpt><trkpt lat="61.00678368" lon="14.54098100"><ele>176.0</ele></trkpt><trkpt lat="61.00679674" lon="14.54114000"><ele>176.0</ele></trkpt><trkpt lat="61.00682200" lon="14.54129720"><ele>176.0</ele></trkpt><trkpt lat="61.00684290" lon="14.54145531"><ele>176.0</ele></trkpt><trkpt lat="61.00687076" lon="14.54162958"><ele>176.0</ele></trkpt><trkpt lat="61.00688557" lon="14.54179756"><ele>176.0</ele></trkpt><trkpt lat="61.00691561" lon="14.54208592"><ele>176.0</ele></trkpt><trkpt lat="61.00694783" lon="14.54230781"><ele>176.0</ele></trkpt><trkpt lat="61.00697657" lon="14.54246232"><ele>176.0</ele></trkpt><trkpt lat="61.00701880" lon="14.54262132"><ele>175.0</ele></trkpt><trkpt lat="61.00705494" lon="14.54274978"><ele>175.0</ele></trkpt><trkpt lat="61.00709761" lon="14.54289890"><ele>175.0</ele></trkpt><trkpt lat="61.00712069" lon="14.54306688"><ele>175.0</ele></trkpt><trkpt lat="61.00713898" lon="14.54323038"><ele>175.0</ele></trkpt><trkpt lat="61.00715683" lon="14.54338758"><ele>175.0</ele></trkpt><trkpt lat="61.00717163" lon="14.54354299"><ele>175.0</ele></trkpt><trkpt lat="61.00718992" lon="14.54370738"><ele>175.0</ele></trkpt><trkpt lat="61.00721561" lon="14.54386459"><ele>175.0</ele></trkpt><trkpt lat="61.00724391" lon="14.54402539"><ele>175.0</ele></trkpt><trkpt lat="61.00727265" lon="14.54418888"><ele>175.0</ele></trkpt><trkpt lat="61.00729660" lon="14.54434069"><ele>175.0</ele></trkpt><trkpt lat="61.00733579" lon="14.54453473"><ele>175.0</ele></trkpt><trkpt lat="61.00736670" lon="14.54472697"><ele>174.0</ele></trkpt><trkpt lat="61.00741677" lon="14.54492640"><ele>174.0</ele></trkpt><trkpt lat="61.00745291" lon="14.54520757"><ele>174.0</ele></trkpt><trkpt lat="61.00748382" lon="14.54535759"><ele>174.0</ele></trkpt><trkpt lat="61.00751387" lon="14.54551569"><ele>174.0</ele></trkpt><trkpt lat="61.00754391" lon="14.54571332"><ele>174.0</ele></trkpt><trkpt lat="61.00756263" lon="14.54582561"><ele>175.0</ele></trkpt><trkpt lat="61.00756176" lon="14.54582561"><ele>175.0</ele></trkpt></trkseg></trk></gpx>