<?xml version='1.0' encoding='utf-8'?>
<gpx version="1.1" creator="Ultravasan route source cache" xmlns="http://www.topografix.com/GPX/1/1"><metadata><name>Trace de Trail ultravasan45-2019 · ITRA track 75784</name><desc>Coordinates transformed from the public map geometry on https://tracedetrail.fr/en/trace/75784. HTTP 200; content-type text/html; charset=UTF-8; fetched 2026-09-25T11:34:57+00:00; source-page SHA-256 91486c08f0a65ecb60b06a358924701a76800c55abd6dbb34e4fc69ef6417eb0. Candidate geometry only; see source audit before using as an edition route.</desc><link href="https://tracedetrail.fr/en/trace/75784"><text>Trace de Trail track 75784</text></link></metadata><trk><name>ultravasan45-2019 · Trace de Trail 75784</name><trkseg><trkpt lat="61.12529406" lon="14.17944862"><ele>199.0</ele></trkpt><trkpt lat="61.12517737" lon="14.17943604" /><trkpt lat="61.12503292" lon="14.17938753"><ele>199.0</ele></trkpt><trkpt lat="61.12488413" lon="14.17930219"><ele>199.0</ele></trkpt><trkpt lat="61.12469759" lon="14.17911714"><ele>199.0</ele></trkpt><trkpt lat="61.12461560" lon="14.17901922" /><trkpt lat="61.12444338" lon="14.17886112"><ele>199.0</ele></trkpt><trkpt lat="61.12430283" lon="14.17876590"><ele>199.0</ele></trkpt><trkpt lat="61.12416748" lon="14.17868954"><ele>199.0</ele></trkpt><trkpt lat="61.12404038" lon="14.17855749"><ele>199.0</ele></trkpt><trkpt lat="61.12397184" lon="14.17846766" /><trkpt lat="61.12378400" lon="14.17816223"><ele>199.0</ele></trkpt><trkpt lat="61.12368292" lon="14.17796281"><ele>199.0</ele></trkpt><trkpt lat="61.12359485" lon="14.17773553"><ele>200.0</ele></trkpt><trkpt lat="61.12350592" lon="14.17743370"><ele>200.0</ele></trkpt><trkpt lat="61.12346210" lon="14.17712108"><ele>200.0</ele></trkpt><trkpt lat="61.12345126" lon="14.17696388" /><trkpt lat="61.12342046" lon="14.17666833"><ele>201.0</ele></trkpt><trkpt lat="61.12338749" lon="14.17653089" /><trkpt lat="61.12334107" lon="14.17638447"><ele>201.0</ele></trkpt><trkpt lat="61.12317925" lon="14.17602155"><ele>200.0</ele></trkpt><trkpt lat="61.12302785" lon="14.17573319"><ele>200.0</ele></trkpt><trkpt lat="61.12294542" lon="14.17560742" /><trkpt lat="61.12285866" lon="14.17549064"><ele>201.0</ele></trkpt><trkpt lat="61.12271289" lon="14.17531278"><ele>201.0</ele></trkpt><trkpt lat="61.12246734" lon="14.17504687"><ele>200.0</ele></trkpt><trkpt lat="61.12230379" lon="14.17486092"><ele>200.0</ele></trkpt><trkpt lat="61.12213589" lon="14.17472079"><ele>200.0</ele></trkpt><trkpt lat="61.12209078" lon="14.17469563" /><trkpt lat="61.12204088" lon="14.17467048" /><trkpt lat="61.12199143" lon="14.17465431"><ele>200.0</ele></trkpt><trkpt lat="61.12186084" lon="14.17462377"><ele>200.0</ele></trkpt><trkpt lat="61.12178926" lon="14.17462736" /><trkpt lat="61.12172201" lon="14.17464982"><ele>200.0</ele></trkpt><trkpt lat="61.12159273" lon="14.17471180"><ele>200.0</ele></trkpt><trkpt lat="61.12140574" lon="14.17484206"><ele>200.0</ele></trkpt><trkpt lat="61.12128556" lon="14.17491303" /><trkpt lat="61.12122743" lon="14.17492560"><ele>200.0</ele></trkpt><trkpt lat="61.12111506" lon="14.17492201" /><trkpt lat="61.12105649" lon="14.17488787"><ele>200.0</ele></trkpt><trkpt lat="61.12100183" lon="14.17483487" /><trkpt lat="61.12072329" lon="14.17442255"><ele>200.0</ele></trkpt><trkpt lat="61.12064043" lon="14.17425097" /><trkpt lat="61.12060745" lon="14.17413149"><ele>200.0</ele></trkpt><trkpt lat="61.12056320" lon="14.17381888"><ele>200.0</ele></trkpt><trkpt lat="61.12050767" lon="14.17332031"><ele>200.0</ele></trkpt><trkpt lat="61.12047556" lon="14.17286756"><ele>200.0</ele></trkpt><trkpt lat="61.12047383" lon="14.17271934" /><trkpt lat="61.12046732" lon="14.17257112"><ele>200.0</ele></trkpt><trkpt lat="61.12046992" lon="14.17242290" /><trkpt lat="61.12046818" lon="14.17226479"><ele>200.0</ele></trkpt><trkpt lat="61.12047513" lon="14.17210669" /><trkpt lat="61.12047773" lon="14.17194858"><ele>200.0</ele></trkpt><trkpt lat="61.12048944" lon="14.17178150" /><trkpt lat="61.12049595" lon="14.17160453"><ele>200.0</ele></trkpt><trkpt lat="61.12051200" lon="14.17141858" /><trkpt lat="61.12048727" lon="14.17123442"><ele>200.0</ele></trkpt><trkpt lat="61.12062784" lon="14.17100446"><ele>200.0</ele></trkpt><trkpt lat="61.12075106" lon="14.17078437"><ele>200.0</ele></trkpt><trkpt lat="61.12088642" lon="14.17048972"><ele>200.0</ele></trkpt><trkpt lat="61.12099662" lon="14.17023640"><ele>200.0</ele></trkpt><trkpt lat="61.12110942" lon="14.16997678"><ele>201.0</ele></trkpt><trkpt lat="61.12118361" lon="14.16981598" /><trkpt lat="61.12132374" lon="14.16953032"><ele>201.0</ele></trkpt><trkpt lat="61.12152982" lon="14.16912967"><ele>201.0</ele></trkpt><trkpt lat="61.12160010" lon="14.16900570" /><trkpt lat="61.12203568" lon="14.16828705"><ele>203.0</ele></trkpt><trkpt lat="61.12217668" lon="14.16807595"><ele>203.0</ele></trkpt><trkpt lat="61.12228687" lon="14.16789359"><ele>204.0</ele></trkpt><trkpt lat="61.12239272" lon="14.16773010"><ele>204.0</ele></trkpt><trkpt lat="61.12258188" lon="14.16741479"><ele>205.0</ele></trkpt><trkpt lat="61.12266517" lon="14.16727106" /><trkpt lat="61.12281441" lon="14.16699438"><ele>206.0</ele></trkpt><trkpt lat="61.12293718" lon="14.16673746"><ele>206.0</ele></trkpt><trkpt lat="61.12303306" lon="14.16650030"><ele>206.0</ele></trkpt><trkpt lat="61.12307644" lon="14.16637723" /><trkpt lat="61.12314108" lon="14.16616074"><ele>207.0</ele></trkpt><trkpt lat="61.12316667" lon="14.16604755" /><trkpt lat="61.12320442" lon="14.16584184"><ele>207.0</ele></trkpt><trkpt lat="61.12321656" lon="14.16572955" /><trkpt lat="61.12322437" lon="14.16562714" /><trkpt lat="61.12323044" lon="14.16541334"><ele>208.0</ele></trkpt><trkpt lat="61.12322350" lon="14.16520044" /><trkpt lat="61.12320311" lon="14.16497856"><ele>208.0</ele></trkpt><trkpt lat="61.12315843" lon="14.16462911"><ele>207.0</ele></trkpt><trkpt lat="61.12313891" lon="14.16449975" /><trkpt lat="61.12309075" lon="14.16423295"><ele>207.0</ele></trkpt><trkpt lat="61.12304000" lon="14.16390956"><ele>207.0</ele></trkpt><trkpt lat="61.12298837" lon="14.16357988"><ele>207.0</ele></trkpt><trkpt lat="61.12294282" lon="14.16324750"><ele>206.0</ele></trkpt><trkpt lat="61.12289510" lon="14.16289806"><ele>205.0</ele></trkpt><trkpt lat="61.12285389" lon="14.16248214"><ele>205.0</ele></trkpt><trkpt lat="61.12282222" lon="14.16210395"><ele>205.0</ele></trkpt><trkpt lat="61.12281137" lon="14.16192788" /><trkpt lat="61.12279619" lon="14.16142752"><ele>204.0</ele></trkpt><trkpt lat="61.12280400" lon="14.16096309"><ele>204.0</ele></trkpt><trkpt lat="61.12282569" lon="14.16052651"><ele>205.0</ele></trkpt><trkpt lat="61.12284478" lon="14.16023725"><ele>205.0</ele></trkpt><trkpt lat="61.12286083" lon="14.16008813" /><trkpt lat="61.12288382" lon="14.15978989"><ele>206.0</ele></trkpt><trkpt lat="61.12291636" lon="14.15949165"><ele>206.0</ele></trkpt><trkpt lat="61.12295063" lon="14.15909190"><ele>206.0</ele></trkpt><trkpt lat="61.12300269" lon="14.15848464"><ele>207.0</ele></trkpt><trkpt lat="61.12303262" lon="14.15797349"><ele>207.0</ele></trkpt><trkpt lat="61.12305128" lon="14.15769412"><ele>207.0</ele></trkpt><trkpt lat="61.12306342" lon="14.15757285" /><trkpt lat="61.12307427" lon="14.15735815"><ele>207.0</ele></trkpt><trkpt lat="61.12308989" lon="14.15717220" /><trkpt lat="61.12309683" lon="14.15701409"><ele>207.0</ele></trkpt><trkpt lat="61.12310897" lon="14.15687396" /><trkpt lat="61.12312156" lon="14.15646522"><ele>207.0</ele></trkpt><trkpt lat="61.12312242" lon="14.15614003"><ele>207.0</ele></trkpt><trkpt lat="61.12311765" lon="14.15576274"><ele>207.0</ele></trkpt><trkpt lat="61.12311158" lon="14.15527855"><ele>207.0</ele></trkpt><trkpt lat="61.12311288" lon="14.15500007"><ele>207.0</ele></trkpt><trkpt lat="61.12310941" lon="14.15473058" /><trkpt lat="61.12310160" lon="14.15445300"><ele>207.0</ele></trkpt><trkpt lat="61.12308121" lon="14.15423111" /><trkpt lat="61.12304737" lon="14.15403797"><ele>207.0</ele></trkpt><trkpt lat="61.12299965" lon="14.15381789" /><trkpt lat="61.12281050" lon="14.15303905"><ele>207.0</ele></trkpt><trkpt lat="61.12272504" lon="14.15263570"><ele>206.0</ele></trkpt><trkpt lat="61.12270638" lon="14.15257103" /><trkpt lat="61.12268556" lon="14.15234016"><ele>205.0</ele></trkpt><trkpt lat="61.12265259" lon="14.15185956"><ele>205.0</ele></trkpt><trkpt lat="61.12267341" lon="14.15172841" /><trkpt lat="61.12269294" lon="14.15149574"><ele>205.0</ele></trkpt><trkpt lat="61.12269641" lon="14.15139333" /><trkpt lat="61.12269207" lon="14.15105018"><ele>205.0</ele></trkpt><trkpt lat="61.12269944" lon="14.15092891" /><trkpt lat="61.12271202" lon="14.15046448"><ele>205.0</ele></trkpt><trkpt lat="61.12273241" lon="14.15010425"><ele>205.0</ele></trkpt><trkpt lat="61.12275627" lon="14.14968294"><ele>205.0</ele></trkpt><trkpt lat="61.12276538" lon="14.14935775"><ele>205.0</ele></trkpt><trkpt lat="61.12277319" lon="14.14923648" /><trkpt lat="61.12277233" lon="14.14881966"><ele>205.0</ele></trkpt><trkpt lat="61.12278144" lon="14.14845674"><ele>205.0</ele></trkpt><trkpt lat="61.12278881" lon="14.14831750" /><trkpt lat="61.12280052" lon="14.14817737"><ele>206.0</ele></trkpt><trkpt lat="61.12281397" lon="14.14783780"><ele>206.0</ele></trkpt><trkpt lat="61.12282786" lon="14.14748926"><ele>206.0</ele></trkpt><trkpt lat="61.12283957" lon="14.14733115" /><trkpt lat="61.12286820" lon="14.14675443"><ele>206.0</ele></trkpt><trkpt lat="61.12287991" lon="14.14660531" /><trkpt lat="61.12290117" lon="14.14614987"><ele>207.0</ele></trkpt><trkpt lat="61.12291289" lon="14.14599087" /><trkpt lat="61.12291939" lon="14.14581480"><ele>208.0</ele></trkpt><trkpt lat="61.12293111" lon="14.14563783" /><trkpt lat="61.12294412" lon="14.14526593"><ele>208.0</ele></trkpt><trkpt lat="61.12296668" lon="14.14485270"><ele>208.0</ele></trkpt><trkpt lat="61.12300269" lon="14.14418615"><ele>210.0</ele></trkpt><trkpt lat="61.12301310" lon="14.14357350"><ele>211.0</ele></trkpt><trkpt lat="61.12301136" lon="14.14341540" /><trkpt lat="61.12300486" lon="14.14324022"><ele>211.0</ele></trkpt><trkpt lat="61.12300269" lon="14.14306326" /><trkpt lat="61.12299184" lon="14.14294378"><ele>211.0</ele></trkpt><trkpt lat="61.12299054" lon="14.14283239" /><trkpt lat="61.12297796" lon="14.14253595"><ele>211.0</ele></trkpt><trkpt lat="61.12297492" lon="14.14226735" /><trkpt lat="61.12295236" lon="14.14191611"><ele>212.0</ele></trkpt><trkpt lat="61.12294239" lon="14.14181460" /><trkpt lat="61.12289814" lon="14.14151007"><ele>212.0</ele></trkpt><trkpt lat="61.12283133" lon="14.14117949"><ele>212.0</ele></trkpt><trkpt lat="61.12273198" lon="14.14076716"><ele>212.0</ele></trkpt><trkpt lat="61.12262873" lon="14.14039257"><ele>211.0</ele></trkpt><trkpt lat="61.12255368" lon="14.14015541"><ele>210.0</ele></trkpt><trkpt lat="61.12252071" lon="14.14002695" /><trkpt lat="61.12244565" lon="14.13977093"><ele>210.0</ele></trkpt><trkpt lat="61.12233242" lon="14.13932267"><ele>210.0</ele></trkpt><trkpt lat="61.12228036" lon="14.13910258" /><trkpt lat="61.12226127" lon="14.13900108"><ele>210.0</ele></trkpt><trkpt lat="61.12220835" lon="14.13870733"><ele>210.0</ele></trkpt><trkpt lat="61.12217407" lon="14.13848634" /><trkpt lat="61.12213199" lon="14.13833991"><ele>210.0</ele></trkpt><trkpt lat="61.12208991" lon="14.13822224" /><trkpt lat="61.12205260" lon="14.13809378"><ele>210.0</ele></trkpt><trkpt lat="61.12204609" lon="14.13793657" /><trkpt lat="61.12204436" lon="14.13777847"><ele>211.0</ele></trkpt><trkpt lat="61.12204696" lon="14.13762126" /><trkpt lat="61.12205390" lon="14.13748113"><ele>212.0</ele></trkpt><trkpt lat="61.12207733" lon="14.13720175"><ele>212.0</ele></trkpt><trkpt lat="61.12211030" lon="14.13694034"><ele>213.0</ele></trkpt><trkpt lat="61.12217277" lon="14.13656574"><ele>214.0</ele></trkpt><trkpt lat="61.12219837" lon="14.13644357" /><trkpt lat="61.12243220" lon="14.13541051"><ele>219.0</ele></trkpt><trkpt lat="61.12251637" lon="14.13493350"><ele>221.0</ele></trkpt><trkpt lat="61.12253285" lon="14.13481133" /><trkpt lat="61.12255628" lon="14.13455082"><ele>221.0</ele></trkpt><trkpt lat="61.12257103" lon="14.13428043"><ele>221.0</ele></trkpt><trkpt lat="61.12256539" lon="14.13383576"><ele>221.0</ele></trkpt><trkpt lat="61.12254500" lon="14.13364173" /><trkpt lat="61.12252071" lon="14.13348542"><ele>221.0</ele></trkpt><trkpt lat="61.12244565" lon="14.13321143"><ele>220.0</ele></trkpt><trkpt lat="61.12235238" lon="14.13294733"><ele>219.0</ele></trkpt><trkpt lat="61.12231030" lon="14.13279192" /><trkpt lat="61.12224826" lon="14.13250715"><ele>217.0</ele></trkpt><trkpt lat="61.12221008" lon="14.13229605" /><trkpt lat="61.12216626" lon="14.13201937"><ele>214.0</ele></trkpt><trkpt lat="61.12211811" lon="14.13167352"><ele>214.0</ele></trkpt><trkpt lat="61.12206258" lon="14.13127377"><ele>211.0</ele></trkpt><trkpt lat="61.12205216" lon="14.13116327" /><trkpt lat="61.12201789" lon="14.13091444"><ele>211.0</ele></trkpt><trkpt lat="61.12198622" lon="14.13053535"><ele>209.0</ele></trkpt><trkpt lat="61.12198015" lon="14.13042396" /><trkpt lat="61.12197885" lon="14.13030359" /><trkpt lat="61.12197277" lon="14.13019309"><ele>209.0</ele></trkpt><trkpt lat="61.12197017" lon="14.12997031" /><trkpt lat="61.12197321" lon="14.12984994"><ele>210.0</ele></trkpt><trkpt lat="61.12197017" lon="14.12961727" /><trkpt lat="61.12195021" lon="14.12908098"><ele>209.0</ele></trkpt><trkpt lat="61.12191160" lon="14.12887886" /><trkpt lat="61.12182657" lon="14.12853930"><ele>209.0</ele></trkpt><trkpt lat="61.12179750" lon="14.12834616" /><trkpt lat="61.12178232" lon="14.12821770"><ele>209.0</ele></trkpt><trkpt lat="61.12178101" lon="14.12809643" /><trkpt lat="61.12179013" lon="14.12777124"><ele>210.0</ele></trkpt><trkpt lat="61.12178882" lon="14.12766973" /><trkpt lat="61.12177234" lon="14.12741999"><ele>211.0</ele></trkpt><trkpt lat="61.12175238" lon="14.12724482" /><trkpt lat="61.12171247" lon="14.12694029"><ele>212.0</ele></trkpt><trkpt lat="61.12161615" lon="14.12641658"><ele>212.0</ele></trkpt><trkpt lat="61.12152028" lon="14.12592071"><ele>211.0</ele></trkpt><trkpt lat="61.12146171" lon="14.12551557"><ele>209.0</ele></trkpt><trkpt lat="61.12144609" lon="14.12535926" /><trkpt lat="61.12143524" lon="14.12520205"><ele>209.0</ele></trkpt><trkpt lat="61.12142700" lon="14.12488675"><ele>209.0</ele></trkpt><trkpt lat="61.12143394" lon="14.12474751" /><trkpt lat="61.12144565" lon="14.12460737"><ele>209.0</ele></trkpt><trkpt lat="61.12148730" lon="14.12434506"><ele>209.0</ele></trkpt><trkpt lat="61.12155108" lon="14.12404502"><ele>212.0</ele></trkpt><trkpt lat="61.12157798" lon="14.12405311" /><trkpt lat="61.12162787" lon="14.12409623" /><trkpt lat="61.12167603" lon="14.12401089"><ele>213.0</ele></trkpt><trkpt lat="61.12172418" lon="14.12389680" /><trkpt lat="61.12174978" lon="14.12379350" /><trkpt lat="61.12176193" lon="14.12370007"><ele>215.0</ele></trkpt><trkpt lat="61.12177277" lon="14.12345842" /><trkpt lat="61.12176974" lon="14.12321678"><ele>217.0</ele></trkpt><trkpt lat="61.12176366" lon="14.12310628" /><trkpt lat="61.12173286" lon="14.12280176"><ele>218.0</ele></trkpt><trkpt lat="61.12165997" lon="14.12233194"><ele>218.0</ele></trkpt><trkpt lat="61.12164088" lon="14.12224031" /><trkpt lat="61.12161095" lon="14.12201932"><ele>218.0</ele></trkpt><trkpt lat="61.12157928" lon="14.12163125"><ele>217.0</ele></trkpt><trkpt lat="61.12157754" lon="14.12149201" /><trkpt lat="61.12158926" lon="14.12100872"><ele>217.0</ele></trkpt><trkpt lat="61.12157711" lon="14.12073114"><ele>217.0</ele></trkpt><trkpt lat="61.12153763" lon="14.12046434"><ele>217.0</ele></trkpt><trkpt lat="61.12149468" lon="14.12024425" /><trkpt lat="61.12145607" lon="14.12001428"><ele>214.0</ele></trkpt><trkpt lat="61.12144088" lon="14.11988493" /><trkpt lat="61.12143437" lon="14.11973670"><ele>214.0</ele></trkpt><trkpt lat="61.12144565" lon="14.11956872" /><trkpt lat="61.12152808" lon="14.11932348"><ele>214.0</ele></trkpt><trkpt lat="61.12153546" lon="14.11918424" /><trkpt lat="61.12151073" lon="14.11900907"><ele>214.0</ele></trkpt><trkpt lat="61.12147732" lon="14.11886264" /><trkpt lat="61.12143524" lon="14.11873508"><ele>211.0</ele></trkpt><trkpt lat="61.12134283" lon="14.11850781"><ele>209.0</ele></trkpt><trkpt lat="61.12129641" lon="14.11838025" /><trkpt lat="61.12125433" lon="14.11824370"><ele>207.0</ele></trkpt><trkpt lat="61.12121615" lon="14.11807841" /><trkpt lat="61.12118751" lon="14.11792211"><ele>206.0</ele></trkpt><trkpt lat="61.12117233" lon="14.11778377" /><trkpt lat="61.12114587" lon="14.11710823"><ele>206.0</ele></trkpt><trkpt lat="61.12113502" lon="14.11696001" /><trkpt lat="61.12111029" lon="14.11676687"><ele>207.0</ele></trkpt><trkpt lat="61.12109467" lon="14.11659080" /><trkpt lat="61.12105476" lon="14.11627729"><ele>207.0</ele></trkpt><trkpt lat="61.12100226" lon="14.11595030"><ele>208.0</ele></trkpt><trkpt lat="61.12094760" lon="14.11560625"><ele>208.0</ele></trkpt><trkpt lat="61.12089033" lon="14.11532148"><ele>208.0</ele></trkpt><trkpt lat="61.12086169" lon="14.11520201" /><trkpt lat="61.12076321" lon="14.11486424"><ele>208.0</ele></trkpt><trkpt lat="61.12063262" lon="14.11445371"><ele>208.0</ele></trkpt><trkpt lat="61.12054758" lon="14.11411505"><ele>208.0</ele></trkpt><trkpt lat="61.12049942" lon="14.11385813"><ele>207.0</ele></trkpt><trkpt lat="61.12048380" lon="14.11370991" /><trkpt lat="61.12045951" lon="14.11355360"><ele>207.0</ele></trkpt><trkpt lat="61.12044432" lon="14.11342514" /><trkpt lat="61.12043391" lon="14.11328590"><ele>207.0</ele></trkpt><trkpt lat="61.12043217" lon="14.11313768" /><trkpt lat="61.12043868" lon="14.11297059"><ele>207.0</ele></trkpt><trkpt lat="61.12047643" lon="14.11260498"><ele>208.0</ele></trkpt><trkpt lat="61.12052285" lon="14.11214953"><ele>210.0</ele></trkpt><trkpt lat="61.12053413" lon="14.11199143" /><trkpt lat="61.12053283" lon="14.11188004"><ele>211.0</ele></trkpt><trkpt lat="61.12054107" lon="14.11144346"><ele>212.0</ele></trkpt><trkpt lat="61.12055409" lon="14.11107155"><ele>213.0</ele></trkpt><trkpt lat="61.12060268" lon="14.11063318"><ele>215.0</ele></trkpt><trkpt lat="61.12061440" lon="14.11049304" /><trkpt lat="61.12062134" lon="14.11035380"><ele>215.0</ele></trkpt><trkpt lat="61.12062394" lon="14.11019570" /><trkpt lat="61.12061743" lon="14.11002861"><ele>215.0</ele></trkpt><trkpt lat="61.12057708" lon="14.10968815"><ele>215.0</ele></trkpt><trkpt lat="61.12052155" lon="14.10935487"><ele>215.0</ele></trkpt><trkpt lat="61.12046081" lon="14.10898926"><ele>214.0</ele></trkpt><trkpt lat="61.12042046" lon="14.10865688"><ele>214.0</ele></trkpt><trkpt lat="61.12039443" lon="14.10837122"><ele>212.0</ele></trkpt><trkpt lat="61.12038835" lon="14.10822300" /><trkpt lat="61.12036666" lon="14.10794542"><ele>212.0</ele></trkpt><trkpt lat="61.12035148" lon="14.10778821" /><trkpt lat="61.12033152" lon="14.10763191"><ele>212.0</ele></trkpt><trkpt lat="61.12026514" lon="14.10733905"><ele>211.0</ele></trkpt><trkpt lat="61.12019919" lon="14.10709202"><ele>210.0</ele></trkpt><trkpt lat="61.12009593" lon="14.10675425"><ele>208.0</ele></trkpt><trkpt lat="61.12005905" lon="14.10665364" /><trkpt lat="61.11999788" lon="14.10643445"><ele>207.0</ele></trkpt><trkpt lat="61.11995015" lon="14.10621436" /><trkpt lat="61.11991111" lon="14.10595655"><ele>207.0</ele></trkpt><trkpt lat="61.11990026" lon="14.10580922" /><trkpt lat="61.11989809" lon="14.10566010"><ele>208.0</ele></trkpt><trkpt lat="61.11990069" lon="14.10550290" /><trkpt lat="61.11992152" lon="14.10537174"><ele>209.0</ele></trkpt><trkpt lat="61.11995623" lon="14.10525856" /><trkpt lat="61.11999961" lon="14.10515435"><ele>209.0</ele></trkpt><trkpt lat="61.12010027" lon="14.10495403"><ele>212.0</ele></trkpt><trkpt lat="61.12015277" lon="14.10483994" /><trkpt lat="61.12020483" lon="14.10470699"><ele>213.0</ele></trkpt><trkpt lat="61.12026557" lon="14.10452733" /><trkpt lat="61.12031243" lon="14.10432970"><ele>213.0</ele></trkpt><trkpt lat="61.12031026" lon="14.10414465" /><trkpt lat="61.12026340" lon="14.10398924"><ele>213.0</ele></trkpt><trkpt lat="61.12019398" lon="14.10383562" /><trkpt lat="61.12016578" lon="14.10374400"><ele>211.0</ele></trkpt><trkpt lat="61.12014669" lon="14.10364339" /><trkpt lat="61.12011719" lon="14.10344037"><ele>211.0</ele></trkpt><trkpt lat="61.12010157" lon="14.10326519" /><trkpt lat="61.12010374" lon="14.10307924"><ele>211.0</ele></trkpt><trkpt lat="61.12010721" lon="14.10298672" /><trkpt lat="61.12013585" lon="14.10277112"><ele>211.0</ele></trkpt><trkpt lat="61.12015711" lon="14.10267770" /><trkpt lat="61.12020006" lon="14.10252678"><ele>212.0</ele></trkpt><trkpt lat="61.12030462" lon="14.10227076"><ele>213.0</ele></trkpt><trkpt lat="61.12036102" lon="14.10214679" /><trkpt lat="61.12041352" lon="14.10201474"><ele>214.0</ele></trkpt><trkpt lat="61.12046515" lon="14.10185394" /><trkpt lat="61.12050767" lon="14.10167518"><ele>215.0</ele></trkpt><trkpt lat="61.12060745" lon="14.10103917"><ele>215.0</ele></trkpt><trkpt lat="61.12069032" lon="14.10046874"><ele>215.0</ele></trkpt><trkpt lat="61.12072243" lon="14.10019745"><ele>216.0</ele></trkpt><trkpt lat="61.12074325" lon="14.10006629" /><trkpt lat="61.12077622" lon="14.09980488"><ele>216.0</ele></trkpt><trkpt lat="61.12078794" lon="14.09967463" /><trkpt lat="61.12093458" lon="14.09850682"><ele>216.0</ele></trkpt><trkpt lat="61.12097146" lon="14.09823553"><ele>216.0</ele></trkpt><trkpt lat="61.12101267" lon="14.09794627"><ele>216.0</ele></trkpt><trkpt lat="61.12107168" lon="14.09760042"><ele>216.0</ele></trkpt><trkpt lat="61.12114239" lon="14.09718719"><ele>217.0</ele></trkpt><trkpt lat="61.12115888" lon="14.09705694" /><trkpt lat="61.12126778" lon="14.09645686"><ele>218.0</ele></trkpt><trkpt lat="61.12130986" lon="14.09625025" /><trkpt lat="61.12133589" lon="14.09614694"><ele>219.0</ele></trkpt><trkpt lat="61.12139923" lon="14.09584691"><ele>219.0</ele></trkpt><trkpt lat="61.12149338" lon="14.09547051"><ele>219.0</ele></trkpt><trkpt lat="61.12155672" lon="14.09517946"><ele>220.0</ele></trkpt><trkpt lat="61.12158275" lon="14.09508514" /><trkpt lat="61.12164609" lon="14.09478510"><ele>221.0</ele></trkpt><trkpt lat="61.12167169" lon="14.09468179" /><trkpt lat="61.12175585" lon="14.09424970"><ele>221.0</ele></trkpt><trkpt lat="61.12184392" lon="14.09375383"><ele>223.0</ele></trkpt><trkpt lat="61.12187646" lon="14.09347356"><ele>223.0</ele></trkpt><trkpt lat="61.12189121" lon="14.09322203" /><trkpt lat="61.12189685" lon="14.09298038"><ele>222.0</ele></trkpt><trkpt lat="61.12189511" lon="14.09284114" /><trkpt lat="61.12189815" lon="14.09270191"><ele>222.0</ele></trkpt><trkpt lat="61.12188687" lon="14.09252673" /><trkpt lat="61.12186692" lon="14.09201739"><ele>220.0</ele></trkpt><trkpt lat="61.12184696" lon="14.09187007" /><trkpt lat="61.12181876" lon="14.09176047"><ele>220.0</ele></trkpt><trkpt lat="61.12177277" lon="14.09166974" /><trkpt lat="61.12170900" lon="14.09161764"><ele>218.0</ele></trkpt><trkpt lat="61.12165433" lon="14.09154667" /><trkpt lat="61.12163915" lon="14.09141731" /><trkpt lat="61.12165520" lon="14.09124035"><ele>218.0</ele></trkpt><trkpt lat="61.12167169" lon="14.09113704" /><trkpt lat="61.12172722" lon="14.09090168"><ele>218.0</ele></trkpt><trkpt lat="61.12189468" lon="14.09032676"><ele>221.0</ele></trkpt><trkpt lat="61.12200531" lon="14.08999798"><ele>227.0</ele></trkpt><trkpt lat="61.12216713" lon="14.08951468"><ele>229.0</ele></trkpt><trkpt lat="61.12227299" lon="14.08917602"><ele>232.0</ele></trkpt><trkpt lat="61.12243047" lon="14.08867386"><ele>235.0</ele></trkpt><trkpt lat="61.12255454" lon="14.08820314"><ele>236.0</ele></trkpt><trkpt lat="61.12258838" lon="14.08805312" /><trkpt lat="61.12263871" lon="14.08778183"><ele>237.0</ele></trkpt><trkpt lat="61.12265085" lon="14.08766056" /><trkpt lat="61.12266170" lon="14.08744586"><ele>237.0</ele></trkpt><trkpt lat="61.12261051" lon="14.08730034" /><trkpt lat="61.12255975" lon="14.08721949"><ele>235.0</ele></trkpt><trkpt lat="61.12241442" lon="14.08705150"><ele>234.0</ele></trkpt><trkpt lat="61.12223221" lon="14.08686645"><ele>232.0</ele></trkpt><trkpt lat="61.12198275" lon="14.08664816"><ele>229.0</ele></trkpt><trkpt lat="61.12184175" lon="14.08651611"><ele>228.0</ele></trkpt><trkpt lat="61.12175585" lon="14.08644694" /><trkpt lat="61.12161485" lon="14.08631488"><ele>227.0</ele></trkpt><trkpt lat="61.12153763" lon="14.08622685" /><trkpt lat="61.12145520" lon="14.08611097"><ele>227.0</ele></trkpt><trkpt lat="61.12129120" lon="14.08592501"><ele>226.0</ele></trkpt><trkpt lat="61.12120487" lon="14.08584596" /><trkpt lat="61.12089250" lon="14.08561240"><ele>226.0</ele></trkpt><trkpt lat="61.12076538" lon="14.08549832"><ele>226.0</ele></trkpt><trkpt lat="61.12067383" lon="14.08537345" /><trkpt lat="61.12062698" lon="14.08522792"><ele>227.0</ele></trkpt><trkpt lat="61.12062611" lon="14.08513540" /><trkpt lat="61.12067644" lon="14.08487219"><ele>228.0</ele></trkpt><trkpt lat="61.12078316" lon="14.08443022"><ele>228.0</ele></trkpt><trkpt lat="61.12082178" lon="14.08429906" /><trkpt lat="61.12094543" lon="14.08378163"><ele>230.0</ele></trkpt><trkpt lat="61.12097059" lon="14.08365946" /><trkpt lat="61.12102092" lon="14.08337829"><ele>230.0</ele></trkpt><trkpt lat="61.12103740" lon="14.08323815" /><trkpt lat="61.12106907" lon="14.08291207"><ele>231.0</ele></trkpt><trkpt lat="61.12108035" lon="14.08273510" /><trkpt lat="61.12107688" lon="14.08247548"><ele>232.0</ele></trkpt><trkpt lat="61.12105606" lon="14.08210448"><ele>232.0</ele></trkpt><trkpt lat="61.12103046" lon="14.08164275"><ele>233.0</ele></trkpt><trkpt lat="61.12102916" lon="14.08154124" /><trkpt lat="61.12103523" lon="14.08133642"><ele>234.0</ele></trkpt><trkpt lat="61.12104304" lon="14.08122503" /><trkpt lat="61.12105476" lon="14.08111274" /><trkpt lat="61.12107168" lon="14.08100045"><ele>235.0</ele></trkpt><trkpt lat="61.12113242" lon="14.08049650"><ele>235.0</ele></trkpt><trkpt lat="61.12116539" lon="14.08026204" /><trkpt lat="61.12122049" lon="14.08000871"><ele>236.0</ele></trkpt><trkpt lat="61.12127212" lon="14.07982995" /><trkpt lat="61.12133763" lon="14.07970598"><ele>236.0</ele></trkpt><trkpt lat="61.12139880" lon="14.07957213" /><trkpt lat="61.12145043" lon="14.07940235"><ele>236.0</ele></trkpt><trkpt lat="61.12146952" lon="14.07914184" /><trkpt lat="61.12147255" lon="14.07903044"><ele>236.0</ele></trkpt><trkpt lat="61.12146995" lon="14.07880766" /><trkpt lat="61.12147732" lon="14.07870525"><ele>236.0</ele></trkpt><trkpt lat="61.12148991" lon="14.07860285" /><trkpt lat="61.12154067" lon="14.07837737"><ele>236.0</ele></trkpt><trkpt lat="61.12156626" lon="14.07828305" /><trkpt lat="61.12162700" lon="14.07811237"><ele>236.0</ele></trkpt><trkpt lat="61.12168774" lon="14.07796055" /><trkpt lat="61.12187125" lon="14.07754283"><ele>236.0</ele></trkpt><trkpt lat="61.12192288" lon="14.07737215" /><trkpt lat="61.12196930" lon="14.07716554"><ele>236.0</ele></trkpt><trkpt lat="61.12197668" lon="14.07702630" /><trkpt lat="61.12196626" lon="14.07690593" /><trkpt lat="61.12194674" lon="14.07679633"><ele>236.0</ele></trkpt><trkpt lat="61.12188557" lon="14.07656726" /><trkpt lat="61.12186171" lon="14.07645767"><ele>236.0</ele></trkpt><trkpt lat="61.12184652" lon="14.07632831" /><trkpt lat="61.12185390" lon="14.07618907"><ele>236.0</ele></trkpt><trkpt lat="61.12188731" lon="14.07601031" /><trkpt lat="61.12193937" lon="14.07586838"><ele>236.0</ele></trkpt><trkpt lat="61.12200054" lon="14.07572554" /><trkpt lat="61.12206561" lon="14.07554588"><ele>236.0</ele></trkpt><trkpt lat="61.12214023" lon="14.07508774"><ele>236.0</ele></trkpt><trkpt lat="61.12220357" lon="14.07476884"><ele>236.0</ele></trkpt><trkpt lat="61.12223351" lon="14.07464577" /><trkpt lat="61.12227819" lon="14.07428195"><ele>237.0</ele></trkpt><trkpt lat="61.12229164" lon="14.07394688"><ele>237.0</ele></trkpt><trkpt lat="61.12231463" lon="14.07362079"><ele>237.0</ele></trkpt><trkpt lat="61.12234717" lon="14.07335040"><ele>237.0</ele></trkpt><trkpt lat="61.12236843" lon="14.07325607" /><trkpt lat="61.12241138" lon="14.07310516"><ele>237.0</ele></trkpt><trkpt lat="61.12247298" lon="14.07300904" /><trkpt lat="61.12254370" lon="14.07293088"><ele>237.0</ele></trkpt><trkpt lat="61.12261918" lon="14.07287160" /><trkpt lat="61.12268990" lon="14.07280243"><ele>237.0</ele></trkpt><trkpt lat="61.12275627" lon="14.07271529" /><trkpt lat="61.12280877" lon="14.07260120"><ele>237.0</ele></trkpt><trkpt lat="61.12286777" lon="14.07230117"><ele>237.0</ele></trkpt><trkpt lat="61.12286169" lon="14.07218079" /><trkpt lat="61.12283350" lon="14.07207120" /><trkpt lat="61.12279619" lon="14.07197059"><ele>238.0</ele></trkpt><trkpt lat="61.12271810" lon="14.07182685" /><trkpt lat="61.12265302" lon="14.07167234"><ele>239.0</ele></trkpt><trkpt lat="61.12263393" lon="14.07158072" /><trkpt lat="61.12262829" lon="14.07147921" /><trkpt lat="61.12263697" lon="14.07111629"><ele>239.0</ele></trkpt><trkpt lat="61.12266300" lon="14.07069767"><ele>239.0</ele></trkpt><trkpt lat="61.12267949" lon="14.07057640" /><trkpt lat="61.12270031" lon="14.07045423" /><trkpt lat="61.12276061" lon="14.07025660"><ele>239.0</ele></trkpt><trkpt lat="61.12278187" lon="14.07014341" /><trkpt lat="61.12278230" lon="14.06984697"><ele>239.0</ele></trkpt><trkpt lat="61.12276799" lon="14.06943913"><ele>240.0</ele></trkpt><trkpt lat="61.12277797" lon="14.06916065"><ele>240.0</ele></trkpt><trkpt lat="61.12279836" lon="14.06900165" /><trkpt lat="61.12283697" lon="14.06885074"><ele>240.0</ele></trkpt><trkpt lat="61.12295540" lon="14.06864951"><ele>240.0</ele></trkpt><trkpt lat="61.12298924" lon="14.06849949" /><trkpt lat="61.12301136" lon="14.06809885"><ele>240.0</ele></trkpt><trkpt lat="61.12301353" lon="14.06792278" /><trkpt lat="61.12300919" lon="14.06758860"><ele>240.0</ele></trkpt><trkpt lat="61.12300139" lon="14.06732001" /><trkpt lat="61.12299575" lon="14.06722748"><ele>241.0</ele></trkpt><trkpt lat="61.12299271" lon="14.06702356" /><trkpt lat="61.12298230" lon="14.06688522"><ele>241.0</ele></trkpt><trkpt lat="61.12296278" lon="14.06676575" /><trkpt lat="61.12293458" lon="14.06666514" /><trkpt lat="61.12282742" lon="14.06637408"><ele>241.0</ele></trkpt><trkpt lat="61.12279922" lon="14.06626449" /><trkpt lat="61.12277970" lon="14.06614501" /><trkpt lat="61.12272547" lon="14.06577670"><ele>241.0</ele></trkpt><trkpt lat="61.12268556" lon="14.06546319"><ele>242.0</ele></trkpt><trkpt lat="61.12267255" lon="14.06513890"><ele>242.0</ele></trkpt><trkpt lat="61.12267471" lon="14.06496283" /><trkpt lat="61.12270595" lon="14.06459901"><ele>241.0</ele></trkpt><trkpt lat="61.12274413" lon="14.06444809" /><trkpt lat="61.12283914" lon="14.06415524"><ele>241.0</ele></trkpt><trkpt lat="61.12298056" lon="14.06361895"><ele>240.0</ele></trkpt><trkpt lat="61.12305258" lon="14.06328118"><ele>240.0</ele></trkpt><trkpt lat="61.12306863" lon="14.06315003" /><trkpt lat="61.12308078" lon="14.06302875" /><trkpt lat="61.12308685" lon="14.06280597"><ele>241.0</ele></trkpt><trkpt lat="61.12308815" lon="14.06258319" /><trkpt lat="61.12309553" lon="14.06246192"><ele>243.0</ele></trkpt><trkpt lat="61.12310767" lon="14.06233166" /><trkpt lat="61.12312416" lon="14.06221937" /><trkpt lat="61.12317101" lon="14.06203073"><ele>247.0</ele></trkpt><trkpt lat="61.12318750" lon="14.06190945" /><trkpt lat="61.12321005" lon="14.06159235"><ele>252.0</ele></trkpt><trkpt lat="61.12323218" lon="14.06120158"><ele>254.0</ele></trkpt><trkpt lat="61.12322828" lon="14.06092400"><ele>255.0</ele></trkpt><trkpt lat="61.12322220" lon="14.06077578" /><trkpt lat="61.12321136" lon="14.06064642"><ele>256.0</ele></trkpt><trkpt lat="61.12321005" lon="14.06052605" /><trkpt lat="61.12321613" lon="14.06030237"><ele>257.0</ele></trkpt><trkpt lat="61.12323131" lon="14.06009755" /><trkpt lat="61.12328771" lon="14.05960258"><ele>259.0</ele></trkpt><trkpt lat="61.12329075" lon="14.05948221" /><trkpt lat="61.12327600" lon="14.05938968" /><trkpt lat="61.12318706" lon="14.05945077"><ele>259.0</ele></trkpt><trkpt lat="61.12301093" lon="14.05971128"><ele>258.0</ele></trkpt><trkpt lat="61.12295367" lon="14.05978853" /><trkpt lat="61.12288729" lon="14.05986579"><ele>256.0</ele></trkpt><trkpt lat="61.12282048" lon="14.05991609" /><trkpt lat="61.12254847" lon="14.06006072"><ele>252.0</ele></trkpt><trkpt lat="61.12249554" lon="14.06011013" /><trkpt lat="61.12237190" lon="14.06026554"><ele>251.0</ele></trkpt><trkpt lat="61.12225780" lon="14.06046676"><ele>250.0</ele></trkpt><trkpt lat="61.12220531" lon="14.06057186" /><trkpt lat="61.12211377" lon="14.06078117"><ele>249.0</ele></trkpt><trkpt lat="61.12207472" lon="14.06088537" /><trkpt lat="61.12194414" lon="14.06119889"><ele>249.0</ele></trkpt><trkpt lat="61.12184783" lon="14.06138933"><ele>249.0</ele></trkpt><trkpt lat="61.12179490" lon="14.06147557" /><trkpt lat="61.12173329" lon="14.06156270"><ele>249.0</ele></trkpt><trkpt lat="61.12160054" lon="14.06171901"><ele>250.0</ele></trkpt><trkpt lat="61.12150726" lon="14.06177920" /><trkpt lat="61.12142656" lon="14.06181154"><ele>251.0</ele></trkpt><trkpt lat="61.12134587" lon="14.06181603" /><trkpt lat="61.12126951" lon="14.06180166"><ele>253.0</ele></trkpt><trkpt lat="61.12119272" lon="14.06176932" /><trkpt lat="61.12112027" lon="14.06172620"><ele>253.0</ele></trkpt><trkpt lat="61.12104782" lon="14.06166601" /><trkpt lat="61.12076104" lon="14.06135699"><ele>256.0</ele></trkpt><trkpt lat="61.12060225" lon="14.06121685"><ele>257.0</ele></trkpt><trkpt lat="61.12052068" lon="14.06116565" /><trkpt lat="61.12038532" lon="14.06110816"><ele>259.0</ele></trkpt><trkpt lat="61.12026861" lon="14.06108660" /><trkpt lat="61.12013802" lon="14.06107582"><ele>260.0</ele></trkpt><trkpt lat="61.11995883" lon="14.06108570"><ele>261.0</ele></trkpt><trkpt lat="61.11984689" lon="14.06110995" /><trkpt lat="61.11961911" lon="14.06119709"><ele>263.0</ele></trkpt><trkpt lat="61.11942734" lon="14.06129141"><ele>264.0</ele></trkpt><trkpt lat="61.11912406" lon="14.06145580"><ele>265.0</ele></trkpt><trkpt lat="61.11886200" lon="14.06165613"><ele>267.0</ele></trkpt><trkpt lat="61.11874225" lon="14.06177381"><ele>268.0</ele></trkpt><trkpt lat="61.11862293" lon="14.06191035"><ele>269.0</ele></trkpt><trkpt lat="61.11843332" lon="14.06216278"><ele>270.0</ele></trkpt><trkpt lat="61.11830099" lon="14.06236400"><ele>271.0</ele></trkpt><trkpt lat="61.11821724" lon="14.06247090" /><trkpt lat="61.11814695" lon="14.06257690"><ele>272.0</ele></trkpt><trkpt lat="61.11808534" lon="14.06270087" /><trkpt lat="61.11803327" lon="14.06282484"><ele>273.0</ele></trkpt><trkpt lat="61.11798555" lon="14.06295689" /><trkpt lat="61.11794259" lon="14.06309882"><ele>274.0</ele></trkpt><trkpt lat="61.11790441" lon="14.06325872" /><trkpt lat="61.11784540" lon="14.06355876"><ele>275.0</ele></trkpt><trkpt lat="61.11781199" lon="14.06377346" /><trkpt lat="61.11779984" lon="14.06387676"><ele>275.0</ele></trkpt><trkpt lat="61.11777684" lon="14.06417501"><ele>275.0</ele></trkpt><trkpt lat="61.11777381" lon="14.06427651" /><trkpt lat="61.11776600" lon="14.06436994" /><trkpt lat="61.11775645" lon="14.06466728"><ele>275.0</ele></trkpt><trkpt lat="61.11773823" lon="14.06500235"><ele>275.0</ele></trkpt><trkpt lat="61.11773519" lon="14.06513261" /><trkpt lat="61.11772781" lon="14.06524400" /><trkpt lat="61.11773953" lon="14.06544792"><ele>275.0</ele></trkpt><trkpt lat="61.11778031" lon="14.06583509"><ele>275.0</ele></trkpt><trkpt lat="61.11778639" lon="14.06595547" /><trkpt lat="61.11776556" lon="14.06609560" /><trkpt lat="61.11771480" lon="14.06633006"><ele>275.0</ele></trkpt><trkpt lat="61.11770785" lon="14.06647918" /><trkpt lat="61.11771870" lon="14.06661752"><ele>275.0</ele></trkpt><trkpt lat="61.11773823" lon="14.06674688" /><trkpt lat="61.11776209" lon="14.06686546" /><trkpt lat="61.11782761" lon="14.06706668"><ele>275.0</ele></trkpt><trkpt lat="61.11794563" lon="14.06732360"><ele>274.0</ele></trkpt><trkpt lat="61.11807710" lon="14.06760926"><ele>273.0</ele></trkpt><trkpt lat="61.11815129" lon="14.06780959" /><trkpt lat="61.11820857" lon="14.06805663"><ele>272.0</ele></trkpt><trkpt lat="61.11822809" lon="14.06820395" /><trkpt lat="61.11824718" lon="14.06829558" /><trkpt lat="61.11825282" lon="14.06837912"><ele>272.0</ele></trkpt><trkpt lat="61.11824415" lon="14.06875012"><ele>271.0</ele></trkpt><trkpt lat="61.11824198" lon="14.06928911"><ele>271.0</ele></trkpt><trkpt lat="61.11823243" lon="14.06959544"><ele>270.0</ele></trkpt><trkpt lat="61.11820987" lon="14.06992153"><ele>269.0</ele></trkpt><trkpt lat="61.11818600" lon="14.07017306" /><trkpt lat="61.11816995" lon="14.07030421"><ele>269.0</ele></trkpt><trkpt lat="61.11814912" lon="14.07042548" /><trkpt lat="61.11809792" lon="14.07065096"><ele>269.0</ele></trkpt><trkpt lat="61.11802850" lon="14.07084050" /><trkpt lat="61.11795431" lon="14.07100220"><ele>269.0</ele></trkpt><trkpt lat="61.11786666" lon="14.07114593" /><trkpt lat="61.11776947" lon="14.07128158"><ele>269.0</ele></trkpt><trkpt lat="61.11761934" lon="14.07145675"><ele>269.0</ele></trkpt><trkpt lat="61.11740673" lon="14.07167234"><ele>270.0</ele></trkpt><trkpt lat="61.11730042" lon="14.07179002" /><trkpt lat="61.11715029" lon="14.07199304"><ele>271.0</ele></trkpt><trkpt lat="61.11710647" lon="14.07206940" /><trkpt lat="61.11705830" lon="14.07215564" /><trkpt lat="61.11697499" lon="14.07232722"><ele>271.0</ele></trkpt><trkpt lat="61.11693594" lon="14.07243142" /><trkpt lat="61.11686695" lon="14.07265780"><ele>270.0</ele></trkpt><trkpt lat="61.11684178" lon="14.07278895" /><trkpt lat="61.11677843" lon="14.07308000"><ele>269.0</ele></trkpt><trkpt lat="61.11675283" lon="14.07320218" /><trkpt lat="61.11672029" lon="14.07345460"><ele>267.0</ele></trkpt><trkpt lat="61.11670857" lon="14.07359384" /><trkpt lat="61.11670120" lon="14.07373398"><ele>266.0</ele></trkpt><trkpt lat="61.11669903" lon="14.07390106" /><trkpt lat="61.11670076" lon="14.07403941"><ele>264.0</ele></trkpt><trkpt lat="61.11671291" lon="14.07429902" /><trkpt lat="61.11675370" lon="14.07465834"><ele>262.0</ele></trkpt><trkpt lat="61.11677279" lon="14.07476884" /><trkpt lat="61.11681792" lon="14.07510930"><ele>261.0</ele></trkpt><trkpt lat="61.11683875" lon="14.07534017" /><trkpt lat="61.11685090" lon="14.07558990"><ele>260.0</ele></trkpt><trkpt lat="61.11684525" lon="14.07586838"><ele>259.0</ele></trkpt><trkpt lat="61.11681228" lon="14.07643611"><ele>258.0</ele></trkpt><trkpt lat="61.11678538" lon="14.07677208"><ele>258.0</ele></trkpt><trkpt lat="61.11673721" lon="14.07723831"><ele>257.0</ele></trkpt><trkpt lat="61.11671682" lon="14.07738832" /><trkpt lat="61.11662396" lon="14.07819052"><ele>256.0</ele></trkpt><trkpt lat="61.11659142" lon="14.07847978"><ele>256.0</ele></trkpt><trkpt lat="61.11658404" lon="14.07858308" /><trkpt lat="61.11656755" lon="14.07870436" /><trkpt lat="61.11650854" lon="14.07899541"><ele>255.0</ele></trkpt><trkpt lat="61.11645690" lon="14.07917418" /><trkpt lat="61.11640136" lon="14.07939067"><ele>254.0</ele></trkpt><trkpt lat="61.11631892" lon="14.07960806"><ele>254.0</ele></trkpt><trkpt lat="61.11615750" lon="14.07999703"><ele>254.0</ele></trkpt><trkpt lat="61.11611845" lon="14.08010124" /><trkpt lat="61.11605380" lon="14.08029976"><ele>254.0</ele></trkpt><trkpt lat="61.11604598" lon="14.08039319" /><trkpt lat="61.11605640" lon="14.08051356" /><trkpt lat="61.11611758" lon="14.08073275"><ele>254.0</ele></trkpt><trkpt lat="61.11615099" lon="14.08087019" /><trkpt lat="61.11622563" lon="14.08145051"><ele>253.0</ele></trkpt><trkpt lat="61.11630417" lon="14.08163107" /><trkpt lat="61.11630590" lon="14.08176132"><ele>252.0</ele></trkpt><trkpt lat="61.11633931" lon="14.08190775" /><trkpt lat="61.11642306" lon="14.08217275"><ele>252.0</ele></trkpt><trkpt lat="61.11646949" lon="14.08229043" /><trkpt lat="61.11651592" lon="14.08239913"><ele>251.0</ele></trkpt><trkpt lat="61.11674198" lon="14.08287883"><ele>249.0</ele></trkpt><trkpt lat="61.11682530" lon="14.08307825" /><trkpt lat="61.11689993" lon="14.08330643"><ele>248.0</ele></trkpt><trkpt lat="61.11693290" lon="14.08342500" /><trkpt lat="61.11699061" lon="14.08372774"><ele>248.0</ele></trkpt><trkpt lat="61.11701014" lon="14.08386608" /><trkpt lat="61.11702099" lon="14.08399543"><ele>247.0</ele></trkpt><trkpt lat="61.11702880" lon="14.08424517" /><trkpt lat="61.11702576" lon="14.08436644"><ele>247.0</ele></trkpt><trkpt lat="61.11701838" lon="14.08448681" /><trkpt lat="61.11699452" lon="14.08472037"><ele>247.0</ele></trkpt><trkpt lat="61.11697760" lon="14.08483266" /><trkpt lat="61.11694939" lon="14.08507521"><ele>246.0</ele></trkpt><trkpt lat="61.11691381" lon="14.08545789"><ele>245.0</ele></trkpt><trkpt lat="61.11690687" lon="14.08559713" /><trkpt lat="61.11690991" lon="14.08585674"><ele>244.0</ele></trkpt><trkpt lat="61.11693073" lon="14.08605976" /><trkpt lat="61.11694505" lon="14.08615139"><ele>243.0</ele></trkpt><trkpt lat="61.11698801" lon="14.08633465" /><trkpt lat="61.11700710" lon="14.08643616"><ele>241.0</ele></trkpt><trkpt lat="61.11703531" lon="14.08654575" /><trkpt lat="61.11705440" lon="14.08663738" /><trkpt lat="61.11708260" lon="14.08673799"><ele>240.0</ele></trkpt><trkpt lat="61.11723100" lon="14.08710989"><ele>238.0</ele></trkpt><trkpt lat="61.11726354" lon="14.08720152" /><trkpt lat="61.11737635" lon="14.08758510"><ele>236.0</ele></trkpt><trkpt lat="61.11742755" lon="14.08773063" /><trkpt lat="61.11747442" lon="14.08788514"><ele>235.0</ele></trkpt><trkpt lat="61.11757682" lon="14.08817709"><ele>233.0</ele></trkpt><trkpt lat="61.11770785" lon="14.08860559"><ele>230.0</ele></trkpt><trkpt lat="61.11775992" lon="14.08882567" /><trkpt lat="61.11777467" lon="14.08892718"><ele>229.0</ele></trkpt><trkpt lat="61.11779029" lon="14.08908349" /><trkpt lat="61.11778769" lon="14.08921375"><ele>228.0</ele></trkpt><trkpt lat="61.11775862" lon="14.08941048" /><trkpt lat="61.11775168" lon="14.08955870"><ele>227.0</ele></trkpt><trkpt lat="61.11766403" lon="14.08974016" /><trkpt lat="61.11761977" lon="14.08979765"><ele>227.0</ele></trkpt><trkpt lat="61.11750479" lon="14.08993420"><ele>227.0</ele></trkpt><trkpt lat="61.11734511" lon="14.09010847"><ele>228.0</ele></trkpt><trkpt lat="61.11714639" lon="14.09032496"><ele>229.0</ele></trkpt><trkpt lat="61.11705396" lon="14.09045971" /><trkpt lat="61.11689125" lon="14.09074717"><ele>229.0</ele></trkpt><trkpt lat="61.11676021" lon="14.09102295"><ele>229.0</ele></trkpt><trkpt lat="61.11670380" lon="14.09116489" /><trkpt lat="61.11664739" lon="14.09132569"><ele>228.0</ele></trkpt><trkpt lat="61.11659576" lon="14.09149547" /><trkpt lat="61.11654412" lon="14.09168411"><ele>228.0</ele></trkpt><trkpt lat="61.11643608" lon="14.09200571"><ele>227.0</ele></trkpt><trkpt lat="61.11641091" lon="14.09215483" /><trkpt lat="61.11644866" lon="14.09228329"><ele>226.0</ele></trkpt><trkpt lat="61.11653067" lon="14.09237133" /><trkpt lat="61.11668514" lon="14.09252045"><ele>225.0</ele></trkpt><trkpt lat="61.11676194" lon="14.09257165" /><trkpt lat="61.11691598" lon="14.09269382"><ele>223.0</ele></trkpt><trkpt lat="61.11699322" lon="14.09276389" /><trkpt lat="61.11717068" lon="14.09295793"><ele>221.0</ele></trkpt><trkpt lat="61.11727092" lon="14.09308279" /><trkpt lat="61.11732125" lon="14.09315376"><ele>220.0</ele></trkpt><trkpt lat="61.11736290" lon="14.09324449" /><trkpt lat="61.11739979" lon="14.09333522" /><trkpt lat="61.11743276" lon="14.09344481"><ele>219.0</ele></trkpt><trkpt lat="61.11732212" lon="14.09393350"><ele>219.0</ele></trkpt><trkpt lat="61.11718891" lon="14.09439523"><ele>219.0</ele></trkpt><trkpt lat="61.11710994" lon="14.09453896" /><trkpt lat="61.11702142" lon="14.09461801"><ele>219.0</ele></trkpt><trkpt lat="61.11692770" lon="14.09467820" /><trkpt lat="61.11687867" lon="14.09471772"><ele>220.0</ele></trkpt><trkpt lat="61.11683050" lon="14.09478600" /><trkpt lat="61.11666345" lon="14.09507256"><ele>220.0</ele></trkpt><trkpt lat="61.11652763" lon="14.09532139"><ele>220.0</ele></trkpt><trkpt lat="61.11646602" lon="14.09544536" /><trkpt lat="61.11633975" lon="14.09573013"><ele>220.0</ele></trkpt><trkpt lat="61.11627032" lon="14.09591069" /><trkpt lat="61.11621825" lon="14.09608047"><ele>219.0</ele></trkpt><trkpt lat="61.11620740" lon="14.09626642" /><trkpt lat="61.11620176" lon="14.09654490"><ele>217.0</ele></trkpt><trkpt lat="61.11618961" lon="14.09664820" /><trkpt lat="61.11616835" lon="14.09675061" /><trkpt lat="61.11613147" lon="14.09703089"><ele>216.0</ele></trkpt><trkpt lat="61.11607679" lon="14.09729409"><ele>216.0</ele></trkpt><trkpt lat="61.11604642" lon="14.09739740" /><trkpt lat="61.11594228" lon="14.09765342"><ele>215.0</ele></trkpt><trkpt lat="61.11589889" lon="14.09777649" /><trkpt lat="61.11576828" lon="14.09809898"><ele>215.0</ele></trkpt><trkpt lat="61.11556824" lon="14.09862001"><ele>214.0</ele></trkpt><trkpt lat="61.11542895" lon="14.09895238"><ele>213.0</ele></trkpt><trkpt lat="61.11532871" lon="14.09920840"><ele>213.0</ele></trkpt><trkpt lat="61.11520157" lon="14.09943747"><ele>213.0</ele></trkpt><trkpt lat="61.11502539" lon="14.09970697"><ele>213.0</ele></trkpt><trkpt lat="61.11490693" lon="14.09990819"><ele>213.0</ele></trkpt><trkpt lat="61.11485008" lon="14.10004114" /><trkpt lat="61.11478889" lon="14.10015613"><ele>213.0</ele></trkpt><trkpt lat="61.11473639" lon="14.10027021" /><trkpt lat="61.11464483" lon="14.10048850"><ele>212.0</ele></trkpt><trkpt lat="61.11460577" lon="14.10060169" /><trkpt lat="61.11446691" lon="14.10097090"><ele>209.0</ele></trkpt><trkpt lat="61.11433543" lon="14.10120087"><ele>207.0</ele></trkpt><trkpt lat="61.11421653" lon="14.10139221"><ele>206.0</ele></trkpt><trkpt lat="61.11411151" lon="14.10160241"><ele>207.0</ele></trkpt><trkpt lat="61.11406378" lon="14.10173447" /><trkpt lat="61.11398176" lon="14.10200845"><ele>207.0</ele></trkpt><trkpt lat="61.11394010" lon="14.10224201" /><trkpt lat="61.11392795" lon="14.10234532"><ele>208.0</ele></trkpt><trkpt lat="61.11392014" lon="14.10245671" /><trkpt lat="61.11391059" lon="14.10277292"><ele>209.0</ele></trkpt><trkpt lat="61.11391233" lon="14.10288431" /><trkpt lat="61.11390712" lon="14.10320860"><ele>210.0</ele></trkpt><trkpt lat="61.11389975" lon="14.10332089" /><trkpt lat="61.11388759" lon="14.10343228" /><trkpt lat="61.11385505" lon="14.10368471"><ele>213.0</ele></trkpt><trkpt lat="61.11378822" lon="14.10372513" /><trkpt lat="61.11375350" lon="14.10382934"><ele>215.0</ele></trkpt><trkpt lat="61.11367279" lon="14.10413387"><ele>218.0</ele></trkpt><trkpt lat="61.11358643" lon="14.10445995"><ele>220.0</ele></trkpt><trkpt lat="61.11346276" lon="14.10499535"><ele>221.0</ele></trkpt><trkpt lat="61.11339983" lon="14.10533222"><ele>222.0</ele></trkpt><trkpt lat="61.11338030" lon="14.10554692" /><trkpt lat="61.11334776" lon="14.10583617"><ele>222.0</ele></trkpt><trkpt lat="61.11330566" lon="14.10606075" /><trkpt lat="61.11322061" lon="14.10643715"><ele>222.0</ele></trkpt><trkpt lat="61.11309693" lon="14.10692583"><ele>224.0</ele></trkpt><trkpt lat="61.11299451" lon="14.10737678"><ele>224.0</ele></trkpt><trkpt lat="61.11290729" lon="14.10791937"><ele>224.0</ele></trkpt><trkpt lat="61.11289557" lon="14.10804962" /><trkpt lat="61.11286259" lon="14.10830205"><ele>224.0</ele></trkpt><trkpt lat="61.11281702" lon="14.10859220"><ele>224.0</ele></trkpt><trkpt lat="61.11274282" lon="14.10891380"><ele>224.0</ele></trkpt><trkpt lat="61.11265949" lon="14.10927762"><ele>224.0</ele></trkpt><trkpt lat="61.11260915" lon="14.10956777"><ele>224.0</ele></trkpt><trkpt lat="61.11257747" lon="14.10990285"><ele>224.0</ele></trkpt><trkpt lat="61.11257227" lon="14.11019121"><ele>224.0</ele></trkpt><trkpt lat="61.11257747" lon="14.11061791"><ele>223.0</ele></trkpt><trkpt lat="61.11257270" lon="14.11095208"><ele>223.0</ele></trkpt><trkpt lat="61.11254015" lon="14.11122247"><ele>223.0</ele></trkpt><trkpt lat="61.11248200" lon="14.11157820"><ele>223.0</ele></trkpt><trkpt lat="61.11247028" lon="14.11170846" /><trkpt lat="61.11246291" lon="14.11184770"><ele>223.0</ele></trkpt><trkpt lat="61.11246551" lon="14.11243250"><ele>224.0</ele></trkpt><trkpt lat="61.11247159" lon="14.11255288" /><trkpt lat="61.11247332" lon="14.11267325" /><trkpt lat="61.11249111" lon="14.11301551"><ele>224.0</ele></trkpt><trkpt lat="61.11252193" lon="14.11334789"><ele>224.0</ele></trkpt><trkpt lat="61.11257574" lon="14.11370631"><ele>225.0</ele></trkpt><trkpt lat="61.11262868" lon="14.11397221"><ele>225.0</ele></trkpt><trkpt lat="61.11264865" lon="14.11412942" /><trkpt lat="61.11267729" lon="14.11426686"><ele>226.0</ele></trkpt><trkpt lat="61.11271461" lon="14.11438544" /><trkpt lat="61.11276972" lon="14.11450312"><ele>226.0</ele></trkpt><trkpt lat="61.11281572" lon="14.11457498" /><trkpt lat="61.11291119" lon="14.11468099"><ele>225.0</ele></trkpt><trkpt lat="61.11300667" lon="14.11475914" /><trkpt lat="61.11310648" lon="14.11486514"><ele>224.0</ele></trkpt><trkpt lat="61.11316159" lon="14.11494599" /><trkpt lat="61.11333561" lon="14.11523345"><ele>224.0</ele></trkpt><trkpt lat="61.11344106" lon="14.11542299"><ele>223.0</ele></trkpt><trkpt lat="61.11362983" lon="14.11578322"><ele>223.0</ele></trkpt><trkpt lat="61.11377650" lon="14.11605361"><ele>223.0</ele></trkpt><trkpt lat="61.11401040" lon="14.11643090"><ele>222.0</ele></trkpt><trkpt lat="61.11407419" lon="14.11652074" /><trkpt lat="61.11413755" lon="14.11657284"><ele>221.0</ele></trkpt><trkpt lat="61.11426860" lon="14.11663033"><ele>220.0</ele></trkpt><trkpt lat="61.11433630" lon="14.11664560" /><trkpt lat="61.11439922" lon="14.11666986"><ele>219.0</ele></trkpt><trkpt lat="61.11447169" lon="14.11671297" /><trkpt lat="61.11454459" lon="14.11679203"><ele>216.0</ele></trkpt><trkpt lat="61.11459449" lon="14.11685491" /><trkpt lat="61.11463571" lon="14.11692677" /><trkpt lat="61.11470948" lon="14.11708039"><ele>215.0</ele></trkpt><trkpt lat="61.11481189" lon="14.11735347"><ele>215.0</ele></trkpt><trkpt lat="61.11484921" lon="14.11747205" /><trkpt lat="61.11487351" lon="14.11761848"><ele>216.0</ele></trkpt><trkpt lat="61.11487091" lon="14.11777658" /><trkpt lat="61.11485008" lon="14.11792660"><ele>218.0</ele></trkpt><trkpt lat="61.11478672" lon="14.11821675"><ele>220.0</ele></trkpt><trkpt lat="61.11476590" lon="14.11836677" /><trkpt lat="61.11475895" lon="14.11852488"><ele>221.0</ele></trkpt><trkpt lat="61.11478369" lon="14.11869017" /><trkpt lat="61.11483619" lon="14.11894708"><ele>221.0</ele></trkpt><trkpt lat="61.11486440" lon="14.11905758" /><trkpt lat="61.11491083" lon="14.11917526"><ele>221.0</ele></trkpt><trkpt lat="61.11499328" lon="14.11932887" /><trkpt lat="61.11520764" lon="14.11959567"><ele>216.0</ele></trkpt><trkpt lat="61.11526275" lon="14.11967562" /><trkpt lat="61.11529486" lon="14.11973042" /><trkpt lat="61.11531395" lon="14.11983103"><ele>214.0</ele></trkpt><trkpt lat="61.11532046" lon="14.12000710" /><trkpt lat="61.11531569" lon="14.12034127"><ele>214.0</ele></trkpt><trkpt lat="61.11530875" lon="14.12048949" /><trkpt lat="61.11528531" lon="14.12077875"><ele>214.0</ele></trkpt><trkpt lat="61.11521155" lon="14.12133930"><ele>215.0</ele></trkpt><trkpt lat="61.11516295" lon="14.12177768"><ele>216.0</ele></trkpt><trkpt lat="61.11515166" lon="14.12193578" /><trkpt lat="61.11514472" lon="14.12210376"><ele>216.0</ele></trkpt><trkpt lat="61.11514255" lon="14.12228882" /><trkpt lat="61.11516251" lon="14.12246399"><ele>215.0</ele></trkpt><trkpt lat="61.11521806" lon="14.12259155" /><trkpt lat="61.11527794" lon="14.12270833"><ele>213.0</ele></trkpt><trkpt lat="61.11531135" lon="14.12287362" /><trkpt lat="61.11534823" lon="14.12365156"><ele>212.0</ele></trkpt><trkpt lat="61.11535301" lon="14.12405940"><ele>211.0</ele></trkpt><trkpt lat="61.11535865" lon="14.12416091" /><trkpt lat="61.11535171" lon="14.12430015" /><trkpt lat="61.11530267" lon="14.12468373"><ele>211.0</ele></trkpt><trkpt lat="61.11529052" lon="14.12479512" /><trkpt lat="61.11528314" lon="14.12492537" /><trkpt lat="61.11528922" lon="14.12505473"><ele>212.0</ele></trkpt><trkpt lat="61.11530441" lon="14.12521194" /><trkpt lat="61.11532871" lon="14.12535926"><ele>212.0</ele></trkpt><trkpt lat="61.11535735" lon="14.12546885" /><trkpt lat="61.11550532" lon="14.12582279"><ele>212.0</ele></trkpt><trkpt lat="61.11566587" lon="14.12613001"><ele>212.0</ele></trkpt><trkpt lat="61.11577609" lon="14.12631866"><ele>212.0</ele></trkpt><trkpt lat="61.11595573" lon="14.12668966"><ele>212.0</ele></trkpt><trkpt lat="61.11598958" lon="14.12686394" /><trkpt lat="61.11598220" lon="14.12700318"><ele>212.0</ele></trkpt><trkpt lat="61.11597005" lon="14.12712445" /><trkpt lat="61.11594922" lon="14.12723674" /><trkpt lat="61.11593273" lon="14.12737688"><ele>214.0</ele></trkpt><trkpt lat="61.11589932" lon="14.12756462" /><trkpt lat="61.11582902" lon="14.12805061"><ele>217.0</ele></trkpt><trkpt lat="61.11577435" lon="14.12834077"><ele>219.0</ele></trkpt><trkpt lat="61.11574050" lon="14.12850067" /><trkpt lat="61.11569755" lon="14.12866955"><ele>221.0</ele></trkpt><trkpt lat="61.11563680" lon="14.12883035" /><trkpt lat="61.11552311" lon="14.12908727"><ele>223.0</ele></trkpt><trkpt lat="61.11539857" lon="14.12930646"><ele>226.0</ele></trkpt><trkpt lat="61.11527273" lon="14.12952744"><ele>227.0</ele></trkpt><trkpt lat="61.11515080" lon="14.12982119"><ele>228.0</ele></trkpt><trkpt lat="61.11509916" lon="14.12999996" /><trkpt lat="61.11503320" lon="14.13010596"><ele>230.0</ele></trkpt><trkpt lat="61.11497158" lon="14.13018321" /><trkpt lat="61.11490909" lon="14.13024250"><ele>231.0</ele></trkpt><trkpt lat="61.11484227" lon="14.13027394" /><trkpt lat="61.11477544" lon="14.13029550"><ele>233.0</ele></trkpt><trkpt lat="61.11455110" lon="14.13030718"><ele>236.0</ele></trkpt><trkpt lat="61.11449295" lon="14.13031976" /><trkpt lat="61.11444825" lon="14.13034042" /><trkpt lat="61.11435409" lon="14.13035479"><ele>238.0</ele></trkpt><trkpt lat="61.11426817" lon="14.13030359" /><trkpt lat="61.11418702" lon="14.13028023"><ele>240.0</ele></trkpt><trkpt lat="61.11402863" lon="14.13016794"><ele>240.0</ele></trkpt><trkpt lat="61.11395659" lon="14.13014458" /><trkpt lat="61.11388542" lon="14.13020387"><ele>241.0</ele></trkpt><trkpt lat="61.11382858" lon="14.13030898" /><trkpt lat="61.11379863" lon="14.13043115"><ele>242.0</ele></trkpt><trkpt lat="61.11377781" lon="14.13055242" /><trkpt lat="61.11374266" lon="14.13099080"><ele>242.0</ele></trkpt><trkpt lat="61.11372226" lon="14.13113992" /><trkpt lat="61.11368798" lon="14.13128994"><ele>242.0</ele></trkpt><trkpt lat="61.11364892" lon="14.13139414" /><trkpt lat="61.11356300" lon="14.13168609"><ele>242.0</ele></trkpt><trkpt lat="61.11350225" lon="14.13186576" /><trkpt lat="61.11341936" lon="14.13207417"><ele>242.0</ele></trkpt><trkpt lat="61.11335817" lon="14.13218915" /><trkpt lat="61.11329655" lon="14.13228527"><ele>243.0</ele></trkpt><trkpt lat="61.11317287" lon="14.13244876"><ele>243.0</ele></trkpt><trkpt lat="61.11311559" lon="14.13253590" /><trkpt lat="61.11307176" lon="14.13263022"><ele>243.0</ele></trkpt><trkpt lat="61.11304182" lon="14.13275239" /><trkpt lat="61.11303053" lon="14.13291140"><ele>242.0</ele></trkpt><trkpt lat="61.11307523" lon="14.13289972" /><trkpt lat="61.11312036" lon="14.13291589" /><trkpt lat="61.11311342" lon="14.13310184"><ele>241.0</ele></trkpt><trkpt lat="61.11310214" lon="14.13326893" /><trkpt lat="61.11308608" lon="14.13342793"><ele>241.0</ele></trkpt><trkpt lat="61.11304963" lon="14.13372617"><ele>240.0</ele></trkpt><trkpt lat="61.11301751" lon="14.13404327"><ele>240.0</ele></trkpt><trkpt lat="61.11300970" lon="14.13413670" /><trkpt lat="61.11300623" lon="14.13423911" /><trkpt lat="61.11301274" lon="14.13437745"><ele>241.0</ele></trkpt><trkpt lat="61.11306482" lon="14.13461640" /><trkpt lat="61.11308044" lon="14.13476372"><ele>241.0</ele></trkpt><trkpt lat="61.11308478" lon="14.13512484"><ele>241.0</ele></trkpt><trkpt lat="61.11307523" lon="14.13545003"><ele>241.0</ele></trkpt><trkpt lat="61.11306785" lon="14.13556232" /><trkpt lat="61.11306916" lon="14.13569168" /><trkpt lat="61.11304746" lon="14.13609143"><ele>242.0</ele></trkpt><trkpt lat="61.11302793" lon="14.13632499" /><trkpt lat="61.11300363" lon="14.13654867"><ele>243.0</ele></trkpt><trkpt lat="61.11296414" lon="14.13697717"><ele>244.0</ele></trkpt><trkpt lat="61.11295329" lon="14.13720983" /><trkpt lat="61.11294765" lon="14.13746046"><ele>244.0</ele></trkpt><trkpt lat="61.11295502" lon="14.13772008" /><trkpt lat="61.11296717" lon="14.13796083"><ele>244.0</ele></trkpt><trkpt lat="61.11298800" lon="14.13818181" /><trkpt lat="61.11299365" lon="14.13828422"><ele>244.0</ele></trkpt><trkpt lat="61.11307740" lon="14.13888250"><ele>244.0</ele></trkpt><trkpt lat="61.11317851" lon="14.13945203"><ele>243.0</ele></trkpt><trkpt lat="61.11324057" lon="14.13976464"><ele>243.0</ele></trkpt><trkpt lat="61.11332172" lon="14.14014014"><ele>242.0</ele></trkpt><trkpt lat="61.11340200" lon="14.14047880"><ele>241.0</ele></trkpt><trkpt lat="61.11348055" lon="14.14079321"><ele>240.0</ele></trkpt><trkpt lat="61.11356734" lon="14.14113817"><ele>239.0</ele></trkpt><trkpt lat="61.11364805" lon="14.14148671"><ele>238.0</ele></trkpt><trkpt lat="61.11368624" lon="14.14167985" /><trkpt lat="61.11370967" lon="14.14177058"><ele>238.0</ele></trkpt><trkpt lat="61.11374830" lon="14.14197270" /><trkpt lat="61.11377173" lon="14.14207421"><ele>238.0</ele></trkpt><trkpt lat="61.11381513" lon="14.14230328" /><trkpt lat="61.11383509" lon="14.14246947"><ele>238.0</ele></trkpt><trkpt lat="61.11383899" lon="14.14279376"><ele>238.0</ele></trkpt><trkpt lat="61.11387284" lon="14.14297792" /><trkpt lat="61.11391971" lon="14.14315129"><ele>239.0</ele></trkpt><trkpt lat="61.11397569" lon="14.14331568" /><trkpt lat="61.11402646" lon="14.14345223"><ele>239.0</ele></trkpt><trkpt lat="61.11419743" lon="14.14385108"><ele>239.0</ele></trkpt><trkpt lat="61.11431416" lon="14.14420681"><ele>239.0</ele></trkpt><trkpt lat="61.11441310" lon="14.14457243"><ele>239.0</ele></trkpt><trkpt lat="61.11448904" lon="14.14492097"><ele>239.0</ele></trkpt><trkpt lat="61.11453200" lon="14.14514106" /><trkpt lat="61.11463181" lon="14.14558123"><ele>238.0</ele></trkpt><trkpt lat="61.11469733" lon="14.14581030" /><trkpt lat="61.11481406" lon="14.14616514"><ele>238.0</ele></trkpt><trkpt lat="61.11485095" lon="14.14626575" /><trkpt lat="61.11493383" lon="14.14643733"><ele>237.0</ele></trkpt><trkpt lat="61.11517727" lon="14.14687930"><ele>236.0</ele></trkpt><trkpt lat="61.11529703" lon="14.14713263"><ele>235.0</ele></trkpt><trkpt lat="61.11533435" lon="14.14723324" /><trkpt lat="61.11540465" lon="14.14747039"><ele>233.0</ele></trkpt><trkpt lat="61.11545151" lon="14.14764466" /><trkpt lat="61.11552311" lon="14.14798333"><ele>232.0</ele></trkpt><trkpt lat="61.11557171" lon="14.14831481"><ele>232.0</ele></trkpt><trkpt lat="61.11563376" lon="14.14896159"><ele>231.0</ele></trkpt><trkpt lat="61.11564461" lon="14.14911880" /><trkpt lat="61.11566457" lon="14.14928409"><ele>231.0</ele></trkpt><trkpt lat="61.11568019" lon="14.14946016" /><trkpt lat="61.11573400" lon="14.14980960"><ele>229.0</ele></trkpt><trkpt lat="61.11576741" lon="14.14999286" /><trkpt lat="61.11581470" lon="14.15018510"><ele>228.0</ele></trkpt><trkpt lat="61.11585289" lon="14.15035937" /><trkpt lat="61.11589541" lon="14.15052466"><ele>228.0</ele></trkpt><trkpt lat="61.11602602" lon="14.15095406"><ele>226.0</ele></trkpt><trkpt lat="61.11616531" lon="14.15132686"><ele>224.0</ele></trkpt><trkpt lat="61.11627683" lon="14.15161252"><ele>222.0</ele></trkpt><trkpt lat="61.11641091" lon="14.15195388"><ele>221.0</ele></trkpt><trkpt lat="61.11656929" lon="14.15242819"><ele>219.0</ele></trkpt><trkpt lat="61.11659359" lon="14.15256564" /><trkpt lat="61.11660921" lon="14.15275967"><ele>218.0</ele></trkpt><trkpt lat="61.11661572" lon="14.15290789" /><trkpt lat="61.11661702" lon="14.15303815"><ele>218.0</ele></trkpt><trkpt lat="61.11661441" lon="14.15316841" /><trkpt lat="61.11660270" lon="14.15331663"><ele>218.0</ele></trkpt><trkpt lat="61.11656408" lon="14.15347653" /><trkpt lat="61.11652112" lon="14.15361846"><ele>218.0</ele></trkpt><trkpt lat="61.11647773" lon="14.15374063" /><trkpt lat="61.11642957" lon="14.15385472"><ele>218.0</ele></trkpt><trkpt lat="61.11639052" lon="14.15396791" /><trkpt lat="61.11635624" lon="14.15409098"><ele>218.0</ele></trkpt><trkpt lat="61.11633541" lon="14.15422123" /><trkpt lat="61.11633280" lon="14.15438832"><ele>218.0</ele></trkpt><trkpt lat="61.11633931" lon="14.15455540" /><trkpt lat="61.11635016" lon="14.15471261"><ele>217.0</ele></trkpt><trkpt lat="61.11638965" lon="14.15498839"><ele>217.0</ele></trkpt><trkpt lat="61.11641351" lon="14.15511775" /><trkpt lat="61.11644215" lon="14.15523633"><ele>216.0</ele></trkpt><trkpt lat="61.11650333" lon="14.15547438"><ele>215.0</ele></trkpt><trkpt lat="61.11656885" lon="14.15570255" /><trkpt lat="61.11662570" lon="14.15595049"><ele>214.0</ele></trkpt><trkpt lat="61.11667863" lon="14.15622627"><ele>214.0</ele></trkpt><trkpt lat="61.11669816" lon="14.15637359" /><trkpt lat="61.11671378" lon="14.15653978"><ele>214.0</ele></trkpt><trkpt lat="61.11669729" lon="14.15667004" /><trkpt lat="61.11670076" lon="14.15694852"><ele>213.0</ele></trkpt><trkpt lat="61.11672116" lon="14.15716052" /><trkpt lat="61.11674632" lon="14.15737252"><ele>213.0</ele></trkpt><trkpt lat="61.11675804" lon="14.15760429" /><trkpt lat="61.11674849" lon="14.15790163"><ele>212.0</ele></trkpt><trkpt lat="61.11674025" lon="14.15833821"><ele>211.0</ele></trkpt><trkpt lat="61.11673287" lon="14.15847745" /><trkpt lat="61.11672116" lon="14.15860770"><ele>211.0</ele></trkpt><trkpt lat="61.11667516" lon="14.15890684"><ele>212.0</ele></trkpt><trkpt lat="61.11661485" lon="14.15909549" /><trkpt lat="61.11654933" lon="14.15924730"><ele>212.0</ele></trkpt><trkpt lat="61.11647903" lon="14.15937217" /><trkpt lat="61.11639963" lon="14.15947817"><ele>212.0</ele></trkpt><trkpt lat="61.11631979" lon="14.15956621" /><trkpt lat="61.11623517" lon="14.15963538"><ele>212.0</ele></trkpt><trkpt lat="61.11614622" lon="14.15969556" /><trkpt lat="61.11582989" lon="14.15986984"><ele>214.0</ele></trkpt><trkpt lat="61.11578086" lon="14.15990038" /><trkpt lat="61.11569190" lon="14.15996955"><ele>214.0</ele></trkpt><trkpt lat="61.11560338" lon="14.16005759" /><trkpt lat="61.11551920" lon="14.16015460"><ele>215.0</ele></trkpt><trkpt lat="61.11543545" lon="14.16027947" /><trkpt lat="61.11536082" lon="14.16044117"><ele>215.0</ele></trkpt><trkpt lat="61.11533088" lon="14.16054447" /><trkpt lat="61.11532784" lon="14.16065676" /><trkpt lat="61.11531656" lon="14.16083283"><ele>215.0</ele></trkpt><trkpt lat="61.11522543" lon="14.16109783"><ele>216.0</ele></trkpt><trkpt lat="61.11506878" lon="14.16150477"><ele>216.0</ele></trkpt><trkpt lat="61.11496811" lon="14.16173294"><ele>216.0</ele></trkpt><trkpt lat="61.11491560" lon="14.16183715" /><trkpt lat="61.11480972" lon="14.16198178"><ele>217.0</ele></trkpt><trkpt lat="61.11477067" lon="14.16209496" /><trkpt lat="61.11474073" lon="14.16219917" /><trkpt lat="61.11470297" lon="14.16241387"><ele>217.0</ele></trkpt><trkpt lat="61.11467824" lon="14.16261958" /><trkpt lat="61.11464743" lon="14.16302023"><ele>217.0</ele></trkpt><trkpt lat="61.11461055" lon="14.16330949"><ele>217.0</ele></trkpt><trkpt lat="61.11456802" lon="14.16350622" /><trkpt lat="61.11450336" lon="14.16371373"><ele>218.0</ele></trkpt><trkpt lat="61.11445476" lon="14.16378110" /><trkpt lat="61.11440095" lon="14.16380266" /><trkpt lat="61.11435192" lon="14.16383320"><ele>219.0</ele></trkpt><trkpt lat="61.11430809" lon="14.16390058" /><trkpt lat="61.11431286" lon="14.16393741" /><trkpt lat="61.11434541" lon="14.16401916" /><trkpt lat="61.11428856" lon="14.16415211"><ele>219.0</ele></trkpt><trkpt lat="61.11423605" lon="14.16425631" /><trkpt lat="61.11417877" lon="14.16434345"><ele>220.0</ele></trkpt><trkpt lat="61.11402993" lon="14.16464798"><ele>221.0</ele></trkpt><trkpt lat="61.11385852" lon="14.16496239"><ele>224.0</ele></trkpt><trkpt lat="61.11369579" lon="14.16523997"><ele>226.0</ele></trkpt><trkpt lat="61.11353740" lon="14.16548970"><ele>227.0</ele></trkpt><trkpt lat="61.11338768" lon="14.16573853"><ele>230.0</ele></trkpt><trkpt lat="61.11323840" lon="14.16600623"><ele>231.0</ele></trkpt><trkpt lat="61.11316376" lon="14.16614906" /><trkpt lat="61.11308955" lon="14.16630088"><ele>234.0</ele></trkpt><trkpt lat="61.11301968" lon="14.16647156" /><trkpt lat="61.11291076" lon="14.16675542"><ele>235.0</ele></trkpt><trkpt lat="61.11287648" lon="14.16686861" /><trkpt lat="61.11281963" lon="14.16701055"><ele>236.0</ele></trkpt><trkpt lat="61.11262695" lon="14.16738245"><ele>239.0</ele></trkpt><trkpt lat="61.11242472" lon="14.16773638"><ele>243.0</ele></trkpt><trkpt lat="61.11236353" lon="14.16786934" /><trkpt lat="61.11232013" lon="14.16799240"><ele>245.0</ele></trkpt><trkpt lat="61.11231709" lon="14.16813164" /><trkpt lat="61.11234140" lon="14.16826909"><ele>245.0</ele></trkpt><trkpt lat="61.11243904" lon="14.16854217"><ele>243.0</ele></trkpt><trkpt lat="61.11249893" lon="14.16866884" /><trkpt lat="61.11254493" lon="14.16878741"><ele>241.0</ele></trkpt><trkpt lat="61.11258225" lon="14.16889701" /><trkpt lat="61.11274021" lon="14.16969561"><ele>238.0</ele></trkpt><trkpt lat="61.11280487" lon="14.17003966"><ele>236.0</ele></trkpt><trkpt lat="61.11288385" lon="14.17045828"><ele>236.0</ele></trkpt><trkpt lat="61.11295893" lon="14.17087061"><ele>235.0</ele></trkpt><trkpt lat="61.11310040" lon="14.17165304"><ele>232.0</ele></trkpt><trkpt lat="61.11313902" lon="14.17188301" /><trkpt lat="61.11318199" lon="14.17210309"><ele>231.0</ele></trkpt><trkpt lat="61.11322104" lon="14.17233306" /><trkpt lat="61.11334559" lon="14.17298524"><ele>228.0</ele></trkpt><trkpt lat="61.11340894" lon="14.17330145"><ele>227.0</ele></trkpt><trkpt lat="61.11347447" lon="14.17362754"><ele>227.0</ele></trkpt><trkpt lat="61.11355432" lon="14.17397968"><ele>226.0</ele></trkpt><trkpt lat="61.11366411" lon="14.17446207"><ele>225.0</ele></trkpt><trkpt lat="61.11376782" lon="14.17487440"><ele>224.0</ele></trkpt><trkpt lat="61.11388022" lon="14.17528583"><ele>223.0</ele></trkpt><trkpt lat="61.11400216" lon="14.17569725"><ele>221.0</ele></trkpt><trkpt lat="61.11413711" lon="14.17611677"><ele>220.0</ele></trkpt><trkpt lat="61.11421522" lon="14.17626140" /><trkpt lat="61.11427337" lon="14.17624882"><ele>219.0</ele></trkpt><trkpt lat="61.11436190" lon="14.17613294" /><trkpt lat="61.11446691" lon="14.17592363"><ele>219.0</ele></trkpt><trkpt lat="61.11465481" lon="14.17548705"><ele>218.0</ele></trkpt><trkpt lat="61.11479020" lon="14.17520138"><ele>218.0</ele></trkpt><trkpt lat="61.11486049" lon="14.17507742" /><trkpt lat="61.11492689" lon="14.17497231"><ele>217.0</ele></trkpt><trkpt lat="61.11499762" lon="14.17490314" /><trkpt lat="61.11506010" lon="14.17487260"><ele>216.0</ele></trkpt><trkpt lat="61.11512302" lon="14.17487889" /><trkpt lat="61.11518204" lon="14.17493997" /><trkpt lat="61.11523281" lon="14.17505855"><ele>215.0</ele></trkpt><trkpt lat="61.11528445" lon="14.17524091" /><trkpt lat="61.11532784" lon="14.17549873"><ele>215.0</ele></trkpt><trkpt lat="61.11529486" lon="14.17573229" /><trkpt lat="61.11523932" lon="14.17596675"><ele>215.0</ele></trkpt><trkpt lat="61.11519115" lon="14.17606197" /><trkpt lat="61.11510350" lon="14.17621558"><ele>215.0</ele></trkpt><trkpt lat="61.11505490" lon="14.17629194" /><trkpt lat="61.11482014" lon="14.17656413"><ele>216.0</ele></trkpt><trkpt lat="61.11466913" lon="14.17670157"><ele>217.0</ele></trkpt><trkpt lat="61.11454545" lon="14.17683811"><ele>218.0</ele></trkpt><trkpt lat="61.11435539" lon="14.17708874"><ele>219.0</ele></trkpt><trkpt lat="61.11428509" lon="14.17720373" /><trkpt lat="61.11414319" lon="14.17736902"><ele>220.0</ele></trkpt><trkpt lat="61.11408157" lon="14.17744627" /><trkpt lat="61.11402863" lon="14.17752263"><ele>220.0</ele></trkpt><trkpt lat="61.11397569" lon="14.17760887" /><trkpt lat="61.11392752" lon="14.17770409"><ele>221.0</ele></trkpt><trkpt lat="61.11388846" lon="14.17782716" /><trkpt lat="61.11383335" lon="14.17808048"><ele>221.0</ele></trkpt><trkpt lat="61.11382077" lon="14.17817391" /><trkpt lat="61.11380514" lon="14.17835088"><ele>221.0</ele></trkpt><trkpt lat="61.11380037" lon="14.17869403"><ele>221.0</ele></trkpt><trkpt lat="61.11380688" lon="14.17886112" /><trkpt lat="61.11381122" lon="14.17924111"><ele>220.0</ele></trkpt><trkpt lat="61.11380514" lon="14.17946389" /><trkpt lat="61.11373658" lon="14.18049695"><ele>219.0</ele></trkpt><trkpt lat="61.11372486" lon="14.18062721" /><trkpt lat="61.11371749" lon="14.18075746" /><trkpt lat="61.11366975" lon="14.18129825"><ele>218.0</ele></trkpt><trkpt lat="61.11363764" lon="14.18160547"><ele>218.0</ele></trkpt><trkpt lat="61.11362636" lon="14.18177346" /><trkpt lat="61.11355345" lon="14.18244540"><ele>219.0</ele></trkpt><trkpt lat="61.11353696" lon="14.18253882" /><trkpt lat="61.11351223" lon="14.18273466"><ele>219.0</ele></trkpt><trkpt lat="61.11349530" lon="14.18282808" /><trkpt lat="61.11347057" lon="14.18301493"><ele>220.0</ele></trkpt><trkpt lat="61.11341589" lon="14.18335360"><ele>220.0</ele></trkpt><trkpt lat="61.11335383" lon="14.18373538"><ele>221.0</ele></trkpt><trkpt lat="61.11329178" lon="14.18420250"><ele>222.0</ele></trkpt><trkpt lat="61.11323102" lon="14.18473431"><ele>222.0</ele></trkpt><trkpt lat="61.11320455" lon="14.18513406"><ele>221.0</ele></trkpt><trkpt lat="61.11319457" lon="14.18544128"><ele>221.0</ele></trkpt><trkpt lat="61.11319804" lon="14.18571886"><ele>221.0</ele></trkpt><trkpt lat="61.11322234" lon="14.18626504"><ele>219.0</ele></trkpt><trkpt lat="61.11322712" lon="14.18667287"><ele>219.0</ele></trkpt><trkpt lat="61.11321280" lon="14.18697021"><ele>219.0</ele></trkpt><trkpt lat="61.11318546" lon="14.18729630"><ele>220.0</ele></trkpt><trkpt lat="61.11313859" lon="14.18752178" /><trkpt lat="61.11308738" lon="14.18771941"><ele>221.0</ele></trkpt><trkpt lat="61.11298150" lon="14.18802394"><ele>222.0</ele></trkpt><trkpt lat="61.11284870" lon="14.18840842"><ele>222.0</ele></trkpt><trkpt lat="61.11279272" lon="14.18860605" /><trkpt lat="61.11269899" lon="14.18902825"><ele>222.0</ele></trkpt><trkpt lat="61.11267425" lon="14.18920612" /><trkpt lat="61.11264257" lon="14.18955017"><ele>222.0</ele></trkpt><trkpt lat="61.11263085" lon="14.18971816" /><trkpt lat="61.11261046" lon="14.18989513"><ele>222.0</ele></trkpt><trkpt lat="61.11258572" lon="14.19007299" /><trkpt lat="61.11255230" lon="14.19026972"><ele>222.0</ele></trkpt><trkpt lat="61.11240606" lon="14.19079614"><ele>222.0</ele></trkpt><trkpt lat="61.11227239" lon="14.19125787"><ele>222.0</ele></trkpt><trkpt lat="61.11214264" lon="14.19168188"><ele>222.0</ele></trkpt><trkpt lat="61.11209490" lon="14.19182291" /><trkpt lat="61.11184884" lon="14.19261523"><ele>221.0</ele></trkpt><trkpt lat="61.11179719" lon="14.19280297" /><trkpt lat="61.11172776" lon="14.19300150"><ele>220.0</ele></trkpt><trkpt lat="61.11166700" lon="14.19319913" /><trkpt lat="61.11154592" lon="14.19354858"><ele>220.0</ele></trkpt><trkpt lat="61.11149384" lon="14.19371836" /><trkpt lat="61.11089494" lon="14.19543683"><ele>220.0</ele></trkpt><trkpt lat="61.11086499" lon="14.19554014" /><trkpt lat="61.11079078" lon="14.19571082"><ele>221.0</ele></trkpt><trkpt lat="61.11071613" lon="14.19585365" /><trkpt lat="61.11065017" lon="14.19596864"><ele>223.0</ele></trkpt><trkpt lat="61.11057899" lon="14.19604679" /><trkpt lat="61.11050782" lon="14.19609620"><ele>225.0</ele></trkpt><trkpt lat="61.11043664" lon="14.19613752" /><trkpt lat="61.11036503" lon="14.19616896"><ele>228.0</ele></trkpt><trkpt lat="61.11029863" lon="14.19622735" /><trkpt lat="61.11023657" lon="14.19630461"><ele>230.0</ele></trkpt><trkpt lat="61.11017971" lon="14.19643756" /><trkpt lat="61.11014977" lon="14.19653188"><ele>233.0</ele></trkpt><trkpt lat="61.11013284" lon="14.19662531" /><trkpt lat="61.11012026" lon="14.19671873" /><trkpt lat="61.11011244" lon="14.19681216"><ele>234.0</ele></trkpt><trkpt lat="61.11011461" lon="14.19699721" /><trkpt lat="61.11013718" lon="14.19736731"><ele>237.0</ele></trkpt><trkpt lat="61.11013805" lon="14.19745984" /><trkpt lat="61.11013154" lon="14.19765477"><ele>238.0</ele></trkpt><trkpt lat="61.11011939" lon="14.19774820" /><trkpt lat="61.11008120" lon="14.19794493"><ele>241.0</ele></trkpt><trkpt lat="61.10991628" lon="14.19842643"><ele>245.0</ele></trkpt><trkpt lat="61.10978217" lon="14.19886031"><ele>249.0</ele></trkpt><trkpt lat="61.10960900" lon="14.19939751"><ele>253.0</ele></trkpt><trkpt lat="61.10946621" lon="14.19983139"><ele>258.0</ele></trkpt><trkpt lat="61.10930129" lon="14.20031289"><ele>262.0</ele></trkpt><trkpt lat="61.10917933" lon="14.20060664"><ele>267.0</ele></trkpt><trkpt lat="61.10900399" lon="14.20094890"><ele>269.0</ele></trkpt><trkpt lat="61.10888593" lon="14.20122468"><ele>274.0</ele></trkpt><trkpt lat="61.10882951" lon="14.20139446" /><trkpt lat="61.10885685" lon="14.20142950"><ele>274.0</ele></trkpt><trkpt lat="61.10888897" lon="14.20148339" /><trkpt lat="61.10874097" lon="14.20187147"><ele>276.0</ele></trkpt><trkpt lat="61.10864939" lon="14.20208976"><ele>277.0</ele></trkpt><trkpt lat="61.10855347" lon="14.20234488"><ele>279.0</ele></trkpt><trkpt lat="61.10846276" lon="14.20262785"><ele>281.0</ele></trkpt><trkpt lat="61.10835512" lon="14.20300424"><ele>281.0</ele></trkpt><trkpt lat="61.10826572" lon="14.20333842"><ele>281.0</ele></trkpt><trkpt lat="61.10814853" lon="14.20377500"><ele>281.0</ele></trkpt><trkpt lat="61.10806172" lon="14.20407414"><ele>281.0</ele></trkpt><trkpt lat="61.10796754" lon="14.20439663"><ele>281.0</ele></trkpt><trkpt lat="61.10791545" lon="14.20453767" /><trkpt lat="61.10781997" lon="14.20483052"><ele>279.0</ele></trkpt><trkpt lat="61.10771667" lon="14.20512516"><ele>279.0</ele></trkpt><trkpt lat="61.10759427" lon="14.20547281"><ele>279.0</ele></trkpt><trkpt lat="61.10747274" lon="14.20583124"><ele>278.0</ele></trkpt><trkpt lat="61.10735642" lon="14.20615014"><ele>277.0</ele></trkpt><trkpt lat="61.10718584" lon="14.20661547"><ele>276.0</ele></trkpt><trkpt lat="61.10710771" lon="14.20684185"><ele>275.0</ele></trkpt><trkpt lat="61.10706431" lon="14.20695503" /><trkpt lat="61.10702524" lon="14.20707810"><ele>275.0</ele></trkpt><trkpt lat="61.10689503" lon="14.20743653"><ele>273.0</ele></trkpt><trkpt lat="61.10671273" lon="14.20796564"><ele>271.0</ele></trkpt><trkpt lat="61.10661767" lon="14.20825759"><ele>269.0</ele></trkpt><trkpt lat="61.10656993" lon="14.20841749" /><trkpt lat="61.10652218" lon="14.20854954"><ele>267.0</ele></trkpt><trkpt lat="61.10643581" lon="14.20881365"><ele>266.0</ele></trkpt><trkpt lat="61.10631905" lon="14.20919094"><ele>264.0</ele></trkpt><trkpt lat="61.10627998" lon="14.20930413" /><trkpt lat="61.10614629" lon="14.20977484"><ele>262.0</ele></trkpt><trkpt lat="61.10607684" lon="14.20999134" /><trkpt lat="61.10601694" lon="14.21021682"><ele>258.0</ele></trkpt><trkpt lat="61.10591754" lon="14.21054650"><ele>257.0</ele></trkpt><trkpt lat="61.10582292" lon="14.21088516"><ele>255.0</ele></trkpt><trkpt lat="61.10571267" lon="14.21124359"><ele>253.0</ele></trkpt><trkpt lat="61.10552472" lon="14.21185534"><ele>252.0</ele></trkpt><trkpt lat="61.10539016" lon="14.21227036"><ele>252.0</ele></trkpt><trkpt lat="61.10531593" lon="14.21242218" /><trkpt lat="61.10517486" lon="14.21266113"><ele>252.0</ele></trkpt><trkpt lat="61.10510975" lon="14.21284079" /><trkpt lat="61.10501382" lon="14.21307705"><ele>251.0</ele></trkpt><trkpt lat="61.10497476" lon="14.21318126" /><trkpt lat="61.10494003" lon="14.21329444" /><trkpt lat="61.10490096" lon="14.21338877"><ele>251.0</ele></trkpt><trkpt lat="61.10480894" lon="14.21368072"><ele>250.0</ele></trkpt><trkpt lat="61.10471040" lon="14.21399154"><ele>249.0</ele></trkpt><trkpt lat="61.10464573" lon="14.21420893" /><trkpt lat="61.10452419" lon="14.21456736"><ele>248.0</ele></trkpt><trkpt lat="61.10447166" lon="14.21469043" /><trkpt lat="61.10422380" lon="14.21534260"><ele>246.0</ele></trkpt><trkpt lat="61.10409314" lon="14.21567318"><ele>246.0</ele></trkpt><trkpt lat="61.10393166" lon="14.21608012"><ele>245.0</ele></trkpt><trkpt lat="61.10386178" lon="14.21624182" /><trkpt lat="61.10389607" lon="14.21611965"><ele>245.0</ele></trkpt><trkpt lat="61.10396639" lon="14.21598580" /><trkpt lat="61.10401154" lon="14.21600197"><ele>244.0</ele></trkpt><trkpt lat="61.10396422" lon="14.21618971" /><trkpt lat="61.10387393" lon="14.21650053"><ele>243.0</ele></trkpt><trkpt lat="61.10373068" lon="14.21692543"><ele>242.0</ele></trkpt><trkpt lat="61.10360045" lon="14.21732608"><ele>241.0</ele></trkpt><trkpt lat="61.10347066" lon="14.21772673"><ele>239.0</ele></trkpt><trkpt lat="61.10327141" lon="14.21833938"><ele>237.0</ele></trkpt><trkpt lat="61.10312469" lon="14.21876968"><ele>234.0</ele></trkpt><trkpt lat="61.10297753" lon="14.21919997"><ele>231.0</ele></trkpt><trkpt lat="61.10283037" lon="14.21963116"><ele>228.0</ele></trkpt><trkpt lat="61.10259465" lon="14.22032017"><ele>224.0</ele></trkpt><trkpt lat="61.10247310" lon="14.22065973"><ele>223.0</ele></trkpt><trkpt lat="61.10234895" lon="14.22102265"><ele>221.0</ele></trkpt><trkpt lat="61.10210845" lon="14.22172603"><ele>219.0</ele></trkpt><trkpt lat="61.10197691" lon="14.22212668"><ele>219.0</ele></trkpt><trkpt lat="61.10184538" lon="14.22252733"><ele>219.0</ele></trkpt><trkpt lat="61.10164047" lon="14.22314986"><ele>219.0</ele></trkpt><trkpt lat="61.10157145" lon="14.22338522"><ele>219.0</ele></trkpt><trkpt lat="61.10144990" lon="14.22374365"><ele>219.0</ele></trkpt><trkpt lat="61.10141560" lon="14.22385684" /><trkpt lat="61.10135526" lon="14.22410028"><ele>220.0</ele></trkpt><trkpt lat="61.10132574" lon="14.22424131" /><trkpt lat="61.10128493" lon="14.22457728"><ele>220.0</ele></trkpt><trkpt lat="61.10128667" lon="14.22473449" /><trkpt lat="61.10129709" lon="14.22488271"><ele>220.0</ele></trkpt><trkpt lat="61.10133659" lon="14.22517736"><ele>220.0</ele></trkpt><trkpt lat="61.10135179" lon="14.22532468" /><trkpt lat="61.10135830" lon="14.22549087"><ele>220.0</ele></trkpt><trkpt lat="61.10135135" lon="14.22567682" /><trkpt lat="61.10131011" lon="14.22599393"><ele>221.0</ele></trkpt><trkpt lat="61.10125975" lon="14.22626612"><ele>222.0</ele></trkpt><trkpt lat="61.10109956" lon="14.22677456"><ele>223.0</ele></trkpt><trkpt lat="61.10102055" lon="14.22692638" /><trkpt lat="61.10094067" lon="14.22702340"><ele>224.0</ele></trkpt><trkpt lat="61.10085645" lon="14.22708358" /><trkpt lat="61.10080696" lon="14.22710424"><ele>224.0</ele></trkpt><trkpt lat="61.10075834" lon="14.22713479" /><trkpt lat="61.10067759" lon="14.22714736"><ele>225.0</ele></trkpt><trkpt lat="61.10059641" lon="14.22712401" /><trkpt lat="61.10038411" lon="14.22700453"><ele>226.0</ele></trkpt><trkpt lat="61.10031682" lon="14.22699914" /><trkpt lat="61.10024997" lon="14.22702968"><ele>227.0</ele></trkpt><trkpt lat="61.10018788" lon="14.22711682" /><trkpt lat="61.10014881" lon="14.22721114"><ele>227.0</ele></trkpt><trkpt lat="61.10012754" lon="14.22731445" /><trkpt lat="61.10009411" lon="14.22754801"><ele>228.0</ele></trkpt><trkpt lat="61.09998644" lon="14.22793339"><ele>228.0</ele></trkpt><trkpt lat="61.09988399" lon="14.22831967"><ele>228.0</ele></trkpt><trkpt lat="61.09968993" lon="14.22905179"><ele>229.0</ele></trkpt><trkpt lat="61.09961655" lon="14.22929613"><ele>229.0</ele></trkpt><trkpt lat="61.09958226" lon="14.22943717" /><trkpt lat="61.09948675" lon="14.22971026"><ele>230.0</ele></trkpt><trkpt lat="61.09937691" lon="14.22998874"><ele>230.0</ele></trkpt><trkpt lat="61.09925144" lon="14.23030674"><ele>230.0</ele></trkpt><trkpt lat="61.09920368" lon="14.23045676" /><trkpt lat="61.09914724" lon="14.23060857"><ele>230.0</ele></trkpt><trkpt lat="61.09907430" lon="14.23091759"><ele>231.0</ele></trkpt><trkpt lat="61.09901786" lon="14.23107839" /><trkpt lat="61.09887286" lon="14.23135417"><ele>231.0</ele></trkpt><trkpt lat="61.09879818" lon="14.23146916" /><trkpt lat="61.09871439" lon="14.23161289"><ele>231.0</ele></trkpt><trkpt lat="61.09852857" lon="14.23183477"><ele>232.0</ele></trkpt><trkpt lat="61.09847126" lon="14.23191203" /><trkpt lat="61.09841352" lon="14.23197042"><ele>232.0</ele></trkpt><trkpt lat="61.09824506" lon="14.23216445"><ele>232.0</ele></trkpt><trkpt lat="61.09813869" lon="14.23227135" /><trkpt lat="61.09803666" lon="14.23238814"><ele>232.0</ele></trkpt><trkpt lat="61.09798369" lon="14.23243664" /><trkpt lat="61.09773535" lon="14.23270883"><ele>233.0</ele></trkpt><trkpt lat="61.09768194" lon="14.23275824" /><trkpt lat="61.09753172" lon="14.23293251"><ele>233.0</ele></trkpt><trkpt lat="61.09748309" lon="14.23299989" /><trkpt lat="61.09737672" lon="14.23312565"><ele>234.0</ele></trkpt><trkpt lat="61.09727078" lon="14.23326938" /><trkpt lat="61.09710753" lon="14.23350923"><ele>234.0</ele></trkpt><trkpt lat="61.09699291" lon="14.23370057"><ele>234.0</ele></trkpt><trkpt lat="61.09693125" lon="14.23380568" /><trkpt lat="61.09690173" lon="14.23395570"><ele>234.0</ele></trkpt><trkpt lat="61.09680968" lon="14.23413626" /><trkpt lat="61.09666076" lon="14.23445875"><ele>235.0</ele></trkpt><trkpt lat="61.09652963" lon="14.23477137"><ele>235.0</ele></trkpt><trkpt lat="61.09646885" lon="14.23494115" /><trkpt lat="61.09637332" lon="14.23523310"><ele>236.0</ele></trkpt><trkpt lat="61.09623134" lon="14.23574065"><ele>237.0</ele></trkpt><trkpt lat="61.09620138" lon="14.23586282" /><trkpt lat="61.09617577" lon="14.23599397"><ele>237.0</ele></trkpt><trkpt lat="61.09616404" lon="14.23612423" /><trkpt lat="61.09615666" lon="14.23626347"><ele>237.0</ele></trkpt><trkpt lat="61.09617186" lon="14.23642966" /><trkpt lat="61.09620095" lon="14.23659495"><ele>237.0</ele></trkpt><trkpt lat="61.09625175" lon="14.23672251" /><trkpt lat="61.09631558" lon="14.23682132"><ele>237.0</ele></trkpt><trkpt lat="61.09638418" lon="14.23691115" /><trkpt lat="61.09645669" lon="14.23699020"><ele>236.0</ele></trkpt><trkpt lat="61.09652095" lon="14.23708902" /><trkpt lat="61.09657609" lon="14.23720760"><ele>236.0</ele></trkpt><trkpt lat="61.09661821" lon="14.23737199" /><trkpt lat="61.09662819" lon="14.23746452"><ele>236.0</ele></trkpt><trkpt lat="61.09663384" lon="14.23756602" /><trkpt lat="61.09663601" lon="14.23774209"><ele>237.0</ele></trkpt><trkpt lat="61.09661994" lon="14.23790918" /><trkpt lat="61.09657001" lon="14.23824605"><ele>240.0</ele></trkpt><trkpt lat="61.09654179" lon="14.23851644"><ele>242.0</ele></trkpt><trkpt lat="61.09654396" lon="14.23871946" /><trkpt lat="61.09656480" lon="14.23895033"><ele>246.0</ele></trkpt><trkpt lat="61.09659433" lon="14.23916233" /><trkpt lat="61.09661343" lon="14.23926384"><ele>247.0</ele></trkpt><trkpt lat="61.09665598" lon="14.23944710" /><trkpt lat="61.09674933" lon="14.23978486"><ele>250.0</ele></trkpt><trkpt lat="61.09684355" lon="14.24017024"><ele>251.0</ele></trkpt><trkpt lat="61.09689131" lon="14.24039931" /><trkpt lat="61.09693950" lon="14.24069396"><ele>253.0</ele></trkpt><trkpt lat="61.09695861" lon="14.24078559" /><trkpt lat="61.09700723" lon="14.24112605"><ele>254.0</ele></trkpt><trkpt lat="61.09702721" lon="14.24130122" /><trkpt lat="61.09704284" lon="14.24148537"><ele>256.0</ele></trkpt><trkpt lat="61.09705413" lon="14.24168929" /><trkpt lat="61.09706151" lon="14.24192016"><ele>258.0</ele></trkpt><trkpt lat="61.09705803" lon="14.24203155" /><trkpt lat="61.09705022" lon="14.24212497" /><trkpt lat="61.09701635" lon="14.24229386"><ele>260.0</ele></trkpt><trkpt lat="61.09695209" lon="14.24255617"><ele>263.0</ele></trkpt><trkpt lat="61.09693994" lon="14.24267744" /><trkpt lat="61.09691910" lon="14.24281758"><ele>265.0</ele></trkpt><trkpt lat="61.09690737" lon="14.24295681" /><trkpt lat="61.09689087" lon="14.24308797"><ele>267.0</ele></trkpt><trkpt lat="61.09686699" lon="14.24333051" /><trkpt lat="61.09685918" lon="14.24345089"><ele>269.0</ele></trkpt><trkpt lat="61.09683964" lon="14.24368355" /><trkpt lat="61.09681533" lon="14.24391711"><ele>270.0</ele></trkpt><trkpt lat="61.09679579" lon="14.24416774" /><trkpt lat="61.09673934" lon="14.24471751"><ele>272.0</ele></trkpt><trkpt lat="61.09670504" lon="14.24484956" /><trkpt lat="61.09667943" lon="14.24497084"><ele>273.0</ele></trkpt><trkpt lat="61.09661907" lon="14.24517835" /><trkpt lat="61.09660388" lon="14.24543796"><ele>273.0</ele></trkpt><trkpt lat="61.09660084" lon="14.24555923" /><trkpt lat="61.09658130" lon="14.24579190"><ele>273.0</ele></trkpt><trkpt lat="61.09652268" lon="14.24618356"><ele>273.0</ele></trkpt><trkpt lat="61.09643715" lon="14.24655906"><ele>274.0</ele></trkpt><trkpt lat="61.09634640" lon="14.24685640"><ele>276.0</ele></trkpt><trkpt lat="61.09624697" lon="14.24717979"><ele>278.0</ele></trkpt><trkpt lat="61.09619531" lon="14.24735856" /><trkpt lat="61.09617403" lon="14.24745288"><ele>281.0</ele></trkpt><trkpt lat="61.09615275" lon="14.24756517" /><trkpt lat="61.09612714" lon="14.24766848" /><trkpt lat="61.09607634" lon="14.24794875"><ele>281.0</ele></trkpt><trkpt lat="61.09605159" lon="14.24812572" /><trkpt lat="61.09601077" lon="14.24847157"><ele>282.0</ele></trkpt><trkpt lat="61.09597343" lon="14.24874197"><ele>283.0</ele></trkpt><trkpt lat="61.09595650" lon="14.24883539" /><trkpt lat="61.09591395" lon="14.24904110"><ele>284.0</ele></trkpt><trkpt lat="61.09577240" lon="14.24959536"><ele>285.0</ele></trkpt><trkpt lat="61.09560306" lon="14.25010471"><ele>286.0</ele></trkpt><trkpt lat="61.09554618" lon="14.25023676" /><trkpt lat="61.09549364" lon="14.25035085"><ele>293.0</ele></trkpt><trkpt lat="61.09544110" lon="14.25044607" /><trkpt lat="61.09533516" lon="14.25061765"><ele>295.0</ele></trkpt><trkpt lat="61.09528696" lon="14.25072275" /><trkpt lat="61.09524354" lon="14.25083594"><ele>299.0</ele></trkpt><trkpt lat="61.09520490" lon="14.25099494" /><trkpt lat="61.09516191" lon="14.25114586"><ele>302.0</ele></trkpt><trkpt lat="61.09507985" lon="14.25150608"><ele>305.0</ele></trkpt><trkpt lat="61.09496087" lon="14.25202710"><ele>307.0</ele></trkpt><trkpt lat="61.09493569" lon="14.25216724" /><trkpt lat="61.09485058" lon="14.25256070"><ele>307.0</ele></trkpt><trkpt lat="61.09479978" lon="14.25282301"><ele>303.0</ele></trkpt><trkpt lat="61.09477850" lon="14.25295327" /><trkpt lat="61.09470208" lon="14.25333775"><ele>300.0</ele></trkpt><trkpt lat="61.09468124" lon="14.25346800" /><trkpt lat="61.09452883" lon="14.25425493"><ele>294.0</ele></trkpt><trkpt lat="61.09446240" lon="14.25459090"><ele>294.0</ele></trkpt><trkpt lat="61.09438467" lon="14.25498436"><ele>293.0</ele></trkpt><trkpt lat="61.09428220" lon="14.25546226"><ele>289.0</ele></trkpt><trkpt lat="61.09416626" lon="14.25588537"><ele>287.0</ele></trkpt><trkpt lat="61.09406118" lon="14.25621774"><ele>284.0</ele></trkpt><trkpt lat="61.09391050" lon="14.25669475"><ele>279.0</ele></trkpt><trkpt lat="61.09385449" lon="14.25691124" /><trkpt lat="61.09382930" lon="14.25703252"><ele>274.0</ele></trkpt><trkpt lat="61.09384320" lon="14.25707833" /><trkpt lat="61.09387881" lon="14.25704869" /><trkpt lat="61.09384754" lon="14.25706845" /><trkpt lat="61.09377807" lon="14.25725799"><ele>273.0</ele></trkpt><trkpt lat="61.09369556" lon="14.25753018"><ele>269.0</ele></trkpt><trkpt lat="61.09357137" lon="14.25802785"><ele>265.0</ele></trkpt><trkpt lat="61.09343893" lon="14.25860906"><ele>258.0</ele></trkpt><trkpt lat="61.09341331" lon="14.25874021" /><trkpt lat="61.09327610" lon="14.25929358"><ele>253.0</ele></trkpt><trkpt lat="61.09320271" lon="14.25952894"><ele>247.0</ele></trkpt><trkpt lat="61.09309850" lon="14.25983975"><ele>246.0</ele></trkpt><trkpt lat="61.09299645" lon="14.26013530"><ele>243.0</ele></trkpt><trkpt lat="61.09287660" lon="14.26048115"><ele>239.0</ele></trkpt><trkpt lat="61.09277716" lon="14.26081083"><ele>233.0</ele></trkpt><trkpt lat="61.09274763" lon="14.26094198" /><trkpt lat="61.09268293" lon="14.26118633"><ele>230.0</ele></trkpt><trkpt lat="61.09265731" lon="14.26130760" /><trkpt lat="61.09259391" lon="14.26164447"><ele>224.0</ele></trkpt><trkpt lat="61.09252704" lon="14.26207386"><ele>220.0</ele></trkpt><trkpt lat="61.09246364" lon="14.26241073"><ele>218.0</ele></trkpt><trkpt lat="61.09237332" lon="14.26277724"><ele>217.0</ele></trkpt><trkpt lat="61.09224782" lon="14.26317250"><ele>215.0</ele></trkpt><trkpt lat="61.09213057" lon="14.26352105"><ele>215.0</ele></trkpt><trkpt lat="61.09201289" lon="14.26383276"><ele>214.0</ele></trkpt><trkpt lat="61.09189521" lon="14.26413460"><ele>213.0</ele></trkpt><trkpt lat="61.09183398" lon="14.26427653" /><trkpt lat="61.09158993" lon="14.26490984"><ele>210.0</ele></trkpt><trkpt lat="61.09142925" lon="14.26538146"><ele>210.0</ele></trkpt><trkpt lat="61.09139929" lon="14.26549375" /><trkpt lat="61.09135586" lon="14.26561682"><ele>210.0</ele></trkpt><trkpt lat="61.09128204" lon="14.26585218"><ele>210.0</ele></trkpt><trkpt lat="61.09119128" lon="14.26617108"><ele>210.0</ele></trkpt><trkpt lat="61.09113179" lon="14.26644327"><ele>209.0</ele></trkpt><trkpt lat="61.09109704" lon="14.26656544" /><trkpt lat="61.09104146" lon="14.26680888"><ele>209.0</ele></trkpt><trkpt lat="61.09101627" lon="14.26693105" /><trkpt lat="61.09099934" lon="14.26704244" /><trkpt lat="61.09094028" lon="14.26737033"><ele>209.0</ele></trkpt><trkpt lat="61.09085082" lon="14.26780062"><ele>209.0</ele></trkpt><trkpt lat="61.09075137" lon="14.26813030"><ele>209.0</ele></trkpt><trkpt lat="61.09070794" lon="14.26825247" /><trkpt lat="61.09065974" lon="14.26832883"><ele>209.0</ele></trkpt><trkpt lat="61.09061067" lon="14.26837734" /><trkpt lat="61.09056159" lon="14.26840788" /><trkpt lat="61.09045433" lon="14.26843214"><ele>210.0</ele></trkpt><trkpt lat="61.09039614" lon="14.26845280" /><trkpt lat="61.09034272" lon="14.26849232" /><trkpt lat="61.09009866" lon="14.26874565"><ele>210.0</ele></trkpt><trkpt lat="61.08995101" lon="14.26892082"><ele>210.0</ele></trkpt><trkpt lat="61.08978902" lon="14.26911306"><ele>210.0</ele></trkpt><trkpt lat="61.08964223" lon="14.26931249"><ele>210.0</ele></trkpt><trkpt lat="61.08947069" lon="14.26954515"><ele>210.0</ele></trkpt><trkpt lat="61.08940902" lon="14.26964127" /><trkpt lat="61.08913455" lon="14.27000688"><ele>210.0</ele></trkpt><trkpt lat="61.08898733" lon="14.27022967"><ele>210.0</ele></trkpt><trkpt lat="61.08879928" lon="14.27051443"><ele>209.0</ele></trkpt><trkpt lat="61.08874673" lon="14.27060965" /><trkpt lat="61.08868940" lon="14.27069499"><ele>209.0</ele></trkpt><trkpt lat="61.08854391" lon="14.27094203"><ele>208.0</ele></trkpt><trkpt lat="61.08834587" lon="14.27127710"><ele>208.0</ele></trkpt><trkpt lat="61.08820082" lon="14.27156277"><ele>207.0</ele></trkpt><trkpt lat="61.08812221" lon="14.27175141" /><trkpt lat="61.08803882" lon="14.27191311"><ele>207.0</ele></trkpt><trkpt lat="61.08797324" lon="14.27206492" /><trkpt lat="61.08791244" lon="14.27223471"><ele>206.0</ele></trkpt><trkpt lat="61.08788204" lon="14.27233801" /><trkpt lat="61.08782254" lon="14.27260032"><ele>206.0</ele></trkpt><trkpt lat="61.08779691" lon="14.27274944" /><trkpt lat="61.08777607" lon="14.27288958"><ele>206.0</ele></trkpt><trkpt lat="61.08776434" lon="14.27302972" /><trkpt lat="61.08774784" lon="14.27315997"><ele>206.0</ele></trkpt><trkpt lat="61.08770180" lon="14.27344923"><ele>206.0</ele></trkpt><trkpt lat="61.08767227" lon="14.27360823" /><trkpt lat="61.08754762" lon="14.27408703"><ele>206.0</ele></trkpt><trkpt lat="61.08747900" lon="14.27436821"><ele>206.0</ele></trkpt><trkpt lat="61.08739735" lon="14.27467992"><ele>206.0</ele></trkpt><trkpt lat="61.08730701" lon="14.27502577"><ele>206.0</ele></trkpt><trkpt lat="61.08722883" lon="14.27528898"><ele>206.0</ele></trkpt><trkpt lat="61.08715153" lon="14.27558003"><ele>206.0</ele></trkpt><trkpt lat="61.08710375" lon="14.27573993" /><trkpt lat="61.08706119" lon="14.27590882"><ele>206.0</ele></trkpt><trkpt lat="61.08700038" lon="14.27608758" /><trkpt lat="61.08685141" lon="14.27641906"><ele>206.0</ele></trkpt><trkpt lat="61.08665510" lon="14.27691044"><ele>206.0</ele></trkpt><trkpt lat="61.08651916" lon="14.27721407"><ele>206.0</ele></trkpt><trkpt lat="61.08635237" lon="14.27753746"><ele>207.0</ele></trkpt><trkpt lat="61.08619819" lon="14.27777282"><ele>207.0</ele></trkpt><trkpt lat="61.08597755" lon="14.27811149"><ele>207.0</ele></trkpt><trkpt lat="61.08580512" lon="14.27835134"><ele>207.0</ele></trkpt><trkpt lat="61.08572086" lon="14.27845734" /><trkpt lat="61.08564137" lon="14.27857232"><ele>207.0</ele></trkpt><trkpt lat="61.08549674" lon="14.27875288"><ele>207.0</ele></trkpt><trkpt lat="61.08534081" lon="14.27894782"><ele>208.0</ele></trkpt><trkpt lat="61.08519921" lon="14.27911670"><ele>208.0</ele></trkpt><trkpt lat="61.08505718" lon="14.27928648"><ele>208.0</ele></trkpt><trkpt lat="61.08489778" lon="14.27948860"><ele>208.0</ele></trkpt><trkpt lat="61.08479136" lon="14.27957664" /><trkpt lat="61.08464846" lon="14.27966737"><ele>209.0</ele></trkpt><trkpt lat="61.08442086" lon="14.27977067"><ele>209.0</ele></trkpt><trkpt lat="61.08433182" lon="14.27983086" /><trkpt lat="61.08423843" lon="14.27990991"><ele>210.0</ele></trkpt><trkpt lat="61.08406165" lon="14.28014976"><ele>210.0</ele></trkpt><trkpt lat="61.08386445" lon="14.28058545"><ele>211.0</ele></trkpt><trkpt lat="61.08379843" lon="14.28069055" /><trkpt lat="61.08352565" lon="14.28118552"><ele>211.0</ele></trkpt><trkpt lat="61.08338926" lon="14.28140561"><ele>211.0</ele></trkpt><trkpt lat="61.08328327" lon="14.28154934" /><trkpt lat="61.08323896" lon="14.28162569"><ele>211.0</ele></trkpt><trkpt lat="61.08301787" lon="14.28192394"><ele>211.0</ele></trkpt><trkpt lat="61.08292926" lon="14.28202994" /><trkpt lat="61.08278765" lon="14.28218445"><ele>211.0</ele></trkpt><trkpt lat="61.08261868" lon="14.28234075"><ele>210.0</ele></trkpt><trkpt lat="61.08245448" lon="14.28247909"><ele>210.0</ele></trkpt><trkpt lat="61.08231157" lon="14.28256893"><ele>210.0</ele></trkpt><trkpt lat="61.08224033" lon="14.28260037" /><trkpt lat="61.08216431" lon="14.28262282"><ele>210.0</ele></trkpt><trkpt lat="61.08199360" lon="14.28263091"><ele>210.0</ele></trkpt><trkpt lat="61.08185894" lon="14.28260037"><ele>210.0</ele></trkpt><trkpt lat="61.08168736" lon="14.28252491"><ele>210.0</ele></trkpt><trkpt lat="61.08143845" lon="14.28233267"><ele>210.0</ele></trkpt><trkpt lat="61.08133419" lon="14.28224553" /><trkpt lat="61.08121647" lon="14.28216738"><ele>211.0</ele></trkpt><trkpt lat="61.08109050" lon="14.28210899" /><trkpt lat="61.08102316" lon="14.28213953"><ele>211.0</ele></trkpt><trkpt lat="61.08089545" lon="14.28232189"><ele>210.0</ele></trkpt><trkpt lat="61.08084723" lon="14.28242609" /><trkpt lat="61.08080336" lon="14.28253928"><ele>210.0</ele></trkpt><trkpt lat="61.08077338" lon="14.28265247" /><trkpt lat="61.08072256" lon="14.28291388"><ele>210.0</ele></trkpt><trkpt lat="61.08066044" lon="14.28337112"><ele>209.0</ele></trkpt><trkpt lat="61.08064393" lon="14.28352024" /><trkpt lat="61.08063655" lon="14.28365948"><ele>208.0</ele></trkpt><trkpt lat="61.08063090" lon="14.28394694"><ele>208.0</ele></trkpt><trkpt lat="61.08063524" lon="14.28434579"><ele>208.0</ele></trkpt><trkpt lat="61.08062916" lon="14.28459552" /><trkpt lat="61.08060527" lon="14.28484705"><ele>208.0</ele></trkpt><trkpt lat="61.08058398" lon="14.28495934" /><trkpt lat="61.08055401" lon="14.28508151" /><trkpt lat="61.08047104" lon="14.28530789"><ele>210.0</ele></trkpt><trkpt lat="61.08038329" lon="14.28546959" /><trkpt lat="61.08030422" lon="14.28563038"><ele>210.0</ele></trkpt><trkpt lat="61.08015913" lon="14.28590617"><ele>211.0</ele></trkpt><trkpt lat="61.08008441" lon="14.28604002" /><trkpt lat="61.07996104" lon="14.28623136"><ele>211.0</ele></trkpt><trkpt lat="61.07986373" lon="14.28635622" /><trkpt lat="61.07981507" lon="14.28643258"><ele>212.0</ele></trkpt><trkpt lat="61.07966433" lon="14.28659697"><ele>212.0</ele></trkpt><trkpt lat="61.07952228" lon="14.28672453"><ele>213.0</ele></trkpt><trkpt lat="61.07934981" lon="14.28685748"><ele>213.0</ele></trkpt><trkpt lat="61.07912608" lon="14.28703086"><ele>214.0</ele></trkpt><trkpt lat="61.07899749" lon="14.28714854"><ele>214.0</ele></trkpt><trkpt lat="61.07886890" lon="14.28729317"><ele>215.0</ele></trkpt><trkpt lat="61.07879809" lon="14.28738929" /><trkpt lat="61.07867471" lon="14.28758961"><ele>215.0</ele></trkpt><trkpt lat="61.07863083" lon="14.28769381" /><trkpt lat="61.07860563" lon="14.28781509"><ele>215.0</ele></trkpt><trkpt lat="61.07856349" lon="14.28806751" /><trkpt lat="61.07853786" lon="14.28819867"><ele>215.0</ele></trkpt><trkpt lat="61.07850789" lon="14.28832982" /><trkpt lat="61.07846444" lon="14.28846187"><ele>216.0</ele></trkpt><trkpt lat="61.07839406" lon="14.28856698" /><trkpt lat="61.07824766" lon="14.28872239"><ele>216.0</ele></trkpt><trkpt lat="61.07811993" lon="14.28893169"><ele>216.0</ele></trkpt><trkpt lat="61.07804608" lon="14.28915807"><ele>217.0</ele></trkpt><trkpt lat="61.07799786" lon="14.28927126" /><trkpt lat="61.07775066" lon="14.28964495"><ele>218.0</ele></trkpt><trkpt lat="61.07759599" lon="14.28983719"><ele>218.0</ele></trkpt><trkpt lat="61.07742004" lon="14.29003482"><ele>218.0</ele></trkpt><trkpt lat="61.07713939" lon="14.29035013"><ele>219.0</ele></trkpt><trkpt lat="61.07697994" lon="14.29054327"><ele>220.0</ele></trkpt><trkpt lat="61.07681224" lon="14.29077324"><ele>220.0</ele></trkpt><trkpt lat="61.07676793" lon="14.29084061" /><trkpt lat="61.07665801" lon="14.29103106"><ele>220.0</ele></trkpt><trkpt lat="61.07660978" lon="14.29115412" /><trkpt lat="61.07657068" lon="14.29127630"><ele>220.0</ele></trkpt><trkpt lat="61.07645859" lon="14.29167066"><ele>220.0</ele></trkpt><trkpt lat="61.07635388" lon="14.29194464"><ele>220.0</ele></trkpt><trkpt lat="61.07630522" lon="14.29200213" /><trkpt lat="61.07626091" lon="14.29204166" /><trkpt lat="61.07608712" lon="14.29215125"><ele>220.0</ele></trkpt><trkpt lat="61.07600284" lon="14.29225726" /><trkpt lat="61.07594505" lon="14.29231565"><ele>220.0</ele></trkpt><trkpt lat="61.07581254" lon="14.29248902"><ele>220.0</ele></trkpt><trkpt lat="61.07568480" lon="14.29270821"><ele>220.0</ele></trkpt><trkpt lat="61.07563658" lon="14.29281241" /><trkpt lat="61.07558400" lon="14.29290764"><ele>220.0</ele></trkpt><trkpt lat="61.07554490" lon="14.29304867" /><trkpt lat="61.07525337" lon="14.29386794"><ele>220.0</ele></trkpt><trkpt lat="61.07514518" lon="14.29421648"><ele>220.0</ele></trkpt><trkpt lat="61.07509391" lon="14.29443208" /><trkpt lat="61.07505481" lon="14.29456323"><ele>221.0</ele></trkpt><trkpt lat="61.07497486" lon="14.29488213"><ele>221.0</ele></trkpt><trkpt lat="61.07488319" lon="14.29524775"><ele>221.0</ele></trkpt><trkpt lat="61.07486190" lon="14.29536004" /><trkpt lat="61.07478456" lon="14.29566906"><ele>222.0</ele></trkpt><trkpt lat="61.07471200" lon="14.29602479"><ele>222.0</ele></trkpt><trkpt lat="61.07468202" lon="14.29614696" /><trkpt lat="61.07461859" lon="14.29648293"><ele>222.0</ele></trkpt><trkpt lat="61.07460599" lon="14.29657636" /><trkpt lat="61.07459817" lon="14.29667876" /><trkpt lat="61.07459947" lon="14.29679015"><ele>223.0</ele></trkpt><trkpt lat="61.07461989" lon="14.29699228" /><trkpt lat="61.07463423" lon="14.29708480"><ele>223.0</ele></trkpt><trkpt lat="61.07467203" lon="14.29725908" /><trkpt lat="61.07471417" lon="14.29742347"><ele>223.0</ele></trkpt><trkpt lat="61.07476544" lon="14.29757888" /><trkpt lat="61.07486320" lon="14.29790766"><ele>223.0</ele></trkpt><trkpt lat="61.07491056" lon="14.29810888" /><trkpt lat="61.07504395" lon="14.29879789"><ele>223.0</ele></trkpt><trkpt lat="61.07508740" lon="14.29909164"><ele>223.0</ele></trkpt><trkpt lat="61.07510738" lon="14.29926681" /><trkpt lat="61.07511955" lon="14.29955337"><ele>224.0</ele></trkpt><trkpt lat="61.07512085" lon="14.29968363" /><trkpt lat="61.07511781" lon="14.29981299" /><trkpt lat="61.07509044" lon="14.30017591"><ele>227.0</ele></trkpt><trkpt lat="61.07506611" lon="14.30040857" /><trkpt lat="61.07505872" lon="14.30052894"><ele>229.0</ele></trkpt><trkpt lat="61.07505220" lon="14.30077059" /><trkpt lat="61.07506002" lon="14.30103919"><ele>231.0</ele></trkpt><trkpt lat="61.07507045" lon="14.30117753" /><trkpt lat="61.07509435" lon="14.30132395"><ele>233.0</ele></trkpt><trkpt lat="61.07510434" lon="14.30141648" /><trkpt lat="61.07512346" lon="14.30150811" /><trkpt lat="61.07515257" lon="14.30169226"><ele>234.0</ele></trkpt><trkpt lat="61.07521861" lon="14.30201296"><ele>236.0</ele></trkpt><trkpt lat="61.07533114" lon="14.30243427"><ele>238.0</ele></trkpt><trkpt lat="61.07549885" lon="14.30298224"><ele>239.0</ele></trkpt><trkpt lat="61.07562962" lon="14.30344847"><ele>240.0</ele></trkpt><trkpt lat="61.07574737" lon="14.30393356"><ele>240.0</ele></trkpt><trkpt lat="61.07576214" lon="14.30405393" /><trkpt lat="61.07576518" lon="14.30433151"><ele>239.0</ele></trkpt><trkpt lat="61.07570435" lon="14.30449141" /><trkpt lat="61.07562485" lon="14.30464413"><ele>239.0</ele></trkpt><trkpt lat="61.07558140" lon="14.30475731" /><trkpt lat="61.07554664" lon="14.30486062"><ele>239.0</ele></trkpt><trkpt lat="61.07549059" lon="14.30505735" /><trkpt lat="61.07542977" lon="14.30523701"><ele>239.0</ele></trkpt><trkpt lat="61.07535547" lon="14.30543464" /><trkpt lat="61.07518863" lon="14.30574815"><ele>239.0</ele></trkpt><trkpt lat="61.07505090" lon="14.30597633"><ele>239.0</ele></trkpt><trkpt lat="61.07488884" lon="14.30624402"><ele>239.0</ele></trkpt><trkpt lat="61.07480542" lon="14.30639674" /><trkpt lat="61.07472199" lon="14.30656742"><ele>240.0</ele></trkpt><trkpt lat="61.07451474" lon="14.30689171"><ele>241.0</ele></trkpt><trkpt lat="61.07443132" lon="14.30706239" /><trkpt lat="61.07439178" lon="14.30716659"><ele>243.0</ele></trkpt><trkpt lat="61.07435311" lon="14.30729775" /><trkpt lat="61.07433617" lon="14.30741004"><ele>243.0</ele></trkpt><trkpt lat="61.07433313" lon="14.30751155" /><trkpt lat="61.07437093" lon="14.30769570"><ele>244.0</ele></trkpt><trkpt lat="61.07445522" lon="14.30799754"><ele>244.0</ele></trkpt><trkpt lat="61.07450127" lon="14.30813408" /><trkpt lat="61.07454342" lon="14.30828051"><ele>245.0</ele></trkpt><trkpt lat="61.07465074" lon="14.30859581"><ele>245.0</ele></trkpt><trkpt lat="61.07479412" lon="14.30901892"><ele>246.0</ele></trkpt><trkpt lat="61.07478499" lon="14.30902880" /><trkpt lat="61.07480889" lon="14.30913840" /><trkpt lat="61.07484626" lon="14.30926596"><ele>246.0</ele></trkpt><trkpt lat="61.07494575" lon="14.30974386"><ele>246.0</ele></trkpt><trkpt lat="61.07492490" lon="14.30989298" /><trkpt lat="61.07483583" lon="14.30997113"><ele>248.0</ele></trkpt><trkpt lat="61.07473850" lon="14.31006815" /><trkpt lat="61.07447651" lon="14.31035831"><ele>254.0</ele></trkpt><trkpt lat="61.07442350" lon="14.31042568" /><trkpt lat="61.07433573" lon="14.31057840"><ele>255.0</ele></trkpt><trkpt lat="61.07431922" lon="14.31072752" /><trkpt lat="61.07433791" lon="14.31079130" /><trkpt lat="61.07437614" lon="14.31098354"><ele>255.0</ele></trkpt><trkpt lat="61.07442698" lon="14.31112008" /><trkpt lat="61.07446956" lon="14.31135005"><ele>254.0</ele></trkpt><trkpt lat="61.07457253" lon="14.31173453"><ele>252.0</ele></trkpt><trkpt lat="61.07465812" lon="14.31213787"><ele>251.0</ele></trkpt><trkpt lat="61.07468289" lon="14.31235886" /><trkpt lat="61.07470722" lon="14.31252505"><ele>249.0</ele></trkpt><trkpt lat="61.07474198" lon="14.31281969"><ele>249.0</ele></trkpt><trkpt lat="61.07476501" lon="14.31290144" /><trkpt lat="61.07482540" lon="14.31307481"><ele>248.0</ele></trkpt><trkpt lat="61.07484539" lon="14.31325897" /><trkpt lat="61.07485147" lon="14.31341617"><ele>248.0</ele></trkpt><trkpt lat="61.07491882" lon="14.31380245"><ele>246.0</ele></trkpt><trkpt lat="61.07494402" lon="14.31404230" /><trkpt lat="61.07491708" lon="14.31446002"><ele>246.0</ele></trkpt><trkpt lat="61.07488058" lon="14.31483282"><ele>247.0</ele></trkpt><trkpt lat="61.07487233" lon="14.31486965" /><trkpt lat="61.07485408" lon="14.31525053"><ele>247.0</ele></trkpt><trkpt lat="61.07485929" lon="14.31533408" /><trkpt lat="61.07486798" lon="14.31569520"><ele>247.0</ele></trkpt><trkpt lat="61.07485060" lon="14.31576078" /><trkpt lat="61.07485451" lon="14.31610303"><ele>245.0</ele></trkpt><trkpt lat="61.07486060" lon="14.31624138" /><trkpt lat="61.07488102" lon="14.31650009"><ele>244.0</ele></trkpt><trkpt lat="61.07486798" lon="14.31692679"><ele>243.0</ele></trkpt><trkpt lat="61.07483540" lon="14.31724390"><ele>242.0</ele></trkpt><trkpt lat="61.07481802" lon="14.31729959" /><trkpt lat="61.07477370" lon="14.31773707"><ele>242.0</ele></trkpt><trkpt lat="61.07471504" lon="14.31812963"><ele>240.0</ele></trkpt><trkpt lat="61.07470461" lon="14.31839823"><ele>239.0</ele></trkpt><trkpt lat="61.07470418" lon="14.31876923"><ele>237.0</ele></trkpt><trkpt lat="61.07471461" lon="14.31891656" /><trkpt lat="61.07470461" lon="14.31922288"><ele>235.0</ele></trkpt><trkpt lat="61.07469201" lon="14.31928846" /><trkpt lat="61.07468724" lon="14.31968731"><ele>235.0</ele></trkpt><trkpt lat="61.07471635" lon="14.31987057" /><trkpt lat="61.07472199" lon="14.31997208"><ele>234.0</ele></trkpt><trkpt lat="61.07468810" lon="14.32014096" /><trkpt lat="61.07469853" lon="14.32028829"><ele>234.0</ele></trkpt><trkpt lat="61.07469940" lon="14.32037183" /><trkpt lat="61.07468941" lon="14.32069702"><ele>232.0</ele></trkpt><trkpt lat="61.07467203" lon="14.32073475" /><trkpt lat="61.07464900" lon="14.32148574"><ele>231.0</ele></trkpt><trkpt lat="61.07462119" lon="14.32181183"><ele>231.0</ele></trkpt><trkpt lat="61.07463032" lon="14.32184776" /><trkpt lat="61.07456819" lon="14.32231399"><ele>231.0</ele></trkpt><trkpt lat="61.07454690" lon="14.32243526" /><trkpt lat="61.07450388" lon="14.32260414"><ele>231.0</ele></trkpt><trkpt lat="61.07446695" lon="14.32288442"><ele>233.0</ele></trkpt><trkpt lat="61.07445478" lon="14.32302366" /><trkpt lat="61.07438570" lon="14.32328596"><ele>235.0</ele></trkpt><trkpt lat="61.07436050" lon="14.32340813" /><trkpt lat="61.07428620" lon="14.32360576"><ele>234.0</ele></trkpt><trkpt lat="61.07420539" lon="14.32400821"><ele>234.0</ele></trkpt><trkpt lat="61.07418409" lon="14.32413847" /><trkpt lat="61.07416411" lon="14.32432531"><ele>233.0</ele></trkpt><trkpt lat="61.07412587" lon="14.32454001" /><trkpt lat="61.07410024" lon="14.32465230"><ele>233.0</ele></trkpt><trkpt lat="61.07405375" lon="14.32490473"><ele>233.0</ele></trkpt><trkpt lat="61.07403724" lon="14.32503498" /><trkpt lat="61.07398119" lon="14.32524160"><ele>233.0</ele></trkpt><trkpt lat="61.07391688" lon="14.32554074"><ele>232.0</ele></trkpt><trkpt lat="61.07383519" lon="14.32585065"><ele>232.0</ele></trkpt><trkpt lat="61.07380956" lon="14.32599079" /><trkpt lat="61.07370137" lon="14.32634742"><ele>233.0</ele></trkpt><trkpt lat="61.07365835" lon="14.32650732" /><trkpt lat="61.07358796" lon="14.32665824"><ele>233.0</ele></trkpt><trkpt lat="61.07353626" lon="14.32682802" /><trkpt lat="61.07350628" lon="14.32695918"><ele>233.0</ele></trkpt><trkpt lat="61.07344936" lon="14.32711908" /><trkpt lat="61.07342459" lon="14.32728706"><ele>233.0</ele></trkpt><trkpt lat="61.07338592" lon="14.32744606" /><trkpt lat="61.07333421" lon="14.32763381"><ele>232.0</ele></trkpt><trkpt lat="61.07332205" lon="14.32775508" /><trkpt lat="61.07324818" lon="14.32800841"><ele>230.0</ele></trkpt><trkpt lat="61.07321863" lon="14.32814854" /><trkpt lat="61.07317649" lon="14.32840097"><ele>228.0</ele></trkpt><trkpt lat="61.07312826" lon="14.32853302" /><trkpt lat="61.07307698" lon="14.32873874"><ele>226.0</ele></trkpt><trkpt lat="61.07305526" lon="14.32880521" /><trkpt lat="61.07290970" lon="14.32947895"><ele>222.0</ele></trkpt><trkpt lat="61.07289710" lon="14.32955351" /><trkpt lat="61.07282801" lon="14.32978797"><ele>221.0</ele></trkpt><trkpt lat="61.07279368" lon="14.32992901" /><trkpt lat="61.07279890" lon="14.33000267" /><trkpt lat="61.07276414" lon="14.33008711"><ele>220.0</ele></trkpt><trkpt lat="61.07273459" lon="14.33027396" /><trkpt lat="61.07271721" lon="14.33033954"><ele>219.0</ele></trkpt><trkpt lat="61.07265420" lon="14.33074108"><ele>218.0</ele></trkpt><trkpt lat="61.07263726" lon="14.33081564" /><trkpt lat="61.07259076" lon="14.33106807"><ele>217.0</ele></trkpt><trkpt lat="61.07252602" lon="14.33133038"><ele>216.0</ele></trkpt><trkpt lat="61.07250125" lon="14.33152621" /><trkpt lat="61.07246171" lon="14.33159269"><ele>216.0</ele></trkpt><trkpt lat="61.07240088" lon="14.33176247" /><trkpt lat="61.07231919" lon="14.33210922"><ele>216.0</ele></trkpt><trkpt lat="61.07225445" lon="14.33232481" /><trkpt lat="61.07221143" lon="14.33249370"><ele>216.0</ele></trkpt><trkpt lat="61.07208933" lon="14.33284224"><ele>215.0</ele></trkpt><trkpt lat="61.07194985" lon="14.33320067"><ele>215.0</ele></trkpt><trkpt lat="61.07188380" lon="14.33333362" /><trkpt lat="61.07174432" lon="14.33370103"><ele>215.0</ele></trkpt><trkpt lat="61.07171781" lon="14.33374864" /><trkpt lat="61.07169652" lon="14.33383308" /><trkpt lat="61.07159962" lon="14.33400466"><ele>215.0</ele></trkpt><trkpt lat="61.07158224" lon="14.33407922" /><trkpt lat="61.07147273" lon="14.33432536"><ele>215.0</ele></trkpt><trkpt lat="61.07145144" lon="14.33442867" /><trkpt lat="61.07123418" lon="14.33505928"><ele>215.0</ele></trkpt><trkpt lat="61.07110251" lon="14.33537100"><ele>215.0</ele></trkpt><trkpt lat="61.07106731" lon="14.33542759" /><trkpt lat="61.07100735" lon="14.33566205"><ele>216.0</ele></trkpt><trkpt lat="61.07091262" lon="14.33606540"><ele>217.0</ele></trkpt><trkpt lat="61.07090914" lon="14.33613906" /><trkpt lat="61.07084874" lon="14.33637352"><ele>218.0</ele></trkpt><trkpt lat="61.07081311" lon="14.33640316" /><trkpt lat="61.07074880" lon="14.33666547"><ele>218.0</ele></trkpt><trkpt lat="61.07072229" lon="14.33670410" /><trkpt lat="61.07071881" lon="14.33679663" /><trkpt lat="61.07063582" lon="14.33701312"><ele>218.0</ele></trkpt><trkpt lat="61.07061452" lon="14.33712541" /><trkpt lat="61.07051501" lon="14.33746407"><ele>218.0</ele></trkpt><trkpt lat="61.07037335" lon="14.33805337"><ele>218.0</ele></trkpt><trkpt lat="61.07036118" lon="14.33815668" /><trkpt lat="61.07027080" lon="14.33853127"><ele>218.0</ele></trkpt><trkpt lat="61.07020779" lon="14.33893192"><ele>217.0</ele></trkpt><trkpt lat="61.07016955" lon="14.33911877" /><trkpt lat="61.07011306" lon="14.33928855"><ele>216.0</ele></trkpt><trkpt lat="61.07006569" lon="14.33947630" /><trkpt lat="61.06999964" lon="14.33959937"><ele>216.0</ele></trkpt><trkpt lat="61.06990360" lon="14.33982664"><ele>216.0</ele></trkpt><trkpt lat="61.06987318" lon="14.33991108" /><trkpt lat="61.06980279" lon="14.34004404"><ele>216.0</ele></trkpt><trkpt lat="61.06969719" lon="14.34026143"><ele>217.0</ele></trkpt><trkpt lat="61.06958725" lon="14.34044289"><ele>217.0</ele></trkpt><trkpt lat="61.06948643" lon="14.34066028"><ele>218.0</ele></trkpt><trkpt lat="61.06944210" lon="14.34072765" /><trkpt lat="61.06931087" lon="14.34104835"><ele>218.0</ele></trkpt><trkpt lat="61.06927132" lon="14.34113369" /><trkpt lat="61.06917094" lon="14.34139780"><ele>219.0</ele></trkpt><trkpt lat="61.06910966" lon="14.34152087" /><trkpt lat="61.06905752" lon="14.34168975"><ele>219.0</ele></trkpt><trkpt lat="61.06900580" lon="14.34189636" /><trkpt lat="61.06895322" lon="14.34199158"><ele>219.0</ele></trkpt><trkpt lat="61.06882850" lon="14.34224311"><ele>218.0</ele></trkpt><trkpt lat="61.06868509" lon="14.34253147"><ele>218.0</ele></trkpt><trkpt lat="61.06863816" lon="14.34272820" /><trkpt lat="61.06848649" lon="14.34324473"><ele>217.0</ele></trkpt><trkpt lat="61.06835916" lon="14.34351962"><ele>217.0</ele></trkpt><trkpt lat="61.06828833" lon="14.34358699" /><trkpt lat="61.06820924" lon="14.34374869"><ele>217.0</ele></trkpt><trkpt lat="61.06813883" lon="14.34386277" /><trkpt lat="61.06806843" lon="14.34400471"><ele>218.0</ele></trkpt><trkpt lat="61.06791937" lon="14.34434517"><ele>218.0</ele></trkpt><trkpt lat="61.06781898" lon="14.34459041"><ele>219.0</ele></trkpt><trkpt lat="61.06780160" lon="14.34465599" /><trkpt lat="61.06771903" lon="14.34488236"><ele>219.0</ele></trkpt><trkpt lat="61.06770599" lon="14.34494794" /><trkpt lat="61.06760995" lon="14.34516533"><ele>219.0</ele></trkpt><trkpt lat="61.06759213" lon="14.34518509" /><trkpt lat="61.06749609" lon="14.34545728"><ele>221.0</ele></trkpt><trkpt lat="61.06735615" lon="14.34579775"><ele>222.0</ele></trkpt><trkpt lat="61.06727792" lon="14.34602322"><ele>223.0</ele></trkpt><trkpt lat="61.06726967" lon="14.34606993" /><trkpt lat="61.06718318" lon="14.34638884"><ele>224.0</ele></trkpt><trkpt lat="61.06717493" lon="14.34645441" /><trkpt lat="61.06706150" lon="14.34676523"><ele>224.0</ele></trkpt><trkpt lat="61.06690852" lon="14.34715151"><ele>224.0</ele></trkpt><trkpt lat="61.06678119" lon="14.34738956"><ele>225.0</ele></trkpt><trkpt lat="61.06666732" lon="14.34765366"><ele>225.0</ele></trkpt><trkpt lat="61.06665428" lon="14.34771026" /><trkpt lat="61.06659300" lon="14.34782434" /><trkpt lat="61.06656649" lon="14.34789890"><ele>225.0</ele></trkpt><trkpt lat="61.06650956" lon="14.34800401" /><trkpt lat="61.06636919" lon="14.34832560"><ele>225.0</ele></trkpt><trkpt lat="61.06620664" lon="14.34863822"><ele>224.0</ele></trkpt><trkpt lat="61.06605236" lon="14.34888615"><ele>223.0</ele></trkpt><trkpt lat="61.06596413" lon="14.34903887" /><trkpt lat="61.06569468" lon="14.34943952"><ele>221.0</ele></trkpt><trkpt lat="61.06558429" lon="14.34959313"><ele>221.0</ele></trkpt><trkpt lat="61.06545173" lon="14.34980333"><ele>220.0</ele></trkpt><trkpt lat="61.06530657" lon="14.35007822"><ele>219.0</ele></trkpt><trkpt lat="61.06518401" lon="14.35036119"><ele>218.0</ele></trkpt><trkpt lat="61.06513533" lon="14.35042856" /><trkpt lat="61.06506970" lon="14.35057948"><ele>217.0</ele></trkpt><trkpt lat="61.06506101" lon="14.35060822" /><trkpt lat="61.06499886" lon="14.35068458" /><trkpt lat="61.06494192" lon="14.35077980"><ele>217.0</ele></trkpt><trkpt lat="61.06492845" lon="14.35078968" /><trkpt lat="61.06491063" lon="14.35081843" /><trkpt lat="61.06484066" lon="14.35098821"><ele>216.0</ele></trkpt><trkpt lat="61.06476590" lon="14.35110320" /><trkpt lat="61.06469506" lon="14.35122716"><ele>216.0</ele></trkpt><trkpt lat="61.06452816" lon="14.35156762"><ele>216.0</ele></trkpt><trkpt lat="61.06447992" lon="14.35165386" /><trkpt lat="61.06439082" lon="14.35173202"><ele>216.0</ele></trkpt><trkpt lat="61.06432084" lon="14.35188293" /><trkpt lat="61.06421479" lon="14.35205451"><ele>216.0</ele></trkpt><trkpt lat="61.06414395" lon="14.35214075" /><trkpt lat="61.06392750" lon="14.35244707"><ele>217.0</ele></trkpt><trkpt lat="61.06386144" lon="14.35256206" /><trkpt lat="61.06381276" lon="14.35261955"><ele>217.0</ele></trkpt><trkpt lat="61.06376842" lon="14.35269591" /><trkpt lat="61.06369801" lon="14.35279113"><ele>217.0</ele></trkpt><trkpt lat="61.06366715" lon="14.35285760" /><trkpt lat="61.06350808" lon="14.35309656"><ele>217.0</ele></trkpt><trkpt lat="61.06346809" lon="14.35312620" /><trkpt lat="61.06341072" lon="14.35320256" /><trkpt lat="61.06337029" lon="14.35323220"><ele>217.0</ele></trkpt><trkpt lat="61.06333900" lon="14.35324298" /><trkpt lat="61.06322295" lon="14.35326724"><ele>218.0</ele></trkpt><trkpt lat="61.06313732" lon="14.35324298" /><trkpt lat="61.06310125" lon="14.35322591" /><trkpt lat="61.06295173" lon="14.35311273"><ele>219.0</ele></trkpt><trkpt lat="61.06291957" lon="14.35303098" /><trkpt lat="61.06282351" lon="14.35284952"><ele>220.0</ele></trkpt><trkpt lat="61.06272137" lon="14.35253062"><ele>221.0</ele></trkpt><trkpt lat="61.06258315" lon="14.35221261"><ele>223.0</ele></trkpt><trkpt lat="61.06250056" lon="14.35206799" /><trkpt lat="61.06243189" lon="14.35192336"><ele>225.0</ele></trkpt><trkpt lat="61.06238103" lon="14.35177783" /><trkpt lat="61.06232453" lon="14.35154876"><ele>227.0</ele></trkpt><trkpt lat="61.06230627" lon="14.35150295" /><trkpt lat="61.06222673" lon="14.35120111"><ele>229.0</ele></trkpt><trkpt lat="61.06219456" lon="14.35112835" /><trkpt lat="61.06214197" lon="14.35085346"><ele>232.0</ele></trkpt><trkpt lat="61.06207199" lon="14.35058756"><ele>234.0</ele></trkpt><trkpt lat="61.06203548" lon="14.35052468" /><trkpt lat="61.06187639" lon="14.35034681"><ele>236.0</ele></trkpt><trkpt lat="61.06172209" lon="14.35019859"><ele>237.0</ele></trkpt><trkpt lat="61.06155430" lon="14.35003779"><ele>238.0</ele></trkpt><trkpt lat="61.06150910" lon="14.34998389" /><trkpt lat="61.06148128" lon="14.34993000" /><trkpt lat="61.06146824" lon="14.34993988" /><trkpt lat="61.06145433" lon="14.34992191" /><trkpt lat="61.06139956" lon="14.34982220"><ele>239.0</ele></trkpt><trkpt lat="61.06137653" lon="14.34975842" /><trkpt lat="61.06126134" lon="14.34949521"><ele>239.0</ele></trkpt><trkpt lat="61.06122482" lon="14.34943233" /><trkpt lat="61.06112920" lon="14.34929758"><ele>239.0</ele></trkpt><trkpt lat="61.06108356" lon="14.34925356" /><trkpt lat="61.06098880" lon="14.34919248"><ele>239.0</ele></trkpt><trkpt lat="61.06091142" lon="14.34909456" /><trkpt lat="61.06077841" lon="14.34884124"><ele>238.0</ele></trkpt><trkpt lat="61.06059541" lon="14.34852593"><ele>238.0</ele></trkpt><trkpt lat="61.06044154" lon="14.34839388"><ele>238.0</ele></trkpt><trkpt lat="61.06037416" lon="14.34837860" /><trkpt lat="61.06021202" lon="14.34831213"><ele>239.0</ele></trkpt><trkpt lat="61.06013117" lon="14.34833369" /><trkpt lat="61.06000076" lon="14.34830315"><ele>239.0</ele></trkpt><trkpt lat="61.05992904" lon="14.34829686" /><trkpt lat="61.05983863" lon="14.34825464"><ele>240.0</ele></trkpt><trkpt lat="61.05980255" lon="14.34824745" /><trkpt lat="61.05959520" lon="14.34816391"><ele>240.0</ele></trkpt><trkpt lat="61.05949131" lon="14.34808575" /><trkpt lat="61.05939611" lon="14.34798784"><ele>241.0</ele></trkpt><trkpt lat="61.05935916" lon="14.34791597" /><trkpt lat="61.05930525" lon="14.34789980" /><trkpt lat="61.05921527" lon="14.34788543"><ele>242.0</ele></trkpt><trkpt lat="61.05918397" lon="14.34789621" /><trkpt lat="61.05905704" lon="14.34817020"><ele>242.0</ele></trkpt><trkpt lat="61.05903096" lon="14.34824565" /><trkpt lat="61.05900531" lon="14.34835794" /><trkpt lat="61.05895749" lon="14.34853581"><ele>241.0</ele></trkpt><trkpt lat="61.05886795" lon="14.34894814"><ele>240.0</ele></trkpt><trkpt lat="61.05878187" lon="14.34929399"><ele>240.0</ele></trkpt><trkpt lat="61.05868624" lon="14.34959492"><ele>240.0</ele></trkpt><trkpt lat="61.05866885" lon="14.34962367" /><trkpt lat="61.05859017" lon="14.34983118"><ele>239.0</ele></trkpt><trkpt lat="61.05853757" lon="14.34994437" /><trkpt lat="61.05845715" lon="14.34998479"><ele>239.0</ele></trkpt><trkpt lat="61.05837803" lon="14.35014649" /><trkpt lat="61.05826674" lon="14.35022554"><ele>239.0</ele></trkpt><trkpt lat="61.05821762" lon="14.35024620" /><trkpt lat="61.05819023" lon="14.35019141" /><trkpt lat="61.05817241" lon="14.35020218" /><trkpt lat="61.05805982" lon="14.35016086"><ele>239.0</ele></trkpt><trkpt lat="61.05800591" lon="14.35016356" /><trkpt lat="61.05796983" lon="14.35014649" /><trkpt lat="61.05790202" lon="14.35009439"><ele>240.0</ele></trkpt><trkpt lat="61.05782116" lon="14.35008810" /><trkpt lat="61.05759250" lon="14.35012673"><ele>242.0</ele></trkpt><trkpt lat="61.05755250" lon="14.35016535" /><trkpt lat="61.05739644" lon="14.35023722"><ele>242.0</ele></trkpt><trkpt lat="61.05736035" lon="14.35023902" /><trkpt lat="61.05713734" lon="14.35037915"><ele>242.0</ele></trkpt><trkpt lat="61.05705300" lon="14.35044742" /><trkpt lat="61.05699084" lon="14.35052468"><ele>240.0</ele></trkpt><trkpt lat="61.05694171" lon="14.35053636" /><trkpt lat="61.05684824" lon="14.35061451"><ele>238.0</ele></trkpt><trkpt lat="61.05678564" lon="14.35064505" /><trkpt lat="61.05670609" lon="14.35074117"><ele>237.0</ele></trkpt><trkpt lat="61.05661697" lon="14.35079148" /><trkpt lat="61.05641699" lon="14.35097653"><ele>234.0</ele></trkpt><trkpt lat="61.05624309" lon="14.35110499"><ele>230.0</ele></trkpt><trkpt lat="61.05615875" lon="14.35115530" /><trkpt lat="61.05607006" lon="14.35127028"><ele>228.0</ele></trkpt><trkpt lat="61.05594573" lon="14.35138706"><ele>226.0</ele></trkpt><trkpt lat="61.05586573" lon="14.35147420" /><trkpt lat="61.05573661" lon="14.35158200"><ele>222.0</ele></trkpt><trkpt lat="61.05570183" lon="14.35165746" /><trkpt lat="61.05554706" lon="14.35188742"><ele>219.0</ele></trkpt><trkpt lat="61.05548055" lon="14.35193683" /><trkpt lat="61.05540490" lon="14.35200510"><ele>217.0</ele></trkpt><trkpt lat="61.05533012" lon="14.35213805" /><trkpt lat="61.05528534" lon="14.35218567"><ele>217.0</ele></trkpt><trkpt lat="61.05513970" lon="14.35237790"><ele>216.0</ele></trkpt><trkpt lat="61.05501232" lon="14.35265189"><ele>215.0</ele></trkpt><trkpt lat="61.05488841" lon="14.35280640"><ele>215.0</ele></trkpt><trkpt lat="61.05484885" lon="14.35290072" /><trkpt lat="61.05475624" lon="14.35304356"><ele>215.0</ele></trkpt><trkpt lat="61.05468625" lon="14.35320435" /><trkpt lat="61.05456277" lon="14.35343163"><ele>214.0</ele></trkpt><trkpt lat="61.05453625" lon="14.35346127" /><trkpt lat="61.05438756" lon="14.35381970"><ele>213.0</ele></trkpt><trkpt lat="61.05426887" lon="14.35403799"><ele>213.0</ele></trkpt><trkpt lat="61.05423757" lon="14.35405775" /><trkpt lat="61.05411323" lon="14.35417454"><ele>213.0</ele></trkpt><trkpt lat="61.05395280" lon="14.35428413"><ele>213.0</ele></trkpt><trkpt lat="61.05385889" lon="14.35432545" /><trkpt lat="61.05385889" lon="14.35430659" /><trkpt lat="61.05376019" lon="14.35432994"><ele>213.0</ele></trkpt><trkpt lat="61.05376976" lon="14.35435689" /><trkpt lat="61.05369367" lon="14.35437935" /><trkpt lat="61.05357802" lon="14.35447727"><ele>212.0</ele></trkpt><trkpt lat="61.05336281" lon="14.35449613"><ele>212.0</ele></trkpt><trkpt lat="61.05329541" lon="14.35450871" /><trkpt lat="61.05316063" lon="14.35447727"><ele>212.0</ele></trkpt><trkpt lat="61.05310194" lon="14.35445211" /><trkpt lat="61.05294411" lon="14.35440450"><ele>213.0</ele></trkpt><trkpt lat="61.05281759" lon="14.35430838"><ele>213.0</ele></trkpt><trkpt lat="61.05279498" lon="14.35430928" /><trkpt lat="61.05264063" lon="14.35412153"><ele>214.0</ele></trkpt><trkpt lat="61.05248106" lon="14.35387899"><ele>214.0</ele></trkpt><trkpt lat="61.05244454" lon="14.35381611" /><trkpt lat="61.05232584" lon="14.35366429"><ele>214.0</ele></trkpt><trkpt lat="61.05224453" lon="14.35359333" /><trkpt lat="61.05212322" lon="14.35359961"><ele>214.0</ele></trkpt><trkpt lat="61.05195017" lon="14.35378287"><ele>214.0</ele></trkpt><trkpt lat="61.05177843" lon="14.35405955"><ele>213.0</ele></trkpt><trkpt lat="61.05176060" lon="14.35409728" /><trkpt lat="61.05172103" lon="14.35414579" /><trkpt lat="61.05162407" lon="14.35432545"><ele>213.0</ele></trkpt><trkpt lat="61.05154885" lon="14.35441259" /><trkpt lat="61.05147406" lon="14.35458237"><ele>212.0</ele></trkpt><trkpt lat="61.05142189" lon="14.35472341" /><trkpt lat="61.05133840" lon="14.35488510"><ele>212.0</ele></trkpt><trkpt lat="61.05119709" lon="14.35508543"><ele>212.0</ele></trkpt><trkpt lat="61.05111665" lon="14.35514472" /><trkpt lat="61.05108622" lon="14.35521119" /><trkpt lat="61.05083185" lon="14.35538007"><ele>212.0</ele></trkpt><trkpt lat="61.05074706" lon="14.35540253" /><trkpt lat="61.05062662" lon="14.35545463"><ele>212.0</ele></trkpt><trkpt lat="61.05055009" lon="14.35545823" /><trkpt lat="61.05044225" lon="14.35544475"><ele>212.0</ele></trkpt><trkpt lat="61.05038442" lon="14.35549326" /><trkpt lat="61.05025919" lon="14.35551752"><ele>212.0</ele></trkpt><trkpt lat="61.05018310" lon="14.35556692" /><trkpt lat="61.05015223" lon="14.35560555" /><trkpt lat="61.05003830" lon="14.35545374"><ele>212.0</ele></trkpt><trkpt lat="61.04989916" lon="14.35545104"><ele>213.0</ele></trkpt><trkpt lat="61.04985437" lon="14.35546182" /><trkpt lat="61.04976480" lon="14.35546631"><ele>213.0</ele></trkpt><trkpt lat="61.04971566" lon="14.35547709" /><trkpt lat="61.04967087" lon="14.35549775" /><trkpt lat="61.04962174" lon="14.35550943"><ele>213.0</ele></trkpt><trkpt lat="61.04952781" lon="14.35555075" /><trkpt lat="61.04942998" lon="14.35561094"><ele>213.0</ele></trkpt><trkpt lat="61.04932736" lon="14.35568999" /><trkpt lat="61.04922082" lon="14.35578701"><ele>214.0</ele></trkpt><trkpt lat="61.04916734" lon="14.35584540" /><trkpt lat="61.04908341" lon="14.35596937"><ele>214.0</ele></trkpt><trkpt lat="61.04901340" lon="14.35612029" /><trkpt lat="61.04895687" lon="14.35628019"><ele>214.0</ele></trkpt><trkpt lat="61.04878772" lon="14.35681558"><ele>214.0</ele></trkpt><trkpt lat="61.04871336" lon="14.35700423" /><trkpt lat="61.04860769" lon="14.35718479"><ele>215.0</ele></trkpt><trkpt lat="61.04851029" lon="14.35731954" /><trkpt lat="61.04841332" lon="14.35747135"><ele>215.0</ele></trkpt><trkpt lat="61.04836940" lon="14.35757556" /><trkpt lat="61.04833026" lon="14.35769773"><ele>215.0</ele></trkpt><trkpt lat="61.04830026" lon="14.35781002" /><trkpt lat="61.04828765" lon="14.35791242" /><trkpt lat="61.04827982" lon="14.35802382"><ele>214.0</ele></trkpt><trkpt lat="61.04827678" lon="14.35813521" /><trkpt lat="61.04827895" lon="14.35836607"><ele>214.0</ele></trkpt><trkpt lat="61.04827286" lon="14.35862569" /><trkpt lat="61.04826547" lon="14.35876493"><ele>214.0</ele></trkpt><trkpt lat="61.04825329" lon="14.35889518" /><trkpt lat="61.04822025" lon="14.35916557"><ele>214.0</ele></trkpt><trkpt lat="61.04817850" lon="14.35945393"><ele>213.0</ele></trkpt><trkpt lat="61.04809588" lon="14.36009623"><ele>212.0</ele></trkpt><trkpt lat="61.04805805" lon="14.36033877" /><trkpt lat="61.04803674" lon="14.36046005"><ele>212.0</ele></trkpt><trkpt lat="61.04795977" lon="14.36083375"><ele>212.0</ele></trkpt><trkpt lat="61.04786106" lon="14.36124607"><ele>211.0</ele></trkpt><trkpt lat="61.04780453" lon="14.36141496" /><trkpt lat="61.04774321" lon="14.36155689"><ele>211.0</ele></trkpt><trkpt lat="61.04767711" lon="14.36167098" /><trkpt lat="61.04746968" lon="14.36199437"><ele>210.0</ele></trkpt><trkpt lat="61.04739924" lon="14.36212732" /><trkpt lat="61.04727704" lon="14.36244802"><ele>209.0</ele></trkpt><trkpt lat="61.04713354" lon="14.36288011"><ele>208.0</ele></trkpt><trkpt lat="61.04704700" lon="14.36316128"><ele>208.0</ele></trkpt><trkpt lat="61.04689088" lon="14.36369668"><ele>207.0</ele></trkpt><trkpt lat="61.04675303" lon="14.36421141"><ele>207.0</ele></trkpt><trkpt lat="61.04666214" lon="14.36454020"><ele>206.0</ele></trkpt><trkpt lat="61.04654559" lon="14.36496150"><ele>206.0</ele></trkpt><trkpt lat="61.04638947" lon="14.36547804"><ele>205.0</ele></trkpt><trkpt lat="61.04630250" lon="14.36574124"><ele>205.0</ele></trkpt><trkpt lat="61.04620682" lon="14.36601343"><ele>205.0</ele></trkpt><trkpt lat="61.04610202" lon="14.36628921"><ele>205.0</ele></trkpt><trkpt lat="61.04598851" lon="14.36658835"><ele>205.0</ele></trkpt><trkpt lat="61.04586153" lon="14.36687132"><ele>204.0</ele></trkpt><trkpt lat="61.04574281" lon="14.36711746"><ele>204.0</ele></trkpt><trkpt lat="61.04556233" lon="14.36743097"><ele>204.0</ele></trkpt><trkpt lat="61.04544317" lon="14.36763130"><ele>204.0</ele></trkpt><trkpt lat="61.04531966" lon="14.36782174"><ele>204.0</ele></trkpt><trkpt lat="61.04512570" lon="14.36815412"><ele>205.0</ele></trkpt><trkpt lat="61.04489694" lon="14.36859070"><ele>205.0</ele></trkpt><trkpt lat="61.04473516" lon="14.36891499"><ele>205.0</ele></trkpt><trkpt lat="61.04457381" lon="14.36924018"><ele>205.0</ele></trkpt><trkpt lat="61.04437376" lon="14.36964173"><ele>205.0</ele></trkpt><trkpt lat="61.04416761" lon="14.37006753"><ele>206.0</ele></trkpt><trkpt lat="61.04409716" lon="14.37021845" /><trkpt lat="61.04387405" lon="14.37072869"><ele>206.0</ele></trkpt><trkpt lat="61.04367704" lon="14.37120929"><ele>206.0</ele></trkpt><trkpt lat="61.04363355" lon="14.37135931" /><trkpt lat="61.04356048" lon="14.37164946"><ele>206.0</ele></trkpt><trkpt lat="61.04352612" lon="14.37179948" /><trkpt lat="61.04341565" lon="14.37236003"><ele>206.0</ele></trkpt><trkpt lat="61.04334650" lon="14.37264030"><ele>206.0</ele></trkpt><trkpt lat="61.04325995" lon="14.37292238"><ele>206.0</ele></trkpt><trkpt lat="61.04314165" lon="14.37320534"><ele>206.0</ele></trkpt><trkpt lat="61.04307555" lon="14.37331943" /><trkpt lat="61.04301857" lon="14.37343262"><ele>206.0</ele></trkpt><trkpt lat="61.04288418" lon="14.37365989"><ele>206.0</ele></trkpt><trkpt lat="61.04273196" lon="14.37391771"><ele>206.0</ele></trkpt><trkpt lat="61.04262149" lon="14.37408929"><ele>206.0</ele></trkpt><trkpt lat="61.04240489" lon="14.37439471"><ele>207.0</ele></trkpt><trkpt lat="61.04225440" lon="14.37458426"><ele>207.0</ele></trkpt><trkpt lat="61.04207739" lon="14.37480794"><ele>208.0</ele></trkpt><trkpt lat="61.04184687" lon="14.37507743"><ele>208.0</ele></trkpt><trkpt lat="61.04178902" lon="14.37515379" /><trkpt lat="61.04166507" lon="14.37529842"><ele>208.0</ele></trkpt><trkpt lat="61.04159852" lon="14.37536579" /><trkpt lat="61.04146978" lon="14.37552929"><ele>208.0</ele></trkpt><trkpt lat="61.04139888" lon="14.37560654" /><trkpt lat="61.04126187" lon="14.37578890"><ele>208.0</ele></trkpt><trkpt lat="61.04119924" lon="14.37581944" /><trkpt lat="61.04115009" lon="14.37582124" /><trkpt lat="61.04098351" lon="14.37576375"><ele>208.0</ele></trkpt><trkpt lat="61.04085694" lon="14.37568649"><ele>208.0</ele></trkpt><trkpt lat="61.04077517" lon="14.37562541" /><trkpt lat="61.04073037" lon="14.37559935"><ele>209.0</ele></trkpt><trkpt lat="61.04068513" lon="14.37558318" /><trkpt lat="61.04051854" lon="14.37554456"><ele>209.0</ele></trkpt><trkpt lat="61.04044677" lon="14.37553827" /><trkpt lat="61.04037501" lon="14.37554186"><ele>210.0</ele></trkpt><trkpt lat="61.04023582" lon="14.37552929"><ele>210.0</ele></trkpt><trkpt lat="61.04008271" lon="14.37548976"><ele>211.0</ele></trkpt><trkpt lat="61.03991003" lon="14.37540532"><ele>211.0</ele></trkpt><trkpt lat="61.03970386" lon="14.37530381"><ele>211.0</ele></trkpt><trkpt lat="61.03965427" lon="14.37526877" /><trkpt lat="61.03955945" lon="14.37521757"><ele>211.0</ele></trkpt><trkpt lat="61.03938285" lon="14.37509540"><ele>212.0</ele></trkpt><trkpt lat="61.03929716" lon="14.37504420" /><trkpt lat="61.03903922" lon="14.37485196"><ele>212.0</ele></trkpt><trkpt lat="61.03875475" lon="14.37466151"><ele>213.0</ele></trkpt><trkpt lat="61.03870037" lon="14.37463636" /><trkpt lat="61.03859206" lon="14.37456719"><ele>213.0</ele></trkpt><trkpt lat="61.03844765" lon="14.37448994"><ele>213.0</ele></trkpt><trkpt lat="61.03832281" lon="14.37456989"><ele>213.0</ele></trkpt><trkpt lat="61.03817665" lon="14.37474326"><ele>213.0</ele></trkpt><trkpt lat="61.03809270" lon="14.37487621" /><trkpt lat="61.03787738" lon="14.37532088"><ele>214.0</ele></trkpt><trkpt lat="61.03779386" lon="14.37548168" /><trkpt lat="61.03769686" lon="14.37564337"><ele>214.0</ele></trkpt><trkpt lat="61.03764379" lon="14.37571075" /><trkpt lat="61.03741715" lon="14.37593353"><ele>214.0</ele></trkpt><trkpt lat="61.03724054" lon="14.37621021"><ele>215.0</ele></trkpt><trkpt lat="61.03709090" lon="14.37646713"><ele>215.0</ele></trkpt><trkpt lat="61.03696867" lon="14.37671147"><ele>215.0</ele></trkpt><trkpt lat="61.03683599" lon="14.37697827"><ele>215.0</ele></trkpt><trkpt lat="61.03677900" lon="14.37710044" /><trkpt lat="61.03665546" lon="14.37732861"><ele>216.0</ele></trkpt><trkpt lat="61.03652322" lon="14.37754690"><ele>216.0</ele></trkpt><trkpt lat="61.03636835" lon="14.37773914"><ele>216.0</ele></trkpt><trkpt lat="61.03627961" lon="14.37783616" /><trkpt lat="61.03618608" lon="14.37792330"><ele>216.0</ele></trkpt><trkpt lat="61.03611474" lon="14.37794486" /><trkpt lat="61.03605166" lon="14.37791970"><ele>216.0</ele></trkpt><trkpt lat="61.03598336" lon="14.37785862" /><trkpt lat="61.03557662" lon="14.37755319"><ele>217.0</ele></trkpt><trkpt lat="61.03539956" lon="14.37738521"><ele>217.0</ele></trkpt><trkpt lat="61.03529951" lon="14.37726932" /><trkpt lat="61.03523643" lon="14.37724417"><ele>218.0</ele></trkpt><trkpt lat="61.03515116" lon="14.37721992" /><trkpt lat="61.03507938" lon="14.37722351"><ele>218.0</ele></trkpt><trkpt lat="61.03501239" lon="14.37724507" /><trkpt lat="61.03494974" lon="14.37728459"><ele>218.0</ele></trkpt><trkpt lat="61.03488753" lon="14.37734298" /><trkpt lat="61.03482576" lon="14.37742024"><ele>218.0</ele></trkpt><trkpt lat="61.03470177" lon="14.37760170"><ele>218.0</ele></trkpt><trkpt lat="61.03450253" lon="14.37785053"><ele>219.0</ele></trkpt><trkpt lat="61.03425499" lon="14.37820447"><ele>219.0</ele></trkpt><trkpt lat="61.03409185" lon="14.37848923"><ele>219.0</ele></trkpt><trkpt lat="61.03393828" lon="14.37882970"><ele>219.0</ele></trkpt><trkpt lat="61.03388172" lon="14.37899858" /><trkpt lat="61.03380428" lon="14.37931658"><ele>219.0</ele></trkpt><trkpt lat="61.03373598" lon="14.37963369"><ele>219.0</ele></trkpt><trkpt lat="61.03364114" lon="14.37999032"><ele>219.0</ele></trkpt><trkpt lat="61.03360068" lon="14.37999212" /><trkpt lat="61.03355152" lon="14.38001278" /><trkpt lat="61.03349018" lon="14.38016280"><ele>219.0</ele></trkpt><trkpt lat="61.03344232" lon="14.38031371" /><trkpt lat="61.03329136" lon="14.38087516"><ele>220.0</ele></trkpt><trkpt lat="61.03319608" lon="14.38119406"><ele>220.0</ele></trkpt><trkpt lat="61.03314779" lon="14.38128928" /><trkpt lat="61.03305469" lon="14.38143212"><ele>220.0</ele></trkpt><trkpt lat="61.03301075" lon="14.38148961" /><trkpt lat="61.03296158" lon="14.38153812" /><trkpt lat="61.03290851" lon="14.38157674"><ele>220.0</ele></trkpt><trkpt lat="61.03279670" lon="14.38164681" /><trkpt lat="61.03265791" lon="14.38166208"><ele>220.0</ele></trkpt><trkpt lat="61.03259918" lon="14.38164681" /><trkpt lat="61.03254088" lon="14.38162166" /><trkpt lat="61.03248649" lon="14.38158663"><ele>220.0</ele></trkpt><trkpt lat="61.03243211" lon="14.38154261" /><trkpt lat="61.03212278" lon="14.38115004"><ele>220.0</ele></trkpt><trkpt lat="61.03200487" lon="14.38101620"><ele>220.0</ele></trkpt><trkpt lat="61.03194135" lon="14.38096409" /><trkpt lat="61.03187348" lon="14.38092008"><ele>220.0</ele></trkpt><trkpt lat="61.03176080" lon="14.38086079" /><trkpt lat="61.03166160" lon="14.38082845"><ele>219.0</ele></trkpt><trkpt lat="61.03144145" lon="14.38080150"><ele>219.0</ele></trkpt><trkpt lat="61.03138315" lon="14.38078533" /><trkpt lat="61.03127525" lon="14.38077185"><ele>219.0</ele></trkpt><trkpt lat="61.03108250" lon="14.38077994"><ele>219.0</ele></trkpt><trkpt lat="61.03098809" lon="14.38079341" /><trkpt lat="61.03094328" lon="14.38080509"><ele>219.0</ele></trkpt><trkpt lat="61.03076054" lon="14.38087247"><ele>219.0</ele></trkpt><trkpt lat="61.03051863" lon="14.38096230"><ele>219.0</ele></trkpt><trkpt lat="61.03042943" lon="14.38100362" /><trkpt lat="61.03033980" lon="14.38102608"><ele>219.0</ele></trkpt><trkpt lat="61.03029542" lon="14.38104674" /><trkpt lat="61.03014749" lon="14.38108087"><ele>219.0</ele></trkpt><trkpt lat="61.03004437" lon="14.38109525" /><trkpt lat="61.02993690" lon="14.38109974"><ele>219.0</ele></trkpt><trkpt lat="61.02985597" lon="14.38109435" /><trkpt lat="61.02959056" lon="14.38103237"><ele>219.0</ele></trkpt><trkpt lat="61.02942087" lon="14.38096140"><ele>219.0</ele></trkpt><trkpt lat="61.02922986" lon="14.38088145"><ele>220.0</ele></trkpt><trkpt lat="61.02916676" lon="14.38084731" /><trkpt lat="61.02895965" lon="14.38077365"><ele>220.0</ele></trkpt><trkpt lat="61.02888742" lon="14.38075838" /><trkpt lat="61.02879735" lon="14.38072514"><ele>220.0</ele></trkpt><trkpt lat="61.02873513" lon="14.38076557" /><trkpt lat="61.02867726" lon="14.38083294"><ele>220.0</ele></trkpt><trkpt lat="61.02863331" lon="14.38090840" /><trkpt lat="61.02855891" lon="14.38106920"><ele>220.0</ele></trkpt><trkpt lat="61.02848885" lon="14.38123898" /><trkpt lat="61.02840096" lon="14.38141864"><ele>219.0</ele></trkpt><trkpt lat="61.02832568" lon="14.38152374" /><trkpt lat="61.02807853" lon="14.38192349"><ele>219.0</ele></trkpt><trkpt lat="61.02785792" lon="14.38226575"><ele>219.0</ele></trkpt><trkpt lat="61.02780484" lon="14.38236097" /><trkpt lat="61.02762817" lon="14.38262777"><ele>220.0</ele></trkpt><trkpt lat="61.02742975" lon="14.38295117"><ele>221.0</ele></trkpt><trkpt lat="61.02729268" lon="14.38315149"><ele>221.0</ele></trkpt><trkpt lat="61.02722611" lon="14.38323773" /><trkpt lat="61.02704465" lon="14.38346860"><ele>221.0</ele></trkpt><trkpt lat="61.02687190" lon="14.38366982"><ele>221.0</ele></trkpt><trkpt lat="61.02675659" lon="14.38382343"><ele>220.0</ele></trkpt><trkpt lat="61.02657557" lon="14.38409023"><ele>220.0</ele></trkpt><trkpt lat="61.02650943" lon="14.38420432" /><trkpt lat="61.02637322" lon="14.38446932"><ele>220.0</ele></trkpt><trkpt lat="61.02630752" lon="14.38464808" /><trkpt lat="61.02625573" lon="14.38481697"><ele>219.0</ele></trkpt><trkpt lat="61.02617392" lon="14.38514395"><ele>219.0</ele></trkpt><trkpt lat="61.02610517" lon="14.38545297"><ele>219.0</ele></trkpt><trkpt lat="61.02601553" lon="14.38588237"><ele>219.0</ele></trkpt><trkpt lat="61.02587323" lon="14.38645280"><ele>219.0</ele></trkpt><trkpt lat="61.02578228" lon="14.38673397"><ele>219.0</ele></trkpt><trkpt lat="61.02566871" lon="14.38704479"><ele>219.0</ele></trkpt><trkpt lat="61.02562040" lon="14.38714899" /><trkpt lat="61.02557167" lon="14.38722445"><ele>219.0</ele></trkpt><trkpt lat="61.02547419" lon="14.38733045" /><trkpt lat="61.02542067" lon="14.38736998"><ele>219.0</ele></trkpt><trkpt lat="61.02530970" lon="14.38747688" /><trkpt lat="61.02525226" lon="14.38756312"><ele>219.0</ele></trkpt><trkpt lat="61.02518132" lon="14.38764936" /><trkpt lat="61.02507079" lon="14.38782093"><ele>219.0</ele></trkpt><trkpt lat="61.02497854" lon="14.38800060" /><trkpt lat="61.02481100" lon="14.38829435"><ele>220.0</ele></trkpt><trkpt lat="61.02472222" lon="14.38839136" /><trkpt lat="61.02464215" lon="14.38845964"><ele>220.0</ele></trkpt><trkpt lat="61.02450855" lon="14.38854857"><ele>220.0</ele></trkpt><trkpt lat="61.02445981" lon="14.38858810" /><trkpt lat="61.02441064" lon="14.38860876" /><trkpt lat="61.02427225" lon="14.38868871"><ele>220.0</ele></trkpt><trkpt lat="61.02418739" lon="14.38872913" /><trkpt lat="61.02395108" lon="14.38886028"><ele>220.0</ele></trkpt><trkpt lat="61.02380399" lon="14.38895012"><ele>220.0</ele></trkpt><trkpt lat="61.02350023" lon="14.38911181"><ele>220.0</ele></trkpt><trkpt lat="61.02342016" lon="14.38916122" /><trkpt lat="61.02329047" lon="14.38922231"><ele>220.0</ele></trkpt><trkpt lat="61.02324608" lon="14.38925285" /><trkpt lat="61.02310334" lon="14.38932382"><ele>220.0</ele></trkpt><trkpt lat="61.02305851" lon="14.38935346" /><trkpt lat="61.02266988" lon="14.38949989"><ele>219.0</ele></trkpt><trkpt lat="61.02258937" lon="14.38955019" /><trkpt lat="61.02235349" lon="14.38974513"><ele>219.0</ele></trkpt><trkpt lat="61.02222467" lon="14.38986191"><ele>219.0</ele></trkpt><trkpt lat="61.02205145" lon="14.39003618"><ele>219.0</ele></trkpt><trkpt lat="61.02177640" lon="14.39034430"><ele>219.0</ele></trkpt><trkpt lat="61.02166150" lon="14.39049791"><ele>219.0</ele></trkpt><trkpt lat="61.02159491" lon="14.39057427" /><trkpt lat="61.02153311" lon="14.39066949"><ele>219.0</ele></trkpt><trkpt lat="61.02136904" lon="14.39086173"><ele>219.0</ele></trkpt><trkpt lat="61.02123629" lon="14.39104409"><ele>219.0</ele></trkpt><trkpt lat="61.02111313" lon="14.39126238"><ele>219.0</ele></trkpt><trkpt lat="61.02105133" lon="14.39139443" /><trkpt lat="61.02087245" lon="14.39188312"><ele>219.0</ele></trkpt><trkpt lat="61.02082936" lon="14.39204212" /><trkpt lat="61.02075668" lon="14.39236910"><ele>219.0</ele></trkpt><trkpt lat="61.02064134" lon="14.39292965"><ele>219.0</ele></trkpt><trkpt lat="61.02054211" lon="14.39331323"><ele>219.0</ele></trkpt><trkpt lat="61.02049423" lon="14.39348122" /><trkpt lat="61.02041720" lon="14.39380821"><ele>218.0</ele></trkpt><trkpt lat="61.02038760" lon="14.39397619" /><trkpt lat="61.02036236" lon="14.39417202"><ele>218.0</ele></trkpt><trkpt lat="61.02034713" lon="14.39440379" /><trkpt lat="61.02033450" lon="14.39449631"><ele>218.0</ele></trkpt><trkpt lat="61.02029403" lon="14.39492391"><ele>218.0</ele></trkpt><trkpt lat="61.02027967" lon="14.39524820"><ele>218.0</ele></trkpt><trkpt lat="61.02027662" lon="14.39541439" /><trkpt lat="61.02027967" lon="14.39570096"><ele>218.0</ele></trkpt><trkpt lat="61.02029969" lon="14.39631989"><ele>218.0</ele></trkpt><trkpt lat="61.02034190" lon="14.39691009"><ele>218.0</ele></trkpt><trkpt lat="61.02035670" lon="14.39704843" /><trkpt lat="61.02038804" lon="14.39748142"><ele>218.0</ele></trkpt><trkpt lat="61.02040675" lon="14.39796112"><ele>218.0</ele></trkpt><trkpt lat="61.02041067" lon="14.39833122"><ele>218.0</ele></trkpt><trkpt lat="61.02039979" lon="14.39859982"><ele>218.0</ele></trkpt><trkpt lat="61.02037977" lon="14.39884147" /><trkpt lat="61.02036323" lon="14.39896184"><ele>218.0</ele></trkpt><trkpt lat="61.02029533" lon="14.39934452"><ele>218.0</ele></trkpt><trkpt lat="61.02023048" lon="14.39958797"><ele>218.0</ele></trkpt><trkpt lat="61.02016085" lon="14.39979458" /><trkpt lat="61.02008642" lon="14.39997334"><ele>218.0</ele></trkpt><trkpt lat="61.02000721" lon="14.40013414" /><trkpt lat="61.01992364" lon="14.40028596"><ele>218.0</ele></trkpt><trkpt lat="61.01984008" lon="14.40045574" /><trkpt lat="61.01975695" lon="14.40064438"><ele>218.0</ele></trkpt><trkpt lat="61.01971777" lon="14.40074769" /><trkpt lat="61.01967860" lon="14.40086986"><ele>218.0</ele></trkpt><trkpt lat="61.01946838" lon="14.40137831"><ele>218.0</ele></trkpt><trkpt lat="61.01929341" lon="14.40182118"><ele>218.0</ele></trkpt><trkpt lat="61.01913629" lon="14.40224428"><ele>218.0</ele></trkpt><trkpt lat="61.01902356" lon="14.40256139"><ele>218.0</ele></trkpt><trkpt lat="61.01886599" lon="14.40300516"><ele>218.0</ele></trkpt><trkpt lat="61.01874412" lon="14.40337077"><ele>218.0</ele></trkpt><trkpt lat="61.01870060" lon="14.40348396" /><trkpt lat="61.01844336" lon="14.40424393"><ele>218.0</ele></trkpt><trkpt lat="61.01837372" lon="14.40443258" /><trkpt lat="61.01812562" lon="14.40518357"><ele>218.0</ele></trkpt><trkpt lat="61.01809994" lon="14.40528598" /><trkpt lat="61.01803900" lon="14.40547373"><ele>217.0</ele></trkpt><trkpt lat="61.01792670" lon="14.40588516"><ele>217.0</ele></trkpt><trkpt lat="61.01784749" lon="14.40621124"><ele>217.0</ele></trkpt><trkpt lat="61.01775434" lon="14.40659572"><ele>217.0</ele></trkpt><trkpt lat="61.01772909" lon="14.40673586" /><trkpt lat="61.01772126" lon="14.40685623"><ele>218.0</ele></trkpt><trkpt lat="61.01775826" lon="14.40697481" /><trkpt lat="61.01782703" lon="14.40712932"><ele>218.0</ele></trkpt><trkpt lat="61.01789580" lon="14.40726497" /><trkpt lat="61.01796457" lon="14.40739073"><ele>218.0</ele></trkpt><trkpt lat="61.01803291" lon="14.40749943" /><trkpt lat="61.01815261" lon="14.40776174"><ele>218.0</ele></trkpt><trkpt lat="61.01820788" lon="14.40791715" /><trkpt lat="61.01825489" lon="14.40811837"><ele>218.0</ele></trkpt><trkpt lat="61.01826926" lon="14.40821000" /><trkpt lat="61.01827492" lon="14.40831151" /><trkpt lat="61.01826316" lon="14.40850644"><ele>218.0</ele></trkpt><trkpt lat="61.01822486" lon="14.40870227" /><trkpt lat="61.01816871" lon="14.40891697"><ele>218.0</ele></trkpt><trkpt lat="61.01804292" lon="14.40931133"><ele>218.0</ele></trkpt><trkpt lat="61.01792061" lon="14.40965898"><ele>218.0</ele></trkpt><trkpt lat="61.01779351" lon="14.40995991"><ele>218.0</ele></trkpt><trkpt lat="61.01766206" lon="14.41023390"><ele>218.0</ele></trkpt><trkpt lat="61.01753104" lon="14.41048094"><ele>218.0</ele></trkpt><trkpt lat="61.01737565" lon="14.41077379"><ele>218.0</ele></trkpt><trkpt lat="61.01725073" lon="14.41099118"><ele>218.0</ele></trkpt><trkpt lat="61.01712450" lon="14.41121037"><ele>218.0</ele></trkpt><trkpt lat="61.01703657" lon="14.41138015" /><trkpt lat="61.01697912" lon="14.41147537"><ele>218.0</ele></trkpt><trkpt lat="61.01687291" lon="14.41161910" /><trkpt lat="61.01681937" lon="14.41166761"><ele>218.0</ele></trkpt><trkpt lat="61.01676148" lon="14.41170714" /><trkpt lat="61.01670358" lon="14.41173768" /><trkpt lat="61.01663655" lon="14.41175834"><ele>217.0</ele></trkpt><trkpt lat="61.01656473" lon="14.41177092" /><trkpt lat="61.01634360" lon="14.41162359"><ele>216.0</ele></trkpt><trkpt lat="61.01625263" lon="14.41153556" /><trkpt lat="61.01617123" lon="14.41144663"><ele>216.0</ele></trkpt><trkpt lat="61.01612030" lon="14.41132805" /><trkpt lat="61.01608330" lon="14.41121935"><ele>215.0</ele></trkpt><trkpt lat="61.01602279" lon="14.41100915" /><trkpt lat="61.01595402" lon="14.41083667"><ele>215.0</ele></trkpt><trkpt lat="61.01590831" lon="14.41077379" /><trkpt lat="61.01585390" lon="14.41072977" /><trkpt lat="61.01576815" lon="14.41068755"><ele>214.0</ele></trkpt><trkpt lat="61.01562406" lon="14.41062916"><ele>214.0</ele></trkpt><trkpt lat="61.01542165" lon="14.41058245"><ele>214.0</ele></trkpt><trkpt lat="61.01526886" lon="14.41057077"><ele>213.0</ele></trkpt><trkpt lat="61.01510257" lon="14.41054112"><ele>213.0</ele></trkpt><trkpt lat="61.01503554" lon="14.41056179" /><trkpt lat="61.01498722" lon="14.41067497"><ele>212.0</ele></trkpt><trkpt lat="61.01495674" lon="14.41077828" /><trkpt lat="61.01493541" lon="14.41089057" /><trkpt lat="61.01492758" lon="14.41099208"><ele>212.0</ele></trkpt><trkpt lat="61.01492453" lon="14.41110347" /><trkpt lat="61.01492976" lon="14.41120498" /><trkpt lat="61.01493977" lon="14.41130649"><ele>212.0</ele></trkpt><trkpt lat="61.01497808" lon="14.41151669" /><trkpt lat="61.01500158" lon="14.41161820"><ele>213.0</ele></trkpt><trkpt lat="61.01502074" lon="14.41172780" /><trkpt lat="61.01506775" lon="14.41194789"><ele>213.0</ele></trkpt><trkpt lat="61.01508690" lon="14.41206736" /><trkpt lat="61.01510170" lon="14.41218684" /><trkpt lat="61.01511171" lon="14.41231530"><ele>212.0</ele></trkpt><trkpt lat="61.01511781" lon="14.41245454" /><trkpt lat="61.01509778" lon="14.41311120"><ele>211.0</ele></trkpt><trkpt lat="61.01508995" lon="14.41321361" /><trkpt lat="61.01508647" lon="14.41331512" /><trkpt lat="61.01507036" lon="14.41351006"><ele>210.0</ele></trkpt><trkpt lat="61.01506688" lon="14.41360258" /><trkpt lat="61.01502683" lon="14.41405803"><ele>210.0</ele></trkpt><trkpt lat="61.01501508" lon="14.41424308" /><trkpt lat="61.01499897" lon="14.41442903"><ele>209.0</ele></trkpt><trkpt lat="61.01499200" lon="14.41461409" /><trkpt lat="61.01498417" lon="14.41470661"><ele>209.0</ele></trkpt><trkpt lat="61.01497720" lon="14.41490155" /><trkpt lat="61.01497459" lon="14.41511445"><ele>208.0</ele></trkpt><trkpt lat="61.01497808" lon="14.41543784"><ele>208.0</ele></trkpt><trkpt lat="61.01498939" lon="14.41567769" /><trkpt lat="61.01499505" lon="14.41577022"><ele>208.0</ele></trkpt><trkpt lat="61.01500506" lon="14.41586185" /><trkpt lat="61.01503336" lon="14.41601815" /><trkpt lat="61.01506644" lon="14.41616458"><ele>208.0</ele></trkpt><trkpt lat="61.01514567" lon="14.41643856"><ele>208.0</ele></trkpt><trkpt lat="61.01518267" lon="14.41658499" /><trkpt lat="61.01522054" lon="14.41674938"><ele>208.0</ele></trkpt><trkpt lat="61.01525362" lon="14.41693264" /><trkpt lat="61.01527060" lon="14.41724615"><ele>207.0</ele></trkpt><trkpt lat="61.01526451" lon="14.41753361"><ele>207.0</ele></trkpt><trkpt lat="61.01525711" lon="14.41767285" /><trkpt lat="61.01525406" lon="14.41782017"><ele>206.0</ele></trkpt><trkpt lat="61.01527103" lon="14.41817141"><ele>206.0</ele></trkpt><trkpt lat="61.01528105" lon="14.41827203" /><trkpt lat="61.01534634" lon="14.41851008"><ele>206.0</ele></trkpt><trkpt lat="61.01538378" lon="14.41867447" /><trkpt lat="61.01539814" lon="14.41876700"><ele>206.0</ele></trkpt><trkpt lat="61.01540424" lon="14.41888647" /><trkpt lat="61.01536854" lon="14.41981264"><ele>206.0</ele></trkpt><trkpt lat="61.01535679" lon="14.41997972" /><trkpt lat="61.01534242" lon="14.42030401"><ele>206.0</ele></trkpt><trkpt lat="61.01529498" lon="14.42095350"><ele>206.0</ele></trkpt><trkpt lat="61.01526538" lon="14.42130833"><ele>206.0</ele></trkpt><trkpt lat="61.01523099" lon="14.42171437"><ele>206.0</ele></trkpt><trkpt lat="61.01518615" lon="14.42215095"><ele>205.0</ele></trkpt><trkpt lat="61.01511128" lon="14.42271779"><ele>204.0</ele></trkpt><trkpt lat="61.01505817" lon="14.42304747"><ele>204.0</ele></trkpt><trkpt lat="61.01500158" lon="14.42339781"><ele>204.0</ele></trkpt><trkpt lat="61.01495152" lon="14.42375175"><ele>204.0</ele></trkpt><trkpt lat="61.01490581" lon="14.42412365"><ele>204.0</ele></trkpt><trkpt lat="61.01486620" lon="14.42465186"><ele>204.0</ele></trkpt><trkpt lat="61.01486315" lon="14.42477223" /><trkpt lat="61.01485097" lon="14.42489351" /><trkpt lat="61.01481919" lon="14.42532021"><ele>205.0</ele></trkpt><trkpt lat="61.01480090" lon="14.42570019"><ele>205.0</ele></trkpt><trkpt lat="61.01480178" lon="14.42580170" /><trkpt lat="61.01479829" lon="14.42589423" /><trkpt lat="61.01480178" lon="14.42621762"><ele>206.0</ele></trkpt><trkpt lat="61.01481309" lon="14.42645747" /><trkpt lat="61.01480482" lon="14.42652305"><ele>206.0</ele></trkpt><trkpt lat="61.01481875" lon="14.42658683" /><trkpt lat="61.01486794" lon="14.42657515" /><trkpt lat="61.01490407" lon="14.42660120" /><trkpt lat="61.01489928" lon="14.42698119"><ele>207.0</ele></trkpt><trkpt lat="61.01489188" lon="14.42715726" /><trkpt lat="61.01487708" lon="14.42747167"><ele>207.0</ele></trkpt><trkpt lat="61.01484574" lon="14.42790825"><ele>208.0</ele></trkpt><trkpt lat="61.01484226" lon="14.42801875" /><trkpt lat="61.01480178" lon="14.42843646"><ele>209.0</ele></trkpt><trkpt lat="61.01473561" lon="14.42899432"><ele>210.0</ele></trkpt><trkpt lat="61.01468642" lon="14.42932310"><ele>211.0</ele></trkpt><trkpt lat="61.01463462" lon="14.42966446"><ele>212.0</ele></trkpt><trkpt lat="61.01461416" lon="14.42983155" /><trkpt lat="61.01456366" lon="14.43017650"><ele>214.0</ele></trkpt><trkpt lat="61.01450141" lon="14.43065081"><ele>216.0</ele></trkpt><trkpt lat="61.01447660" lon="14.43086461" /><trkpt lat="61.01446876" lon="14.43098498"><ele>217.0</ele></trkpt><trkpt lat="61.01444395" lon="14.43120777" /><trkpt lat="61.01442828" lon="14.43141168"><ele>217.0</ele></trkpt><trkpt lat="61.01441478" lon="14.43176652"><ele>217.0</ele></trkpt><trkpt lat="61.01439998" lon="14.43216178"><ele>215.0</ele></trkpt><trkpt lat="61.01436864" lon="14.43259836"><ele>212.0</ele></trkpt><trkpt lat="61.01433033" lon="14.43280317" /><trkpt lat="61.01429159" lon="14.43297116"><ele>208.0</ele></trkpt><trkpt lat="61.01414881" lon="14.43351374"><ele>202.0</ele></trkpt><trkpt lat="61.01400254" lon="14.43410214"><ele>200.0</ele></trkpt><trkpt lat="61.01389414" lon="14.43449560"><ele>200.0</ele></trkpt><trkpt lat="61.01381579" lon="14.43473904"><ele>200.0</ele></trkpt><trkpt lat="61.01372393" lon="14.43498338"><ele>200.0</ele></trkpt><trkpt lat="61.01361858" lon="14.43521964"><ele>200.0</ele></trkpt><trkpt lat="61.01349103" lon="14.43546488"><ele>200.0</ele></trkpt><trkpt lat="61.01341137" lon="14.43556998" /><trkpt lat="61.01334041" lon="14.43564724"><ele>200.0</ele></trkpt><trkpt lat="61.01326945" lon="14.43571551" /><trkpt lat="61.01306485" lon="14.43589068"><ele>200.0</ele></trkpt><trkpt lat="61.01299345" lon="14.43596704" /><trkpt lat="61.01292293" lon="14.43608113"><ele>200.0</ele></trkpt><trkpt lat="61.01283455" lon="14.43620509" /><trkpt lat="61.01275968" lon="14.43634703"><ele>200.0</ele></trkpt><trkpt lat="61.01269350" lon="14.43647998" /><trkpt lat="61.01251371" lon="14.43689410"><ele>200.0</ele></trkpt><trkpt lat="61.01243927" lon="14.43704502" /><trkpt lat="61.01239486" lon="14.43711239"><ele>200.0</ele></trkpt><trkpt lat="61.01235089" lon="14.43719683" /><trkpt lat="61.01196561" lon="14.43769450"><ele>199.0</ele></trkpt><trkpt lat="61.01179452" lon="14.43789123"><ele>199.0</ele></trkpt><trkpt lat="61.01153984" lon="14.43818408"><ele>199.0</ele></trkpt><trkpt lat="61.01138529" lon="14.43837093"><ele>199.0</ele></trkpt><trkpt lat="61.01119808" lon="14.43859641"><ele>199.0</ele></trkpt><trkpt lat="61.01115411" lon="14.43866288" /><trkpt lat="61.01096386" lon="14.43892070"><ele>199.0</ele></trkpt><trkpt lat="61.01078667" lon="14.43918750"><ele>199.0</ele></trkpt><trkpt lat="61.01058422" lon="14.43955671"><ele>198.0</ele></trkpt><trkpt lat="61.01054025" lon="14.43965103" /><trkpt lat="61.01030689" lon="14.44009570"><ele>198.0</ele></trkpt><trkpt lat="61.01007310" lon="14.44047568"><ele>198.0</ele></trkpt><trkpt lat="61.00999734" lon="14.44056192" /><trkpt lat="61.00993117" lon="14.44064816"><ele>198.0</ele></trkpt><trkpt lat="61.00975353" lon="14.44085028"><ele>198.0</ele></trkpt><trkpt lat="61.00962031" lon="14.44097605"><ele>198.0</ele></trkpt><trkpt lat="61.00954934" lon="14.44105240" /><trkpt lat="61.00941524" lon="14.44111439"><ele>198.0</ele></trkpt><trkpt lat="61.00935255" lon="14.44112606" /><trkpt lat="61.00929420" lon="14.44114673" /><trkpt lat="61.00923630" lon="14.44117727"><ele>198.0</ele></trkpt><trkpt lat="61.00918275" lon="14.44121679" /><trkpt lat="61.00912528" lon="14.44127429" /><trkpt lat="61.00906780" lon="14.44135963"><ele>198.0</ele></trkpt><trkpt lat="61.00901425" lon="14.44142700" /><trkpt lat="61.00897028" lon="14.44150246" /><trkpt lat="61.00889539" lon="14.44165427"><ele>197.0</ele></trkpt><trkpt lat="61.00882965" lon="14.44180429" /><trkpt lat="61.00877740" lon="14.44196419"><ele>197.0</ele></trkpt><trkpt lat="61.00872994" lon="14.44213218" /><trkpt lat="61.00870817" lon="14.44222560"><ele>197.0</ele></trkpt><trkpt lat="61.00866986" lon="14.44242144" /><trkpt lat="61.00858974" lon="14.44291551"><ele>197.0</ele></trkpt><trkpt lat="61.00857755" lon="14.44305475" /><trkpt lat="61.00857886" lon="14.44319309"><ele>197.0</ele></trkpt><trkpt lat="61.00858931" lon="14.44331256" /><trkpt lat="61.00860847" lon="14.44344102" /><trkpt lat="61.00863198" lon="14.44356050"><ele>197.0</ele></trkpt><trkpt lat="61.00866028" lon="14.44367908" /><trkpt lat="61.00872559" lon="14.44391713"><ele>197.0</ele></trkpt><trkpt lat="61.00879960" lon="14.44415429"><ele>197.0</ele></trkpt><trkpt lat="61.00883226" lon="14.44428185" /><trkpt lat="61.00886056" lon="14.44441929"><ele>197.0</ele></trkpt><trkpt lat="61.00888451" lon="14.44455763" /><trkpt lat="61.00889931" lon="14.44470495"><ele>197.0</ele></trkpt><trkpt lat="61.00891019" lon="14.44487024" /><trkpt lat="61.00888668" lon="14.44522328"><ele>196.0</ele></trkpt><trkpt lat="61.00885751" lon="14.44542720" /><trkpt lat="61.00875519" lon="14.44599583"><ele>196.0</ele></trkpt><trkpt lat="61.00873038" lon="14.44620065" /><trkpt lat="61.00871514" lon="14.44644140"><ele>196.0</ele></trkpt><trkpt lat="61.00869729" lon="14.44689505"><ele>196.0</ele></trkpt><trkpt lat="61.00869990" lon="14.44718161"><ele>196.0</ele></trkpt><trkpt lat="61.00873255" lon="14.44771611"><ele>196.0</ele></trkpt><trkpt lat="61.00873865" lon="14.44791014" /><trkpt lat="61.00874083" lon="14.44813203"><ele>196.0</ele></trkpt><trkpt lat="61.00873821" lon="14.44828025" /><trkpt lat="61.00871949" lon="14.44867820"><ele>195.0</ele></trkpt><trkpt lat="61.00867944" lon="14.44915161"><ele>195.0</ele></trkpt><trkpt lat="61.00864809" lon="14.44960616"><ele>195.0</ele></trkpt><trkpt lat="61.00864504" lon="14.44973552" /><trkpt lat="61.00864765" lon="14.44999423"><ele>195.0</ele></trkpt><trkpt lat="61.00865331" lon="14.45014156" /><trkpt lat="61.00866376" lon="14.45027990"><ele>195.0</ele></trkpt><trkpt lat="61.00867857" lon="14.45040925" /><trkpt lat="61.00873038" lon="14.45064731"><ele>195.0</ele></trkpt><trkpt lat="61.00879960" lon="14.45084763" /><trkpt lat="61.00891019" lon="14.45111982"><ele>195.0</ele></trkpt><trkpt lat="61.00895156" lon="14.45121055" /><trkpt lat="61.00902078" lon="14.45141088"><ele>195.0</ele></trkpt><trkpt lat="61.00905344" lon="14.45152047" /><trkpt lat="61.00908130" lon="14.45163995" /><trkpt lat="61.00910525" lon="14.45175852"><ele>195.0</ele></trkpt><trkpt lat="61.00912440" lon="14.45190585" /><trkpt lat="61.00916490" lon="14.45233884"><ele>195.0</ele></trkpt><trkpt lat="61.00917622" lon="14.45260653" /><trkpt lat="61.00918013" lon="14.45298562"><ele>195.0</ele></trkpt><trkpt lat="61.00916141" lon="14.45335573"><ele>196.0</ele></trkpt><trkpt lat="61.00912528" lon="14.45375458"><ele>196.0</ele></trkpt><trkpt lat="61.00909219" lon="14.45405192"><ele>196.0</ele></trkpt><trkpt lat="61.00906693" lon="14.45421991" /><trkpt lat="61.00903254" lon="14.45436005"><ele>196.0</ele></trkpt><trkpt lat="61.00893196" lon="14.45463223"><ele>196.0</ele></trkpt><trkpt lat="61.00879612" lon="14.45495204"><ele>196.0</ele></trkpt><trkpt lat="61.00864983" lon="14.45532124"><ele>196.0</ele></trkpt><trkpt lat="61.00850397" lon="14.45569045"><ele>196.0</ele></trkpt><trkpt lat="61.00829716" lon="14.45621237"><ele>197.0</ele></trkpt><trkpt lat="61.00822619" lon="14.45631658" /><trkpt lat="61.00816480" lon="14.45645851"><ele>197.0</ele></trkpt><trkpt lat="61.00813867" lon="14.45655193" /><trkpt lat="61.00812300" lon="14.45674687"><ele>197.0</ele></trkpt><trkpt lat="61.00810166" lon="14.45685826" /><trkpt lat="61.00805377" lon="14.45701726"><ele>197.0</ele></trkpt><trkpt lat="61.00800152" lon="14.45716728" /><trkpt lat="61.00786176" lon="14.45754367"><ele>198.0</ele></trkpt><trkpt lat="61.00777468" lon="14.45783383"><ele>198.0</ele></trkpt><trkpt lat="61.00771546" lon="14.45817789"><ele>198.0</ele></trkpt><trkpt lat="61.00770327" lon="14.45832701" /><trkpt lat="61.00770022" lon="14.45847433"><ele>198.0</ele></trkpt><trkpt lat="61.00768237" lon="14.45890103"><ele>199.0</ele></trkpt><trkpt lat="61.00767018" lon="14.45905823" /><trkpt lat="61.00764972" lon="14.45922532"><ele>199.0</ele></trkpt><trkpt lat="61.00761967" lon="14.45939331" /><trkpt lat="61.00759877" lon="14.45955141"><ele>199.0</ele></trkpt><trkpt lat="61.00755262" lon="14.45983977"><ele>199.0</ele></trkpt><trkpt lat="61.00750560" lon="14.46011016"><ele>200.0</ele></trkpt><trkpt lat="61.00744246" lon="14.46042637"><ele>200.0</ele></trkpt><trkpt lat="61.00737758" lon="14.46075336"><ele>200.0</ele></trkpt><trkpt lat="61.00729878" lon="14.46108124"><ele>200.0</ele></trkpt><trkpt lat="61.00720516" lon="14.46147201"><ele>200.0</ele></trkpt><trkpt lat="61.00713550" lon="14.46169748" /><trkpt lat="61.00707018" lon="14.46188523"><ele>200.0</ele></trkpt><trkpt lat="61.00700008" lon="14.46206310" /><trkpt lat="61.00693433" lon="14.46222300"><ele>200.0</ele></trkpt><trkpt lat="61.00679413" lon="14.46254370"><ele>200.0</ele></trkpt><trkpt lat="61.00671967" lon="14.46273145" /><trkpt lat="61.00659732" lon="14.46308808"><ele>200.0</ele></trkpt><trkpt lat="61.00655857" lon="14.46322821" /><trkpt lat="61.00639877" lon="14.46386332"><ele>200.0</ele></trkpt><trkpt lat="61.00636437" lon="14.46402232" /><trkpt lat="61.00631255" lon="14.46420019"><ele>200.0</ele></trkpt><trkpt lat="61.00627815" lon="14.46437716" /><trkpt lat="61.00625725" lon="14.46454425"><ele>200.0</ele></trkpt><trkpt lat="61.00622503" lon="14.46487842"><ele>200.0</ele></trkpt><trkpt lat="61.00620413" lon="14.46504551" /><trkpt lat="61.00617017" lon="14.46522337"><ele>200.0</ele></trkpt><trkpt lat="61.00612227" lon="14.46540034" /><trkpt lat="61.00606131" lon="14.46556922"><ele>200.0</ele></trkpt><trkpt lat="61.00588148" lon="14.46599323"><ele>200.0</ele></trkpt><trkpt lat="61.00576261" lon="14.46623847"><ele>200.0</ele></trkpt><trkpt lat="61.00570077" lon="14.46635166" /><trkpt lat="61.00552921" lon="14.46669212"><ele>200.0</ele></trkpt><trkpt lat="61.00541513" lon="14.46694634"><ele>200.0</ele></trkpt><trkpt lat="61.00530148" lon="14.46723740"><ele>200.0</ele></trkpt><trkpt lat="61.00524923" lon="14.46740628" /><trkpt lat="61.00519741" lon="14.46759313"><ele>200.0</ele></trkpt><trkpt lat="61.00515343" lon="14.46770632" /><trkpt lat="61.00505371" lon="14.46804318"><ele>200.0</ele></trkpt><trkpt lat="61.00499710" lon="14.46824890" /><trkpt lat="61.00487692" lon="14.46878070"><ele>199.0</ele></trkpt><trkpt lat="61.00480856" lon="14.46912565"><ele>199.0</ele></trkpt><trkpt lat="61.00472365" lon="14.46962871"><ele>199.0</ele></trkpt><trkpt lat="61.00471581" lon="14.46973920" /><trkpt lat="61.00471276" lon="14.46986946" /><trkpt lat="61.00471581" lon="14.47020184"><ele>199.0</ele></trkpt><trkpt lat="61.00473802" lon="14.47063572"><ele>199.0</ele></trkpt><trkpt lat="61.00476980" lon="14.47104715"><ele>199.0</ele></trkpt><trkpt lat="61.00482075" lon="14.47171370"><ele>199.0</ele></trkpt><trkpt lat="61.00484818" lon="14.47221137"><ele>199.0</ele></trkpt><trkpt lat="61.00484426" lon="14.47230389" /><trkpt lat="61.00484557" lon="14.47239642" /><trkpt lat="61.00483817" lon="14.47257249"><ele>199.0</ele></trkpt><trkpt lat="61.00479941" lon="14.47321209"><ele>199.0</ele></trkpt><trkpt lat="61.00481030" lon="14.47382115"><ele>199.0</ele></trkpt><trkpt lat="61.00482685" lon="14.47413466"><ele>198.0</ele></trkpt><trkpt lat="61.00484688" lon="14.47435565" /><trkpt lat="61.00486604" lon="14.47448410"><ele>198.0</ele></trkpt><trkpt lat="61.00488955" lon="14.47461256" /><trkpt lat="61.00496358" lon="14.47481289"><ele>198.0</ele></trkpt><trkpt lat="61.00499188" lon="14.47494135" /><trkpt lat="61.00500799" lon="14.47524588"><ele>198.0</ele></trkpt><trkpt lat="61.00500886" lon="14.47533840" /><trkpt lat="61.00501975" lon="14.47551357" /><trkpt lat="61.00502584" lon="14.47568875"><ele>198.0</ele></trkpt><trkpt lat="61.00503020" lon="14.47613251"><ele>198.0</ele></trkpt><trkpt lat="61.00502323" lon="14.47633553" /><trkpt lat="61.00502454" lon="14.47645591"><ele>198.0</ele></trkpt><trkpt lat="61.00501235" lon="14.47659515" /><trkpt lat="61.00500930" lon="14.47672450"><ele>198.0</ele></trkpt><trkpt lat="61.00499362" lon="14.47696615" /><trkpt lat="61.00496880" lon="14.47718893"><ele>198.0</ele></trkpt><trkpt lat="61.00493135" lon="14.47744854"><ele>198.0</ele></trkpt><trkpt lat="61.00486691" lon="14.47776565"><ele>198.0</ele></trkpt><trkpt lat="61.00474629" lon="14.47828847"><ele>198.0</ele></trkpt><trkpt lat="61.00468707" lon="14.47862354"><ele>198.0</ele></trkpt><trkpt lat="61.00463525" lon="14.47886609" /><trkpt lat="61.00459258" lon="14.47908977"><ele>198.0</ele></trkpt><trkpt lat="61.00451594" lon="14.47950030"><ele>198.0</ele></trkpt><trkpt lat="61.00448197" lon="14.47970421" /><trkpt lat="61.00446063" lon="14.47980752"><ele>198.0</ele></trkpt><trkpt lat="61.00435874" lon="14.48039412"><ele>197.0</ele></trkpt><trkpt lat="61.00433305" lon="14.48050551" /><trkpt lat="61.00429908" lon="14.48071033"><ele>197.0</ele></trkpt><trkpt lat="61.00429603" lon="14.48083969" /><trkpt lat="61.00429821" lon="14.48108942"><ele>197.0</ele></trkpt><trkpt lat="61.00430387" lon="14.48119991" /><trkpt lat="61.00430474" lon="14.48131130" /><trkpt lat="61.00431040" lon="14.48142179"><ele>197.0</ele></trkpt><trkpt lat="61.00433522" lon="14.48165176" /><trkpt lat="61.00438356" lon="14.48201019"><ele>197.0</ele></trkpt><trkpt lat="61.00444104" lon="14.48239647"><ele>198.0</ele></trkpt><trkpt lat="61.00450766" lon="14.48274501"><ele>198.0</ele></trkpt><trkpt lat="61.00454511" lon="14.48291839" /><trkpt lat="61.00457864" lon="14.48312051"><ele>198.0</ele></trkpt><trkpt lat="61.00462088" lon="14.48334059" /><trkpt lat="61.00463568" lon="14.48345109"><ele>198.0</ele></trkpt><trkpt lat="61.00463699" lon="14.48357146" /><trkpt lat="61.00461522" lon="14.48365501" /><trkpt lat="61.00457559" lon="14.48373046"><ele>198.0</ele></trkpt><trkpt lat="61.00442972" lon="14.48397570"><ele>198.0</ele></trkpt><trkpt lat="61.00423115" lon="14.48430898"><ele>197.0</ele></trkpt><trkpt lat="61.00406960" lon="14.48456320"><ele>197.0</ele></trkpt><trkpt lat="61.00380223" lon="14.48498272"><ele>196.0</ele></trkpt><trkpt lat="61.00367072" lon="14.48521179"><ele>195.0</ele></trkpt><trkpt lat="61.00352440" lon="14.48546601"><ele>195.0</ele></trkpt><trkpt lat="61.00343600" lon="14.48558998" /><trkpt lat="61.00336110" lon="14.48572203"><ele>195.0</ele></trkpt><trkpt lat="61.00329927" lon="14.48586396" /><trkpt lat="61.00320782" lon="14.48614514"><ele>194.0</ele></trkpt><trkpt lat="61.00318648" lon="14.48624754" /><trkpt lat="61.00316950" lon="14.48635893" /><trkpt lat="61.00316209" lon="14.48648829"><ele>194.0</ele></trkpt><trkpt lat="61.00314511" lon="14.48659070" /><trkpt lat="61.00311985" lon="14.48678653"><ele>194.0</ele></trkpt><trkpt lat="61.00307500" lon="14.48722222"><ele>194.0</ele></trkpt><trkpt lat="61.00304669" lon="14.48755639"><ele>194.0</ele></trkpt><trkpt lat="61.00304321" lon="14.48764891" /><trkpt lat="61.00302710" lon="14.48784385"><ele>193.0</ele></trkpt><trkpt lat="61.00302361" lon="14.48795434" /><trkpt lat="61.00301142" lon="14.48808460" /><trkpt lat="61.00298007" lon="14.48852926"><ele>192.0</ele></trkpt><trkpt lat="61.00297310" lon="14.48876103" /><trkpt lat="61.00297441" lon="14.48889937"><ele>191.0</ele></trkpt><trkpt lat="61.00302536" lon="14.48905478" /><trkpt lat="61.00306281" lon="14.48921019"><ele>191.0</ele></trkpt><trkpt lat="61.00304669" lon="14.48937727" /><trkpt lat="61.00302100" lon="14.48952639"><ele>191.0</ele></trkpt><trkpt lat="61.00296962" lon="14.48978691"><ele>190.0</ele></trkpt><trkpt lat="61.00292781" lon="14.49006628"><ele>190.0</ele></trkpt><trkpt lat="61.00291562" lon="14.49021450" /><trkpt lat="61.00291736" lon="14.49039956"><ele>189.0</ele></trkpt><trkpt lat="61.00292346" lon="14.49055586" /><trkpt lat="61.00295176" lon="14.49068432"><ele>189.0</ele></trkpt><trkpt lat="61.00303494" lon="14.49093944"><ele>189.0</ele></trkpt><trkpt lat="61.00307195" lon="14.49107689" /><trkpt lat="61.00311376" lon="14.49119546"><ele>188.0</ele></trkpt><trkpt lat="61.00315948" lon="14.49130416" /><trkpt lat="61.00320520" lon="14.49139489"><ele>188.0</ele></trkpt><trkpt lat="61.00325572" lon="14.49147574" /><trkpt lat="61.00341902" lon="14.49168145"><ele>187.0</ele></trkpt><trkpt lat="61.00359146" lon="14.49186920"><ele>186.0</ele></trkpt><trkpt lat="61.00370076" lon="14.49203090"><ele>186.0</ele></trkpt><trkpt lat="61.00375563" lon="14.49212971" /><trkpt lat="61.00381050" lon="14.49223841"><ele>186.0</ele></trkpt><trkpt lat="61.00386101" lon="14.49236597" /><trkpt lat="61.00388496" lon="14.49251329"><ele>185.0</ele></trkpt><trkpt lat="61.00389672" lon="14.49280794"><ele>184.0</ele></trkpt><trkpt lat="61.00392067" lon="14.49297323" /><trkpt lat="61.00394898" lon="14.49311157"><ele>183.0</ele></trkpt><trkpt lat="61.00403781" lon="14.49347718"><ele>183.0</ele></trkpt><trkpt lat="61.00411924" lon="14.49378261"><ele>182.0</ele></trkpt><trkpt lat="61.00420546" lon="14.49410780"><ele>181.0</ele></trkpt><trkpt lat="61.00430082" lon="14.49442581"><ele>181.0</ele></trkpt><trkpt lat="61.00441883" lon="14.49482017"><ele>180.0</ele></trkpt><trkpt lat="61.00456688" lon="14.49526663"><ele>180.0</ele></trkpt><trkpt lat="61.00471842" lon="14.49563045"><ele>180.0</ele></trkpt><trkpt lat="61.00485167" lon="14.49590892"><ele>180.0</ele></trkpt><trkpt lat="61.00503455" lon="14.49629250"><ele>180.0</ele></trkpt><trkpt lat="61.00514472" lon="14.49654673"><ele>179.0</ele></trkpt><trkpt lat="61.00520002" lon="14.49668327" /><trkpt lat="61.00526011" lon="14.49684677"><ele>179.0</ele></trkpt><trkpt lat="61.00529233" lon="14.49696534" /><trkpt lat="61.00531149" lon="14.49708482" /><trkpt lat="61.00533675" lon="14.49735252"><ele>179.0</ele></trkpt><trkpt lat="61.00533327" lon="14.49745403" /><trkpt lat="61.00533414" lon="14.49755554" /><trkpt lat="61.00531846" lon="14.49776844"><ele>179.0</ele></trkpt><trkpt lat="61.00519610" lon="14.49813405"><ele>179.0</ele></trkpt><trkpt lat="61.00515691" lon="14.49823736" /><trkpt lat="61.00500320" lon="14.49860477"><ele>179.0</ele></trkpt><trkpt lat="61.00489390" lon="14.49888594"><ele>179.0</ele></trkpt><trkpt lat="61.00479811" lon="14.49921383"><ele>179.0</ele></trkpt><trkpt lat="61.00476806" lon="14.49934408" /><trkpt lat="61.00474280" lon="14.49949320"><ele>179.0</ele></trkpt><trkpt lat="61.00469970" lon="14.49970790" /><trkpt lat="61.00464918" lon="14.50002411"><ele>179.0</ele></trkpt><trkpt lat="61.00461478" lon="14.50021006" /><trkpt lat="61.00460259" lon="14.50031247"><ele>179.0</ele></trkpt><trkpt lat="61.00454772" lon="14.50067538"><ele>180.0</ele></trkpt><trkpt lat="61.00448981" lon="14.50112634"><ele>180.0</ele></trkpt><trkpt lat="61.00443233" lon="14.50157729"><ele>180.0</ele></trkpt><trkpt lat="61.00436004" lon="14.50214323"><ele>180.0</ele></trkpt><trkpt lat="61.00432608" lon="14.50234805" /><trkpt lat="61.00429690" lon="14.50258071"><ele>180.0</ele></trkpt><trkpt lat="61.00424988" lon="14.50284122"><ele>180.0</ele></trkpt><trkpt lat="61.00423333" lon="14.50297148" /><trkpt lat="61.00407569" lon="14.50383745"><ele>180.0</ele></trkpt><trkpt lat="61.00399470" lon="14.50431177"><ele>180.0</ele></trkpt><trkpt lat="61.00397815" lon="14.50445100" /><trkpt lat="61.00397467" lon="14.50456240" /><trkpt lat="61.00397597" lon="14.50467289"><ele>180.0</ele></trkpt><trkpt lat="61.00398163" lon="14.50478428" /><trkpt lat="61.00397815" lon="14.50490465" /><trkpt lat="61.00396160" lon="14.50503401"><ele>180.0</ele></trkpt><trkpt lat="61.00394027" lon="14.50515528" /><trkpt lat="61.00389759" lon="14.50537896"><ele>180.0</ele></trkpt><trkpt lat="61.00387146" lon="14.50548137" /><trkpt lat="61.00382879" lon="14.50571493"><ele>180.0</ele></trkpt><trkpt lat="61.00381224" lon="14.50585417" /><trkpt lat="61.00380440" lon="14.50596556" /><trkpt lat="61.00380527" lon="14.50606707"><ele>180.0</ele></trkpt><trkpt lat="61.00381529" lon="14.50616768" /><trkpt lat="61.00382966" lon="14.50626021" /><trkpt lat="61.00387625" lon="14.50643359"><ele>180.0</ele></trkpt><trkpt lat="61.00393156" lon="14.50658810" /><trkpt lat="61.00399600" lon="14.50675249"><ele>180.0</ele></trkpt><trkpt lat="61.00407918" lon="14.50701659"><ele>180.0</ele></trkpt><trkpt lat="61.00409834" lon="14.50711810" /><trkpt lat="61.00411271" lon="14.50722770" /><trkpt lat="61.00412272" lon="14.50734807"><ele>180.0</ele></trkpt><trkpt lat="61.00412882" lon="14.50751426" /><trkpt lat="61.00413056" lon="14.50768045"><ele>180.0</ele></trkpt><trkpt lat="61.00412446" lon="14.50798587"><ele>180.0</ele></trkpt><trkpt lat="61.00411706" lon="14.50813410" /><trkpt lat="61.00405610" lon="14.50881143"><ele>180.0</ele></trkpt><trkpt lat="61.00403955" lon="14.50895067" /><trkpt lat="61.00402736" lon="14.50908990"><ele>180.0</ele></trkpt><trkpt lat="61.00399165" lon="14.50956242"><ele>180.0</ele></trkpt><trkpt lat="61.00398904" lon="14.50974747" /><trkpt lat="61.00397249" lon="14.50992354"><ele>180.0</ele></trkpt><trkpt lat="61.00396944" lon="14.51008075" /><trkpt lat="61.00397554" lon="14.51023795"><ele>180.0</ele></trkpt><trkpt lat="61.00399992" lon="14.51042121" /><trkpt lat="61.00407047" lon="14.51077964"><ele>180.0</ele></trkpt><trkpt lat="61.00409834" lon="14.51087935" /><trkpt lat="61.00416322" lon="14.51108057"><ele>180.0</ele></trkpt><trkpt lat="61.00425946" lon="14.51128898"><ele>180.0</ele></trkpt><trkpt lat="61.00434176" lon="14.51143361" /><trkpt lat="61.00442362" lon="14.51155039"><ele>179.0</ele></trkpt><trkpt lat="61.00450984" lon="14.51163932" /><trkpt lat="61.00468184" lon="14.51178934"><ele>179.0</ele></trkpt><trkpt lat="61.00477242" lon="14.51187827" /><trkpt lat="61.00485863" lon="14.51198607"><ele>179.0</ele></trkpt><trkpt lat="61.00501365" lon="14.51223850"><ele>179.0</ele></trkpt><trkpt lat="61.00510988" lon="14.51244691"><ele>178.0</ele></trkpt><trkpt lat="61.00514646" lon="14.51254752" /><trkpt lat="61.00529059" lon="14.51305866"><ele>178.0</ele></trkpt><trkpt lat="61.00534197" lon="14.51327875" /><trkpt lat="61.00536592" lon="14.51339822"><ele>178.0</ele></trkpt><trkpt lat="61.00538508" lon="14.51353567" /><trkpt lat="61.00544561" lon="14.51375486"><ele>178.0</ele></trkpt><trkpt lat="61.00546912" lon="14.51387433" /><trkpt lat="61.00549264" lon="14.51400279" /><trkpt lat="61.00558800" lon="14.51460017"><ele>177.0</ele></trkpt><trkpt lat="61.00562762" lon="14.51495860"><ele>176.0</ele></trkpt><trkpt lat="61.00566246" lon="14.51532691"><ele>176.0</ele></trkpt><trkpt lat="61.00571645" lon="14.51582368"><ele>176.0</ele></trkpt><trkpt lat="61.00573604" lon="14.51597100" /><trkpt lat="61.00576130" lon="14.51625666"><ele>176.0</ele></trkpt><trkpt lat="61.00577567" lon="14.51638512" /><trkpt lat="61.00583793" lon="14.51726996"><ele>174.0</ele></trkpt><trkpt lat="61.00585579" lon="14.51763917"><ele>173.0</ele></trkpt><trkpt lat="61.00587756" lon="14.51809102"><ele>173.0</ele></trkpt><trkpt lat="61.00588757" lon="14.51821140" /><trkpt lat="61.00592110" lon="14.51843148"><ele>173.0</ele></trkpt><trkpt lat="61.00594897" lon="14.51853210" /><trkpt lat="61.00598598" lon="14.51864169" /><trkpt lat="61.00603170" lon="14.51875039"><ele>173.0</ele></trkpt><trkpt lat="61.00611356" lon="14.51884920" /><trkpt lat="61.00627946" lon="14.51885190"><ele>172.0</ele></trkpt><trkpt lat="61.00638266" lon="14.51882854" /><trkpt lat="61.00642707" lon="14.51880878"><ele>171.0</ele></trkpt><trkpt lat="61.00647627" lon="14.51879710" /><trkpt lat="61.00652591" lon="14.51879530" /><trkpt lat="61.00657511" lon="14.51880249"><ele>171.0</ele></trkpt><trkpt lat="61.00663389" lon="14.51882764" /><trkpt lat="61.00671096" lon="14.51890849"><ele>171.0</ele></trkpt><trkpt lat="61.00676583" lon="14.51903515" /><trkpt lat="61.00682548" lon="14.51915283"><ele>170.0</ele></trkpt><trkpt lat="61.00691126" lon="14.51923278" /><trkpt lat="61.00699224" lon="14.51923907"><ele>170.0</ele></trkpt><trkpt lat="61.00707715" lon="14.51921661" /><trkpt lat="61.00715770" lon="14.51916720"><ele>169.0</ele></trkpt><trkpt lat="61.00730487" lon="14.51909624"><ele>169.0</ele></trkpt><trkpt lat="61.00737236" lon="14.51909354" /><trkpt lat="61.00743114" lon="14.51913756" /><trkpt lat="61.00749036" lon="14.51924626"><ele>168.0</ele></trkpt><trkpt lat="61.00752345" lon="14.51939268" /><trkpt lat="61.00753825" lon="14.51954001"><ele>168.0</ele></trkpt><trkpt lat="61.00754565" lon="14.51987238"><ele>168.0</ele></trkpt><trkpt lat="61.00754260" lon="14.52001162" /><trkpt lat="61.00754391" lon="14.52014996"><ele>168.0</ele></trkpt><trkpt lat="61.00753738" lon="14.52039969" /><trkpt lat="61.00752171" lon="14.52064044"><ele>168.0</ele></trkpt><trkpt lat="61.00751517" lon="14.52087221" /><trkpt lat="61.00750690" lon="14.52098360"><ele>167.0</ele></trkpt><trkpt lat="61.00750342" lon="14.52109499" /><trkpt lat="61.00750603" lon="14.52132586"><ele>167.0</ele></trkpt><trkpt lat="61.00751126" lon="14.52144533" /><trkpt lat="61.00753172" lon="14.52169417"><ele>167.0</ele></trkpt><trkpt lat="61.00756568" lon="14.52193312" /><trkpt lat="61.00760313" lon="14.52213524"><ele>167.0</ele></trkpt><trkpt lat="61.00766844" lon="14.52239126"><ele>167.0</ele></trkpt><trkpt lat="61.00771938" lon="14.52255565" /><trkpt lat="61.00777032" lon="14.52270118"><ele>166.0</ele></trkpt><trkpt lat="61.00788048" lon="14.52297427"><ele>166.0</ele></trkpt><trkpt lat="61.00799978" lon="14.52322849"><ele>165.0</ele></trkpt><trkpt lat="61.00811429" lon="14.52349169"><ele>165.0</ele></trkpt><trkpt lat="61.00822488" lon="14.52378365"><ele>165.0</ele></trkpt><trkpt lat="61.00827582" lon="14.52394804" /><trkpt lat="61.00832677" lon="14.52413040"><ele>165.0</ele></trkpt><trkpt lat="61.00837379" lon="14.52433162" /><trkpt lat="61.00840209" lon="14.52447894"><ele>165.0</ele></trkpt><trkpt lat="61.00842125" lon="14.52462627" /><trkpt lat="61.00844650" lon="14.52491103"><ele>165.0</ele></trkpt><trkpt lat="61.00845826" lon="14.52518861"><ele>165.0</ele></trkpt><trkpt lat="61.00846043" lon="14.52545631" /><trkpt lat="61.00845738" lon="14.52558567"><ele>165.0</ele></trkpt><trkpt lat="61.00846304" lon="14.52572401" /><trkpt lat="61.00846435" lon="14.52586325"><ele>165.0</ele></trkpt><trkpt lat="61.00847480" lon="14.52599171" /><trkpt lat="61.00848960" lon="14.52613903"><ele>165.0</ele></trkpt><trkpt lat="61.00850876" lon="14.52627737" /><trkpt lat="61.00853706" lon="14.52642380"><ele>165.0</ele></trkpt><trkpt lat="61.00860237" lon="14.52668970"><ele>165.0</ele></trkpt><trkpt lat="61.00864373" lon="14.52678043" /><trkpt lat="61.00869380" lon="14.52685229" /><trkpt lat="61.00880265" lon="14.52695829"><ele>165.0</ele></trkpt><trkpt lat="61.00893327" lon="14.52704543"><ele>165.0</ele></trkpt><trkpt lat="61.00900598" lon="14.52711640" /><trkpt lat="61.00909654" lon="14.52718736"><ele>165.0</ele></trkpt><trkpt lat="61.00918666" lon="14.52724845" /><trkpt lat="61.00935342" lon="14.52733379"><ele>164.0</ele></trkpt><trkpt lat="61.00951625" lon="14.52744788"><ele>164.0</ele></trkpt><trkpt lat="61.00960202" lon="14.52752693" /><trkpt lat="61.00969301" lon="14.52765269"><ele>164.0</ele></trkpt><trkpt lat="61.00976659" lon="14.52781618" /><trkpt lat="61.00978967" lon="14.52790781"><ele>164.0</ele></trkpt><trkpt lat="61.00980404" lon="14.52800932" /><trkpt lat="61.00981405" lon="14.52811083" /><trkpt lat="61.00981971" lon="14.52823031"><ele>164.0</ele></trkpt><trkpt lat="61.00984453" lon="14.52848812" /><trkpt lat="61.00985672" lon="14.52882948"><ele>164.0</ele></trkpt><trkpt lat="61.00985846" lon="14.52899657" /><trkpt lat="61.00984670" lon="14.52918162"><ele>164.0</ele></trkpt><trkpt lat="61.00980012" lon="14.52948885"><ele>164.0</ele></trkpt><trkpt lat="61.00977487" lon="14.52962809" /><trkpt lat="61.00972349" lon="14.52988950"><ele>163.0</ele></trkpt><trkpt lat="61.00967168" lon="14.53012216" /><trkpt lat="61.00965035" lon="14.53024343"><ele>163.0</ele></trkpt><trkpt lat="61.00959854" lon="14.53047699" /><trkpt lat="61.00953497" lon="14.53085788"><ele>162.0</ele></trkpt><trkpt lat="61.00951843" lon="14.53099712" /><trkpt lat="61.00947794" lon="14.53147951"><ele>162.0</ele></trkpt><trkpt lat="61.00946313" lon="14.53182267"><ele>162.0</ele></trkpt><trkpt lat="61.00946052" lon="14.53197988" /><trkpt lat="61.00947445" lon="14.53301474"><ele>162.0</ele></trkpt><trkpt lat="61.00947141" lon="14.53317194" /><trkpt lat="61.00945660" lon="14.53348725"><ele>162.0</ele></trkpt><trkpt lat="61.00943309" lon="14.53384837"><ele>162.0</ele></trkpt><trkpt lat="61.00937388" lon="14.53424812"><ele>162.0</ele></trkpt><trkpt lat="61.00934427" lon="14.53442509" /><trkpt lat="61.00930988" lon="14.53459308"><ele>162.0</ele></trkpt><trkpt lat="61.00927113" lon="14.53476106" /><trkpt lat="61.00922759" lon="14.53492006"><ele>162.0</ele></trkpt><trkpt lat="61.00911918" lon="14.53528478"><ele>162.0</ele></trkpt><trkpt lat="61.00907521" lon="14.53537910" /><trkpt lat="61.00902644" lon="14.53545456" /><trkpt lat="61.00897768" lon="14.53550307"><ele>162.0</ele></trkpt><trkpt lat="61.00887057" lon="14.53557224" /><trkpt lat="61.00875911" lon="14.53565938"><ele>162.0</ele></trkpt><trkpt lat="61.00864809" lon="14.53580221"><ele>162.0</ele></trkpt><trkpt lat="61.00859976" lon="14.53587856" /><trkpt lat="61.00851137" lon="14.53603936"><ele>162.0</ele></trkpt><trkpt lat="61.00838337" lon="14.53625675"><ele>162.0</ele></trkpt><trkpt lat="61.00833025" lon="14.53633311" /><trkpt lat="61.00827234" lon="14.53638162" /><trkpt lat="61.00807206" lon="14.53657476"><ele>162.0</ele></trkpt><trkpt lat="61.00788483" lon="14.53673017"><ele>162.0</ele></trkpt><trkpt lat="61.00766670" lon="14.53689546"><ele>163.0</ele></trkpt><trkpt lat="61.00757744" lon="14.53695475" /><trkpt lat="61.00749297" lon="14.53702302"><ele>163.0</ele></trkpt><trkpt lat="61.00731445" lon="14.53714070"><ele>163.0</ele></trkpt><trkpt lat="61.00713419" lon="14.53728443"><ele>163.0</ele></trkpt><trkpt lat="61.00687337" lon="14.53749104"><ele>164.0</ele></trkpt><trkpt lat="61.00682025" lon="14.53754853" /><trkpt lat="61.00673535" lon="14.53761680"><ele>164.0</ele></trkpt><trkpt lat="61.00667352" lon="14.53769316" /><trkpt lat="61.00663868" lon="14.53780545"><ele>164.0</ele></trkpt><trkpt lat="61.00663564" lon="14.53798152" /><trkpt lat="61.00665654" lon="14.53828605"><ele>164.0</ele></trkpt><trkpt lat="61.00669355" lon="14.53870377"><ele>165.0</ele></trkpt><trkpt lat="61.00675712" lon="14.53941882"><ele>165.0</ele></trkpt><trkpt lat="61.00680632" lon="14.53988954"><ele>164.0</ele></trkpt><trkpt lat="61.00685552" lon="14.54035936"><ele>164.0</ele></trkpt><trkpt lat="61.00692954" lon="14.54106633"><ele>164.0</ele></trkpt><trkpt lat="61.00694870" lon="14.54121366" /><trkpt lat="61.00698310" lon="14.54153615"><ele>164.0</ele></trkpt><trkpt lat="61.00703274" lon="14.54204191"><ele>164.0</ele></trkpt><trkpt lat="61.00707149" lon="14.54239584"><ele>164.0</ele></trkpt><trkpt lat="61.00711634" lon="14.54280637"><ele>163.0</ele></trkpt><trkpt lat="61.00711677" lon="14.54283422" /><trkpt lat="61.00751996" lon="14.54567469"><ele>162.0</ele></trkpt></trkseg></trk></gpx>